job_id,generation,timestamp,original,n_captures
6704494100210518285,lifeattiktok,20250516050304,https://lifeattiktok.com/search/6704494100210518285,3
6704510627219507459,jobs_bytedance,20220811180641,https://jobs.bytedance.com/en/position/6704510627219507459/detail,1
6704578255912962317,jobs_bytedance,20240721190654,https://jobs.bytedance.com/en/position/6704578255912962317/detail?utm_source=Technology+Crossover+Ventures+job+board&utm_medium=getro.com&gh_src=Technology+Crossover+Ventures+job+board,1
6704578738996119820,jobs_bytedance,20250622052937,https://jobs.bytedance.com/en/position/6704578738996119820/detail?utm_source=Technology+Crossover+Ventures+job+board&utm_medium=getro.com&gh_src=Technology+Crossover+Ventures+job+board,1
6704578816406194445,jobs_bytedance,20221204154935,https://jobs.bytedance.com/en/position/6704578816406194445/detail,1
6704578907598752007,careers_tiktok,20230321051627,https://careers.tiktok.com/position/6704578907598752007/detail?spread=5MWH5CQ,1
6704579242119661838,jobs_bytedance,20220719225912,https://jobs.bytedance.com/en/position/6704579242119661838/detail,1
6704579287007103246,careers_tiktok,20210606181700,https://careers.tiktok.com/position/6704579287007103246/detail,1
6718167183899232515,careers_tiktok,20220701052411,https://careers.tiktok.com/position/6718167183899232515/detail,2
6718564404297730317,jobs_bytedance,20221204141521,https://jobs.bytedance.com/en/position/6718564404297730317/detail,1
6728955336872429828,jobs_bytedance,20220926115313,https://jobs.bytedance.com/en/position/6728955336872429828/detail,1
6735992969930737931,careers_tiktok,20211125191706,https://careers.tiktok.com/position/6735992969930737931/detail,1
6739398034364303628,careers_tiktok,20220427013255,https://careers.tiktok.com/position/6739398034364303628/detail,1
6756144184572250381,lifeattiktok,20250206224859,https://lifeattiktok.com/search/6756144184572250381,3
6757882685508552972,jobs_bytedance,20221004154111,https://jobs.bytedance.com/en/position/6757882685508552972/detail,1
6758643284177848589,careers_tiktok,20220425225900,https://careers.tiktok.com/position/6758643284177848589/detail,1
6760856207306524936,careers_tiktok,20201217183218,https://careers.tiktok.com/position/6760856207306524936/detail,1
6764612043929553160,lifeattiktok,20250401163551,https://lifeattiktok.com/search/6764612043929553160?_rsc=17mgk,3
6771616358590318855,careers_tiktok,20230319035813,https://careers.tiktok.com/position/6771616358590318855/detail?spread=5MWH5CQ,2
6771982137261295879,careers_tiktok,20220916044402,https://careers.tiktok.com/position/6771982137261295879/detail,1
6776476018870847758,jobs_bytedance,20220719233153,https://jobs.bytedance.com/en/position/6776476018870847758/detail,1
6779392376772233486,jobs_bytedance,20250513135710,https://jobs.bytedance.com/en/position/6779392376772233486/detail?utm_source=Coatue+Management+job+board&utm_medium=getro.com&gh_src=Coatue+Management+job+board,1
6779773279386208515,careers_tiktok,20211208133909,https://careers.tiktok.com/position/6779773279386208515/detail,1
6779887568105244940,careers_tiktok,20211105015507,https://careers.tiktok.com/position/6779887568105244940/detail,1
6790691329757153544,careers_tiktok,20230327011404,https://careers.tiktok.com/position/6790691329757153544/detail,1
6790803701243054350,careers_tiktok,20230924170226,https://careers.tiktok.com/position/6790803701243054350/detail,1
6792560781184469256,jobs_bytedance,20240721192001,https://jobs.bytedance.com/en/position/6792560781184469256/detail?utm_source=Technology+Crossover+Ventures+job+board&utm_medium=getro.com&gh_src=Technology+Crossover+Ventures+job+board,1
6792570473268906254,jobs_bytedance,20240704231251,https://jobs.bytedance.com/en/position/6792570473268906254/detail,1
6792674913418217741,careers_tiktok,20211207165231,https://careers.tiktok.com/position/6792674913418217741/detail,1
6793962806296185095,lifeattiktok,20250122110314,https://lifeattiktok.com/search/6793962806296185095,2
6794925391975811342,lifeattiktok,20250315075929,https://lifeattiktok.com/search/6794925391975811342,2
6797287193755273479,jobs_bytedance,20241010042740,https://jobs.bytedance.com/en/position/6797287193755273479/detail?utm_source=Technology+Crossover+Ventures+job+board&utm_medium=getro.com&gh_src=Technology+Crossover+Ventures+job+board,1
6798055154621876488,lifeattiktok,20250315070942,https://lifeattiktok.com/search/6798055154621876488,2
6799617456149072141,careers_tiktok,20211208134938,https://careers.tiktok.com/position/6799617456149072141/detail,1
6802349730597701896,lifeattiktok,20260417092421,https://lifeattiktok.com/search/6802349730597701896,1
6802352354340374798,lifeattiktok,20251015120235,https://lifeattiktok.com/search/6802352354340374798,2
6803050381619235086,jobs_bytedance,20250216183409,https://jobs.bytedance.com/en/position/6803050381619235086/detail?utm_source=Technology+Crossover+Ventures+job+board&utm_medium=getro.com&gh_src=Technology+Crossover+Ventures+job+board,1
6803246541130959117,careers_tiktok,20220210024313,https://careers.tiktok.com/position/6803246541130959117/detail,1
6804260062845569294,careers_tiktok,20211208123702,https://careers.tiktok.com/position/6804260062845569294/detail,1
6807323493575690509,careers_tiktok,20230924162206,https://careers.tiktok.com/position/6807323493575690509/detail?utm_campaign=Newsletter&utm_source=hs_email&utm_medium=email&_hsenc=p2ANqtz-9Hie5ruVzueEVg_YG9f0HZ1QqkF9pFH6snahrGCSPGC61yhhKnd0mOgGaoZgcr-03F-Z0x,3
6807361974578448653,careers_tiktok,20230415112055,https://careers.tiktok.com/position/6807361974578448653/detail,1
6810003081024719117,jobs_bytedance,20220926121044,https://jobs.bytedance.com/en/position/6810003081024719117/detail,1
6810087804061223181,careers_tiktok,20210606181656,https://careers.tiktok.com/position/6810087804061223181/detail,1
6810087804061600013,careers_tiktok,20221020054614,https://careers.tiktok.com/position/6810087804061600013/detail,2
6810136624161655053,careers_tiktok,20210618091534,https://careers.tiktok.com/position/6810136624161655053/detail,1
6810744474851920142,jobs_bytedance,20220526174926,https://jobs.bytedance.com/en/position/6810744474851920142/detail,1
6810744474852198670,jobs_bytedance,20210921174606,https://jobs.bytedance.com/en/position/6810744474852198670/detail,1
6810744474852460814,lifeattiktok,20250718101752,https://lifeattiktok.com/search/6810744474852460814,2
6815419602466933006,careers_tiktok,20211228143058,https://careers.tiktok.com/position/6815419602466933006/detail,1
6816334344916994317,careers_tiktok,20230102170256,https://careers.tiktok.com/position/6816334344916994317/detail?spread=5MWH5CQ,3
6816719978949298446,careers_tiktok,20201217113024,https://careers.tiktok.com/position/6816719978949298446/detail,1
6823479011625240846,lifeattiktok,20250912225810,https://lifeattiktok.com/search/6823479011625240846,2
6823572338316167431,jobs_bytedance,20220719233151,https://jobs.bytedance.com/en/position/6823572338316167431/detail,1
6824480449119144199,careers_tiktok,20210503075545,https://careers.tiktok.com/position/6824480449119144199/detail,1
6825934319086209287,jobs_bytedance,20210921161732,https://jobs.bytedance.com/en/position/6825934319086209287/detail,1
6826007412098386189,careers_tiktok,20220314201658,https://careers.tiktok.com/position/6826007412098386189/detail,1
6826126856410040583,careers_tiktok,20240914162928,https://careers.tiktok.com/position/6826126856410040583/detail,1
6830867197998778631,lifeattiktok,20250929030005,https://lifeattiktok.com/search/6830867197998778631,2
6831428956546517261,jobs_bytedance,20250125233611,https://jobs.bytedance.com/en/position/6831428956546517261/detail?utm_source=Technology+Crossover+Ventures+job+board&utm_medium=getro.com&gh_src=Technology+Crossover+Ventures+job+board,1
6831987051597596941,careers_tiktok,20210503074056,https://careers.tiktok.com/position/6831987051597596941/detail,1
6832139147294837000,jobs_bytedance,20220719231519,https://jobs.bytedance.com/en/position/6832139147294837000/detail,1
6833988586028026120,careers_tiktok,20210126012003,https://careers.tiktok.com/position/6833988586028026120/detail,1
6834219212098750728,careers_tiktok,20211024151926,https://careers.tiktok.com/position/6834219212098750728/detail,1
6834664619631741192,lifeattiktok,20250907214248,https://lifeattiktok.com/search/6834664619631741192,1
6834735288917788935,careers_tiktok,20230311153226,https://careers.tiktok.com/position/6834735288917788935/detail,1
6837382710764701966,careers_tiktok,20201207194250,https://careers.tiktok.com/position/6837382710764701966/detail,1
6838419557443815693,careers_tiktok,20220523021742,https://careers.tiktok.com/position/6838419557443815693/detail,1
6838782424814651661,careers_tiktok,20230311125050,https://careers.tiktok.com/position/6838782424814651661/detail,1
6840048729111038216,lifeattiktok,20250516040441,https://lifeattiktok.com/search/6840048729111038216,2
6841014066639669517,careers_tiktok,20220926205647,https://careers.tiktok.com/position/6841014066639669517/detail,1
6841258772515277063,careers_tiktok,20230607022727,https://careers.tiktok.com/position/6841258772515277063/detail?spread=5MWH5CQ,1
6841886865471490311,jobs_bytedance,20220719233200,https://jobs.bytedance.com/en/position/6841886865471490311/detail,1
6841890213158258952,jobs_bytedance,20220719205545,https://jobs.bytedance.com/en/position/6841890213158258952/detail,1
6841890213158439176,jobs_bytedance,20220720011132,https://jobs.bytedance.com/en/position/6841890213158439176/detail,1
6843801540161390856,lifeattiktok,20250125071144,https://lifeattiktok.com/search/6843801540161390856?utm_campaign=Mobile-Growth-News&utm_medium=web&utm_source=Mobile_Growth_News_Issue_29,2
6843815932033452295,careers_tiktok,20210126021501,https://careers.tiktok.com/position/6843815932033452295/detail,1
6843942799873329416,careers_tiktok,20230321042536,https://careers.tiktok.com/position/6843942799873329416/detail,1
6847125607933020424,careers_tiktok,20210503075444,https://careers.tiktok.com/position/6847125607933020424/detail,1
6847356388894624013,lifeattiktok,20250506104240,https://lifeattiktok.com/search/6847356388894624013?spread=5MWH5CQ,2
6847451286951479560,jobs_bytedance,20220529100234,https://jobs.bytedance.com/en/position/6847451286951479560/detail,1
6847886159206009096,jobs_bytedance,20211207125746,https://jobs.bytedance.com/en/position/6847886159206009096/detail,1
6849176386050787598,jobs_bytedance,20241010054617,https://jobs.bytedance.com/en/position/6849176386050787598/detail?utm_source=Technology+Crossover+Ventures+job+board&utm_medium=getro.com&gh_src=Technology+Crossover+Ventures+job+board,1
6849262488186833159,careers_tiktok,20220929230044,https://careers.tiktok.com/position/6849262488186833159/detail,1
6850005799155632392,lifeattiktok,20250427034116,https://lifeattiktok.com/search/6850005799155632392,2
6851439684716497165,careers_tiktok,20220820033646,https://careers.tiktok.com/position/6851439684716497165/detail,1
6851953285978343694,careers_tiktok,20211208125711,https://careers.tiktok.com/position/6851953285978343694/detail,1
6852610429920315656,jobs_bytedance,20220719224813,https://jobs.bytedance.com/en/position/6852610429920315656/detail,1
6852620111438907655,jobs_bytedance,20220719233746,https://jobs.bytedance.com/en/position/6852620111438907655/detail,1
6852624145424140552,jobs_bytedance,20220720011124,https://jobs.bytedance.com/en/position/6852624145424140552/detail,1
6852626422192687373,jobs_bytedance,20220719231512,https://jobs.bytedance.com/en/position/6852626422192687373/detail,1
6852629882975996173,jobs_bytedance,20220720102230,https://jobs.bytedance.com/en/position/6852629882975996173/detail,1
6852631705439144205,jobs_bytedance,20220719224816,https://jobs.bytedance.com/en/position/6852631705439144205/detail,1
6852943438276806926,careers_tiktok,20220701052200,https://careers.tiktok.com/position/6852943438276806926/detail,1
6854004242807245070,jobs_bytedance,20220719230611,https://jobs.bytedance.com/en/position/6854004242807245070/detail,1
6854005883312261390,jobs_bytedance,20220720004037,https://jobs.bytedance.com/en/position/6854005883312261390/detail,1
6854006930445240584,jobs_bytedance,20220719225911,https://jobs.bytedance.com/en/position/6854006930445240584/detail,1
6854008973579110664,jobs_bytedance,20220719233754,https://jobs.bytedance.com/en/position/6854008973579110664/detail,1
6854008973579438344,jobs_bytedance,20220720075650,https://jobs.bytedance.com/en/position/6854008973579438344/detail,1
6854375052503271694,careers_tiktok,20210221050516,https://careers.tiktok.com/position/6854375052503271694/detail,1
6854376414046554375,careers_tiktok,20221004032614,https://careers.tiktok.com/position/6854376414046554375/detail,1
6854803752680884487,lifeattiktok,20251016012309,https://lifeattiktok.com/search/6854803752680884487,2
6855256406154103048,jobs_bytedance,20220526183510,https://jobs.bytedance.com/en/position/6855256406154103048/detail,1
6856588337290758413,careers_tiktok,20220715081103,https://careers.tiktok.com/position/6856588337290758413/detail,1
6856682386718427405,jobs_bytedance,20220811182708,https://jobs.bytedance.com/en/position/6856682386718427405/detail,1
6856728637074442503,lifeattiktok,20250404011718,https://lifeattiktok.com/search/6856728637074442503,4
6856963129541626120,careers_tiktok,20220508192053,https://careers.tiktok.com/position/6856963129541626120/detail,1
6857274187363813645,careers_tiktok,20221129154816,https://careers.tiktok.com/position/6857274187363813645/detail,1
6857397986046986510,careers_tiktok,20220427013545,https://careers.tiktok.com/position/6857397986046986510/detail,1
6857415676752316685,careers_tiktok,20221002163324,https://careers.tiktok.com/position/6857415676752316685/detail?utm_source=telegram.me&utm_medium=social&utm_campaign=tiktok-priglashaet-v-komandu-digital-mark,2
6857811529392589070,jobs_bytedance,20220719230616,https://jobs.bytedance.com/en/position/6857811529392589070/detail,1
6857812169519843592,jobs_bytedance,20220719233157,https://jobs.bytedance.com/en/position/6857812169519843592/detail,1
6857815021130434823,jobs_bytedance,20220719230615,https://jobs.bytedance.com/en/position/6857815021130434823/detail,1
6858107610982287623,lifeattiktok,20251231040652,https://lifeattiktok.com/search/6858107610982287623,1
6859173757338487047,careers_tiktok,20231101081312,https://careers.tiktok.com/position/6859173757338487047/detail?spread=5MWH5CQ,2
6859728777694873869,lifeattiktok,20260520041104,https://lifeattiktok.com/search/6859728777694873869,2
6860375226782976270,careers_tiktok,20210128152933,https://careers.tiktok.com/position/6860375226782976270/detail,2
6860927372020746503,careers_tiktok,20210411133601,https://careers.tiktok.com/position/6860927372020746503/detail,1
6862361793894336782,careers_tiktok,20210104140200,https://careers.tiktok.com/position/6862361793894336782/detail,1
6863478486973040910,lifeattiktok,20260421230913,https://lifeattiktok.com/search/6863478486973040910?source=datasciencejobs.com&utm_source=datasciencejobs.com,1
6864734207035721991,careers_tiktok,20210226214724,https://careers.tiktok.com/position/6864734207035721991/detail,1
6865041155626731784,careers_tiktok,20210903235052,https://careers.tiktok.com/position/6865041155626731784/detail,1
6865331938083227911,careers_tiktok,20220516155710,https://careers.tiktok.com/position/6865331938083227911/detail,1
6865331988774455566,careers_tiktok,20210917152928,https://careers.tiktok.com/position/6865331988774455566/detail,1
6867472097733298446,careers_tiktok,20221002194936,https://careers.tiktok.com/position/6867472097733298446/detail?utm_source=telegram.me&utm_medium=social&utm_campaign=mdtrue-*pr-manager*-s-otlichnym-angliysk,2
6867731900544043278,jobs_bytedance,20230726101321,https://jobs.bytedance.com/en/position/6867731900544043278/detail,1
6868620819392940295,careers_tiktok,20211208122615,https://careers.tiktok.com/position/6868620819392940295/detail,1
6869611535862335752,jobs_bytedance,20220811183514,https://jobs.bytedance.com/en/position/6869611535862335752/detail,1
6870150759709149448,careers_tiktok,20201221215455,https://careers.tiktok.com/position/6870150759709149448/detail,1
6870317668638460168,lifeattiktok,20250427203246,https://lifeattiktok.com/search/6870317668638460168,1
6870847221651949832,lifeattiktok,20260208195422,https://lifeattiktok.com/search/6870847221651949832,2
6872432706850228488,careers_tiktok,20210203020622,https://careers.tiktok.com/position/6872432706850228488/detail,1
6872568349298215176,careers_tiktok,20221001053734,https://careers.tiktok.com/position/6872568349298215176/detail?spread=5MWH5CQ,2
6872639948526504200,careers_tiktok,20210411124527,https://careers.tiktok.com/position/6872639948526504200/detail,1
6873064652449319182,jobs_bytedance,20220719233751,https://jobs.bytedance.com/en/position/6873064652449319182/detail,1
6873686883051391240,jobs_bytedance,20210730141744,https://jobs.bytedance.com/en/position/6873686883051391240/detail,1
6874773636555163911,careers_tiktok,20221115222927,https://careers.tiktok.com/position/6874773636555163911/detail,1
6874848517199595790,jobs_bytedance,20220720085617,https://jobs.bytedance.com/en/position/6874848517199595790/detail,1
6874919191377594637,careers_tiktok,20210127130034,https://careers.tiktok.com/position/6874919191377594637/detail,1
6875697284974708999,careers_tiktok,20210624180519,https://careers.tiktok.com/position/6875697284974708999/detail,1
6875999239227754766,jobs_bytedance,20220526174614,https://jobs.bytedance.com/en/position/6875999239227754766/detail,1
6877982220638177550,careers_tiktok,20211024163657,https://careers.tiktok.com/position/6877982220638177550/detail,1
6878154165093878024,jobs_bytedance,20220720020959,https://jobs.bytedance.com/en/position/6878154165093878024/detail,1
6880517641350547720,jobs_bytedance,20220526180903,https://jobs.bytedance.com/en/position/6880517641350547720/detail,1
6882974603716413703,lifeattiktok,20250427041618,https://lifeattiktok.com/search/6882974603716413703?spread=5MWH5CQ,3
6885285382230804744,careers_tiktok,20220427013827,https://careers.tiktok.com/position/6885285382230804744/detail,1
6886019344729622791,careers_tiktok,20221105220754,https://careers.tiktok.com/position/6886019344729622791/detail,1
6886306230966716686,jobs_bytedance,20250811045550,https://jobs.bytedance.com/en/position/6886306230966716686/detail?from=article_link,2
6886330083133442312,careers_tiktok,20210510060625,https://careers.tiktok.com/position/6886330083133442312/detail,1
6887978494337403150,careers_tiktok,20201210025841,https://careers.tiktok.com/position/6887978494337403150/detail,1
6888215099719354638,jobs_bytedance,20210505011704,https://jobs.bytedance.com/en/position/6888215099719354638/detail,1
6888462341844650248,lifeattiktok,20250303042002,https://lifeattiktok.com/search/6888462341844650248,1
6888943359210735886,jobs_bytedance,20240520112100,https://jobs.bytedance.com/en/position/6888943359210735886/detail?spread=BSPP2KS,1
6888968615505578253,jobs_bytedance,20210329165336,https://jobs.bytedance.com/en/position/6888968615505578253/detail,1
6889068563904530702,jobs_bytedance,20250622044934,https://jobs.bytedance.com/en/position/6889068563904530702/detail?utm_source=Technology+Crossover+Ventures+job+board&utm_medium=getro.com&gh_src=Technology+Crossover+Ventures+job+board,1
6890753552558459144,careers_tiktok,20210618081545,https://careers.tiktok.com/position/6890753552558459144/detail,2
6890753568296585485,careers_tiktok,20210606181727,https://careers.tiktok.com/position/6890753568296585485/detail,1
6890799394691893518,careers_tiktok,20230321051706,https://careers.tiktok.com/position/6890799394691893518/detail,1
6890811226122553608,careers_tiktok,20220916044413,https://careers.tiktok.com/position/6890811226122553608/detail,1
6891684147661785352,careers_tiktok,20201215215124,https://careers.tiktok.com/position/6891684147661785352/detail,1
6891757203503630605,careers_tiktok,20210503075511,https://careers.tiktok.com/position/6891757203503630605/detail,1
6891843280763275534,careers_tiktok,20220507134046,https://careers.tiktok.com/position/6891843280763275534/detail,1
6893018468179757325,careers_tiktok,20210126013529,https://careers.tiktok.com/position/6893018468179757325/detail,1
6893651279219935502,lifeattiktok,20260124054523,https://lifeattiktok.com/search/6893651279219935502,1
6894843358793222414,lifeattiktok,20250124223836,https://lifeattiktok.com/search/6894843358793222414,2
6895208132495526157,careers_tiktok,20210126032034,https://careers.tiktok.com/position/6895208132495526157/detail,1
6895931159605512455,careers_tiktok,20210510035637,https://careers.tiktok.com/position/6895931159605512455/detail,1
6896050494709156109,jobs_bytedance,20220720002348,https://jobs.bytedance.com/en/position/6896050494709156109/detail,1
6896052830877010190,jobs_bytedance,20220720065350,https://jobs.bytedance.com/en/position/6896052830877010190/detail,1
6896164428041013511,lifeattiktok,20250125000058,https://lifeattiktok.com/search/6896164428041013511,2
6896577596026554637,careers_tiktok,20210503075456,https://careers.tiktok.com/position/6896577596026554637/detail,1
6896814416635070728,jobs_bytedance,20220719215913,https://jobs.bytedance.com/en/position/6896814416635070728/detail,1
6896815975346686221,jobs_bytedance,20220720004034,https://jobs.bytedance.com/en/position/6896815975346686221/detail,1
6896815977020983559,jobs_bytedance,20220720002347,https://jobs.bytedance.com/en/position/6896815977020983559/detail,1
6896855651529296136,careers_tiktok,20201210113523,https://careers.tiktok.com/position/6896855651529296136/detail,1
6896870816103287054,jobs_bytedance,20220719225914,https://jobs.bytedance.com/en/position/6896870816103287054/detail,1
6896871125852621064,jobs_bytedance,20220719231516,https://jobs.bytedance.com/en/position/6896871125852621064/detail,1
6896871335369754888,jobs_bytedance,20220719213523,https://jobs.bytedance.com/en/position/6896871335369754888/detail,1
6896872923475544327,jobs_bytedance,20220719215915,https://jobs.bytedance.com/en/position/6896872923475544327/detail,1
6896969983448942862,careers_tiktok,20201207191439,https://careers.tiktok.com/position/6896969983448942862/detail,1
6897127515728890120,careers_tiktok,20210203154639,https://careers.tiktok.com/position/6897127515728890120/detail,1
6898351651393964296,careers_tiktok,20210126022136,https://careers.tiktok.com/position/6898351651393964296/detail,1
6898796389964695821,careers_tiktok,20221001145438,https://careers.tiktok.com/position/6898796389964695821/detail,1
6898809028533930247,careers_tiktok,20210519082720,https://careers.tiktok.com/position/6898809028533930247/detail,1
6898810353335142664,careers_tiktok,20210519082733,https://careers.tiktok.com/position/6898810353335142664/detail,1
6898981539528575246,careers_tiktok,20210205000115,https://careers.tiktok.com/position/6898981539528575246/detail,2
6899026788346398984,jobs_bytedance,20220720004100,https://jobs.bytedance.com/en/position/6899026788346398984/detail,1
6899303074268285191,jobs_bytedance,20230331140709,https://jobs.bytedance.com/en/position/6899303074268285191/detail?spread=BSPP2KS,1
6899303963074627848,jobs_bytedance,20250617020338,https://jobs.bytedance.com/en/position/6899303963074627848/detail?utm_source=Technology+Crossover+Ventures+job+board&utm_medium=getro.com&gh_src=Technology+Crossover+Ventures+job+board,2
6900771387402160392,careers_tiktok,20201207191629,https://careers.tiktok.com/position/6900771387402160392/detail,1
6900936639217846542,careers_tiktok,20210126022255,https://careers.tiktok.com/position/6900936639217846542/detail,1
6901201876646971661,jobs_bytedance,20220719231514,https://jobs.bytedance.com/en/position/6901201876646971661/detail,1
6901272213913110791,lifeattiktok,20250613185231,https://lifeattiktok.com/search/6901272213913110791,2
6901776278237415693,careers_tiktok,20201207191316,https://careers.tiktok.com/position/6901776278237415693/detail,1
6902078003817482509,careers_tiktok,20201210112539,https://careers.tiktok.com/position/6902078003817482509/detail,1
6902307049552906503,careers_tiktok,20230604111421,https://careers.tiktok.com/position/6902307049552906503/detail,1
6902354037149518088,jobs_bytedance,20220811170025,https://jobs.bytedance.com/en/position/6902354037149518088/detail,1
6903328552517060878,lifeattiktok,20250315080054,https://lifeattiktok.com/search/6903328552517060878,2
6903626029119490317,careers_tiktok,20210420191052,https://careers.tiktok.com/position/6903626029119490317/detail,1
6903982119488555272,careers_tiktok,20201215170428,https://careers.tiktok.com/position/6903982119488555272/detail,1
6903982119488964872,careers_tiktok,20210126024143,https://careers.tiktok.com/position/6903982119488964872/detail,1
6904829883240941837,lifeattiktok,20250427031011,https://lifeattiktok.com/search/6904829883240941837,3
6906021591596140814,jobs_bytedance,20250622044133,https://jobs.bytedance.com/en/position/6906021591596140814/detail?utm_source=Technology+Crossover+Ventures+job+board&utm_medium=getro.com&gh_src=Technology+Crossover+Ventures+job+board,1
6906025345682606343,jobs_bytedance,20250622044053,https://jobs.bytedance.com/en/position/6906025345682606343/detail?utm_source=Technology+Crossover+Ventures+job+board&utm_medium=getro.com&gh_src=Technology+Crossover+Ventures+job+board,1
6911268441803835662,jobs_bytedance,20210618082705,https://jobs.bytedance.com/en/position/6911268441803835662/detail,1
6911274886493341965,jobs_bytedance,20210618092125,https://jobs.bytedance.com/en/position/6911274886493341965/detail,1
6911444411773012232,jobs_bytedance,20250125215738,https://jobs.bytedance.com/en/position/6911444411773012232/detail?utm_source=Technology+Crossover+Ventures+job+board&utm_medium=getro.com&gh_src=Technology+Crossover+Ventures+job+board,2
6911905536619792647,jobs_bytedance,20210301224718,https://jobs.bytedance.com/en/position/6911905536619792647/detail,1
6912088622372063502,careers_tiktok,20220426202751,https://careers.tiktok.com/position/6912088622372063502/detail,1
6913258861203228936,lifeattiktok,20250124233250,https://lifeattiktok.com/search/6913258861203228936,2
6913933526471821582,jobs_bytedance,20221226013534,https://jobs.bytedance.com/en/position/6913933526471821582/detail?spread=BSPP2KS,2
6914000392901445901,careers_tiktok,20210117162319,https://careers.tiktok.com/position/6914000392901445901/detail,1
6914694009642879240,careers_tiktok,20230924181835,https://careers.tiktok.com/position/6914694009642879240/detail,1
6914860017833920775,careers_tiktok,20210618074617,https://careers.tiktok.com/position/6914860017833920775/detail,1
6915535052366072072,careers_tiktok,20230321040206,https://careers.tiktok.com/position/6915535052366072072/detail,1
6916266126494976269,careers_tiktok,20210115014338,https://careers.tiktok.com/position/6916266126494976269/detail,1
6916327413115226381,lifeattiktok,20250901025727,https://lifeattiktok.com/search/6916327413115226381,1
6916327718304942350,lifeattiktok,20250901015002,https://lifeattiktok.com/search/6916327718304942350,1
6916327718305990919,lifeattiktok,20250901010619,https://lifeattiktok.com/search/6916327718305990919,1
6916328400220555527,lifeattiktok,20250901041522,https://lifeattiktok.com/search/6916328400220555527,1
6916328478309910798,lifeattiktok,20250831230122,https://lifeattiktok.com/search/6916328478309910798,1
6916328717712312583,lifeattiktok,20250901202532,https://lifeattiktok.com/search/6916328717712312583,1
6916328789916649741,lifeattiktok,20250901050900,https://lifeattiktok.com/search/6916328789916649741,1
6916328789917026573,lifeattiktok,20250901025813,https://lifeattiktok.com/search/6916328789917026573,1
6916328817116727566,lifeattiktok,20250901013030,https://lifeattiktok.com/search/6916328817116727566,1
6916328817117186318,lifeattiktok,20250831230211,https://lifeattiktok.com/search/6916328817117186318,1
6916332268210931982,careers_tiktok,20220926203407,https://careers.tiktok.com/position/6916332268210931982/detail,1
6916360141731055879,lifeattiktok,20250901181246,https://lifeattiktok.com/search/6916360141731055879,1
6916399047776848135,careers_tiktok,20230704191955,https://careers.tiktok.com/position/6916399047776848135/detail,1
6916754441866709255,careers_tiktok,20210419060107,https://careers.tiktok.com/position/6916754441866709255/detail,1
6916801606772328711,careers_tiktok,20210127143117,https://careers.tiktok.com/position/6916801606772328711/detail,1
6916803161194088711,careers_tiktok,20210528102943,https://careers.tiktok.com/position/6916803161194088711/detail,1
6917073554077305101,lifeattiktok,20251222221230,https://lifeattiktok.com/search/6917073554077305101,2
6917158711271065870,jobs_bytedance,20210414204946,https://jobs.bytedance.com/en/position/6917158711271065870/detail,1
6917317389961529614,careers_tiktok,20220120161405,https://careers.tiktok.com/position/6917317389961529614/detail,1
6917324105990916359,lifeattiktok,20241206072840,https://lifeattiktok.com/search/6917324105990916359,1
6917363087080179981,careers_tiktok,20220516155316,https://careers.tiktok.com/position/6917363087080179981/detail?spread=XKM9ZXE,1
6917412125757950221,careers_tiktok,20210119142547,https://careers.tiktok.com/position/6917412125757950221/detail,1
6917512537408375054,careers_tiktok,20220427013553,https://careers.tiktok.com/position/6917512537408375054/detail,2
6917526662055151879,careers_tiktok,20210128141355,https://careers.tiktok.com/position/6917526662055151879/detail,1
6917561505475283213,careers_tiktok,20211024165406,https://careers.tiktok.com/position/6917561505475283213/detail,1
6917631913265318158,careers_tiktok,20210120015859,https://careers.tiktok.com/position/6917631913265318158/detail,1
6917674531558574349,jobs_bytedance,20210921164307,https://jobs.bytedance.com/en/position/6917674531558574349/detail,1
6917676689656940813,jobs_bytedance,20210921170321,https://jobs.bytedance.com/en/position/6917676689656940813/detail,1
6917678143943903501,jobs_bytedance,20210921171826,https://jobs.bytedance.com/en/position/6917678143943903501/detail,1
6917678353734502670,jobs_bytedance,20210921175444,https://jobs.bytedance.com/en/position/6917678353734502670/detail,1
6917678353738844424,jobs_bytedance,20210921165611,https://jobs.bytedance.com/en/position/6917678353738844424/detail,1
6917678366938515726,jobs_bytedance,20210921175244,https://jobs.bytedance.com/en/position/6917678366938515726/detail,1
6917708584668563726,careers_tiktok,20210118214001,https://careers.tiktok.com/position/6917708584668563726/detail,1
6917848923533576455,lifeattiktok,20251222195627,https://lifeattiktok.com/search/6917848923533576455,1
6917850165761132807,lifeattiktok,20251222214035,https://lifeattiktok.com/search/6917850165761132807,2
6918012923719158023,careers_tiktok,20210118190648,https://careers.tiktok.com/position/6918012923719158023/detail,1
6919808552170604808,careers_tiktok,20210803232913,https://careers.tiktok.com/position/6919808552170604808/detail?fbclid=IwAR1R64nkQmEdi_BeNlkv-vtBHVh3z7ffjoJtpIo9ua_UyYfya814Zglf7Kw,3
6920060311299033352,careers_tiktok,20210128174444,https://careers.tiktok.com/position/6920060311299033352/detail,2
6920203464317454606,careers_tiktok,20230607151936,https://careers.tiktok.com/position/6920203464317454606/detail,1
6920310245144119559,careers_tiktok,20210227211155,https://careers.tiktok.com/position/6920310245144119559/detail,1
6920430062240975118,jobs_bytedance,20211203005503,https://jobs.bytedance.com/en/position/6920430062240975118/detail,1
6920433595127646471,jobs_bytedance,20250615113838,https://jobs.bytedance.com/en/position/6920433595127646471/detail?utm_source=Technology+Crossover+Ventures+job+board&utm_medium=getro.com&gh_src=Technology+Crossover+Ventures+job+board,2
6920435348217088263,jobs_bytedance,20211203021101,https://jobs.bytedance.com/en/position/6920435348217088263/detail,1
6920485028402170126,careers_tiktok,20231101203943,https://careers.tiktok.com/position/6920485028402170126/detail,2
6920562864026618126,careers_tiktok,20221004130217,https://careers.tiktok.com/position/6920562864026618126/detail,1
6920565978241779981,careers_tiktok,20210219132149,https://careers.tiktok.com/position/6920565978241779981/detail,1
6920568104821655822,careers_tiktok,20221105191850,https://careers.tiktok.com/position/6920568104821655822/detail,2
6920570588138506503,lifeattiktok,20250912213243,https://lifeattiktok.com/search/6920570588138506503,2
6920570766233438478,lifeattiktok,20250315064309,https://lifeattiktok.com/search/6920570766233438478?spread=5MWH5CQ,2
6920575931140622600,careers_tiktok,20221105194740,https://careers.tiktok.com/position/6920575931140622600/detail?spread=XKM9ZXE,2
6920577980445083911,careers_tiktok,20210219132217,https://careers.tiktok.com/position/6920577980445083911/detail,1
6920584193873660173,lifeattiktok,20250206214846,https://lifeattiktok.com/search/6920584193873660173?spread=5MWH5CQ,2
6920584207349713165,careers_tiktok,20220503114509,https://careers.tiktok.com/position/6920584207349713165/detail,2
6920584948115048718,lifeattiktok,20250124220923,https://lifeattiktok.com/search/6920584948115048718?spread=5MWH5CQ,3
6920585430731835662,lifeattiktok,20250206215241,https://lifeattiktok.com/search/6920585430731835662,2
6920585589352007943,careers_tiktok,20211208131735,https://careers.tiktok.com/position/6920585589352007943/detail,1
6920586661756963086,careers_tiktok,20211019081408,https://careers.tiktok.com/position/6920586661756963086/detail,1
6920586676188301576,careers_tiktok,20210831181351,https://careers.tiktok.com/position/6920586676188301576/detail,1
6920587190629533965,lifeattiktok,20250315075505,https://lifeattiktok.com/search/6920587190629533965,3
6921530092355373325,jobs_bytedance,20210513222816,https://jobs.bytedance.com/en/position/6921530092355373325/detail,1
6921548502536734990,jobs_bytedance,20211021201742,https://jobs.bytedance.com/en/position/6921548502536734990/detail,1
6921558668094785805,careers_tiktok,20210917165111,https://careers.tiktok.com/position/6921558668094785805/detail,1
6921613500196374798,jobs_bytedance,20211021221753,https://jobs.bytedance.com/en/position/6921613500196374798/detail,1
6921713777890298120,careers_tiktok,20220929225937,https://careers.tiktok.com/position/6921713777890298120/detail,1
6921948022424324366,jobs_bytedance,20210414193750,https://jobs.bytedance.com/en/position/6921948022424324366/detail,1
6921996523392567560,lifeattiktok,20250125002851,https://lifeattiktok.com/search/6921996523392567560,2
6922043907178957069,careers_tiktok,20221001190941,https://careers.tiktok.com/position/6922043907178957069/detail,1
6922061452573296903,careers_tiktok,20221106012317,https://careers.tiktok.com/position/6922061452573296903/detail,2
6922061864541817101,lifeattiktok,20250315072354,https://lifeattiktok.com/search/6922061864541817101?spread=5MWH5CQ,2
6922084513863518471,careers_tiktok,20220428065417,https://careers.tiktok.com/position/6922084513863518471/detail,1
6922115560486881549,careers_tiktok,20210129011850,https://careers.tiktok.com/position/6922115560486881549/detail,1
6922251232628738312,careers_tiktok,20230924163806,https://careers.tiktok.com/position/6922251232628738312/detail,1
6922369908447037703,careers_tiktok,20221002164506,https://careers.tiktok.com/position/6922369908447037703/detail,2
6922900040797128974,lifeattiktok,20260520050610,https://lifeattiktok.com/search/6922900040797128974,2
6923040898910079240,lifeattiktok,20250315082406,https://lifeattiktok.com/search/6923040898910079240?spread=5MWH5CQ,3
6923306713277909256,careers_tiktok,20210503194715,https://careers.tiktok.com/position/6923306713277909256/detail,1
6923823871889426702,jobs_bytedance,20220720002349,https://jobs.bytedance.com/en/position/6923823871889426702/detail,1
6924165940364036365,lifeattiktok,20241217205117,https://lifeattiktok.com/search/6924165940364036365,1
6924219135866407182,lifeattiktok,20241206074239,https://lifeattiktok.com/search/6924219135866407182?spread=5MWH5CQ,2
6924422151811074317,careers_tiktok,20230924175347,https://careers.tiktok.com/position/6924422151811074317/detail,1
6924493651021220104,careers_tiktok,20210203232001,https://careers.tiktok.com/position/6924493651021220104/detail,1
6924494349309954312,careers_tiktok,20210203232000,https://careers.tiktok.com/position/6924494349309954312/detail,1
6924641314521450760,lifeattiktok,20250315071235,https://lifeattiktok.com/search/6924641314521450760,2
6925057489994418439,careers_tiktok,20210510051411,https://careers.tiktok.com/position/6925057489994418439/detail,1
6925262199061629198,lifeattiktok,20250718111033,https://lifeattiktok.com/search/6925262199061629198,2
6925282584503552263,careers_tiktok,20210725070600,https://careers.tiktok.com/position/6925282584503552263/detail,1
6925290126017202445,careers_tiktok,20220807163440,https://careers.tiktok.com/position/6925290126017202445/detail,1
6925334156114430221,careers_tiktok,20210731173804,https://careers.tiktok.com/position/6925334156114430221/detail,1
6925355524154214664,lifeattiktok,20250718102138,https://lifeattiktok.com/search/6925355524154214664,2
6925641191761824008,jobs_bytedance,20220811184727,https://jobs.bytedance.com/en/position/6925641191761824008/detail,1
6925697092993435917,careers_tiktok,20210301075213,https://careers.tiktok.com/position/6925697092993435917/detail?fbclid=IwAR1_HXZ4B6UjrUI7tW8V-sEAR8OtegqWe1GX4mxvne7SMdfum_s2WqW2Sms,3
6925834940165572871,careers_tiktok,20210411125121,https://careers.tiktok.com/position/6925834940165572871/detail,1
6925915511193979149,jobs_bytedance,20210630174835,https://jobs.bytedance.com/en/position/6925915511193979149/detail,1
6925921464027121927,careers_tiktok,20210426194545,https://careers.tiktok.com/position/6925921464027121927/detail,1
6925964202155493646,careers_tiktok,20230924180259,https://careers.tiktok.com/position/6925964202155493646/detail,1
6925964202155657486,careers_tiktok,20210426194454,https://careers.tiktok.com/position/6925964202155657486/detail,1
6927253247916951815,lifeattiktok,20250427033526,https://lifeattiktok.com/search/6927253247916951815,2
6927298967656368397,careers_tiktok,20210210141149,https://careers.tiktok.com/position/6927298967656368397/detail,1
6927356850015635720,lifeattiktok,20250226050719,https://lifeattiktok.com/search/6927356850015635720,1
6927382086944852232,jobs_bytedance,20211207124828,https://jobs.bytedance.com/en/position/6927382086944852232/detail,1
6927591181786892552,careers_tiktok,20210212004710,https://careers.tiktok.com/position/6927591181786892552/detail,1
6927591181787121928,careers_tiktok,20210211201456,https://careers.tiktok.com/position/6927591181787121928/detail,1
6927591181862258958,careers_tiktok,20210211194421,https://careers.tiktok.com/position/6927591181862258958/detail,1
6927591181862439182,careers_tiktok,20210211193218,https://careers.tiktok.com/position/6927591181862439182/detail,1
6929526598577522951,lifeattiktok,20250326082629,https://lifeattiktok.com/search/6929526598577522951,1
6929959312198682893,lifeattiktok,20250727161414,https://lifeattiktok.com/search/6929959312198682893,2
6930351854615726343,careers_tiktok,20210223150149,https://careers.tiktok.com/position/6930351854615726343/detail,1
6931909127192250632,careers_tiktok,20210917154659,https://careers.tiktok.com/position/6931909127192250632/detail,1
6932069607859816717,lifeattiktok,20250912223355,https://lifeattiktok.com/search/6932069607859816717,2
6932101779710658823,jobs_bytedance,20210921164224,https://jobs.bytedance.com/en/position/6932101779710658823/detail,1
6932126127482046733,careers_tiktok,20230924170717,https://careers.tiktok.com/position/6932126127482046733/detail,1
6932151660036131080,jobs_bytedance,20250524040434,https://jobs.bytedance.com/en/position/6932151660036131080/detail?utm_source=Coatue+Management+job+board&utm_medium=getro.com&gh_src=Coatue+Management+job+board,1
6932154899582028046,jobs_bytedance,20250424233406,https://jobs.bytedance.com/en/position/6932154899582028046/detail?utm_source=Technology+Crossover+Ventures+job+board&utm_medium=getro.com&gh_src=Technology+Crossover+Ventures+job+board,1
6932162454500690190,jobs_bytedance,20240721202218,https://jobs.bytedance.com/en/position/6932162454500690190/detail?utm_source=Technology+Crossover+Ventures+job+board&utm_medium=getro.com&gh_src=Technology+Crossover+Ventures+job+board,1
6932426711964059912,careers_tiktok,20210227092900,https://careers.tiktok.com/position/6932426711964059912/detail,1
6932488237231786247,careers_tiktok,20210407190102,https://careers.tiktok.com/position/6932488237231786247/detail,1
6932633524165298439,careers_tiktok,20221002154943,https://careers.tiktok.com/position/6932633524165298439/detail,2
6932664139153492237,careers_tiktok,20220909012901,https://careers.tiktok.com/position/6932664139153492237/detail,3
6933003349433649416,careers_tiktok,20210407212736,https://careers.tiktok.com/position/6933003349433649416/detail,1
6933128430578125064,lifeattiktok,20250713105325,https://lifeattiktok.com/search/6933128430578125064,1
6933254641653680391,careers_tiktok,20210310212121,https://careers.tiktok.com/position/6933254641653680391/detail,1
6934196754019518734,jobs_bytedance,20220811173826,https://jobs.bytedance.com/en/position/6934196754019518734/detail,1
6935006646973499662,jobs_bytedance,20211004215906,https://jobs.bytedance.com/en/position/6935006646973499662/detail,1
6935146225747577095,careers_tiktok,20220124222154,https://careers.tiktok.com/position/6935146225747577095/detail,1
6935301665625213214,careers_tiktok,20220514023707,https://careers.tiktok.com/position/6935301665625213214/detail,1
6935304802671053064,lifeattiktok,20250315075034,https://lifeattiktok.com/search/6935304802671053064,3
6935370909524592932,jobs_bytedance,20250424235226,https://jobs.bytedance.com/en/position/6935370909524592932/detail,1
6935972454490605855,careers_tiktok,20210510044818,https://careers.tiktok.com/position/6935972454490605855/detail?ref=Boooom.co,1
6936005823630625037,careers_tiktok,20211024150209,https://careers.tiktok.com/position/6936005823630625037/detail,1
6936228500563200286,jobs_bytedance,20210528175100,https://jobs.bytedance.com/en/position/6936228500563200286/detail,1
6937228825936267557,jobs_bytedance,20220427013514,https://jobs.bytedance.com/en/position/6937228825936267557/detail,1
6937314861723748639,careers_tiktok,20210310112756,https://careers.tiktok.com/position/6937314861723748639/detail,1
6937372828409317662,careers_tiktok,20231101125551,https://careers.tiktok.com/position/6937372828409317662/detail?spread=5MWH5CQ,2
6937598618874890509,lifeattiktok,20250124222711,https://lifeattiktok.com/search/6937598618874890509,1
6937885660502116615,careers_tiktok,20221001042629,https://careers.tiktok.com/position/6937885660502116615/detail?spread=5MWH5CQ,2
6938464750167165215,lifeattiktok,20250912222802,https://lifeattiktok.com/search/6938464750167165215,2
6938837287594625310,lifeattiktok,20241216031758,https://lifeattiktok.com/search/6938837287594625310,2
6939851795096291621,careers_tiktok,20210624180524,https://careers.tiktok.com/position/6939851795096291621/detail,1
6939893076345620773,careers_tiktok,20210917165646,https://careers.tiktok.com/position/6939893076345620773/detail,1
6939904195680831780,jobs_bytedance,20210921170154,https://jobs.bytedance.com/en/position/6939904195680831780/detail,1
6939904198259755272,jobs_bytedance,20220926130921,https://jobs.bytedance.com/en/position/6939904198259755272/detail,1
6939964196294527245,careers_tiktok,20210827203220,https://careers.tiktok.com/position/6939964196294527245/detail,1
6940008016478243086,careers_tiktok,20210318172905,https://careers.tiktok.com/position/6940008016478243086/detail,1
6940317312093407525,lifeattiktok,20250206215019,https://lifeattiktok.com/search/6940317312093407525,2
6940655123572164878,lifeattiktok,20250125053634,https://lifeattiktok.com/search/6940655123572164878?utm_campaign=Mobile-Growth-News&utm_medium=web&utm_source=Mobile_Growth_News_Issue_29,2
6940693796829956360,careers_tiktok,20210323151652,https://careers.tiktok.com/position/6940693796829956360/detail,1
6941354346534766861,careers_tiktok,20210511120151,https://careers.tiktok.com/position/6941354346534766861/detail,1
6941388602690701605,careers_tiktok,20210804211712,https://careers.tiktok.com/position/6941388602690701605/detail,1
6942539373024069895,careers_tiktok,20210331223655,https://careers.tiktok.com/position/6942539373024069895/detail,1
6942618174870489381,careers_tiktok,20230323081413,https://careers.tiktok.com/position/6942618174870489381/detail,1
6942619916952979748,lifeattiktok,20250505221017,https://lifeattiktok.com/search/6942619916952979748?spread=5MWH5CQ,3
6942846494597597476,careers_tiktok,20210421102839,https://careers.tiktok.com/position/6942846494597597476/detail,1
6943100790522661133,careers_tiktok,20210928031758,https://careers.tiktok.com/position/6943100790522661133/detail,1
6943304542231267620,lifeattiktok,20241117034809,https://lifeattiktok.com/search/6943304542231267620,3
6943566971968801054,careers_tiktok,20210618085442,https://careers.tiktok.com/position/6943566971968801054/detail,1
6943978262151350564,careers_tiktok,20210330085702,https://careers.tiktok.com/position/6943978262151350564/detail,1
6944084320698059045,careers_tiktok,20210510052059,https://careers.tiktok.com/position/6944084320698059045/detail,1
6944979038301899021,jobs_bytedance,20210519201705,https://jobs.bytedance.com/en/position/6944979038301899021/detail,1
6945134657071909157,careers_tiktok,20210413140228,https://careers.tiktok.com/position/6945134657071909157/detail,1
6945160910336510216,careers_tiktok,20211024144615,https://careers.tiktok.com/position/6945160910336510216/detail,1
6945406603631053092,lifeattiktok,20241206080035,https://lifeattiktok.com/search/6945406603631053092,2
6945688893875226894,careers_tiktok,20210725051035,https://careers.tiktok.com/position/6945688893875226894/detail,1
6945817083390658847,lifeattiktok,20250427030243,https://lifeattiktok.com/search/6945817083390658847,2
6946355307832871176,careers_tiktok,20210405175333,https://careers.tiktok.com/position/6946355307832871176/detail,1
6946659146357147935,careers_tiktok,20210618094949,https://careers.tiktok.com/position/6946659146357147935/detail,2
6947811597716818184,careers_tiktok,20210714154740,https://careers.tiktok.com/position/6947811597716818184/detail,1
6948001441408026910,careers_tiktok,20220926204637,https://careers.tiktok.com/position/6948001441408026910/detail,1
6948078043906836772,careers_tiktok,20210420110150,https://careers.tiktok.com/position/6948078043906836772/detail,1
6948098557232990471,careers_tiktok,20210409213326,https://careers.tiktok.com/position/6948098557232990471/detail,1
6948147357938911519,lifeattiktok,20250206214643,https://lifeattiktok.com/search/6948147357938911519,2
6948750847938545928,careers_tiktok,20210804214456,https://careers.tiktok.com/position/6948750847938545928/detail,1
6948803757825444103,careers_tiktok,20210414161524,https://careers.tiktok.com/position/6948803757825444103/detail,1
6948807115571218724,lifeattiktok,20241116134719,https://lifeattiktok.com/search/6948807115571218724,3
6949232660007274788,lifeattiktok,20250125053038,https://lifeattiktok.com/search/6949232660007274788?utm_campaign=Mobile-Growth-News&utm_medium=web&utm_source=Mobile_Growth_News_Issue_29,2
6950340331246700814,careers_tiktok,20210618074227,https://careers.tiktok.com/position/6950340331246700814/detail,1
6950341956862593317,lifeattiktok,20250427040946,https://lifeattiktok.com/search/6950341956862593317?spread=5MWH5CQ,3
6950678722258389255,careers_tiktok,20220701044516,https://careers.tiktok.com/position/6950678722258389255/detail,1
6951140815764097311,careers_tiktok,20210506110140,https://careers.tiktok.com/position/6951140815764097311/detail,1
6951323541313063175,careers_tiktok,20210804215243,https://careers.tiktok.com/position/6951323541313063175/detail,1
6951333567533533476,lifeattiktok,20250929121858,https://lifeattiktok.com/search/6951333567533533476,1
6951423406869104904,careers_tiktok,20210426200849,https://careers.tiktok.com/position/6951423406869104904/detail,1
6951648343454353700,lifeattiktok,20250206225721,https://lifeattiktok.com/search/6951648343454353700?spread=5MWH5CQ,3
6951808593390913799,lifeattiktok,20250315080130,https://lifeattiktok.com/search/6951808593390913799?spread=5MWH5CQ,3
6952843828736117029,careers_tiktok,20210618093235,https://careers.tiktok.com/position/6952843828736117029/detail,1
6952889165995739400,careers_tiktok,20220824153632,https://careers.tiktok.com/position/6952889165995739400/detail,1
6953050541313575182,careers_tiktok,20210606181610,https://careers.tiktok.com/position/6953050541313575182/detail,1
6953297255445235982,careers_tiktok,20230124060009,https://careers.tiktok.com/position/6953297255445235982/detail,1
6953359798876260615,careers_tiktok,20210507051557,https://careers.tiktok.com/position/6953359798876260615/detail,1
6953716716211964196,careers_tiktok,20210510053645,https://careers.tiktok.com/position/6953716716211964196/detail,1
6954031068094269726,jobs_bytedance,20240721192028,https://jobs.bytedance.com/en/position/6954031068094269726/detail?utm_source=Technology+Crossover+Ventures+job+board&utm_medium=getro.com&gh_src=Technology+Crossover+Ventures+job+board,1
6954080649868511495,careers_tiktok,20211024143652,https://careers.tiktok.com/position/6954080649868511495/detail,1
6954104220144765221,careers_tiktok,20210429164736,https://careers.tiktok.com/position/6954104220144765221/detail,1
6954270828527765790,careers_tiktok,20230311224515,https://careers.tiktok.com/position/6954270828527765790/detail,1
6954283073899317518,careers_tiktok,20210621193327,https://careers.tiktok.com/position/6954283073899317518/detail,1
6954313852973762852,jobs_bytedance,20220323150246,https://jobs.bytedance.com/en/position/6954313852973762852/detail,1
6954381245078554893,lifeattiktok,20250718105054,https://lifeattiktok.com/search/6954381245078554893,2
6955425776369371423,careers_tiktok,20240209200718,https://careers.tiktok.com/position/6955425776369371423/detail,1
6955563460403562788,careers_tiktok,20220721100046,https://careers.tiktok.com/position/6955563460403562788/detail?spread=5MWH5CQ,2
6955679033524046088,careers_tiktok,20210507200220,https://careers.tiktok.com/position/6955679033524046088/detail,1
6955750592418793742,careers_tiktok,20210525133255,https://careers.tiktok.com/position/6955750592418793742/detail,1
6955788123017513229,careers_tiktok,20220905184032,https://careers.tiktok.com/position/6955788123017513229/detail,1
6955846904949262606,careers_tiktok,20210503175209,https://careers.tiktok.com/position/6955846904949262606,4
6956628477454616845,careers_tiktok,20210512153354,https://careers.tiktok.com/position/6956628477454616845/detail,1
6956783584242551054,careers_tiktok,20220516150330,https://careers.tiktok.com/position/6956783584242551054/detail,1
6958118074605422885,lifeattiktok,20250315083653,https://lifeattiktok.com/search/6958118074605422885,2
6958375111809599758,careers_tiktok,20210510082159,https://careers.tiktok.com/position/6958375111809599758/detail,1
6958505295493679367,careers_tiktok,20211024162506,https://careers.tiktok.com/position/6958505295493679367/detail,2
6958741357503007006,careers_tiktok,20220821054118,https://careers.tiktok.com/position/6958741357503007006/detail,1
6958742281189640485,careers_tiktok,20220516143551,https://careers.tiktok.com/position/6958742281189640485/detail,1
6958930208612026660,careers_tiktok,20210507041648,https://careers.tiktok.com/position/6958930208612026660/detail,1
6958953783154493732,careers_tiktok,20220927133650,https://careers.tiktok.com/position/6958953783154493732/detail,1
6959040286954309925,careers_tiktok,20210618083421,https://careers.tiktok.com/position/6959040286954309925/detail,1
6959122962138188040,careers_tiktok,20210520162433,https://careers.tiktok.com/position/6959122962138188040/detail,1
6959127739857537310,careers_tiktok,20210525133255,https://careers.tiktok.com/position/6959127739857537310/detail,1
6959391208012089607,careers_tiktok,20210721100323,https://careers.tiktok.com/position/6959391208012089607/detail,1
6959433112678795557,careers_tiktok,20210515221949,https://careers.tiktok.com/position/6959433112678795557/detail,1
6959482068176210213,lifeattiktok,20260520041132,https://lifeattiktok.com/search/6959482068176210213,2
6959483812183263495,lifeattiktok,20250613192221,https://lifeattiktok.com/search/6959483812183263495,1
6959484118364473631,lifeattiktok,20250613200132,https://lifeattiktok.com/search/6959484118364473631,2
6959487145511225636,lifeattiktok,20260520044928,https://lifeattiktok.com/search/6959487145511225636,2
6959488433895803143,lifeattiktok,20250315082150,https://lifeattiktok.com/search/6959488433895803143,3
6959492720160033054,lifeattiktok,20250509000958,https://lifeattiktok.com/search/6959492720160033054,2
6959495069582149919,careers_tiktok,20230321041314,https://careers.tiktok.com/position/6959495069582149919/detail,1
6959580075823073544,careers_tiktok,20210520162405,https://careers.tiktok.com/position/6959580075823073544/detail,1
6960503763677579527,careers_tiktok,20210819203023,https://careers.tiktok.com/position/6960503763677579527/detail,1
6961030403927361805,careers_tiktok,20220916044344,https://careers.tiktok.com/position/6961030403927361805/detail,1
6961036730045892877,jobs_bytedance,20221028075754,https://jobs.bytedance.com/en/position/6961036730045892877/detail,1
6961070492800665870,careers_tiktok,20220916044408,https://careers.tiktok.com/position/6961070492800665870/detail,1
69610859070649981,careers_tiktok,20211024165323,https://careers.tiktok.com/position/69610859070649981..,1
6961085907064998180,careers_tiktok,20240709153332,https://careers.tiktok.com/position/6961085907064998180/detail%22%20%5Ct%20%22_blank,2
6961420821945403678,careers_tiktok,20210813223146,https://careers.tiktok.com/position/6961420821945403678/detail,1
6961811602416961800,careers_tiktok,20211008170135,https://careers.tiktok.com/position/6961811602416961800/detail,1
6962035758878640391,jobs_bytedance,20210921165023,https://jobs.bytedance.com/en/position/6962035758878640391/detail,1
6962253504653166878,careers_tiktok,20211201182711,https://careers.tiktok.com/position/6962253504653166878/detail,1
6962258767766096142,careers_tiktok,20220510191910,https://careers.tiktok.com/position/6962258767766096142/detail,1
6963088485524097294,jobs_bytedance,20220811183431,https://jobs.bytedance.com/en/position/6963088485524097294/detail,1
6963366249473624328,careers_tiktok,20210914085541,https://careers.tiktok.com/position/6963366249473624328/detail,1
6963587518475503879,careers_tiktok,20220428070059,https://careers.tiktok.com/position/6963587518475503879/detail,1
6963656731742619912,careers_tiktok,20210520162458,https://careers.tiktok.com/position/6963656731742619912/detail,1
6964059491882076430,careers_tiktok,20240514010654,https://careers.tiktok.com/position/6964059491882076430/detail,1
6964148470714632456,careers_tiktok,20211121053208,https://careers.tiktok.com/position/6964148470714632456/detail,1
6964419349169015070,lifeattiktok,20250125053419,https://lifeattiktok.com/search/6964419349169015070?utm_campaign=Mobile-Growth-News&utm_medium=web&utm_source=Mobile_Growth_News_Issue_29,2
6964591367905560840,careers_tiktok,20210601192622,https://careers.tiktok.com/position/6964591367905560840/detail,1
6964724137727248671,lifeattiktok,20250613191617,https://lifeattiktok.com/search/6964724137727248671,2
6965730204069759239,lifeattiktok,20250506104254,https://lifeattiktok.com/search/6965730204069759239?spread=5MWH5CQ,2
6966136772103964941,careers_tiktok,20220722105821,https://careers.tiktok.com/position/6966136772103964941/detail,1
6966209046471870727,careers_tiktok,20220905183933,https://careers.tiktok.com/position/6966209046471870727/detail,1
6966979968317507871,jobs_bytedance,20210921173252,https://jobs.bytedance.com/en/position/6966979968317507871/detail,1
6967070492789147912,careers_tiktok,20210603214900,https://careers.tiktok.com/position/6967070492789147912/detail,1
6967166253124520223,careers_tiktok,20230715054930,https://careers.tiktok.com/position/6967166253124520223/detail?spread=5MWH5CQ,2
6967513078062614797,lifeattiktok,20250912221313,https://lifeattiktok.com/search/6967513078062614797,2
6968286660212050184,careers_tiktok,20230321050907,https://careers.tiktok.com/position/6968286660212050184/detail,1
6968877375367170317,careers_tiktok,20210604191621,https://careers.tiktok.com/position/6968877375367170317/detail,1
6969011619163556126,careers_tiktok,20220930010020,https://careers.tiktok.com/position/6969011619163556126/detail,1
6969131089110403364,careers_tiktok,20220425223450,https://careers.tiktok.com/position/6969131089110403364/detail,1
6969554320690252062,careers_tiktok,20221105235121,https://careers.tiktok.com/position/6969554320690252062/detail,1
6969599132144126221,careers_tiktok,20211114063128,https://careers.tiktok.com/position/6969599132144126221/detail,1
6970044425478605070,lifeattiktok,20250702233036,https://lifeattiktok.com/search/6970044425478605070,3
6970065220555524383,jobs_bytedance,20240721184452,https://jobs.bytedance.com/en/position/6970065220555524383/detail?utm_source=Technology+Crossover+Ventures+job+board&utm_medium=getro.com&gh_src=Technology+Crossover+Ventures+job+board,1
6970566069812594951,careers_tiktok,20220516143501,https://careers.tiktok.com/position/6970566069812594951/detail,1
6971019639237183774,careers_tiktok,20220427013657,https://careers.tiktok.com/position/6971019639237183774/detail,1
6971063298474576135,careers_tiktok,20220427013231,https://careers.tiktok.com/position/6971063298474576135/detail,1
6971612473061837086,careers_tiktok,20210610172323,https://careers.tiktok.com/position/6971612473061837086/detail,1
6972040668638300447,careers_tiktok,20230311104354,https://careers.tiktok.com/position/6972040668638300447/detail,2
6972074695387744519,careers_tiktok,20210615115446,https://careers.tiktok.com/position/6972074695387744519/detail,1
6972667354594838820,careers_tiktok,20210615204908,https://careers.tiktok.com/position/6972667354594838820/detail,1
6973792745106999559,careers_tiktok,20210804232900,https://careers.tiktok.com/position/6973792745106999559/detail?utm_source=www.hire.AR,2
6973800491264755975,careers_tiktok,20210819061634,https://careers.tiktok.com/position/6973800491264755975/detail,1
6974231253126777101,careers_tiktok,20210915085928,https://careers.tiktok.com/position/6974231253126777101/detail,1
6974618467249441061,jobs_bytedance,20210921180103,https://jobs.bytedance.com/en/position/6974618467249441061/detail,1
6974779108853139742,careers_tiktok,20210623212555,https://careers.tiktok.com/position/6974779108853139742/detail,1
6974779932866824485,careers_tiktok,20210821082848,https://careers.tiktok.com/position/6974779932866824485/detail?ltclid=892948bd-bc30-437d-9d08-06dbb4d69d26,2
6976250468394912007,jobs_bytedance,20220526175132,https://jobs.bytedance.com/en/position/6976250468394912007/detail,1
6977180290218527013,lifeattiktok,20260520044319,https://lifeattiktok.com/search/6977180290218527013,1
6977206774159984904,lifeattiktok,20260710212806,https://lifeattiktok.com/search/6977206774159984904,1
6977531397969332493,careers_tiktok,20230604103001,https://careers.tiktok.com/position/6977531397969332493/detail,1
6977603111276906765,careers_tiktok,20220929225930,https://careers.tiktok.com/position/6977603111276906765/detail,1
6979022731062003975,careers_tiktok,20211024155727,https://careers.tiktok.com/position/6979022731062003975/detail,1
6979468534649719077,lifeattiktok,20250508232424,https://lifeattiktok.com/search/6979468534649719077,2
6979514203078576414,careers_tiktok,20210917164611,https://careers.tiktok.com/position/6979514203078576414/detail,1
6979520033336592648,careers_tiktok,20210705074716,https://careers.tiktok.com/position/6979520033336592648/detail,1
6979910321898424607,careers_tiktok,20210917170148,https://careers.tiktok.com/position/6979910321898424607/detail,1
6979932757511538952,careers_tiktok,20210917172345,https://careers.tiktok.com/position/6979932757511538952/detail,1
6980142766047922462,careers_tiktok,20211008102610,https://careers.tiktok.com/position/6980142766047922462/detail,1
6980268218297649415,careers_tiktok,20210708100737,https://careers.tiktok.com/position/6980268218297649415/detail,1
6980404804280584478,careers_tiktok,20211024154013,https://careers.tiktok.com/position/6980404804280584478/detail,1
6980914157068847391,careers_tiktok,20221001051045,https://careers.tiktok.com/position/6980914157068847391/detail,2
6981260142810073358,jobs_bytedance,20240815062254,https://jobs.bytedance.com/en/position/6981260142810073358/detail?utm_source=Technology+Crossover+Ventures+job+board&utm_medium=getro.com&gh_src=Technology+Crossover+Ventures+job+board,1
6981358464451856648,careers_tiktok,20220120180313,https://careers.tiktok.com/position/6981358464451856648/detail,1
6981778230148909349,lifeattiktok,20250901024237,https://lifeattiktok.com/search/6981778230148909349,1
6981795402850076958,careers_tiktok,20220820034636,https://careers.tiktok.com/position/6981795402850076958/detail,1
6981835293561424136,careers_tiktok,20210708100710,https://careers.tiktok.com/position/6981835293561424136/detail,1
6981848244712458527,careers_tiktok,20230321035237,https://careers.tiktok.com/position/6981848244712458527/detail,1
6981909428178323720,careers_tiktok,20210726014810,https://careers.tiktok.com/position/6981909428178323720/detail,1
6981919778386872612,careers_tiktok,20210725060212,https://careers.tiktok.com/position/6981919778386872612/detail,1
6982050101904607519,careers_tiktok,20210709151925,https://careers.tiktok.com/position/6982050101904607519/detail,1
6982535907396569351,careers_tiktok,20210720215208,https://careers.tiktok.com/position/6982535907396569351/detail,1
6982588104465959204,careers_tiktok,20211024143517,https://careers.tiktok.com/position/6982588104465959204/detail,1
6982879391933401357,jobs_bytedance,20211021202358,https://jobs.bytedance.com/en/position/6982879391933401357/detail,1
6983636321127401741,careers_tiktok,20210917161538,https://careers.tiktok.com/position/6983636321127401741/detail,1
6983844257769867533,lifeattiktok,20250124230822,https://lifeattiktok.com/search/6983844257769867533,2
6984021394845927717,jobs_bytedance,20210816184915,https://jobs.bytedance.com/en/position/6984021394845927717/detail,1
6984108584394606884,careers_tiktok,20210714154636,https://careers.tiktok.com/position/6984108584394606884/detail,1
6984430762837739790,lifeattiktok,20260124061248,https://lifeattiktok.com/search/6984430762837739790?spread=5MWH5CQ,1
6984480135441467685,careers_tiktok,20211022092902,https://careers.tiktok.com/position/6984480135441467685/detail,1
6984552986160728351,careers_tiktok,20210825212416,https://careers.tiktok.com/position/6984552986160728351/detail,1
6984710716574746887,careers_tiktok,20210930070104,https://careers.tiktok.com/position/6984710716574746887/detail,1
6985184698365380878,careers_tiktok,20210824122746,https://careers.tiktok.com/position/6985184698365380878/detail,1
6985193083232323870,careers_tiktok,20230407172657,https://careers.tiktok.com/position/6985193083232323870/detail,1
6985472106671245581,lifeattiktok,20251015104716,https://lifeattiktok.com/search/6985472106671245581,3
6985507957388249381,careers_tiktok,20210723015253,https://careers.tiktok.com/position/6985507957388249381/detail,1
6985516116140427557,careers_tiktok,20210723015445,https://careers.tiktok.com/position/6985516116140427557/detail,1
6985540884717635870,lifeattiktok,20260520041948,https://lifeattiktok.com/search/6985540884717635870,1
6987108726475196702,jobs_bytedance,20211004220114,https://jobs.bytedance.com/en/position/6987108726475196702/detail,1
6987257622165522718,careers_tiktok,20211208135126,https://careers.tiktok.com/position/6987257622165522718/detail,1
6987625570687797540,jobs_bytedance,20220719233149,https://jobs.bytedance.com/en/position/6987625570687797540/detail,1
6987638350631815431,jobs_bytedance,20220719231515,https://jobs.bytedance.com/en/position/6987638350631815431/detail,1
6987639882642376991,jobs_bytedance,20220720085615,https://jobs.bytedance.com/en/position/6987639882642376991/detail,1
6988086824679262478,jobs_bytedance,20210921171106,https://jobs.bytedance.com/en/position/6988086824679262478/detail,1
6988142758532958472,lifeattiktok,20260520050542,https://lifeattiktok.com/search/6988142758532958472,1
6988200781984925960,careers_tiktok,20210726120832,https://careers.tiktok.com/position/6988200781984925960/detail,1
6988269042725849380,lifeattiktok,20260208200814,https://lifeattiktok.com/search/6988269042725849380,1
6989131448637802788,lifeattiktok,20260208195353,https://lifeattiktok.com/search/6989131448637802788,2
6989229340946008334,careers_tiktok,20210827230129,https://careers.tiktok.com/position/6989229340946008334/detail,1
6989555549260876045,lifeattiktok,20251003223344,https://lifeattiktok.com/search/6989555549260876045,2
6989754286407026951,careers_tiktok,20210930224705,https://careers.tiktok.com/position/6989754286407026951/detail,1
6989794472893122853,lifeattiktok,20250613194730,https://lifeattiktok.com/search/6989794472893122853,2
6989797322427795719,lifeattiktok,20260208192240,https://lifeattiktok.com/search/6989797322427795719,2
6989972605970663716,careers_tiktok,20220827134736,https://careers.tiktok.com/position/6989972605970663716/detail,2
6990046538517137700,careers_tiktok,20211024075556,https://careers.tiktok.com/position/6990046538517137700/detail,1
6990055005857564942,careers_tiktok,20220302171758,https://careers.tiktok.com/position/6990055005857564942/detail?spread=XKM9ZXE,2
6990096944823650567,careers_tiktok,20220120164835,https://careers.tiktok.com/position/6990096944823650567/detail,1
6990179130633734430,jobs_bytedance,20220720072511,https://jobs.bytedance.com/en/position/6990179130633734430/detail,1
6990311122126883085,careers_tiktok,20221208094830,https://careers.tiktok.com/position/6990311122126883085,2
6990395145750071565,careers_tiktok,20210827004012,https://careers.tiktok.com/position/6990395145750071565/detail,1
6990635319867509000,careers_tiktok,20221106033825,https://careers.tiktok.com/position/6990635319867509000/detail?spread=XKM9ZXE,2
6991674380250712351,lifeattiktok,20241206065709,https://lifeattiktok.com/search/6991674380250712351,2
6991783567076608287,lifeattiktok,20250124225035,https://lifeattiktok.com/search/6991783567076608287,2
6991841094196152612,careers_tiktok,20231208122946,https://careers.tiktok.com/position/6991841094196152612/detail?spread=5MWH5CQ,1
6992175088188819726,jobs_bytedance,20220719233156,https://jobs.bytedance.com/en/position/6992175088188819726/detail,1
6992177237076379941,jobs_bytedance,20220719224812,https://jobs.bytedance.com/en/position/6992177237076379941/detail,1
6992378827985225998,careers_tiktok,20210805161211,https://careers.tiktok.com/position/6992378827985225998/detail,1
6992378991336769822,careers_tiktok,20210805161711,https://careers.tiktok.com/position/6992378991336769822/detail,1
6992459791084357924,careers_tiktok,20220313211607,https://careers.tiktok.com/position/6992459791084357924/detail,2
6992493417829812511,lifeattiktok,20241206082849,https://lifeattiktok.com/search/6992493417829812511,1
6992494581338786056,lifeattiktok,20250124230430,https://lifeattiktok.com/search/6992494581338786056,2
6992664380123859236,lifeattiktok,20250907142534,https://lifeattiktok.com/search/6992664380123859236,5
6992698106991888647,careers_tiktok,20220120165730,https://careers.tiktok.com/position/6992698106991888647/detail/?utm_source=ProductSchool&utm_medium=ProductSchool&utm_campaign=CareerFair,1
6992713866245851428,lifeattiktok,20250427041943,https://lifeattiktok.com/search/6992713866245851428,1
6993274410271738143,careers_tiktok,20210825090517,https://careers.tiktok.com/position/6993274410271738143/detail,1
6993350383000111397,careers_tiktok,20220906033629,https://careers.tiktok.com/position/6993350383000111397/detail,1
6993351273622505742,careers_tiktok,20211208114630,https://careers.tiktok.com/position/6993351273622505742/detail,1
6994437036115806477,careers_tiktok,20211208124036,https://careers.tiktok.com/position/6994437036115806477/detail,1
6994617097477966087,lifeattiktok,20250125003234,https://lifeattiktok.com/search/6994617097477966087,1
6994742735463713055,careers_tiktok,20221105163333,https://careers.tiktok.com/position/6994742735463713055/detail,1
6995037323201988872,careers_tiktok,20231208114748,https://careers.tiktok.com/position/6995037323201988872/detail,1
6995063807655987463,careers_tiktok,20210813223120,https://careers.tiktok.com/position/6995063807655987463/detail,1
6995067691259611405,careers_tiktok,20221129132715,https://careers.tiktok.com/position/6995067691259611405/detail,2
6995208864875628836,careers_tiktok,20210827042131,https://careers.tiktok.com/position/6995208864875628836/detail,1
6995270706842110221,careers_tiktok,20240530023026,https://careers.tiktok.com/position/6995270706842110221/detail,1
6995479354164594975,lifeattiktok,20260520041400,https://lifeattiktok.com/search/6995479354164594975,5
6995706004553894151,careers_tiktok,20211208115228,https://careers.tiktok.com/position/6995706004553894151/detail,1
6995915779708766477,careers_tiktok,20220516155553,https://careers.tiktok.com/position/6995915779708766477/detail,1
6997071324100413733,careers_tiktok,20211213150144,https://careers.tiktok.com/position/6997071324100413733/detail,1
6997340326450284836,careers_tiktok,20220807154538,https://careers.tiktok.com/position/6997340326450284836/detail,1
6997480700211366180,lifeattiktok,20250124222236,https://lifeattiktok.com/search/6997480700211366180,2
6999332668379498759,careers_tiktok,20220512135638,https://careers.tiktok.com/position/6999332668379498759/detail,1
6999615255987521805,lifeattiktok,20250613194513,https://lifeattiktok.com/search/6999615255987521805,2
6999620191911725319,careers_tiktok,20210829211949,https://careers.tiktok.com/position/6999620191911725319/detail,1
6999623674946406693,careers_tiktok,20220807154917,https://careers.tiktok.com/position/6999623674946406693/detail,1
6999627179436820772,careers_tiktok,20220807162225,https://careers.tiktok.com/position/6999627179436820772/detail,1
6999692510797007117,careers_tiktok,20211024143809,https://careers.tiktok.com/position/6999692510797007117/detail,1
6999703345539582216,careers_tiktok,20211024150309,https://careers.tiktok.com/position/6999703345539582216/detail,1
6999743658284288264,careers_tiktok,20211111205843,https://careers.tiktok.com/position/6999743658284288264/detail,1
6999865626698402055,careers_tiktok,20220807155715,https://careers.tiktok.com/position/6999865626698402055/detail,1
7000641862864341262,jobs_bytedance,20220526171337,https://jobs.bytedance.com/en/position/7000641862864341262/detail,1
7000754436130490631,jobs_bytedance,20220526164815,https://jobs.bytedance.com/en/position/7000754436130490631/detail,1
7000758860026874142,careers_tiktok,20220120163504,https://careers.tiktok.com/position/7000758860026874142/detail,1
7000808244075596039,careers_tiktok,20210830200828,https://careers.tiktok.com/position/7000808244075596039/detail,1
7002060678023022885,lifeattiktok,20260106204637,https://lifeattiktok.com/search/7002060678023022885,2
7002068107762977031,careers_tiktok,20220807151812,https://careers.tiktok.com/position/7002068107762977031/detail,1
7002177751176874254,lifeattiktok,20241206081951,https://lifeattiktok.com/search/7002177751176874254,2
7002213296192522532,careers_tiktok,20220807165218,https://careers.tiktok.com/position/7002213296192522532/detail,1
7002266959665711391,careers_tiktok,20210905225450,https://careers.tiktok.com/position/7002266959665711391/detail,1
7002269444860938533,careers_tiktok,20210831215526,https://careers.tiktok.com/position/7002269444860938533/detail,1
7002361504150341895,careers_tiktok,20221109034040,https://careers.tiktok.com/position/7002361504150341895/detail,1
7002407566433372429,careers_tiktok,20220807165806,https://careers.tiktok.com/position/7002407566433372429/detail,1
7002466477332826398,careers_tiktok,20220807155424,https://careers.tiktok.com/position/7002466477332826398/detail,1
7002560354023164197,careers_tiktok,20220807162303,https://careers.tiktok.com/position/7002560354023164197/detail,1
7002612482888026405,careers_tiktok,20220807164026,https://careers.tiktok.com/position/7002612482888026405/detail,1
7002660421476747534,careers_tiktok,20220517013832,https://careers.tiktok.com/position/7002660421476747534/detail,1
7002681702675220766,lifeattiktok,20250528164348,https://lifeattiktok.com/search/7002681702675220766,2
7002693338882525476,lifeattiktok,20250427032729,https://lifeattiktok.com/search/7002693338882525476?spread=5MWH5CQ,3
7002739950815676679,careers_tiktok,20220928074133,https://careers.tiktok.com/position/7002739950815676679/detail,1
7002747579268548900,careers_tiktok,20211006160445,https://careers.tiktok.com/position/7002747579268548900/detail,1
7002747716737976583,careers_tiktok,20211006153650,https://careers.tiktok.com/position/7002747716737976583/detail,1
7002762970515130638,careers_tiktok,20211004190950,https://careers.tiktok.com/position/7002762970515130638/detail,1
7002790917644568845,careers_tiktok,20210924035040,https://careers.tiktok.com/position/7002790917644568845/detail,1
7002812658143922469,jobs_bytedance,20211004215953,https://jobs.bytedance.com/en/position/7002812658143922469/detail,1
7002817379361229064,careers_tiktok,20211006153517,https://careers.tiktok.com/position/7002817379361229064/detail,1
7002819359681104158,careers_tiktok,20211006153548,https://careers.tiktok.com/position/7002819359681104158/detail,1
7002822055591299336,careers_tiktok,20211006153650,https://careers.tiktok.com/position/7002822055591299336/detail,1
7002822975444977951,careers_tiktok,20211024145038,https://careers.tiktok.com/position/7002822975444977951/detail,1
7002864601177344270,careers_tiktok,20210914142023,https://careers.tiktok.com/position/7002864601177344270/detail,1
7003009067103734030,lifeattiktok,20260112134255,https://lifeattiktok.com/search/7003009067103734030,2
7003025037251021063,careers_tiktok,20220119130623,https://careers.tiktok.com/position/7003025037251021063/detail,1
7003084202029009182,careers_tiktok,20240708110753,https://careers.tiktok.com/position/7003084202029009182/detail,1
7003183627983440164,lifeattiktok,20260520041755,https://lifeattiktok.com/search/7003183627983440164,2
7003819092902938887,careers_tiktok,20211024145144,https://careers.tiktok.com/position/7003819092902938887/detail,1
7003842191765260575,careers_tiktok,20210917152128,https://careers.tiktok.com/position/7003842191765260575/detail,1
7005127304397572389,careers_tiktok,20210909205816,https://careers.tiktok.com/position/7005127304397572389/detail,1
7005201565774776589,careers_tiktok,20210915021016,https://careers.tiktok.com/position/7005201565774776589/detail,1
7005239828585777415,careers_tiktok,20210909203119,https://careers.tiktok.com/position/7005239828585777415/detail,1
7005246235922008333,jobs_bytedance,20220526093708,https://jobs.bytedance.com/en/position/7005246235922008333/detail,1
7005264397329713444,careers_tiktok,20210909203134,https://careers.tiktok.com/position/7005264397329713444/detail,1
7005798034009426184,careers_tiktok,20210915042930,https://careers.tiktok.com/position/7005798034009426184/detail,1
7005800755455445256,lifeattiktok,20250427042629,https://lifeattiktok.com/search/7005800755455445256,2
7005804777390033188,careers_tiktok,20210915042940,https://careers.tiktok.com/position/7005804777390033188/detail,1
7005850784077531399,lifeattiktok,20250124234658,https://lifeattiktok.com/search/7005850784077531399?spread=5MWH5CQ,1
7005902544791226660,jobs_bytedance,20231204170852,https://jobs.bytedance.com/en/position/7005902544791226660/detail,1
7006034839221209351,lifeattiktok,20250821100534,https://lifeattiktok.com/search/7006034839221209351,1
7006093637734861087,careers_tiktok,20220929230123,https://careers.tiktok.com/position/7006093637734861087/detail,1
7006158059571824926,careers_tiktok,20210918141824,https://careers.tiktok.com/position/7006158059571824926/detail,1
7006265998874003743,careers_tiktok,20211208135156,https://careers.tiktok.com/position/7006265998874003743/detail,1
7007374221336971527,careers_tiktok,20230203104035,https://careers.tiktok.com/position/7007374221336971527/detail,1
7007836812681447710,careers_tiktok,20211020011935,https://careers.tiktok.com/position/7007836812681447710/detail,1
7008007659144235300,careers_tiktok,20230604101244,https://careers.tiktok.com/position/7008007659144235300/detail,1
7008007820952324365,careers_tiktok,20230604101502,https://careers.tiktok.com/position/7008007820952324365/detail,1
7008007836211136798,careers_tiktok,20220120174546,https://careers.tiktok.com/position/7008007836211136798/detail,1
7008089489197746446,jobs_bytedance,20220124160851,https://jobs.bytedance.com/en/position/7008089489197746446/detail,1
7008471972187654413,careers_tiktok,20211105192317,https://careers.tiktok.com/position/7008471972187654413/detail,1
7008518964595919135,careers_tiktok,20211009093353,https://careers.tiktok.com/position/7008518964595919135/detail,1
7008798654312728863,jobs_bytedance,20220526173945,https://jobs.bytedance.com/en/position/7008798654312728863/detail,1
7008946472042039565,careers_tiktok,20211208134500,https://careers.tiktok.com/position/7008946472042039565/detail,1
7008964529249880328,careers_tiktok,20211022181216,https://careers.tiktok.com/position/7008964529249880328/detail,1
7009107775750916360,careers_tiktok,20211022181211,https://careers.tiktok.com/position/7009107775750916360/detail,1
7010125897718647053,careers_tiktok,20221002132634,https://careers.tiktok.com/position/7010125897718647053/detail,2
7010215638518368542,jobs_bytedance,20230406215601,https://jobs.bytedance.com/en/position/7010215638518368542/detail,1
7010284501981301000,jobs_bytedance,20240617203533,https://jobs.bytedance.com/en/position/7010284501981301000/detail,1
7010290636902435079,careers_tiktok,20210924122133,https://careers.tiktok.com/position/7010290636902435079/detail,1
7010637486145718559,careers_tiktok,20211024160446,https://careers.tiktok.com/position/7010637486145718559/detail,1
7010734519084157221,careers_tiktok,20211007073140,https://careers.tiktok.com/position/7010734519084157221/detail,1
7011074675234605348,careers_tiktok,20221106014626,https://careers.tiktok.com/position/7011074675234605348/detail,1
7011099144631437605,lifeattiktok,20250315074236,https://lifeattiktok.com/search/7011099144631437605,2
7011423773878421767,lifeattiktok,20250501025709,https://lifeattiktok.com/search/7011423773878421767,1
7012762844228651301,jobs_bytedance,20230130215303,https://jobs.bytedance.com/en/position/7012762844228651301/detail,1
7012872962911750431,careers_tiktok,20221001043533,https://careers.tiktok.com/position/7012872962911750431/detail,1
7012950204673558814,careers_tiktok,20211013131536,https://careers.tiktok.com/position/7012950204673558814/detail,1
7013107155675957535,lifeattiktok,20251015121539,https://lifeattiktok.com/search/7013107155675957535,1
7013107389692971301,careers_tiktok,20211208134758,https://careers.tiktok.com/position/7013107389692971301/detail,1
7013170488788699405,careers_tiktok,20211208124811,https://careers.tiktok.com/position/7013170488788699405/detail,1
7013243404806113567,jobs_bytedance,20231204165239,https://jobs.bytedance.com/en/position/7013243404806113567/detail,1
7013254698133424414,careers_tiktok,20211208115555,https://careers.tiktok.com/position/7013254698133424414/detail,1
7013308866047117605,lifeattiktok,20250516051600,https://lifeattiktok.com/search/7013308866047117605,2
7013313154609531150,careers_tiktok,20221001060100,https://careers.tiktok.com/position/7013313154609531150/detail,1
7013391419395328269,careers_tiktok,20220701051201,https://careers.tiktok.com/position/7013391419395328269/detail,1
7013470247920748808,careers_tiktok,20211011140650,https://careers.tiktok.com/position/7013470247920748808/detail,1
7013477329033021703,careers_tiktok,20220701052056,https://careers.tiktok.com/position/7013477329033021703/detail,1
7013563743795792164,lifeattiktok,20250206221325,https://lifeattiktok.com/search/7013563743795792164,2
7013580796183611661,lifeattiktok,20260124061730,https://lifeattiktok.com/search/7013580796183611661,1
7013620689588848909,careers_tiktok,20221001053418,https://careers.tiktok.com/position/7013620689588848909/detail?spread=5MWH5CQ,1
7013725740424792328,careers_tiktok,20211007134724,https://careers.tiktok.com/position/7013725740424792328/detail?hootPostID=3f2e85cd107c71312d661831ff917375091d87db295c6185d3b1b9a841f48410,2
7013749756707539230,careers_tiktok,20211004194415,https://careers.tiktok.com/position/7013749756707539230/detail,1
7013827161912985892,lifeattiktok,20250124235838,https://lifeattiktok.com/search/7013827161912985892,2
7013845260557519140,careers_tiktok,20211208124845,https://careers.tiktok.com/position/7013845260557519140/detail,1
7014229079563241758,jobs_bytedance,20211012205008,https://jobs.bytedance.com/en/position/7014229079563241758/detail,1
7015222874102270222,lifeattiktok,20250315064541,https://lifeattiktok.com/search/7015222874102270222,2
7015528744241203469,lifeattiktok,20251111041455,https://lifeattiktok.com/search/7015528744241203469,1
7015717090242611493,careers_tiktok,20230924163216,https://careers.tiktok.com/position/7015717090242611493/detail,1
7015852396212144415,lifeattiktok,20250718102452,https://lifeattiktok.com/search/7015852396212144415,1
7016019764834617607,careers_tiktok,20220701042003,https://careers.tiktok.com/position/7016019764834617607/detail,1
7016190328299342094,lifeattiktok,20250722170211,https://lifeattiktok.com/search/7016190328299342094,1
7016650939273857288,careers_tiktok,20211019015534,https://careers.tiktok.com/position/7016650939273857288/detail?fbclid=IwAR0GIvhWVjro2rRKNpM_krmKw0Wez1U5jYvGVxauMFH4Dl5523Fh4nYJWQA,1
7016669030753618190,careers_tiktok,20211014131020,https://careers.tiktok.com/position/7016669030753618190/detail,1
7016764248941709581,careers_tiktok,20220120173103,https://careers.tiktok.com/position/7016764248941709581/detail,1
7016988926301587748,careers_tiktok,20211011173756,https://careers.tiktok.com/position/7016988926301587748/detail,1
7017756518863358245,careers_tiktok,20230331165819,https://careers.tiktok.com/position/7017756518863358245/detail?utm_source=telegram&utm_medium=empleosM4C&utm_campaign=TGM4C,2
7018538430465411358,careers_tiktok,20211109110134,https://careers.tiktok.com/position/7018538430465411358/detail,1
7018567207203735839,careers_tiktok,20211015180103,https://careers.tiktok.com/position/7018567207203735839/detail,1
7018571253564868894,careers_tiktok,20211015180055,https://careers.tiktok.com/position/7018571253564868894/detail,1
7018813064875821326,careers_tiktok,20220713222312,https://careers.tiktok.com/position/7018813064875821326/detail,1
7019029047276767525,lifeattiktok,20250206230840,https://lifeattiktok.com/search/7019029047276767525,2
7019059139666905380,lifeattiktok,20250426162441,https://lifeattiktok.com/search/7019059139666905380,2
7019287051535141134,lifeattiktok,20260124052059,https://lifeattiktok.com/search/7019287051535141134,1
7019331505475356958,jobs_bytedance,20211019225044,https://jobs.bytedance.com/en/position/7019331505475356958/detail,1
7019389773299779848,careers_tiktok,20211027201742,https://careers.tiktok.com/position/7019389773299779848/detail,1
7020308825367726349,jobs_bytedance,20220526163052,https://jobs.bytedance.com/en/position/7020308825367726349/detail,1
7020359701460732167,careers_tiktok,20211111193303,https://careers.tiktok.com/position/7020359701460732167/detail,1
7020661197402442021,lifeattiktok,20250427025051,https://lifeattiktok.com/search/7020661197402442021,2
7020930531102886152,careers_tiktok,20211208115348,https://careers.tiktok.com/position/7020930531102886152/detail,1
7021383780964321549,jobs_bytedance,20220526165036,https://jobs.bytedance.com/en/position/7021383780964321549/detail,1
7021572844220139790,careers_tiktok,20220120161925,https://careers.tiktok.com/position/7021572844220139790/detail,1
7021837610792438024,jobs_bytedance,20220720072513,https://jobs.bytedance.com/en/position/7021837610792438024/detail,1
7022906726157420831,careers_tiktok,20230604112554,https://careers.tiktok.com/position/7022906726157420831/detail,1
7023327948912494856,lifeattiktok,20250718101156,https://lifeattiktok.com/search/7023327948912494856,2
7023656730530105636,careers_tiktok,20211102221134,https://careers.tiktok.com/position/7023656730530105636/detail,1
7025592781796296991,lifeattiktok,20241125202818,https://lifeattiktok.com/search/7025592781796296991,1
7025679046269602084,careers_tiktok,20220427013134,https://careers.tiktok.com/position/7025679046269602084/detail,1
7025794078882122021,careers_tiktok,20220120162738,https://careers.tiktok.com/position/7025794078882122021/detail,1
7025796406015232269,careers_tiktok,20220128000241,https://careers.tiktok.com/position/7025796406015232269/detail,1
7025938693916494117,careers_tiktok,20230330183510,https://careers.tiktok.com/position/7025938693916494117/detail,3
7026068818964810021,jobs_bytedance,20250622050024,https://jobs.bytedance.com/en/position/7026068818964810021/detail?utm_source=Technology+Crossover+Ventures+job+board&utm_medium=getro.com&gh_src=Technology+Crossover+Ventures+job+board,2
7026078297905940749,jobs_bytedance,20240721183522,https://jobs.bytedance.com/en/position/7026078297905940749/detail?utm_source=Technology+Crossover+Ventures+job+board&utm_medium=getro.com&gh_src=Technology+Crossover+Ventures+job+board,1
7026168886131755295,lifeattiktok,20250427024737,https://lifeattiktok.com/search/7026168886131755295,2
7026169270913403167,lifeattiktok,20250613195547,https://lifeattiktok.com/search/7026169270913403167,2
7026292595668551967,jobs_bytedance,20220926125913,https://jobs.bytedance.com/en/position/7026292595668551967/detail,1
7026294886920849694,careers_tiktok,20211124232047,https://careers.tiktok.com/position/7026294886920849694/detail,1
7026339472418507045,careers_tiktok,20211105111121,https://careers.tiktok.com/position/7026339472418507045/detail,1
7026356770286569765,careers_tiktok,20220721163923,https://careers.tiktok.com/position/7026356770286569765/detail,2
7026413239639099678,careers_tiktok,20211105114511,https://careers.tiktok.com/position/7026413239639099678/detail,1
7026976013506693412,lifeattiktok,20250315084838,https://lifeattiktok.com/search/7026976013506693412,2
7027136679586089247,careers_tiktok,20220127232304,https://careers.tiktok.com/position/7027136679586089247/detail,1
7027229552636332301,careers_tiktok,20211110210032,https://careers.tiktok.com/position/7027229552636332301/detail,1
7027230611425216775,lifeattiktok,20250506104246,https://lifeattiktok.com/search/7027230611425216775,2
7027255254924839205,careers_tiktok,20221227170534,https://careers.tiktok.com/position/7027255254924839205/detail,2
7028255692548999437,lifeattiktok,20250124225848,https://lifeattiktok.com/search/7028255692548999437,2
7028292612918511879,lifeattiktok,20250125000009,https://lifeattiktok.com/search/7028292612918511879,2
7028343877632805134,careers_tiktok,20220120161627,https://careers.tiktok.com/position/7028343877632805134/detail,1
7028440548520495368,lifeattiktok,20250124221449,https://lifeattiktok.com/search/7028440548520495368?spread=5MWH5CQ,3
7028457765069621511,jobs_bytedance,20240815063144,https://jobs.bytedance.com/en/position/7028457765069621511/detail?utm_source=Technology+Crossover+Ventures+job+board&utm_medium=getro.com&gh_src=Technology+Crossover+Ventures+job+board,1
7028458320354068749,jobs_bytedance,20220719224814,https://jobs.bytedance.com/en/position/7028458320354068749/detail,1
7028500758878341407,careers_tiktok,20211122235035,https://careers.tiktok.com/position/7028500758878341407/detail,1
7028555085634636045,jobs_bytedance,20220720011115,https://jobs.bytedance.com/en/position/7028555085634636045/detail,1
7028563851785668878,careers_tiktok,20221001045152,https://careers.tiktok.com/position/7028563851785668878/detail,1
7028597916281653518,careers_tiktok,20220428054532,https://careers.tiktok.com/position/7028597916281653518/detail,1
7028805180016494884,jobs_bytedance,20220720072515,https://jobs.bytedance.com/en/position/7028805180016494884/detail,1
7028805180016855332,jobs_bytedance,20220719225915,https://jobs.bytedance.com/en/position/7028805180016855332/detail,1
7028805849564989726,jobs_bytedance,20220719233749,https://jobs.bytedance.com/en/position/7028805849564989726/detail,1
7028956948663306510,jobs_bytedance,20220926125847,https://jobs.bytedance.com/en/position/7028956948663306510/detail,1
7029029410587085069,careers_tiktok,20220110103320,https://careers.tiktok.com/position/7029029410587085069/detail,1
7029081458258200869,lifeattiktok,20250315080012,https://lifeattiktok.com/search/7029081458258200869,2
7029320253034498317,lifeattiktok,20260606112352,https://lifeattiktok.com/search/7029320253034498317,2
7029440865349912839,lifeattiktok,20250315073637,https://lifeattiktok.com/search/7029440865349912839,2
7029468572330379550,careers_tiktok,20221129141032,https://careers.tiktok.com/position/7029468572330379550/detail?spread=5MWH5CQ,1
7029756646738069774,careers_tiktok,20220120162331,https://careers.tiktok.com/position/7029756646738069774/detail,1
7029780532142950686,lifeattiktok,20260520043025,https://lifeattiktok.com/search/7029780532142950686,1
7030659514362235167,jobs_bytedance,20240520133120,https://jobs.bytedance.com/en/position/7030659514362235167/detail,1
7030828340790528264,lifeattiktok,20250506104248,https://lifeattiktok.com/search/7030828340790528264,3
7030928096090147103,careers_tiktok,20220701040531,https://careers.tiktok.com/position/7030928096090147103/detail,1
7031214607427832094,careers_tiktok,20220526093703,https://careers.tiktok.com/position/7031214607427832094/detail,1
7031369157393565965,lifeattiktok,20250427033723,https://lifeattiktok.com/search/7031369157393565965?spread=5MWH5CQ,3
7031373747815729416,lifeattiktok,20250426173024,https://lifeattiktok.com/search/7031373747815729416,1
7031396656109373733,jobs_bytedance,20220517184907,https://jobs.bytedance.com/en/position/7031396656109373733/detail,1
7031497637073438983,jobs_bytedance,20220719233745,https://jobs.bytedance.com/en/position/7031497637073438983/detail,1
7031704079601895688,lifeattiktok,20250506104247,https://lifeattiktok.com/search/7031704079601895688?spread=5MWH5CQ,2
7031710307425650975,lifeattiktok,20250503194723,https://lifeattiktok.com/search/7031710307425650975?spread=5MWH5CQ,1
7031760752914974989,jobs_bytedance,20220811183120,https://jobs.bytedance.com/en/position/7031760752914974989/detail,1
7031791896246962469,careers_tiktok,20220428054645,https://careers.tiktok.com/position/7031791896246962469/detail,1
7031898847916083486,careers_tiktok,20211122234838,https://careers.tiktok.com/position/7031898847916083486/detail,1
7031974939374143752,careers_tiktok,20220120164525,https://careers.tiktok.com/position/7031974939374143752/detail,1
7032054818228144398,lifeattiktok,20241208100110,https://lifeattiktok.com/search/7032054818228144398,1
7032123577047533855,careers_tiktok,20220516154757,https://careers.tiktok.com/position/7032123577047533855/detail,1
7032193693268396324,lifeattiktok,20251224101556,https://lifeattiktok.com/search/7032193693268396324,1
7032196164083239182,careers_tiktok,20230604113651,https://careers.tiktok.com/position/7032196164083239182/detail,1
7033748799396022535,jobs_bytedance,20250513124904,https://jobs.bytedance.com/en/position/7033748799396022535/detail?utm_source=Coatue+Management+job+board&utm_medium=getro.com&gh_src=Coatue+Management+job+board,1
7033749004304255263,jobs_bytedance,20250622060207,https://jobs.bytedance.com/en/position/7033749004304255263/detail?utm_source=Technology+Crossover+Ventures+job+board&utm_medium=getro.com&gh_src=Technology+Crossover+Ventures+job+board,1
7033749328733915406,jobs_bytedance,20250216180805,https://jobs.bytedance.com/en/position/7033749328733915406/detail?utm_source=Technology+Crossover+Ventures+job+board&utm_medium=getro.com&gh_src=Technology+Crossover+Ventures+job+board,1
7033749372538407204,jobs_bytedance,20240721201606,https://jobs.bytedance.com/en/position/7033749372538407204/detail?utm_source=Technology+Crossover+Ventures+job+board&utm_medium=getro.com&gh_src=Technology+Crossover+Ventures+job+board,1
7033749757680175391,jobs_bytedance,20250622052112,https://jobs.bytedance.com/en/position/7033749757680175391/detail?utm_source=Technology+Crossover+Ventures+job+board&utm_medium=getro.com&gh_src=Technology+Crossover+Ventures+job+board,1
7034053831798737189,careers_tiktok,20220526102101,https://careers.tiktok.com/position/7034053831798737189/detail,2
7034124884053772581,careers_tiktok,20211201180325,https://careers.tiktok.com/position/7034124884053772581/detail,1
7034125340462024990,careers_tiktok,20211201180555,https://careers.tiktok.com/position/7034125340462024990/detail,1
7034406269796665637,jobs_bytedance,20221204162955,https://jobs.bytedance.com/en/position/7034406269796665637/detail,1
7034487833528109319,careers_tiktok,20240319120121,https://careers.tiktok.com/position/7034487833528109319/detail?fbclid=IwAR0UNa2wDl8wlvfIrXicdrGMiaqbyrAjfTB43DOAGtcv0giEKm6IWvkst8A,1
7034767488462293255,careers_tiktok,20220516154519,https://careers.tiktok.com/position/7034767488462293255/detail,1
7034817621703067940,jobs_bytedance,20220526180437,https://jobs.bytedance.com/en/position/7034817621703067940/detail,1
7034823262530570509,careers_tiktok,20221106071453,https://careers.tiktok.com/position/7034823262530570509/detail,1
7034960705124518181,careers_tiktok,20220701040658,https://careers.tiktok.com/position/7034960705124518181/detail,1
7034963263960877326,careers_tiktok,20220701043003,https://careers.tiktok.com/position/7034963263960877326/detail,1
7035704711786154270,lifeattiktok,20250206224222,https://lifeattiktok.com/search/7035704711786154270,2
7035707998719920414,careers_tiktok,20220511102309,https://careers.tiktok.com/position/7035707998719920414/detail,1
7035721106380196103,lifeattiktok,20241206064331,https://lifeattiktok.com/search/7035721106380196103,2
7035826502903433502,jobs_bytedance,20221114093257,https://jobs.bytedance.com/en/position/7035826502903433502/detail,1
7035901534354704648,careers_tiktok,20220701052511,https://careers.tiktok.com/position/7035901534354704648/detail,1
7035938866386356511,careers_tiktok,20211214144430,https://careers.tiktok.com/position/7035938866386356511/detail,1
7036005218912160036,careers_tiktok,20211207090240,https://careers.tiktok.com/position/7036005218912160036/detail,1
7036200515788654862,careers_tiktok,20220929225600,https://careers.tiktok.com/position/7036200515788654862/detail,1
7036228410565527844,jobs_bytedance,20250524040608,https://jobs.bytedance.com/en/position/7036228410565527844/detail?utm_source=Coatue+Management+job+board&utm_medium=getro.com&gh_src=Coatue+Management+job+board,2
7036625526229158152,lifeattiktok,20250125003706,https://lifeattiktok.com/search/7036625526229158152,2
7036753286003886372,careers_tiktok,20221129151641,https://careers.tiktok.com/position/7036753286003886372/detail,1
7036849444251846926,careers_tiktok,20211208043816,https://careers.tiktok.com/position/7036849444251846926/detail,1
7036913389788367112,lifeattiktok,20251015122056,https://lifeattiktok.com/search/7036913389788367112,2
7038168697408096520,careers_tiktok,20220807165146,https://careers.tiktok.com/position/7038168697408096520/detail,1
7038619448147806495,careers_tiktok,20211215221228,https://careers.tiktok.com/position/7038619448147806495/detail,1
7038689695023171854,careers_tiktok,20220701052709,https://careers.tiktok.com/position/7038689695023171854/detail,1
7038890421960149285,lifeattiktok,20250315065111,https://lifeattiktok.com/search/7038890421960149285,2
7039015115366975774,careers_tiktok,20220211101347,https://careers.tiktok.com/position/7039015115366975774/detail,1
7039099597479151908,careers_tiktok,20220120173220,https://careers.tiktok.com/position/7039099597479151908/detail,1
7039166910009854215,jobs_bytedance,20240617190222,https://jobs.bytedance.com/en/position/7039166910009854215/detail?_tracking=lihome&utm_campaign=The%20Chain&utm_medium=email&utm_source=Revue%20newsletter,2
7039198671111964942,jobs_bytedance,20231204160253,https://jobs.bytedance.com/en/position/7039198671111964942/detail,1
7039267378223499551,jobs_bytedance,20231204164856,https://jobs.bytedance.com/en/position/7039267378223499551/detail,1
7039279142881937695,jobs_bytedance,20241204002027,https://jobs.bytedance.com/en/position/7039279142881937695/detail,1
7039637466999245063,jobs_bytedance,20220720065351,https://jobs.bytedance.com/en/position/7039637466999245063/detail,1
7039648102652332325,lifeattiktok,20250206221524,https://lifeattiktok.com/search/7039648102652332325,3
7039649630870980871,lifeattiktok,20260114201401,https://lifeattiktok.com/search/7039649630870980871,1
7039784589925075214,careers_tiktok,20211215221149,https://careers.tiktok.com/position/7039784589925075214/detail,1
7039784652299536654,lifeattiktok,20250426032642,https://lifeattiktok.com/search/7039784652299536654?spread=5MWH5CQ,4
7041003673270405413,careers_tiktok,20240526204051,https://careers.tiktok.com/position/7041003673270405413/detail?spread=5MWH5CQ,1
7041092251263076645,careers_tiktok,20211215184027,https://careers.tiktok.com/position/7041092251263076645/detail,1
7041121859836823816,lifeattiktok,20250315080644,https://lifeattiktok.com/search/7041121859836823816,3
7041733390920304904,careers_tiktok,20230321035953,https://careers.tiktok.com/position/7041733390920304904/detail,1
7041787742767139080,jobs_bytedance,20250524041421,https://jobs.bytedance.com/en/position/7041787742767139080/detail?utm_source=Coatue+Management+job+board&utm_medium=getro.com&gh_src=Coatue+Management+job+board,2
7041845182480042248,lifeattiktok,20250315084455,https://lifeattiktok.com/search/7041845182480042248,4
7042068004583311652,lifeattiktok,20250426111814,https://lifeattiktok.com/search/7042068004583311652,2
7042217892138141960,careers_tiktok,20220426035959,https://careers.tiktok.com/position/7042217892138141960/detail,1
7042557008452716831,careers_tiktok,20230508051449,https://careers.tiktok.com/position/7042557008452716831/detail,2
7043703753040939301,lifeattiktok,20250715224048,https://lifeattiktok.com/search/7043703753040939301,1
7043711132292532494,lifeattiktok,20260708133155,https://lifeattiktok.com/search/7043711132292532494,2
7043783786681977125,careers_tiktok,20220506132952,https://careers.tiktok.com/position/7043783786681977125/detail,1
7043810450886379790,careers_tiktok,20211229180231,https://careers.tiktok.com/position/7043810450886379790/detail,1
7043812190479239461,careers_tiktok,20220701052436,https://careers.tiktok.com/position/7043812190479239461/detail,1
7043850490740082951,lifeattiktok,20250516054428,https://lifeattiktok.com/search/7043850490740082951,2
7043874219436460301,careers_tiktok,20220508191913,https://careers.tiktok.com/position/7043874219436460301/detail,1
7043876728561715486,careers_tiktok,20220508192105,https://careers.tiktok.com/position/7043876728561715486/detail,1
7043876728561830174,careers_tiktok,20220508191842,https://careers.tiktok.com/position/7043876728561830174/detail,1
7044195159093053726,careers_tiktok,20220701045529,https://careers.tiktok.com/position/7044195159093053726/detail,1
7044581077935950117,jobs_bytedance,20250811045939,https://jobs.bytedance.com/en/position/7044581077935950117/detail?utm_source=Technology+Crossover+Ventures+job+board&utm_medium=getro.com&gh_src=Technology+Crossover+Ventures+job+board,1
7044597701816453384,careers_tiktok,20230329234221,https://careers.tiktok.com/position/7044597701816453384/detail,1
7044718972277541134,jobs_bytedance,20250216182337,https://jobs.bytedance.com/en/position/7044718972277541134/detail?utm_source=Technology+Crossover+Ventures+job+board&utm_medium=getro.com&gh_src=Technology+Crossover+Ventures+job+board,1
7047254937289853197,careers_tiktok,20220516150247,https://careers.tiktok.com/position/7047254937289853197/detail,1
7047562578173020429,careers_tiktok,20220120161221,https://careers.tiktok.com/position/7047562578173020429/detail,1
7047563618363312398,lifeattiktok,20250315082548,https://lifeattiktok.com/search/7047563618363312398?spread=XKM9ZXE,2
7047773088544950564,lifeattiktok,20250427043507,https://lifeattiktok.com/search/7047773088544950564?spread=5MWH5CQ,3
7049092571960314148,careers_tiktok,20230321040040,https://careers.tiktok.com/position/7049092571960314148/detail,1
7049299269806999838,careers_tiktok,20220131092431,https://careers.tiktok.com/position/7049299269806999838/detail,1
7049467800071915806,careers_tiktok,20220221225858,https://careers.tiktok.com/position/7049467800071915806/detail,1
7049490410889431309,careers_tiktok,20220216053541,https://careers.tiktok.com/position/7049490410889431309/detail,1
7049820239353481502,careers_tiktok,20220516155632,https://careers.tiktok.com/position/7049820239353481502/detail,1
7050082253204932894,jobs_bytedance,20221204162427,https://jobs.bytedance.com/en/position/7050082253204932894/detail?utm_source=pocket_mylist,6
7050101518448544008,careers_tiktok,20220902235004,https://careers.tiktok.com/position/7050101518448544008/detail,1
7050165193187445028,careers_tiktok,20220228203724,https://careers.tiktok.com/position/7050165193187445028/detail,1
7050221499060455694,careers_tiktok,20220211010859,https://careers.tiktok.com/position/7050221499060455694/detail,1
7050568316952480013,careers_tiktok,20220303215451,https://careers.tiktok.com/position/7050568316952480013/detail,1
7050946730754279716,lifeattiktok,20250725030224,https://lifeattiktok.com/search/7050946730754279716,2
7051495613201041700,jobs_bytedance,20231204155908,https://jobs.bytedance.com/en/position/7051495613201041700/detail,1
7051651530450585864,careers_tiktok,20220516152708,https://careers.tiktok.com/position/7051651530450585864/detail?utm_campaign=SF%20Data%20Weekly&utm_medium=email&utm_source=Revue%20newsletter,1
7051819049164867847,jobs_bytedance,20220719230612,https://jobs.bytedance.com/en/position/7051819049164867847/detail,1
7051834624436111623,lifeattiktok,20260127014219,https://lifeattiktok.com/search/7051834624436111623,1
7052265666297219365,careers_tiktok,20220130020429,https://careers.tiktok.com/position/7052265666297219365/detail,1
7052300769818691871,careers_tiktok,20240526204216,https://careers.tiktok.com/position/7052300769818691871/detail?spread=5MWH5CQ,1
7052356271860926728,careers_tiktok,20220202130543,https://careers.tiktok.com/position/7052356271860926728/detail,1
7052421849266817317,careers_tiktok,20220516153219,https://careers.tiktok.com/position/7052421849266817317/detail,1
7052942850086996237,jobs_bytedance,20230311112653,https://jobs.bytedance.com/en/position/7052942850086996237/detail,1
7053038400618498311,lifeattiktok,20250315071647,https://lifeattiktok.com/search/7053038400618498311,2
7053216796207974693,careers_tiktok,20240708112719,https://careers.tiktok.com/position/7053216796207974693/detail,1
7053223368427112741,lifeattiktok,20250516043947,https://lifeattiktok.com/search/7053223368427112741?spread=XKM9ZXE,2
7053237496889837831,careers_tiktok,20220508192231,https://careers.tiktok.com/position/7053237496889837831/detail,1
7054122857500543269,careers_tiktok,20220213160331,https://careers.tiktok.com/position/7054122857500543269/detail,1
7054122984512964877,careers_tiktok,20221001060128,https://careers.tiktok.com/position/7054122984512964877/detail?spread=5MWH5CQ,1
7054399216731162894,careers_tiktok,20230421031834,https://careers.tiktok.com/position/7054399216731162894/detail,1
7054515555848669454,careers_tiktok,20220417144548,https://careers.tiktok.com/position/7054515555848669454/detail,1
7054611305714616606,lifeattiktok,20241124104713,https://lifeattiktok.com/search/7054611305714616606?utm_source=handpickedBerlin,1
7054700557533186317,jobs_bytedance,20221015174515,https://jobs.bytedance.com/en/position/7054700557533186317/detail,1
7054743732050528526,jobs_bytedance,20240721183206,https://jobs.bytedance.com/en/position/7054743732050528526/detail?utm_source=Technology+Crossover+Ventures+job+board&utm_medium=getro.com&gh_src=Technology+Crossover+Ventures+job+board,1
7054818427731298590,jobs_bytedance,20231001124251,https://jobs.bytedance.com/en/position/7054818427731298590/detail?ref=creativetokyo,1
7054839790067910943,careers_tiktok,20220807161850,https://careers.tiktok.com/position/7054839790067910943/detail?spread=5MWH5CQ,1
7054922584953473287,jobs_bytedance,20220526175947,https://jobs.bytedance.com/en/position/7054922584953473287/detail,1
7054948589613500708,lifeattiktok,20241206065113,https://lifeattiktok.com/search/7054948589613500708,2
7054963447741892877,lifeattiktok,20250908123115,https://lifeattiktok.com/search/7054963447741892877,1
7054987796163774734,jobs_bytedance,20221204155231,https://jobs.bytedance.com/en/position/7054987796163774734/detail?spread=BSPP2KS,1
7055046208004327688,careers_tiktok,20220427013402,https://careers.tiktok.com/position/7055046208004327688/detail,1
7055063902031579429,careers_tiktok,20220222181102,https://careers.tiktok.com/position/7055063902031579429/detail,1
7055111628371036424,jobs_bytedance,20220811165225,https://jobs.bytedance.com/en/position/7055111628371036424/detail,1
7055264498903402782,lifeattiktok,20250124233551,https://lifeattiktok.com/search/7055264498903402782,1
7055327073947404580,lifeattiktok,20250722032443,https://lifeattiktok.com/search/7055327073947404580,1
7055329130392520991,lifeattiktok,20241119033734,https://lifeattiktok.com/search/7055329130392520991?_rsc=n6hge,2
7055375871935793415,careers_tiktok,20231101080713,https://careers.tiktok.com/position/7055375871935793415/detail,2
7055448156830468388,lifeattiktok,20250206230518,https://lifeattiktok.com/search/7055448156830468388,2
7055497424027076872,careers_tiktok,20230604113852,https://careers.tiktok.com/position/7055497424027076872/detail,1
7055497424027388168,careers_tiktok,20220929225700,https://careers.tiktok.com/position/7055497424027388168/detail,1
7055497809734486308,lifeattiktok,20250623185816,https://lifeattiktok.com/search/7055497809734486308,3
7055541026212202760,lifeattiktok,20241123044700,https://lifeattiktok.com/search/7055541026212202760,3
7055545423256488206,jobs_bytedance,20240303213805,https://jobs.bytedance.com/en/position/7055545423256488206/detail,1
7055547758753581349,lifeattiktok,20250722033308,https://lifeattiktok.com/search/7055547758753581349,1
7055634621778086181,careers_tiktok,20230321040458,https://careers.tiktok.com/position/7055634621778086181/detail,1
7055736779895425288,careers_tiktok,20221129135829,https://careers.tiktok.com/position/7055736779895425288/detail?spread=5MWH5CQ,1
7055798401141164296,careers_tiktok,20220825123547,https://careers.tiktok.com/position/7055798401141164296/detail,1
7056686366114122020,jobs_bytedance,20220203145054,https://jobs.bytedance.com/en/position/7056686366114122020/detail,1
7056768795633289479,lifeattiktok,20260208201459,https://lifeattiktok.com/search/7056768795633289479,2
7056971944373324039,careers_tiktok,20230607012836,https://careers.tiktok.com/position/7056971944373324039/detail?spread=5MWH5CQ,1
7056998972900952328,lifeattiktok,20251016005607,https://lifeattiktok.com/search/7056998972900952328,1
7057004559688665374,jobs_bytedance,20230721050234,https://jobs.bytedance.com/en/position/7057004559688665374/detail,1
7057014484821788964,jobs_bytedance,20230511034755,https://jobs.bytedance.com/en/position/7057014484821788964/detail,1
7057094439814203661,lifeattiktok,20260208201226,https://lifeattiktok.com/search/7057094439814203661,2
7057195531592419615,careers_tiktok,20221105210218,https://careers.tiktok.com/position/7057195531592419615/detail,2
7057244219367688484,careers_tiktok,20220201002753,https://careers.tiktok.com/position/7057244219367688484/detail,1
7057395778344814885,jobs_bytedance,20230301140800,https://jobs.bytedance.com/en/position/7057395778344814885/detail,1
7057396303882799391,jobs_bytedance,20250622050849,https://jobs.bytedance.com/en/position/7057396303882799391/detail?utm_source=Technology+Crossover+Ventures+job+board&utm_medium=getro.com&gh_src=Technology+Crossover+Ventures+job+board,2
7057433368833362190,careers_tiktok,20220713214715,https://careers.tiktok.com/position/7057433368833362190/detail,2
7057466493495167245,careers_tiktok,20221002211953,https://careers.tiktok.com/position/7057466493495167245/detail?utm_source=telegram.me&utm_medium=social&utm_campaign=mdtrue-servis-dlya-sozdaniya-i-prosmotra,2
7057498434836203813,lifeattiktok,20250315063800,https://lifeattiktok.com/search/7057498434836203813,1
7057733621328152840,jobs_bytedance,20240914055048,https://jobs.bytedance.com/en/position/7057733621328152840/detail?utm_source=Lead+Edge+Capital+job+board&utm_medium=getro.com&gh_src=Lead+Edge+Capital+job+board,1
7057765031782074632,jobs_bytedance,20250519123128,https://jobs.bytedance.com/en/position/7057765031782074632/detail?utm_source=Technology+Crossover+Ventures+job+board&utm_medium=getro.com&gh_src=Technology+Crossover+Ventures+job+board,2
7057770133934672159,lifeattiktok,20250206232434,https://lifeattiktok.com/search/7057770133934672159,2
7057796324536813861,lifeattiktok,20250722090928,https://lifeattiktok.com/search/7057796324536813861,1
7057796474956990734,jobs_bytedance,20250524022229,https://jobs.bytedance.com/en/position/7057796474956990734/detail?utm_source=Coatue+Management+job+board&utm_medium=getro.com&gh_src=Coatue+Management+job+board,1
7057796734424762661,jobs_bytedance,20250724225705,https://jobs.bytedance.com/en/position/7057796734424762661/detail,4
7057796787255429406,careers_tiktok,20220722225334,https://careers.tiktok.com/position/7057796787255429406/detail?spread=5MWH5CQ,2
7057796899600402696,jobs_bytedance,20250125221928,https://jobs.bytedance.com/en/position/7057796899600402696/detail?utm_source=Technology+Crossover+Ventures+job+board&utm_medium=getro.com&gh_src=Technology+Crossover+Ventures+job+board,1
7057797205226866981,jobs_bytedance,20250120215315,https://jobs.bytedance.com/en/position/7057797205226866981/detail,1
7057824058242844959,lifeattiktok,20250125000952,https://lifeattiktok.com/search/7057824058242844959,2
7057825479503776037,careers_tiktok,20221022152221,https://careers.tiktok.com/position/7057825479503776037/detail?spread=5MWH5CQ,2
7057825546885613832,jobs_bytedance,20220714094021,https://jobs.bytedance.com/en/position/7057825546885613832/detail?spread=BSPP2KS,2
7057825736278788366,lifeattiktok,20250912213646,https://lifeattiktok.com/search/7057825736278788366?source=jobsinjs.com,1
7057825736279623950,lifeattiktok,20260506185140,https://lifeattiktok.com/search/7057825736279623950?_rsc=1m3ql,1
7057826198239332622,lifeattiktok,20260710212810,https://lifeattiktok.com/search/7057826198239332622,1
7057870996892125470,careers_tiktok,20220515231749,https://careers.tiktok.com/position/7057870996892125470/detail,1
7057910039692085518,careers_tiktok,20240227224529,https://careers.tiktok.com/position/7057910039692085518/detail?spread=XKM9ZXE,1
7057991858002282760,careers_tiktok,20230514083844,https://careers.tiktok.com/position/7057991858002282760/detail,1
7058139855839414558,careers_tiktok,20220807154047,https://careers.tiktok.com/position/7058139855839414558/detail,1
7058166930352490766,lifeattiktok,20250302203333,https://lifeattiktok.com/search/7058166930352490766,1
7058178523543275789,careers_tiktok,20221105173640,https://careers.tiktok.com/position/7058178523543275789/detail,2
7058216218801457422,careers_tiktok,20221105210309,https://careers.tiktok.com/position/7058216218801457422/detail,2
7058375740131248415,careers_tiktok,20220429224904,https://careers.tiktok.com/position/7058375740131248415/detail,1
7058891295918655757,jobs_bytedance,20220712162119,https://jobs.bytedance.com/en/position/7058891295918655757/detail,1
7059250273450313992,lifeattiktok,20250516045530,https://lifeattiktok.com/search/7059250273450313992,3
7059315488795609358,careers_tiktok,20220204144645,https://careers.tiktok.com/position/7059315488795609358/detail,2
7059554742546893092,careers_tiktok,20231208130054,https://careers.tiktok.com/position/7059554742546893092/detail?spread=5MWH5CQ,1
7059592130486356238,careers_tiktok,20220204074046,https://careers.tiktok.com/position/7059592130486356238/detail,1
7060011785957001479,jobs_bytedance,20220720002351,https://jobs.bytedance.com/en/position/7060011785957001479/detail,1
7060174205509486879,careers_tiktok,20221105232924,https://careers.tiktok.com/position/7060174205509486879/detail,2
7060612567853533454,careers_tiktok,20220508191931,https://careers.tiktok.com/position/7060612567853533454/detail,1
7060706816146475301,careers_tiktok,20220517130152,https://careers.tiktok.com/position/7060706816146475301/detail,1
7061805893503797541,lifeattiktok,20250118071450,https://lifeattiktok.com/search/7061805893503797541?spread=5MWH5CQ,1
7062244452454484232,jobs_bytedance,20220720072521,https://jobs.bytedance.com/en/position/7062244452454484232/detail,1
7062296041677359391,careers_tiktok,20220219180729,https://careers.tiktok.com/position/7062296041677359391/detail,1
7062482585080039694,careers_tiktok,20220216080440,https://careers.tiktok.com/position/7062482585080039694/detail,2
7062566277953587492,jobs_bytedance,20231204154956,https://jobs.bytedance.com/en/position/7062566277953587492/detail,1
7062663976274381069,careers_tiktok,20230331110841,https://careers.tiktok.com/position/7062663976274381069/detail,2
7062751465030650119,careers_tiktok,20221105173641,https://careers.tiktok.com/position/7062751465030650119/detail,2
7062751465030961415,careers_tiktok,20221105173634,https://careers.tiktok.com/position/7062751465030961415/detail,2
7062783256933271815,lifeattiktok,20241216031803,https://lifeattiktok.com/search/7062783256933271815,2
7063490151934691620,careers_tiktok,20220330000354,https://careers.tiktok.com/position/7063490151934691620/detail,1
7063645413572692260,careers_tiktok,20220605104034,https://careers.tiktok.com/position/7063645413572692260/detail,1
7064400706110900494,lifeattiktok,20250516044843,https://lifeattiktok.com/search/7064400706110900494,2
7064405785560025357,careers_tiktok,20221114085842,https://careers.tiktok.com/position/7064405785560025357/detail,1
7064408255376820511,lifeattiktok,20250516041728,https://lifeattiktok.com/search/7064408255376820511,2
7064630263095544077,lifeattiktok,20250831022711,https://lifeattiktok.com/search/7064630263095544077,3
7064690698733586725,careers_tiktok,20220217180228,https://careers.tiktok.com/position/7064690698733586725/detail,1
7064690699077585160,careers_tiktok,20230405090206,https://careers.tiktok.com/position/7064690699077585160/detail?utm_source=telegram&utm_medium=empleosM4C&utm_campaign=TGM4C,2
7064748642699872543,careers_tiktok,20220501000322,https://careers.tiktok.com/position/7064748642699872543/detail,1
7064927856997304606,lifeattiktok,20250315072650,https://lifeattiktok.com/search/7064927856997304606,2
7065020864983730469,careers_tiktok,20220222180923,https://careers.tiktok.com/position/7065020864983730469/detail,1
7065181275573209357,lifeattiktok,20250821142916,https://lifeattiktok.com/search/7065181275573209357,1
7065224838524324133,careers_tiktok,20220225004431,https://careers.tiktok.com/position/7065224838524324133/detail,1
7065300062700800269,lifeattiktok,20250516040736,https://lifeattiktok.com/search/7065300062700800269?spread=5MWH5CQ,2
7065301308164688141,lifeattiktok,20241206071527,https://lifeattiktok.com/search/7065301308164688141?spread=5MWH5CQ,2
7065308596627573028,careers_tiktok,20220701040308,https://careers.tiktok.com/position/7065308596627573028/detail,1
7065308899762719007,careers_tiktok,20220701034856,https://careers.tiktok.com/position/7065308899762719007/detail,1
7065387984972073253,careers_tiktok,20220222180612,https://careers.tiktok.com/position/7065387984972073253/detail,1
7065538966619506975,lifeattiktok,20250429110155,https://lifeattiktok.com/search/7065538966619506975?spread=5MWH5CQ,1
7065651155946506503,careers_tiktok,20220221131915,https://careers.tiktok.com/position/7065651155946506503/detail,2
7065726423985555748,lifeattiktok,20250124221925,https://lifeattiktok.com/search/7065726423985555748,2
7065740641896810788,careers_tiktok,20220222180143,https://careers.tiktok.com/position/7065740641896810788/detail,1
7066043294199302407,careers_tiktok,20230330054618,https://careers.tiktok.com/position/7066043294199302407/detail,2
7067149181841246501,jobs_bytedance,20241007020032,https://jobs.bytedance.com/en/position/7067149181841246501/detail?utm_source=Lead+Edge+Capital+job+board&utm_medium=getro.com&gh_src=Lead+Edge+Capital+job+board,1
7067153696057444616,jobs_bytedance,20241108024651,https://jobs.bytedance.com/en/position/7067153696057444616/detail?utm_source=Technology+Crossover+Ventures+job+board&utm_medium=getro.com&gh_src=Technology+Crossover+Ventures+job+board,1
7067372820191906055,lifeattiktok,20250428225705,https://lifeattiktok.com/search/7067372820191906055,1
7067514686685792520,jobs_bytedance,20250524022713,https://jobs.bytedance.com/en/position/7067514686685792520/detail?utm_source=Coatue+Management+job+board&utm_medium=getro.com&gh_src=Coatue+Management+job+board,2
7067555559302154533,careers_tiktok,20220514160306,https://careers.tiktok.com/position/7067555559302154533/detail,1
7067615899788953887,lifeattiktok,20250428092655,https://lifeattiktok.com/search/7067615899788953887?spread=5MWH5CQ,1
7067658977409026317,careers_tiktok,20220316180504,https://careers.tiktok.com/position/7067658977409026317/detail,1
7067794009221351687,careers_tiktok,20221129143505,https://careers.tiktok.com/position/7067794009221351687/detail?_tracking=ecombrand0330,1
7068218723237611807,jobs_bytedance,20220720083055,https://jobs.bytedance.com/en/position/7068218723237611807/detail,1
7068219922190518558,jobs_bytedance,20220427013508,https://jobs.bytedance.com/en/position/7068219922190518558/detail,1
7068219995474495758,jobs_bytedance,20220719225916,https://jobs.bytedance.com/en/position/7068219995474495758/detail,1
7068226431901403423,careers_tiktok,20230720045723,https://careers.tiktok.com/position/7068226431901403423/detail,1
7068346063623555364,careers_tiktok,20220309202141,https://careers.tiktok.com/position/7068346063623555364/detail,1
7068418698784540965,jobs_bytedance,20220926122652,https://jobs.bytedance.com/en/position/7068418698784540965/detail,1
7068488501558446372,jobs_bytedance,20250622055856,https://jobs.bytedance.com/en/position/7068488501558446372/detail?utm_source=Technology+Crossover+Ventures+job+board&utm_medium=getro.com&gh_src=Technology+Crossover+Ventures+job+board,2
7068573274209650981,careers_tiktok,20230720182205,https://careers.tiktok.com/position/7068573274209650981/detail,1
7068574339460991268,careers_tiktok,20230722062315,https://careers.tiktok.com/position/7068574339460991268/detail,1
7069650363939359007,careers_tiktok,20220516201458,https://careers.tiktok.com/position/7069650363939359007/detail,1
7069704914737629476,careers_tiktok,20240526204259,https://careers.tiktok.com/position/7069704914737629476/detail?spread=5MWH5CQ,1
7069872897481148703,careers_tiktok,20221001042816,https://careers.tiktok.com/position/7069872897481148703/detail?spread=5MWH5CQ,1
7070007081885305101,jobs_bytedance,20240721203318,https://jobs.bytedance.com/en/position/7070007081885305101/detail?utm_source=Technology+Crossover+Ventures+job+board&utm_medium=getro.com&gh_src=Technology+Crossover+Ventures+job+board,2
7070022421994899725,careers_tiktok,20221001060710,https://careers.tiktok.com/position/7070022421994899725/detail?spread=5MWH5CQ,2
7070043914236872973,lifeattiktok,20250315070808,https://lifeattiktok.com/search/7070043914236872973?spread=5MWH5CQ,2
7070104539836238093,careers_tiktok,20220309172404,https://careers.tiktok.com/position/7070104539836238093/detail,1
7070105923352070413,careers_tiktok,20220309172323,https://careers.tiktok.com/position/7070105923352070413/detail,1
7070120983797303560,careers_tiktok,20220309101321,https://careers.tiktok.com/position/7070120983797303560/detail,1
7070338103698311431,lifeattiktok,20250912215721,https://lifeattiktok.com/search/7070338103698311431,3
7070771469139052831,lifeattiktok,20250613192417,https://lifeattiktok.com/search/7070771469139052831?spread=5MWH5CQ,2
7070792434720622878,careers_tiktok,20220401114157,https://careers.tiktok.com/position/7070792434720622878/detail,1
7070874730718693662,careers_tiktok,20220929225612,https://careers.tiktok.com/position/7070874730718693662/detail,1
7070905369909283085,careers_tiktok,20220308012154,https://careers.tiktok.com/position/7070905369909283085/detail,1
7072111667056396574,lifeattiktok,20241206085058,https://lifeattiktok.com/search/7072111667056396574,1
7072279016795441439,lifeattiktok,20250427041100,https://lifeattiktok.com/search/7072279016795441439?spread=5MWH5CQ,3
7072744316259043597,careers_tiktok,20220701053925,https://careers.tiktok.com/position/7072744316259043597/detail,1
7073093777547626783,lifeattiktok,20250613200631,https://lifeattiktok.com/search/7073093777547626783?spread=5MWH5CQ,1
7073122299772602631,lifeattiktok,20250206224706,https://lifeattiktok.com/search/7073122299772602631,2
7073137927761840391,careers_tiktok,20220807151351,https://careers.tiktok.com/position/7073137927761840391/detail,1
7073157842040064263,careers_tiktok,20220310162311,https://careers.tiktok.com/position/7073157842040064263/detail,1
7073281233036331277,lifeattiktok,20250908094639,https://lifeattiktok.com/search/7073281233036331277,1
7073304483161786654,lifeattiktok,20250427042949,https://lifeattiktok.com/search/7073304483161786654?spread=5MWH5CQ,2
7073475531844618532,lifeattiktok,20250427035351,https://lifeattiktok.com/search/7073475531844618532,2
7073588268666800398,careers_tiktok,20220508191929,https://careers.tiktok.com/position/7073588268666800398/detail,1
7074913350878054664,careers_tiktok,20230203094103,https://careers.tiktok.com/position/7074913350878054664/detail,1
7074917640930969869,careers_tiktok,20220701050151,https://careers.tiktok.com/position/7074917640930969869/detail,1
7075055786594797831,careers_tiktok,20230801110402,https://careers.tiktok.com/position/7075055786594797831/detail,2
7075055788256069896,lifeattiktok,20250428054328,https://lifeattiktok.com/search/7075055788256069896,1
7075131874910701838,jobs_bytedance,20230130211104,https://jobs.bytedance.com/en/position/7075131874910701838/detail,1
7075484523493263653,jobs_bytedance,20240721201821,https://jobs.bytedance.com/en/position/7075484523493263653/detail?utm_source=Technology+Crossover+Ventures+job+board&utm_medium=getro.com&gh_src=Technology+Crossover+Ventures+job+board,1
7075484549187455245,jobs_bytedance,20220811173337,https://jobs.bytedance.com/en/position/7075484549187455245/detail,1
7075484652652398884,jobs_bytedance,20220811175331,https://jobs.bytedance.com/en/position/7075484652652398884/detail,1
7075484878321977607,jobs_bytedance,20220811174819,https://jobs.bytedance.com/en/position/7075484878321977607/detail,1
7075485459878742302,jobs_bytedance,20220811171123,https://jobs.bytedance.com/en/position/7075485459878742302/detail,1
7075517966951155975,lifeattiktok,20250427050436,https://lifeattiktok.com/search/7075517966951155975,4
7075737796174072077,lifeattiktok,20250206230000,https://lifeattiktok.com/search/7075737796174072077?spread=5MWH5CQ,2
7076216018024483085,careers_tiktok,20230121062317,https://careers.tiktok.com/position/7076216018024483085/detail?spread=5MWH5CQ,2
7076217662318627085,careers_tiktok,20221001054644,https://careers.tiktok.com/position/7076217662318627085/detail,1
7076306074635012383,careers_tiktok,20220328232839,https://careers.tiktok.com/position/7076306074635012383/detail,1
7076399649598212388,careers_tiktok,20220807152815,https://careers.tiktok.com/position/7076399649598212388/detail,1
7077202088807123214,jobs_bytedance,20220811170642,https://jobs.bytedance.com/en/position/7077202088807123214/detail,1
7077502971688274207,jobs_bytedance,20220811175503,https://jobs.bytedance.com/en/position/7077502971688274207/detail,1
7077506855480690980,careers_tiktok,20220714003445,https://careers.tiktok.com/position/7077506855480690980/detail,1
7077785655510796551,careers_tiktok,20240227230239,https://careers.tiktok.com/position/7077785655510796551/detail?utm_source=Products+That+Count+job+board&utm_medium=getro.com&gh_src=Products+That+Count+job+board,1
7077874734579157279,careers_tiktok,20220401114631,https://careers.tiktok.com/position/7077874734579157279/detail,1
7077909073882990855,careers_tiktok,20220328144902,https://careers.tiktok.com/position/7077909073882990855/detail,1
7077979372381571359,jobs_bytedance,20220811164929,https://jobs.bytedance.com/en/position/7077979372381571359/detail,1
7078318587774290207,careers_tiktok,20221106074224,https://careers.tiktok.com/position/7078318587774290207/detail,2
7078344771357673758,lifeattiktok,20250427024646,https://lifeattiktok.com/search/7078344771357673758?spread=5MWH5CQ,2
7078520728229153060,careers_tiktok,20220616172853,https://careers.tiktok.com/position/7078520728229153060/detail,1
7078561779001051399,careers_tiktok,20221028082754,https://careers.tiktok.com/position/7078561779001051399/detail,2
7078625377925859615,careers_tiktok,20220701044312,https://careers.tiktok.com/position/7078625377925859615/detail,1
7078673310914414856,careers_tiktok,20220503171952,https://careers.tiktok.com/position/7078673310914414856/detail,1
7079386172023163172,careers_tiktok,20230321053313,https://careers.tiktok.com/position/7079386172023163172/detail,1
7080052442414762271,careers_tiktok,20230529170257,https://careers.tiktok.com/position/7080052442414762271/detail?spread=5MWH5CQ,3
7080184517546772744,jobs_bytedance,20241203233510,https://jobs.bytedance.com/en/position/7080184517546772744/detail,1
7080190856133462285,careers_tiktok,20230321051107,https://careers.tiktok.com/position/7080190856133462285/detail?utm_source=telegram&utm_medium=empleosM4C&utm_campaign=TGM4C,2
7080191613850487077,lifeattiktok,20250315081249,https://lifeattiktok.com/search/7080191613850487077,2
7080248774363171108,careers_tiktok,20230924164509,https://careers.tiktok.com/position/7080248774363171108/detail,1
7080250196030867743,careers_tiktok,20230924171615,https://careers.tiktok.com/position/7080250196030867743/detail,1
7080572228786850079,careers_tiktok,20220506133933,https://careers.tiktok.com/position/7080572228786850079/detail,1
7080809816566909220,lifeattiktok,20250613192631,https://lifeattiktok.com/search/7080809816566909220,2
7080811071934482725,lifeattiktok,20250315075351,https://lifeattiktok.com/search/7080811071934482725?spread=5MWH5CQ,2
7081150408576436487,jobs_bytedance,20250319121759,https://jobs.bytedance.com/en/position/7081150408576436487/detail?utm_source=Technology+Crossover+Ventures+job+board&utm_medium=getro.com&gh_src=Technology+Crossover+Ventures+job+board,1
7081151993474484487,jobs_bytedance,20250524033340,https://jobs.bytedance.com/en/position/7081151993474484487/detail?utm_source=Coatue+Management+job+board&utm_medium=getro.com&gh_src=Coatue+Management+job+board,2
7081173526895446308,jobs_bytedance,20220702170815,https://jobs.bytedance.com/en/position/7081173526895446308/detail,1
7081188192431556901,careers_tiktok,20221001051014,https://careers.tiktok.com/position/7081188192431556901/detail,1
7081318361275779358,lifeattiktok,20250516051242,https://lifeattiktok.com/search/7081318361275779358,2
7081352966581668110,careers_tiktok,20220422100213,https://careers.tiktok.com/position/7081352966581668110/detail?spread=XKM9ZXE,2
7082614764778342664,lifeattiktok,20250428095843,https://lifeattiktok.com/search/7082614764778342664?spread=5MWH5CQ,1
7082637924805871902,careers_tiktok,20240309112936,https://careers.tiktok.com/position/7082637924805871902/detail,1
7082935358186932516,jobs_bytedance,20250319123551,https://jobs.bytedance.com/en/position/7082935358186932516/detail?utm_source=Technology+Crossover+Ventures+job+board&utm_medium=getro.com&gh_src=Technology+Crossover+Ventures+job+board,1
7082936118114617613,lifeattiktok,20250324202050,https://lifeattiktok.com/search/7082936118114617613,1
7083188197187258632,careers_tiktok,20221001045229,https://careers.tiktok.com/position/7083188197187258632/detail?spread=5MWH5CQ,1
7083343567582873864,lifeattiktok,20260330125410,https://lifeattiktok.com/search/7083343567582873864,1
7083496056164469000,careers_tiktok,20231120031618,https://careers.tiktok.com/position/7083496056164469000/detail,1
7083497713858332942,careers_tiktok,20220408180639,https://careers.tiktok.com/position/7083497713858332942/detail,1
7083503107828648223,lifeattiktok,20250731203950,https://lifeattiktok.com/search/7083503107828648223,1
7083593332173277471,careers_tiktok,20220413131413,https://careers.tiktok.com/position/7083593332173277471/detail,1
7083804569804785934,careers_tiktok,20230726063130,https://careers.tiktok.com/position/7083804569804785934/detail,2
7083836034693761288,careers_tiktok,20220701052234,https://careers.tiktok.com/position/7083836034693761288/detail,1
7083884669028305160,careers_tiktok,20220411225632,https://careers.tiktok.com/position/7083884669028305160/detail,1
7083990696701118733,careers_tiktok,20230321053430,https://careers.tiktok.com/position/7083990696701118733/detail,1
7084222788949739790,careers_tiktok,20231120193728,https://careers.tiktok.com/position/7084222788949739790/detail?spread=5MWH5CQ,2
7084242021090740488,careers_tiktok,20220428054536,https://careers.tiktok.com/position/7084242021090740488/detail,1
7085176889472911623,careers_tiktok,20220419071917,https://careers.tiktok.com/position/7085176889472911623/detail,1
7085381801799944455,careers_tiktok,20220428054524,https://careers.tiktok.com/position/7085381801799944455/detail,1
7085609181713860901,careers_tiktok,20220516162138,https://careers.tiktok.com/position/7085609181713860901/detail,1
7085750088233421086,lifeattiktok,20250516035032,https://lifeattiktok.com/search/7085750088233421086,4
7085752283891403015,careers_tiktok,20220807164451,https://careers.tiktok.com/position/7085752283891403015/detail,1
7085759746628258061,careers_tiktok,20220824153337,https://careers.tiktok.com/position/7085759746628258061/detail,1
7085802949478451493,careers_tiktok,20220508191917,https://careers.tiktok.com/position/7085802949478451493/detail,1
7085813511502727431,lifeattiktok,20250613195335,https://lifeattiktok.com/search/7085813511502727431?spread=5MWH5CQ,3
7085847554433550628,jobs_bytedance,20220811173105,https://jobs.bytedance.com/en/position/7085847554433550628/detail,1
7085876539158825223,jobs_bytedance,20220811185203,https://jobs.bytedance.com/en/position/7085876539158825223/detail,1
7085880807189973261,jobs_bytedance,20220811165337,https://jobs.bytedance.com/en/position/7085880807189973261/detail,1
7085883465006287141,jobs_bytedance,20220811183151,https://jobs.bytedance.com/en/position/7085883465006287141/detail,1
7085884223001594119,jobs_bytedance,20220811165057,https://jobs.bytedance.com/en/position/7085884223001594119/detail,1
7086708561041230111,jobs_bytedance,20220926121001,https://jobs.bytedance.com/en/position/7086708561041230111/detail,1
7086992537898633480,jobs_bytedance,20231102010147,https://jobs.bytedance.com/en/position/7086992537898633480/detail,2
7087742828448762120,careers_tiktok,20220621011236,https://careers.tiktok.com/position/7087742828448762120/detail,1
7087791302683101453,jobs_bytedance,20250524032911,https://jobs.bytedance.com/en/position/7087791302683101453/detail?utm_source=Coatue+Management+job+board&utm_medium=getro.com&gh_src=Coatue+Management+job+board,1
7087870102238972174,lifeattiktok,20251222194611,https://lifeattiktok.com/search/7087870102238972174,1
7088044680894941454,lifeattiktok,20241206084451,https://lifeattiktok.com/search/7088044680894941454?spread=5MWH5CQ,3
7088115267028650277,jobs_bytedance,20220719233155,https://jobs.bytedance.com/en/position/7088115267028650277/detail,1
7088234991028586788,jobs_bytedance,20220926123759,https://jobs.bytedance.com/en/position/7088234991028586788/detail,1
7088243563163797796,lifeattiktok,20250920014849,https://lifeattiktok.com/search/7088243563163797796,1
7088322413990316325,careers_tiktok,20220420142359,https://careers.tiktok.com/position/7088322413990316325/detail,1
7088365389110118669,lifeattiktok,20241206071027,https://lifeattiktok.com/search/7088365389110118669,2
7088445729618217252,careers_tiktok,20220510142650,https://careers.tiktok.com/position/7088445729618217252/detail,1
7088771828848363813,careers_tiktok,20220510191908,https://careers.tiktok.com/position/7088771828848363813/detail,1
7088955799532652814,jobs_bytedance,20220926113615,https://jobs.bytedance.com/en/position/7088955799532652814/detail,1
7089155089835034916,careers_tiktok,20220807154433,https://careers.tiktok.com/position/7089155089835034916/detail,1
7089234885860673822,jobs_bytedance,20220926130254,https://jobs.bytedance.com/en/position/7089234885860673822/detail,1
7089451692059609357,lifeattiktok,20250427041314,https://lifeattiktok.com/search/7089451692059609357?spread=5MWH5CQ,2
7089482589707340039,careers_tiktok,20220807152417,https://careers.tiktok.com/position/7089482589707340039/detail,1
7089482987763976484,jobs_bytedance,20220811183938,https://jobs.bytedance.com/en/position/7089482987763976484/detail,1
7089579371435231518,careers_tiktok,20220625171655,https://careers.tiktok.com/position/7089579371435231518/detail?utm_source=workology,1
7090366115314551071,lifeattiktok,20250430060324,https://lifeattiktok.com/search/7090366115314551071?spread=5MWH5CQ,3
7090524961957677348,lifeattiktok,20250429180152,https://lifeattiktok.com/search/7090524961957677348,2
7090779294449043725,jobs_bytedance,20220811171450,https://jobs.bytedance.com/en/position/7090779294449043725/detail,1
7090781582583941390,jobs_bytedance,20220811164721,https://jobs.bytedance.com/en/position/7090781582583941390/detail,1
7090830246643599630,careers_tiktok,20240526220608,https://careers.tiktok.com/position/7090830246643599630/detail?spread=5MWH5CQ,1
7090843025723148551,lifeattiktok,20250315070004,https://lifeattiktok.com/search/7090843025723148551,4
7090903275906009374,careers_tiktok,20220516151619,https://careers.tiktok.com/position/7090903275906009374/detail?spread=XKM9ZXE,1
7090935420238022925,careers_tiktok,20220929234140,https://careers.tiktok.com/position/7090935420238022925/detail,1
7091038466885306654,jobs_bytedance,20220811181148,https://jobs.bytedance.com/en/position/7091038466885306654/detail,1
7091087785813575949,jobs_bytedance,20220811183555,https://jobs.bytedance.com/en/position/7091087785813575949/detail,1
7091091223619864862,careers_tiktok,20230604100305,https://careers.tiktok.com/position/7091091223619864862/detail,1
7091157957963270431,careers_tiktok,20220512032329,https://careers.tiktok.com/position/7091157957963270431/detail,1
7091484221752101128,jobs_bytedance,20250125212628,https://jobs.bytedance.com/en/position/7091484221752101128/detail?spread=BSPP2KS,1
7091507477578254629,careers_tiktok,20221030211438,https://careers.tiktok.com/position/7091507477578254629/detail?spread=G1DWUPV,2
7091585087637489933,jobs_bytedance,20220926113824,https://jobs.bytedance.com/en/position/7091585087637489933/detail,1
7091691074645248270,jobs_bytedance,20220702173715,https://jobs.bytedance.com/en/position/7091691074645248270/detail?ref=Boooom.co,1
7091761115764214047,jobs_bytedance,20240815064538,https://jobs.bytedance.com/en/position/7091761115764214047/detail?utm_source=Lead+Edge+Capital+job+board&utm_medium=getro.com&gh_src=Lead+Edge+Capital+job+board,2
7091985064872069383,careers_tiktok,20220507044519,https://careers.tiktok.com/position/7091985064872069383/detail,2
7092063698005838087,lifeattiktok,20250428041250,https://lifeattiktok.com/search/7092063698005838087?spread=5MWH5CQ,4
7093022844456487199,lifeattiktok,20250801073315,https://lifeattiktok.com/search/7093022844456487199,1
7093176192841451806,jobs_bytedance,20220702165834,https://jobs.bytedance.com/en/position/7093176192841451806/detail,1
7093485973229996324,careers_tiktok,20220701050046,https://careers.tiktok.com/position/7093485973229996324/detail,1
7093578897157294350,careers_tiktok,20230311135111,https://careers.tiktok.com/position/7093578897157294350/detail,1
7093663708567963935,careers_tiktok,20220601024703,https://careers.tiktok.com/position/7093663708567963935/detail,1
7093668115326126366,lifeattiktok,20250315083743,https://lifeattiktok.com/search/7093668115326126366,2
7093935398414338340,careers_tiktok,20220508192218,https://careers.tiktok.com/position/7093935398414338340/detail,1
7094089465015421221,jobs_bytedance,20220509122745,https://jobs.bytedance.com/en/position/7094089465015421221/detail,1
7094242831058094349,jobs_bytedance,20220516132319,https://jobs.bytedance.com/en/position/7094242831058094349/detail,1
7094248610637105416,careers_tiktok,20220524151058,https://careers.tiktok.com/position/7094248610637105416/detail,1
7094368531814893855,jobs_bytedance,20221230170833,https://jobs.bytedance.com/en/position/7094368531814893855/detail?spread=BSPP2KS,1
7094567818801449229,lifeattiktok,20250512140616,https://lifeattiktok.com/search/7094567818801449229?spread=5MWH5CQ,4
7094706543526185253,careers_tiktok,20220523170813,https://careers.tiktok.com/position/7094706543526185253/detail,1
7094943341029280031,careers_tiktok,20230331063634,https://careers.tiktok.com/position/7094943341029280031/detail,1
7095658035200952590,careers_tiktok,20230203092612,https://careers.tiktok.com/position/7095658035200952590/detail,1
7095701851668695327,lifeattiktok,20250506104248,https://lifeattiktok.com/search/7095701851668695327?spread=5MWH5CQ,2
7095807300762536205,careers_tiktok,20220701042655,https://careers.tiktok.com/position/7095807300762536205/detail,1
7095863666159978783,jobs_bytedance,20220811185411,https://jobs.bytedance.com/en/position/7095863666159978783/detail,1
7095864672821348615,jobs_bytedance,20220811182827,https://jobs.bytedance.com/en/position/7095864672821348615/detail,1
7095996851170117925,jobs_bytedance,20231001125747,https://jobs.bytedance.com/en/position/7095996851170117925/detail?ref=creativetokyo,1
7096045914032867597,careers_tiktok,20220606074207,https://careers.tiktok.com/position/7096045914032867597/detail,1
7096084036761766180,jobs_bytedance,20220926125613,https://jobs.bytedance.com/en/position/7096084036761766180/detail,1
7096140260904274213,jobs_bytedance,20220607022104,https://jobs.bytedance.com/en/position/7096140260904274213/detail,1
7096386205643180319,lifeattiktok,20241206085004,https://lifeattiktok.com/search/7096386205643180319,2
7096647299283372325,jobs_bytedance,20220702171607,https://jobs.bytedance.com/en/position/7096647299283372325/detail,1
7096753679386904845,careers_tiktok,20220807162546,https://careers.tiktok.com/position/7096753679386904845/detail,1
7096855148430100772,careers_tiktok,20220807151241,https://careers.tiktok.com/position/7096855148430100772/detail,1
7096873440498419975,lifeattiktok,20250428061437,https://lifeattiktok.com/search/7096873440498419975,3
7097101084908603661,lifeattiktok,20250808235139,https://lifeattiktok.com/search/7097101084908603661,4
7097102483805571364,careers_tiktok,20230102163055,https://careers.tiktok.com/position/7097102483805571364/detail,1
7097233324120738084,careers_tiktok,20220929225256,https://careers.tiktok.com/position/7097233324120738084/detail,1
7097334423939680525,lifeattiktok,20250428173615,https://lifeattiktok.com/search/7097334423939680525?spread=5MWH5CQ,2
7097335809262930189,lifeattiktok,20250506104240,https://lifeattiktok.com/search/7097335809262930189?spread=5MWH5CQ,2
7097337455577270541,lifeattiktok,20241206080544,https://lifeattiktok.com/search/7097337455577270541,2
7098277564452833566,lifeattiktok,20250124231113,https://lifeattiktok.com/search/7098277564452833566,2
7098434881554303269,lifeattiktok,20250124225425,https://lifeattiktok.com/search/7098434881554303269?spread=5MWH5CQ,2
7098760062852303134,careers_tiktok,20220722105737,https://careers.tiktok.com/position/7098760062852303134/detail,1
7098982550978201893,jobs_bytedance,20240207014026,https://jobs.bytedance.com/en/position/7098982550978201893/detail,2
7098991992156752136,careers_tiktok,20240228003939,https://careers.tiktok.com/position/7098991992156752136/detail?utm_source=Products+That+Count+job+board&utm_medium=getro.com&gh_src=Products+That+Count+job+board,1
7098999505776855304,jobs_bytedance,20220926125233,https://jobs.bytedance.com/en/position/7098999505776855304/detail,1
7099082461984770340,careers_tiktok,20220524182435,https://careers.tiktok.com/position/7099082461984770340/detail,1
7099334398533044494,careers_tiktok,20220524181941,https://careers.tiktok.com/position/7099334398533044494/detail,1
7099334791476693285,careers_tiktok,20220524181940,https://careers.tiktok.com/position/7099334791476693285/detail,1
7099340422552258823,jobs_bytedance,20220926114759,https://jobs.bytedance.com/en/position/7099340422552258823/detail,1
7099375560635468063,lifeattiktok,20241127060533,https://lifeattiktok.com/search/7099375560635468063,2
7099375699404622093,careers_tiktok,20220926150818,https://careers.tiktok.com/position/7099375699404622093/detail,1
7099405144463051022,jobs_bytedance,20220926133448,https://jobs.bytedance.com/en/position/7099405144463051022/detail,1
7099426726221089054,careers_tiktok,20220701044016,https://careers.tiktok.com/position/7099426726221089054/detail,1
7099438110496491813,careers_tiktok,20220701051040,https://careers.tiktok.com/position/7099438110496491813/detail,1
7099471707828881672,careers_tiktok,20221001053256,https://careers.tiktok.com/position/7099471707828881672/detail,1
7099685644247845151,careers_tiktok,20220701035548,https://careers.tiktok.com/position/7099685644247845151/detail,1
7099716472465639687,lifeattiktok,20250426144730,https://lifeattiktok.com/search/7099716472465639687?spread=5MWH5CQ,2
7099729229206161700,careers_tiktok,20220807155935,https://careers.tiktok.com/position/7099729229206161700/detail?spread=XKM9ZXE,1
7099766375770523918,careers_tiktok,20220701040101,https://careers.tiktok.com/position/7099766375770523918/detail,1
7099881617283680519,lifeattiktok,20250324191313,https://lifeattiktok.com/search/7099881617283680519?spread=XKM9ZXE,1
7099903282600413476,careers_tiktok,20220701042740,https://careers.tiktok.com/position/7099903282600413476/detail,1
7099977880272636196,jobs_bytedance,20250622053659,https://jobs.bytedance.com/en/position/7099977880272636196/detail?utm_source=Technology+Crossover+Ventures+job+board&utm_medium=getro.com&gh_src=Technology+Crossover+Ventures+job+board,1
7099978447837694238,careers_tiktok,20220609192032,https://careers.tiktok.com/position/7099978447837694238/detail,1
7100689350481217829,careers_tiktok,20230407172657,https://careers.tiktok.com/position/7100689350481217829/detail,1
7100689389886540062,careers_tiktok,20220905152459,https://careers.tiktok.com/position/7100689389886540062/detail,2
7100704336926296327,careers_tiktok,20220528183812,https://careers.tiktok.com/position/7100704336926296327/detail?spread=XKM9ZXE,2
7100763227852622117,careers_tiktok,20220701045707,https://careers.tiktok.com/position/7100763227852622117/detail,1
7100766739176589604,careers_tiktok,20230311104741,https://careers.tiktok.com/position/7100766739176589604/detail,1
7100974171236632869,jobs_bytedance,20220926131210,https://jobs.bytedance.com/en/position/7100974171236632869/detail,1
7101144852591151397,jobs_bytedance,20220719230614,https://jobs.bytedance.com/en/position/7101144852591151397/detail,1
7101196084571949320,lifeattiktok,20250427201226,https://lifeattiktok.com/search/7101196084571949320?spread=5MWH5CQ,2
7101196128209602823,careers_tiktok,20221129140447,https://careers.tiktok.com/position/7101196128209602823/detail,2
7101237530163824909,jobs_bytedance,20250524040155,https://jobs.bytedance.com/en/position/7101237530163824909/detail?utm_source=Coatue+Management+job+board&utm_medium=getro.com&gh_src=Coatue+Management+job+board,2
7101238993551690021,jobs_bytedance,20250622051324,https://jobs.bytedance.com/en/position/7101238993551690021/detail?utm_source=Technology+Crossover+Ventures+job+board&utm_medium=getro.com&gh_src=Technology+Crossover+Ventures+job+board,1
7101254140836497694,jobs_bytedance,20220730201657,https://jobs.bytedance.com/en/position/7101254140836497694/detail,1
7101281987255765278,careers_tiktok,20221001050532,https://careers.tiktok.com/position/7101281987255765278/detail,1
7101339297421658382,careers_tiktok,20220622102621,https://careers.tiktok.com/position/7101339297421658382/detail?spread=5MWH5CQ,1
7101399785387493639,careers_tiktok,20220818013849,https://careers.tiktok.com/position/7101399785387493639/detail,1
7101400887608117518,careers_tiktok,20220622052622,https://careers.tiktok.com/position/7101400887608117518/detail,1
7101532165460478245,lifeattiktok,20250125003833,https://lifeattiktok.com/search/7101532165460478245?spread=5MWH5CQ,3
7101591378710350111,jobs_bytedance,20220926130633,https://jobs.bytedance.com/en/position/7101591378710350111/detail,1
7101593718133950727,jobs_bytedance,20220719215916,https://jobs.bytedance.com/en/position/7101593718133950727/detail,1
7101636886104082702,careers_tiktok,20221129142619,https://careers.tiktok.com/position/7101636886104082702/detail,1
7101648157613000991,jobs_bytedance,20220720004039,https://jobs.bytedance.com/en/position/7101648157613000991/detail,1
7101756116166527239,careers_tiktok,20220531040715,https://careers.tiktok.com/position/7101756116166527239/detail?spread=XKM9ZXE,2
7101798336773327118,lifeattiktok,20250516053048,https://lifeattiktok.com/search/7101798336773327118?spread=5MWH5CQ,3
7101950085692393759,careers_tiktok,20221001053215,https://careers.tiktok.com/position/7101950085692393759/detail?spread=5MWH5CQ,1
7101981363364350216,jobs_bytedance,20220719221336,https://jobs.bytedance.com/en/position/7101981363364350216/detail,1
7102038917960157454,careers_tiktok,20221001043027,https://careers.tiktok.com/position/7102038917960157454/detail?spread=5MWH5CQ,1
7102092534365604126,lifeattiktok,20250206224507,https://lifeattiktok.com/search/7102092534365604126?spread=5MWH5CQ,3
7102176568579426596,lifeattiktok,20250315083536,https://lifeattiktok.com/search/7102176568579426596,2
7102256174728349983,careers_tiktok,20230312163522,https://careers.tiktok.com/position/7102256174728349983/detail,1
7102361567169333511,careers_tiktok,20221001055031,https://careers.tiktok.com/position/7102361567169333511/detail,1
7102368349715843336,lifeattiktok,20250429131522,https://lifeattiktok.com/search/7102368349715843336,2
7102457532225194247,careers_tiktok,20221001044149,https://careers.tiktok.com/position/7102457532225194247/detail,1
7102517333181499656,careers_tiktok,20220807152456,https://careers.tiktok.com/position/7102517333181499656/detail?utm_campaign=SF%20Data%20Weekly&utm_medium=email&utm_source=Revue%20newsletter,1
7103457410773747982,lifeattiktok,20241206064504,https://lifeattiktok.com/search/7103457410773747982,2
7103478385284827429,careers_tiktok,20220712161611,https://careers.tiktok.com/position/7103478385284827429/detail?spread=XKM9ZXE,2
7103479058209917191,careers_tiktok,20221106012250,https://careers.tiktok.com/position/7103479058209917191/detail,2
7103485402997606687,lifeattiktok,20250506104254,https://lifeattiktok.com/search/7103485402997606687?spread=5MWH5CQ,2
7103486783061690661,lifeattiktok,20250506104254,https://lifeattiktok.com/search/7103486783061690661?spread=5MWH5CQ,2
7103564038043060511,lifeattiktok,20250506104248,https://lifeattiktok.com/search/7103564038043060511?spread=5MWH5CQ,3
7103800935378880804,careers_tiktok,20220726153152,https://careers.tiktok.com/position/7103800935378880804/detail,1
7103908935941507342,lifeattiktok,20250506104256,https://lifeattiktok.com/search/7103908935941507342,2
7104059204366207239,careers_tiktok,20230203092824,https://careers.tiktok.com/position/7104059204366207239/detail?spread=5MWH5CQ,1
7104087072181176583,careers_tiktok,20230622183101,https://careers.tiktok.com/position/7104087072181176583/detail,1
7104100956757461279,careers_tiktok,20220721163402,https://careers.tiktok.com/position/7104100956757461279/detail,2
7104126959869741343,careers_tiktok,20231106160321,https://careers.tiktok.com/position/7104126959869741343/detail,1
7104361305356405006,careers_tiktok,20221129134031,https://careers.tiktok.com/position/7104361305356405006/detail,1
7104377037799819528,careers_tiktok,20230924164423,https://careers.tiktok.com/position/7104377037799819528/detail,1
7104585707667081486,jobs_bytedance,20250125233016,https://jobs.bytedance.com/en/position/7104585707667081486/detail?utm_source=Technology+Crossover+Ventures+job+board&utm_medium=getro.com&gh_src=Technology+Crossover+Ventures+job+board,1
7105063530127575310,lifeattiktok,20260124045847,https://lifeattiktok.com/search/7105063530127575310,1
7105069577634351373,jobs_bytedance,20230311115607,https://jobs.bytedance.com/en/position/7105069577634351373/detail,1
7105918824172800292,lifeattiktok,20250206233243,https://lifeattiktok.com/search/7105918824172800292,3
7106148166278695199,jobs_bytedance,20221023080017,https://jobs.bytedance.com/en/position/7106148166278695199/detail?spread=BSPP2KS,1
7106194849619953927,careers_tiktok,20230407172657,https://careers.tiktok.com/position/7106194849619953927/detail,1
7106225670574098696,careers_tiktok,20230321042147,https://careers.tiktok.com/position/7106225670574098696/detail,1
7106227337196570917,careers_tiktok,20230321052545,https://careers.tiktok.com/position/7106227337196570917/detail,1
7106232976392177951,careers_tiktok,20230321043915,https://careers.tiktok.com/position/7106232976392177951/detail,1
7106270242859043102,lifeattiktok,20250206233505,https://lifeattiktok.com/search/7106270242859043102,3
7106355750058739976,jobs_bytedance,20240721185954,https://jobs.bytedance.com/en/position/7106355750058739976/detail?utm_source=Technology+Crossover+Ventures+job+board&utm_medium=getro.com&gh_src=Technology+Crossover+Ventures+job+board,1
7106382181669816584,lifeattiktok,20250426013546,https://lifeattiktok.com/search/7106382181669816584,2
7106632284794669319,careers_tiktok,20220616173037,https://careers.tiktok.com/position/7106632284794669319/detail,1
7106862221305760013,lifeattiktok,20250506104246,https://lifeattiktok.com/search/7106862221305760013?spread=5MWH5CQ,3
7106900876657199397,careers_tiktok,20230604094955,https://careers.tiktok.com/position/7106900876657199397/detail,1
7107358257358997774,lifeattiktok,20250125000406,https://lifeattiktok.com/search/7107358257358997774,2
7107382580749060389,lifeattiktok,20250430193125,https://lifeattiktok.com/search/7107382580749060389,1
7107556519534102798,careers_tiktok,20221001044428,https://careers.tiktok.com/position/7107556519534102798/detail?spread=5MWH5CQ,1
7107661048014080264,jobs_bytedance,20221227052504,https://jobs.bytedance.com/en/position/7107661048014080264/detail,2
7107662254540474638,jobs_bytedance,20220811171757,https://jobs.bytedance.com/en/position/7107662254540474638/detail,1
7107669233601628446,jobs_bytedance,20220811171248,https://jobs.bytedance.com/en/position/7107669233601628446/detail,1
7107670400700270862,jobs_bytedance,20220616175612,https://jobs.bytedance.com/en/position/7107670400700270862/detail,1
7107760886610217252,careers_tiktok,20230321045635,https://careers.tiktok.com/position/7107760886610217252/detail?utm_source=emailjobs.io&utm_medium=jobboard,1
7108713404227815694,careers_tiktok,20221020042905,https://careers.tiktok.com/position/7108713404227815694/detail,2
7108715949523962148,careers_tiktok,20220617130642,https://careers.tiktok.com/position/7108715949523962148/detail,2
7108732298661382413,careers_tiktok,20221001055300,https://careers.tiktok.com/position/7108732298661382413/detail?spread=5MWH5CQ,2
7109112463418149133,jobs_bytedance,20220720085619,https://jobs.bytedance.com/en/position/7109112463418149133/detail,1
7109134416513222942,careers_tiktok,20220807153936,https://careers.tiktok.com/position/7109134416513222942/detail?spread=XKM9ZXE,1
7109186645497366815,lifeattiktok,20250315084517,https://lifeattiktok.com/search/7109186645497366815?spread=5MWH5CQ,2
7109196611046426910,careers_tiktok,20230607032547,https://careers.tiktok.com/position/7109196611046426910/detail?spread=5MWH5CQ,1
7109298469420222757,careers_tiktok,20220701041838,https://careers.tiktok.com/position/7109298469420222757/detail,1
7109405358850165023,jobs_bytedance,20250513124631,https://jobs.bytedance.com/en/position/7109405358850165023/detail?utm_source=Coatue+Management+job+board&utm_medium=getro.com&gh_src=Coatue+Management+job+board,1
7109410294682601735,lifeattiktok,20250124231744,https://lifeattiktok.com/search/7109410294682601735,2
7109477839401191711,careers_tiktok,20221001051419,https://careers.tiktok.com/position/7109477839401191711/detail,1
7109553793469647118,lifeattiktok,20250506104240,https://lifeattiktok.com/search/7109553793469647118?spread=5MWH5CQ,2
7109628556736956679,jobs_bytedance,20220719233158,https://jobs.bytedance.com/en/position/7109628556736956679/detail,1
7109640205124913438,jobs_bytedance,20220719233152,https://jobs.bytedance.com/en/position/7109640205124913438/detail,1
7109771365637114149,careers_tiktok,20221001053845,https://careers.tiktok.com/position/7109771365637114149/detail?spread=5MWH5CQ,2
7109847910682970398,lifeattiktok,20251111035524,https://lifeattiktok.com/search/7109847910682970398,1
7110015056980822303,jobs_bytedance,20220719231518,https://jobs.bytedance.com/en/position/7110015056980822303/detail,1
7110027908718938398,jobs_bytedance,20250513125019,https://jobs.bytedance.com/en/position/7110027908718938398/detail?utm_source=Coatue+Management+job+board&utm_medium=getro.com&gh_src=Coatue+Management+job+board,3
7110308561352083742,lifeattiktok,20250506104254,https://lifeattiktok.com/search/7110308561352083742?spread=5MWH5CQ,2
7110850862532053256,jobs_bytedance,20230607230550,https://jobs.bytedance.com/en/position/7110850862532053256/detail?spread=BSPP2KS,2
7111332168153434405,lifeattiktok,20250516050955,https://lifeattiktok.com/search/7111332168153434405,2
7111334918110234893,careers_tiktok,20220701121552,https://careers.tiktok.com/position/7111334918110234893/detail?spread=XKM9ZXE,2
7111762764180113678,lifeattiktok,20250506104240,https://lifeattiktok.com/search/7111762764180113678?spread=5MWH5CQ,2
7111798320410642696,lifeattiktok,20250506104247,https://lifeattiktok.com/search/7111798320410642696?spread=5MWH5CQ,2
7111802555483359524,careers_tiktok,20230311142924,https://careers.tiktok.com/position/7111802555483359524/detail,1
7111824381470673189,careers_tiktok,20230924164822,https://careers.tiktok.com/position/7111824381470673189/detail,1
7111824815660550431,lifeattiktok,20260417092759,https://lifeattiktok.com/search/7111824815660550431,4
7111868627897010445,careers_tiktok,20220725150253,https://careers.tiktok.com/position/7111868627897010445/detail,2
7111892732365441294,careers_tiktok,20220623140213,https://careers.tiktok.com/position/7111892732365441294/detail,1
7111919979562125599,careers_tiktok,20230604113606,https://careers.tiktok.com/position/7111919979562125599/detail,1
7111961515712825636,jobs_bytedance,20220811170211,https://jobs.bytedance.com/en/position/7111961515712825636/detail,1
7111979230510188807,careers_tiktok,20230321040627,https://careers.tiktok.com/position/7111979230510188807/detail,1
7112100093499083044,careers_tiktok,20221001040648,https://careers.tiktok.com/position/7112100093499083044/detail,1
7112164104744651044,careers_tiktok,20220714063930,https://careers.tiktok.com/position/7112164104744651044/detail,1
7112323906513766670,jobs_bytedance,20220926131705,https://jobs.bytedance.com/en/position/7112323906513766670/detail,1
7112475233491192077,jobs_bytedance,20230607233726,https://jobs.bytedance.com/en/position/7112475233491192077/detail?spread=BSPP2KS,1
7112517561253660965,careers_tiktok,20230321051813,https://careers.tiktok.com/position/7112517561253660965/detail?spread=5MWH5CQ,1
7112666457436342541,jobs_bytedance,20240721191419,https://jobs.bytedance.com/en/position/7112666457436342541/detail?utm_source=Technology+Crossover+Ventures+job+board&utm_medium=getro.com&gh_src=Technology+Crossover+Ventures+job+board,1
7112676583475022093,lifeattiktok,20260609051531,https://lifeattiktok.com/search/7112676583475022093,2
7112729591592159524,lifeattiktok,20250506104254,https://lifeattiktok.com/search/7112729591592159524?spread=5MWH5CQ,2
7112826034442389796,careers_tiktok,20220720114451,https://careers.tiktok.com/position/7112826034442389796/detail,2
7112866586867878181,jobs_bytedance,20240520112711,https://jobs.bytedance.com/en/position/7112866586867878181/detail?spread=BSPP2KS,1
7112905398243936549,careers_tiktok,20220807160823,https://careers.tiktok.com/position/7112905398243936549/detail?utm_campaign=SF%20Data%20Weekly&utm_medium=email&utm_source=Revue%20newsletter,1
7113538937713625374,jobs_bytedance,20221204163243,https://jobs.bytedance.com/en/position/7113538937713625374/detail,1
7113584484826581262,jobs_bytedance,20220627130145,https://jobs.bytedance.com/en/position/7113584484826581262/detail,1
7113800363383867685,jobs_bytedance,20220720002352,https://jobs.bytedance.com/en/position/7113800363383867685/detail,1
7113869085130098951,jobs_bytedance,20221204141751,https://jobs.bytedance.com/en/position/7113869085130098951/detail,1
7113870308209215781,jobs_bytedance,20220719230000,https://jobs.bytedance.com/en/position/7113870308209215781/detail,1
7113889625638603044,lifeattiktok,20250516033819,https://lifeattiktok.com/search/7113889625638603044?spread=5MWH5CQ,1
7113896151523674399,careers_tiktok,20221128132111,https://careers.tiktok.com/position/7113896151523674399/detail,1
7113979238034540831,careers_tiktok,20220712155447,https://careers.tiktok.com/position/7113979238034540831/detail,2
7114182441883158815,jobs_bytedance,20231204172345,https://jobs.bytedance.com/en/position/7114182441883158815/detail,1
7114192848324643108,careers_tiktok,20230311124917,https://careers.tiktok.com/position/7114192848324643108/detail,1
7114200841070758174,lifeattiktok,20241206072033,https://lifeattiktok.com/search/7114200841070758174,1
7114233726829447437,jobs_bytedance,20220720072518,https://jobs.bytedance.com/en/position/7114233726829447437/detail,1
7114279834158991630,lifeattiktok,20250427033923,https://lifeattiktok.com/search/7114279834158991630,2
7114421898529130788,careers_tiktok,20230321044219,https://careers.tiktok.com/position/7114421898529130788/detail?spread=5MWH5CQ,1
7114427667395905799,jobs_bytedance,20250811043700,https://jobs.bytedance.com/en/position/7114427667395905799/detail?utm_source=Coatue+Management+job+board&utm_medium=getro.com&gh_src=Coatue+Management+job+board,1
7114429071337654536,lifeattiktok,20260114202156,https://lifeattiktok.com/search/7114429071337654536,2
7114429426528143624,lifeattiktok,20260515012154,https://lifeattiktok.com/search/7114429426528143624,1
7114429917525690654,lifeattiktok,20250427044222,https://lifeattiktok.com/search/7114429917525690654,2
7114536511245486367,lifeattiktok,20250315080525,https://lifeattiktok.com/search/7114536511245486367,2
7114615152117827847,careers_tiktok,20230801154826,https://careers.tiktok.com/position/7114615152117827847/detail,2
7114625621914093861,lifeattiktok,20250613192325,https://lifeattiktok.com/search/7114625621914093861?spread=5MWH5CQ,3
7114678512984754463,careers_tiktok,20230607033358,https://careers.tiktok.com/position/7114678512984754463/detail?spread=5MWH5CQ,1
7114681980894185765,careers_tiktok,20221129135101,https://careers.tiktok.com/position/7114681980894185765/detail,1
7114932988082112775,jobs_bytedance,20240914051400,https://jobs.bytedance.com/en/position/7114932988082112775/detail?utm_source=Lead+Edge+Capital+job+board&utm_medium=getro.com&gh_src=Lead+Edge+Capital+job+board,1
7114984788209649928,careers_tiktok,20221001035512,https://careers.tiktok.com/position/7114984788209649928/detail?spread=5MWH5CQ,1
7115042596863248648,jobs_bytedance,20221204144805,https://jobs.bytedance.com/en/position/7115042596863248648/detail,1
7115117214860445983,careers_tiktok,20231101133852,https://careers.tiktok.com/position/7115117214860445983/detail?spread=5MWH5CQ,2
7115148527982479629,lifeattiktok,20250506104247,https://lifeattiktok.com/search/7115148527982479629?spread=5MWH5CQ,2
7115277256805288229,lifeattiktok,20251005014007,https://lifeattiktok.com/search/7115277256805288229,2
7115278866163566856,lifeattiktok,20250613183354,https://lifeattiktok.com/search/7115278866163566856,2
7115336490033203487,lifeattiktok,20250315071604,https://lifeattiktok.com/search/7115336490033203487,1
7115426879294130446,lifeattiktok,20250206215110,https://lifeattiktok.com/search/7115426879294130446,4
7116392555554752798,lifeattiktok,20250506104254,https://lifeattiktok.com/search/7116392555554752798?spread=5MWH5CQ,2
7116409199035697422,careers_tiktok,20221001060521,https://careers.tiktok.com/position/7116409199035697422/detail?spread=5MWH5CQ,1
7116435099479443725,jobs_bytedance,20221204150910,https://jobs.bytedance.com/en/position/7116435099479443725/detail,1
7116912576638273806,careers_tiktok,20240526211608,https://careers.tiktok.com/position/7116912576638273806/detail?spread=5MWH5CQ,1
7117084434700110094,lifeattiktok,20250206225606,https://lifeattiktok.com/search/7117084434700110094?utm_campaign=interesting-data-gigs-88-the-other-side-of-fear-could-be-great&utm_medium=newsletter&utm_source=newsletter.interestinggigs.com,1
7117189720135928078,careers_tiktok,20221014062343,https://careers.tiktok.com/position/7117189720135928078/detail,1
7117341493057423647,careers_tiktok,20220723232351,https://careers.tiktok.com/position/7117341493057423647/detail?spread=XKM9ZXE,2
7117356572129741093,lifeattiktok,20250506104240,https://lifeattiktok.com/search/7117356572129741093?spread=5MWH5CQ,2
7117436985967560991,careers_tiktok,20230311102049,https://careers.tiktok.com/position/7117436985967560991/detail,1
7117662017171491108,lifeattiktok,20250427030854,https://lifeattiktok.com/search/7117662017171491108,3
7117753835262691615,careers_tiktok,20230321034435,https://careers.tiktok.com/position/7117753835262691615/detail,1
7117755424938314015,careers_tiktok,20230311203433,https://careers.tiktok.com/position/7117755424938314015/detail,1
7117755561017461029,careers_tiktok,20230321040331,https://careers.tiktok.com/position/7117755561017461029/detail,1
7117842714636372255,careers_tiktok,20221001052349,https://careers.tiktok.com/position/7117842714636372255/detail?spread=5MWH5CQ,1
7118992260695689502,jobs_bytedance,20241204005257,https://jobs.bytedance.com/en/position/7118992260695689502/detail,1
7119137764466542862,careers_tiktok,20220712095809,https://careers.tiktok.com/position/7119137764466542862/detail,1
7119188490633496868,jobs_bytedance,20250514092058,https://jobs.bytedance.com/en/position/7119188490633496868/detail,2
7119294785534544135,lifeattiktok,20250506104240,https://lifeattiktok.com/search/7119294785534544135?spread=5MWH5CQ,2
7119297456614525214,lifeattiktok,20250427131520,https://lifeattiktok.com/search/7119297456614525214?spread=5MWH5CQ,2
7119319713729546532,careers_tiktok,20220723014321,https://careers.tiktok.com/position/7119319713729546532/detail?spread=5MWH5CQ,2
7119329407752702238,careers_tiktok,20220722110028,https://careers.tiktok.com/position/7119329407752702238/detail,1
7119407337131165982,lifeattiktok,20250124233636,https://lifeattiktok.com/search/7119407337131165982?spread=5MWH5CQ,3
7119469160689879326,lifeattiktok,20250718112104,https://lifeattiktok.com/search/7119469160689879326,2
7119473309402630436,lifeattiktok,20250315074154,https://lifeattiktok.com/search/7119473309402630436,2
7119579730852612365,careers_tiktok,20230801165233,https://careers.tiktok.com/position/7119579730852612365/detail?spread=5MWH5CQ,2
7119675652304177422,jobs_bytedance,20220720004059,https://jobs.bytedance.com/en/position/7119675652304177422/detail,1
7119850738456791326,careers_tiktok,20230812050654,https://careers.tiktok.com/position/7119850738456791326/detail,2
7119860283221526797,jobs_bytedance,20231204160139,https://jobs.bytedance.com/en/position/7119860283221526797/detail,1
7119905348890691853,careers_tiktok,20230801113527,https://careers.tiktok.com/position/7119905348890691853/detail?spread=5MWH5CQ,2
7119936331002267941,jobs_bytedance,20220926130524,https://jobs.bytedance.com/en/position/7119936331002267941/detail,1
7120178843822557453,lifeattiktok,20250315070857,https://lifeattiktok.com/search/7120178843822557453?spread=5MWH5CQ,2
7120220654892550431,jobs_bytedance,20220720021001,https://jobs.bytedance.com/en/position/7120220654892550431/detail,1
7120249718232041764,lifeattiktok,20250912231033,https://lifeattiktok.com/search/7120249718232041764?spread=5MWH5CQ,2
7120356207369849119,lifeattiktok,20250506104240,https://lifeattiktok.com/search/7120356207369849119?spread=5MWH5CQ,3
7120434675927075080,lifeattiktok,20250206223234,https://lifeattiktok.com/search/7120434675927075080?spread=5MWH5CQ,2
7120472952018553101,careers_tiktok,20220726172905,https://careers.tiktok.com/position/7120472952018553101/detail,1
7120481422796130567,careers_tiktok,20220804161756,https://careers.tiktok.com/position/7120481422796130567/detail,1
7120499179717871879,careers_tiktok,20220726172849,https://careers.tiktok.com/position/7120499179717871879/detail,1
7120503370674817311,careers_tiktok,20221001042538,https://careers.tiktok.com/position/7120503370674817311/detail?spread=5MWH5CQ&utm_source=MRjobsza,2
7120524221951920415,careers_tiktok,20220812164815,https://careers.tiktok.com/position/7120524221951920415/detail?spread=5MWH5CQ,1
7120665825580730654,careers_tiktok,20230801102632,https://careers.tiktok.com/position/7120665825580730654/detail?spread=5MWH5CQ,2
7120696344457480484,careers_tiktok,20220718211413,https://careers.tiktok.com/position/7120696344457480484/detail?spread=5MWH5CQ,1
7121649224546191652,careers_tiktok,20220818073845,https://careers.tiktok.com/position/7121649224546191652/detail?spread=5MWH5CQ,1
7121692477002696997,careers_tiktok,20221001041428,https://careers.tiktok.com/position/7121692477002696997/detail?spread=5MWH5CQ,1
7121767137891420424,lifeattiktok,20250427005952,https://lifeattiktok.com/search/7121767137891420424?spread=5MWH5CQ,1
7121825234261379341,careers_tiktok,20220807164926,https://careers.tiktok.com/position/7121825234261379341/detail,1
7121875652382902541,jobs_bytedance,20240721191717,https://jobs.bytedance.com/en/position/7121875652382902541/detail?utm_source=Technology+Crossover+Ventures+job+board&utm_medium=getro.com&gh_src=Technology+Crossover+Ventures+job+board,1
7121937638186420510,lifeattiktok,20241206071843,https://lifeattiktok.com/search/7121937638186420510?spread=5MWH5CQ,2
7122183511361063205,careers_tiktok,20230321045013,https://careers.tiktok.com/position/7122183511361063205/detail,1
7122202010166921508,jobs_bytedance,20250216180509,https://jobs.bytedance.com/en/position/7122202010166921508/detail?utm_source=Technology+Crossover+Ventures+job+board&utm_medium=getro.com&gh_src=Technology+Crossover+Ventures+job+board,1
7122225825806076190,careers_tiktok,20240401173148,https://careers.tiktok.com/position/7122225825806076190/detail,1
7122226087099418888,jobs_bytedance,20241010053049,https://jobs.bytedance.com/en/position/7122226087099418888/detail?utm_source=Technology+Crossover+Ventures+job+board&utm_medium=getro.com&gh_src=Technology+Crossover+Ventures+job+board,1
7122227662966606087,jobs_bytedance,20230319110921,https://jobs.bytedance.com/en/position/7122227662966606087/detail,2
7122234923175610660,lifeattiktok,20250427024222,https://lifeattiktok.com/search/7122234923175610660,1
7122342636388976910,careers_tiktok,20230321040123,https://careers.tiktok.com/position/7122342636388976910/detail,1
7122394923110140167,lifeattiktok,20250429152142,https://lifeattiktok.com/search/7122394923110140167?spread=5MWH5CQ,3
7122405933376030984,lifeattiktok,20241218123308,https://lifeattiktok.com/search/7122405933376030984,1
7122483452540258590,lifeattiktok,20250506104240,https://lifeattiktok.com/search/7122483452540258590?spread=5MWH5CQ,2
7122552831803083016,careers_tiktok,20230407172657,https://careers.tiktok.com/position/7122552831803083016/detail,1
7122640814823541005,careers_tiktok,20221001040029,https://careers.tiktok.com/position/7122640814823541005/detail,1
7122707488281233695,careers_tiktok,20221001050015,https://careers.tiktok.com/position/7122707488281233695/detail?spread=5MWH5CQ,1
7122816197434837284,careers_tiktok,20220802175216,https://careers.tiktok.com/position/7122816197434837284/detail,1
7122939119953643806,lifeattiktok,20250315074710,https://lifeattiktok.com/search/7122939119953643806?utm_campaign=world-s-best-ai-engineer-genie&utm_medium=referral&utm_source=www.aiplanetx.com,2
7123228268757322015,careers_tiktok,20230321042105,https://careers.tiktok.com/position/7123228268757322015/detail?spread=5MWH5CQ,1
7123267082284927245,careers_tiktok,20220830051237,https://careers.tiktok.com/position/7123267082284927245/detail,1
7123315261852584206,careers_tiktok,20220726204824,https://careers.tiktok.com/position/7123315261852584206/detail,1
7124003210754558221,lifeattiktok,20250427043334,https://lifeattiktok.com/search/7124003210754558221,1
7124148696963664142,careers_tiktok,20220727014834,https://careers.tiktok.com/position/7124148696963664142/detail?spread=5MWH5CQ,2
7124229944053532965,careers_tiktok,20221001040919,https://careers.tiktok.com/position/7124229944053532965/detail?spread=5MWH5CQ,1
7124296031470930206,careers_tiktok,20230330215440,https://careers.tiktok.com/position/7124296031470930206/detail,4
7124343170347600164,careers_tiktok,20230311120719,https://careers.tiktok.com/position/7124343170347600164/detail,1
7124356689906993445,careers_tiktok,20230806120547,https://careers.tiktok.com/position/7124356689906993445/detail,2
7124623277721946404,jobs_bytedance,20220820033308,https://jobs.bytedance.com/en/position/7124623277721946404/detail,2
7124651268480190727,lifeattiktok,20250516042817,https://lifeattiktok.com/search/7124651268480190727,2
7124735626896984357,lifeattiktok,20251111051947,https://lifeattiktok.com/search/7124735626896984357,1
7124736000521357604,lifeattiktok,20251111043006,https://lifeattiktok.com/search/7124736000521357604,1
7124962580804290852,lifeattiktok,20250427035101,https://lifeattiktok.com/search/7124962580804290852,2
7125245159679707423,careers_tiktok,20230924165401,https://careers.tiktok.com/position/7125245159679707423/detail,1
7125329594602129672,careers_tiktok,20221001043614,https://careers.tiktok.com/position/7125329594602129672/detail,1
7125432564256508173,careers_tiktok,20220807161214,https://careers.tiktok.com/position/7125432564256508173/detail,1
7125555387302316318,careers_tiktok,20220807154948,https://careers.tiktok.com/position/7125555387302316318/detail,1
7125605047807396104,lifeattiktok,20250516181654,https://lifeattiktok.com/search/7125605047807396104,1
7125695455371479310,jobs_bytedance,20250513135415,https://jobs.bytedance.com/en/position/7125695455371479310/detail?utm_source=Coatue+Management+job+board&utm_medium=getro.com&gh_src=Coatue+Management+job+board,2
7125701137836378376,careers_tiktok,20220812093320,https://careers.tiktok.com/position/7125701137836378376/detail?spread=5MWH5CQ,1
7125713288209533221,careers_tiktok,20230604102715,https://careers.tiktok.com/position/7125713288209533221/detail,1
7125726789158177054,lifeattiktok,20250715224048,https://lifeattiktok.com/search/7125726789158177054,1
7125787797751957773,careers_tiktok,20221001055603,https://careers.tiktok.com/position/7125787797751957773/detail,1
7125802844478081293,lifeattiktok,20241206063624,https://lifeattiktok.com/search/7125802844478081293,2
7125877404488616205,lifeattiktok,20250315075740,https://lifeattiktok.com/search/7125877404488616205,1
7127021981602564366,jobs_bytedance,20230130212438,https://jobs.bytedance.com/en/position/7127021981602564366/detail,1
7127023012197976351,jobs_bytedance,20230607224841,https://jobs.bytedance.com/en/position/7127023012197976351/detail,1
7127045214292363533,jobs_bytedance,20230607212543,https://jobs.bytedance.com/en/position/7127045214292363533/detail,1
7127052154489981197,careers_tiktok,20220807160753,https://careers.tiktok.com/position/7127052154489981197/detail,1
7127055576895506718,careers_tiktok,20220807162146,https://careers.tiktok.com/position/7127055576895506718/detail,1
7127058460743436574,careers_tiktok,20220807163603,https://careers.tiktok.com/position/7127058460743436574/detail,1
7127135306091940103,careers_tiktok,20220807153721,https://careers.tiktok.com/position/7127135306091940103/detail,1
7127275047995132196,careers_tiktok,20220807165252,https://careers.tiktok.com/position/7127275047995132196/detail,1
7127284736887736589,lifeattiktok,20250315082333,https://lifeattiktok.com/search/7127284736887736589?spread=5MWH5CQ,3
7127559088879765790,lifeattiktok,20251211112248,https://lifeattiktok.com/search/7127559088879765790?spread=5MWH5CQ,1
7127687381553367333,careers_tiktok,20240613010928,https://careers.tiktok.com/position/7127687381553367333/detail?spread=5MWH5CQ,2
7127989962364635422,lifeattiktok,20250503132119,https://lifeattiktok.com/search/7127989962364635422?spread=5MWH5CQ,3
7128063754882156808,lifeattiktok,20250516053232,https://lifeattiktok.com/search/7128063754882156808,2
7128087553954285854,lifeattiktok,20250516044647,https://lifeattiktok.com/search/7128087553954285854,2
7128099079627917582,careers_tiktok,20220807155520,https://careers.tiktok.com/position/7128099079627917582/detail,1
7128120536723687710,careers_tiktok,20220807160033,https://careers.tiktok.com/position/7128120536723687710/detail,1
7128120584428980494,careers_tiktok,20220807151720,https://careers.tiktok.com/position/7128120584428980494/detail,1
7128120644294510885,careers_tiktok,20220807162705,https://careers.tiktok.com/position/7128120644294510885/detail,1
7128120830693067044,careers_tiktok,20220807155616,https://careers.tiktok.com/position/7128120830693067044/detail,1
7128168378128238885,careers_tiktok,20230407172657,https://careers.tiktok.com/position/7128168378128238885/detail,1
7128224568330471688,careers_tiktok,20220807160207,https://careers.tiktok.com/position/7128224568330471688/detail,1
7128224579324266766,careers_tiktok,20220807154712,https://careers.tiktok.com/position/7128224579324266766/detail,1
7128224713911126279,careers_tiktok,20220807153609,https://careers.tiktok.com/position/7128224713911126279/detail,1
7128290887793166623,careers_tiktok,20221129142703,https://careers.tiktok.com/position/7128290887793166623/detail,1
7128647022542997768,careers_tiktok,20230924174139,https://careers.tiktok.com/position/7128647022542997768/detail,1
7128830287081998599,careers_tiktok,20230311142520,https://careers.tiktok.com/position/7128830287081998599/detail,1
7129409154225686798,careers_tiktok,20230801155745,https://careers.tiktok.com/position/7129409154225686798/detail?spread=5MWH5CQ,2
7129472936050706695,lifeattiktok,20250124222339,https://lifeattiktok.com/search/7129472936050706695?spread=5MWH5CQ,3
7129528197512038693,careers_tiktok,20220818185010,https://careers.tiktok.com/position/7129528197512038693/detail,2
7129531918417119496,careers_tiktok,20230924172429,https://careers.tiktok.com/position/7129531918417119496/detail,1
7129643633758734605,careers_tiktok,20221001054536,https://careers.tiktok.com/position/7129643633758734605/detail,1
7129915597462882597,lifeattiktok,20250315072903,https://lifeattiktok.com/search/7129915597462882597,2
7129956629411432711,careers_tiktok,20240526211030,https://careers.tiktok.com/position/7129956629411432711/detail,1
7129956984639621389,lifeattiktok,20250427015842,https://lifeattiktok.com/search/7129956984639621389?spread=5MWH5CQ,3
7129969139691374884,careers_tiktok,20221001060034,https://careers.tiktok.com/position/7129969139691374884/detail,1
7129990421971831048,lifeattiktok,20250912214657,https://lifeattiktok.com/search/7129990421971831048?spread=5MWH5CQ,3
7130082126275397925,careers_tiktok,20230801093006,https://careers.tiktok.com/position/7130082126275397925/detail,1
7130564611341814052,lifeattiktok,20250124230044,https://lifeattiktok.com/search/7130564611341814052,2
7131066656335513864,careers_tiktok,20221017164754,https://careers.tiktok.com/position/7131066656335513864/detail,1
7131929071688239373,jobs_bytedance,20250622055423,https://jobs.bytedance.com/en/position/7131929071688239373/detail?utm_source=Technology+Crossover+Ventures+job+board&utm_medium=getro.com&gh_src=Technology+Crossover+Ventures+job+board,1
7132174150995970317,careers_tiktok,20221129144553,https://careers.tiktok.com/position/7132174150995970317/detail?spread=XKM9ZXE,1
7132324983951477029,jobs_bytedance,20221204132953,https://jobs.bytedance.com/en/position/7132324983951477029/detail,2
7132356597325662472,careers_tiktok,20230604095245,https://careers.tiktok.com/position/7132356597325662472/detail,1
7132529118268442893,careers_tiktok,20230604101633,https://careers.tiktok.com/position/7132529118268442893/detail,1
7132803166077618439,jobs_bytedance,20230507015534,https://jobs.bytedance.com/en/position/7132803166077618439/detail,1
7132808909571950855,careers_tiktok,20230607031405,https://careers.tiktok.com/position/7132808909571950855/detail?spread=5MWH5CQ,1
7132818314594814221,careers_tiktok,20230308073017,https://careers.tiktok.com/position/7132818314594814221/detail,2
7132821696189516069,careers_tiktok,20230321034738,https://careers.tiktok.com/position/7132821696189516069/detail,1
7132930577279568142,careers_tiktok,20230604110622,https://careers.tiktok.com/position/7132930577279568142/detail,1
7132969250628667656,lifeattiktok,20250206215619,https://lifeattiktok.com/search/7132969250628667656,2
7133145390761429279,careers_tiktok,20221122150507,https://careers.tiktok.com/position/7133145390761429279/detail,2
7133716057119115533,careers_tiktok,20230301050929,https://careers.tiktok.com/position/7133716057119115533/detail,1
7134631876928473374,careers_tiktok,20221129152935,https://careers.tiktok.com/position/7134631876928473374/detail?spread=5MWH5CQ,1
7134875064008952095,careers_tiktok,20230123124800,https://careers.tiktok.com/position/7134875064008952095/detail?spread=5MWH5CQ,2
7134937825270958372,careers_tiktok,20231101213648,https://careers.tiktok.com/position/7134937825270958372/detail,2
7134997786831243527,careers_tiktok,20230321045049,https://careers.tiktok.com/position/7134997786831243527/detail,1
7135158929898260772,careers_tiktok,20230321044145,https://careers.tiktok.com/position/7135158929898260772/detail,1
7135557194317646094,careers_tiktok,20230604100654,https://careers.tiktok.com/position/7135557194317646094/detail,1
7135654705309780232,careers_tiktok,20230924180041,https://careers.tiktok.com/position/7135654705309780232/detail,1
7135893214141679885,careers_tiktok,20230604113931,https://careers.tiktok.com/position/7135893214141679885/detail,1
7135912732620917006,lifeattiktok,20250427023430,https://lifeattiktok.com/search/7135912732620917006?spread=5MWH5CQ,2
7136012162133625119,careers_tiktok,20221129152522,https://careers.tiktok.com/position/7136012162133625119/detail?spread=5MWH5CQ,1
7136099249070950693,lifeattiktok,20250623185816,https://lifeattiktok.com/search/7136099249070950693,3
7137265370729515301,jobs_bytedance,20250709192353,https://jobs.bytedance.com/en/position/7137265370729515301/detail,3
7137462063291205919,lifeattiktok,20250427204922,https://lifeattiktok.com/search/7137462063291205919?spread=5MWH5CQ,2
7137677413491804447,lifeattiktok,20241206080918,https://lifeattiktok.com/search/7137677413491804447?spread=5MWH5CQ,3
7137786185178974495,careers_tiktok,20240526220459,https://careers.tiktok.com/position/7137786185178974495/detail?spread=5MWH5CQ,1
7137797883383154951,lifeattiktok,20250427033320,https://lifeattiktok.com/search/7137797883383154951?spread=5MWH5CQ,2
7137944471815801096,lifeattiktok,20250125001428,https://lifeattiktok.com/search/7137944471815801096,2
7138091635200051487,lifeattiktok,20260520044421,https://lifeattiktok.com/search/7138091635200051487,1
7138200617332803871,lifeattiktok,20260520044830,https://lifeattiktok.com/search/7138200617332803871,1
7138204674074773773,careers_tiktok,20230203091516,https://careers.tiktok.com/position/7138204674074773773/detail,1
7138210801609591077,jobs_bytedance,20230607230228,https://jobs.bytedance.com/en/position/7138210801609591077/detail?spread=BSPP2KS,1
7138226105995102478,lifeattiktok,20250516040525,https://lifeattiktok.com/search/7138226105995102478?spread=5MWH5CQ,3
7138250503720618247,careers_tiktok,20230321053235,https://careers.tiktok.com/position/7138250503720618247/detail,1
7138261141784611103,jobs_bytedance,20220920193339,https://jobs.bytedance.com/en/position/7138261141784611103/detail?spread=BSPP2KS,1
7138278004375046431,lifeattiktok,20250813200234,https://lifeattiktok.com/search/7138278004375046431,1
7138391566834944269,lifeattiktok,20250315083830,https://lifeattiktok.com/search/7138391566834944269?spread=5MWH5CQ,2
7138413101808486693,lifeattiktok,20250427030734,https://lifeattiktok.com/search/7138413101808486693?spread=5MWH5CQ,3
7138419538228873485,lifeattiktok,20260208195450,https://lifeattiktok.com/search/7138419538228873485?spread=5MWH5CQ,4
7138421210774407455,lifeattiktok,20251111051111,https://lifeattiktok.com/search/7138421210774407455,3
7138427379823413540,lifeattiktok,20260417090823,https://lifeattiktok.com/search/7138427379823413540,2
7138435358467787021,careers_tiktok,20230607032259,https://careers.tiktok.com/position/7138435358467787021/detail?spread=5MWH5CQ,1
7138436726179645727,careers_tiktok,20221016032821,https://careers.tiktok.com/position/7138436726179645727/detail,2
7138437834012182798,careers_tiktok,20221221075330,https://careers.tiktok.com/position/7138437834012182798/detail,1
7138497518807402788,careers_tiktok,20230607015158,https://careers.tiktok.com/position/7138497518807402788/detail?spread=5MWH5CQ,1
7138502234405816613,careers_tiktok,20220923203305,https://careers.tiktok.com/position/7138502234405816613/detail,1
7138520431594621220,careers_tiktok,20230607032342,https://careers.tiktok.com/position/7138520431594621220/detail?spread=5MWH5CQ,1
7138585213890545934,careers_tiktok,20221129144847,https://careers.tiktok.com/position/7138585213890545934/detail?spread=5MWH5CQ,1
7138585766700353823,careers_tiktok,20221015013101,https://careers.tiktok.com/position/7138585766700353823/detail,1
7138587069231876382,careers_tiktok,20221220170301,https://careers.tiktok.com/position/7138587069231876382/detail,2
7138587069949708552,careers_tiktok,20230321045158,https://careers.tiktok.com/position/7138587069949708552/detail?spread=5MWH5CQ,1
7138587070469769479,careers_tiktok,20221020063033,https://careers.tiktok.com/position/7138587070469769479/detail,2
7138587874551564551,lifeattiktok,20260124061156,https://lifeattiktok.com/search/7138587874551564551?spread=5MWH5CQ,2
7138669364903299365,jobs_bytedance,20230128215744,https://jobs.bytedance.com/en/position/7138669364903299365/detail,1
7138688685515737375,careers_tiktok,20230203091759,https://careers.tiktok.com/position/7138688685515737375/detail,1
7138689292075026719,lifeattiktok,20260417082421,https://lifeattiktok.com/search/7138689292075026719?spread=5MWH5CQ,2
7138766982819940638,lifeattiktok,20241206084603,https://lifeattiktok.com/search/7138766982819940638?spread=XKM9ZXE,1
7138921636938942756,careers_tiktok,20221016024959,https://careers.tiktok.com/position/7138921636938942756/detail,1
7138929146457000229,careers_tiktok,20230321052501,https://careers.tiktok.com/position/7138929146457000229/detail?spread=5MWH5CQ,1
7138951723247569159,careers_tiktok,20230120200351,https://careers.tiktok.com/position/7138951723247569159/detail,1
7138957115951417630,careers_tiktok,20221015013101,https://careers.tiktok.com/position/7138957115951417630/detail,1
7138996494163003655,lifeattiktok,20241206074127,https://lifeattiktok.com/search/7138996494163003655?spread=5MWH5CQ,3
7138999209156036877,careers_tiktok,20230607022941,https://careers.tiktok.com/position/7138999209156036877/detail?spread=5MWH5CQ,1
7139000667113031967,jobs_bytedance,20230331134723,https://jobs.bytedance.com/en/position/7139000667113031967/detail?spread=BSPP2KS,1
7139000852803864863,careers_tiktok,20220927211345,https://careers.tiktok.com/position/7139000852803864863/detail?spread=5MWH5CQ,2
7139001858094434597,careers_tiktok,20221027204443,https://careers.tiktok.com/position/7139001858094434597/detail,1
7139189931088578829,careers_tiktok,20221119101746,https://careers.tiktok.com/position/7139189931088578829/detail?spread=5MWH5CQ,2
7139191489644677390,lifeattiktok,20260208200704,https://lifeattiktok.com/search/7139191489644677390,2
7139652081774496036,careers_tiktok,20221223054449,https://careers.tiktok.com/position/7139652081774496036/detail,2
7139722794954295583,lifeattiktok,20241206064143,https://lifeattiktok.com/search/7139722794954295583?spread=G1DWUPV,3
7139734545570187533,careers_tiktok,20230607033310,https://careers.tiktok.com/position/7139734545570187533/detail?spread=5MWH5CQ,1
7140097441752353031,lifeattiktok,20250206231827,https://lifeattiktok.com/search/7140097441752353031?spread=5MWH5CQ,2
7140115057740204318,careers_tiktok,20221129132832,https://careers.tiktok.com/position/7140115057740204318/detail,1
7140124938577594655,careers_tiktok,20221129133702,https://careers.tiktok.com/position/7140124938577594655/detail,1
7140409881698584862,jobs_bytedance,20230331125457,https://jobs.bytedance.com/en/position/7140409881698584862/detail?spread=BSPP2KS,1
7140409912258316557,careers_tiktok,20221021180340,https://careers.tiktok.com/position/7140409912258316557/detail?spread=G1DWUPV,3
7140410179162196238,lifeattiktok,20250315075626,https://lifeattiktok.com/search/7140410179162196238?spread=G1DWUPV,4
7140410366391634207,careers_tiktok,20221017014925,https://careers.tiktok.com/position/7140410366391634207/detail,2
7140412525653575973,jobs_bytedance,20231204163310,https://jobs.bytedance.com/en/position/7140412525653575973/detail,1
7140413316640033031,jobs_bytedance,20231204152614,https://jobs.bytedance.com/en/position/7140413316640033031/detail,1
7140557383294060836,careers_tiktok,20230501185944,https://careers.tiktok.com/position/7140557383294060836/,1
7140589998042859784,lifeattiktok,20250206223027,https://lifeattiktok.com/search/7140589998042859784?spread=5MWH5CQ,3
7140694890908944677,lifeattiktok,20250427041503,https://lifeattiktok.com/search/7140694890908944677?spread=5MWH5CQ,3
7140744487361317133,careers_tiktok,20220923203238,https://careers.tiktok.com/position/7140744487361317133/detail,1
7140855323024230687,careers_tiktok,20220923203244,https://careers.tiktok.com/position/7140855323024230687/detail,1
7140970160358361375,jobs_bytedance,20230311124347,https://jobs.bytedance.com/en/position/7140970160358361375/detail,1
7141035527784204558,lifeattiktok,20250206220934,https://lifeattiktok.com/search/7141035527784204558,2
7141177600249153800,careers_tiktok,20230924160642,https://careers.tiktok.com/position/7141177600249153800/detail,1
7141287098174327076,careers_tiktok,20230801153954,https://careers.tiktok.com/position/7141287098174327076/detail,2
7141429947822147871,jobs_bytedance,20231204152052,https://jobs.bytedance.com/en/position/7141429947822147871/detail,1
7142002167027829029,careers_tiktok,20231025073114,https://careers.tiktok.com/position/7142002167027829029/detail?spread=XKM9ZXE,1
7142493825523927304,lifeattiktok,20250124234745,https://lifeattiktok.com/search/7142493825523927304?spread=5MWH5CQ,3
7142550962228545828,careers_tiktok,20220915200353,https://careers.tiktok.com/position/7142550962228545828/detail,1
7142775305773156644,lifeattiktok,20251222193127,https://lifeattiktok.com/search/7142775305773156644,1
7142804451978971406,lifeattiktok,20260606113949,https://lifeattiktok.com/search/7142804451978971406,2
7142877344792021255,careers_tiktok,20221105164616,https://careers.tiktok.com/position/7142877344792021255/detail,2
7143106720267880734,lifeattiktok,20250501210650,https://lifeattiktok.com/search/7143106720267880734?spread=5MWH5CQ,3
7143271147021420831,lifeattiktok,20250716153430,https://lifeattiktok.com/search/7143271147021420831,2
7143358445982124301,careers_tiktok,20221129145153,https://careers.tiktok.com/position/7143358445982124301/detail?spread=5MWH5CQ,1
7143365135531444488,careers_tiktok,20230321053545,https://careers.tiktok.com/position/7143365135531444488/detail?spread=5MWH5CQ,1
7143550574550042910,careers_tiktok,20230604113437,https://careers.tiktok.com/position/7143550574550042910/detail,1
7143567008285313310,careers_tiktok,20221016150049,https://careers.tiktok.com/position/7143567008285313310/detail,1
7143659871959288095,jobs_bytedance,20220920190328,https://jobs.bytedance.com/en/position/7143659871959288095/detail?spread=BSPP2KS,1
7143726248978843912,careers_tiktok,20230321052739,https://careers.tiktok.com/position/7143726248978843912/detail?spread=5MWH5CQ,1
7143974063747713294,careers_tiktok,20230801144447,https://careers.tiktok.com/position/7143974063747713294/detail,1
7144064119883319588,careers_tiktok,20221001040829,https://careers.tiktok.com/position/7144064119883319588/detail,1
7144068702060022023,careers_tiktok,20230203104000,https://careers.tiktok.com/position/7144068702060022023/detail,1
7144107870166485285,careers_tiktok,20240614023932,https://careers.tiktok.com/position/7144107870166485285/detail,1
7144936549301160229,jobs_bytedance,20231204161052,https://jobs.bytedance.com/en/position/7144936549301160229/detail,1
7145007551947131144,jobs_bytedance,20250715042038,https://jobs.bytedance.com/en/position/7145007551947131144/detail?utm_source=Technology+Crossover+Ventures+job+board&utm_medium=getro.com&gh_src=Technology+Crossover+Ventures+job+board,1
7145012949344717069,jobs_bytedance,20230311175033,https://jobs.bytedance.com/en/position/7145012949344717069/detail,1
7145035342801340680,lifeattiktok,20241206070451,https://lifeattiktok.com/search/7145035342801340680,1
7145053140566771981,careers_tiktok,20221129133236,https://careers.tiktok.com/position/7145053140566771981/detail,1
7145071816879442206,lifeattiktok,20250502114655,https://lifeattiktok.com/search/7145071816879442206,2
7145161353984084232,careers_tiktok,20220926203043,https://careers.tiktok.com/position/7145161353984084232/detail,2
7145322984432060702,careers_tiktok,20221001041016,https://careers.tiktok.com/position/7145322984432060702/detail,1
7145349048839457031,lifeattiktok,20241126184614,https://lifeattiktok.com/search/7145349048839457031,2
7145349534330226980,careers_tiktok,20230203101231,https://careers.tiktok.com/position/7145349534330226980/detail,1
7145448104615479559,careers_tiktok,20221129152914,https://careers.tiktok.com/position/7145448104615479559/detail,1
7145545187225815332,lifeattiktok,20250912214335,https://lifeattiktok.com/search/7145545187225815332,2
7145598099875940615,lifeattiktok,20260417090656,https://lifeattiktok.com/search/7145598099875940615?spread=5MWH5CQ,2
7145598103314909471,careers_tiktok,20230607014447,https://careers.tiktok.com/position/7145598103314909471/detail?spread=5MWH5CQ,1
7145613586881988895,careers_tiktok,20231101192850,https://careers.tiktok.com/position/7145613586881988895/detail,2
7145750839498590501,careers_tiktok,20230321034914,https://careers.tiktok.com/position/7145750839498590501/detail,1
7145883784872052999,careers_tiktok,20230208081307,https://careers.tiktok.com/position/7145883784872052999/detail,1
7145894479663794468,careers_tiktok,20221129151149,https://careers.tiktok.com/position/7145894479663794468/detail,1
7145941196425283853,lifeattiktok,20250518044127,https://lifeattiktok.com/search/7145941196425283853?spread=5MWH5CQ,3
7145949512828700959,careers_tiktok,20221129142452,https://careers.tiktok.com/position/7145949512828700959/detail,1
7145956716672534797,lifeattiktok,20250124232208,https://lifeattiktok.com/search/7145956716672534797?spread=5MWH5CQ,2
7146018574912538893,careers_tiktok,20221001044512,https://careers.tiktok.com/position/7146018574912538893/detail,1
7146028760390748452,jobs_bytedance,20230311114522,https://jobs.bytedance.com/en/position/7146028760390748452/detail,1
7146039406402537736,jobs_bytedance,20230311130508,https://jobs.bytedance.com/en/position/7146039406402537736/detail,1
7146055048187267359,careers_tiktok,20230407172657,https://careers.tiktok.com/position/7146055048187267359/detail,1
7146153523325995301,lifeattiktok,20250315080247,https://lifeattiktok.com/search/7146153523325995301?spread=5MWH5CQ,3
7146198007717005604,careers_tiktok,20221001045749,https://careers.tiktok.com/position/7146198007717005604/detail,1
7146272997765826830,careers_tiktok,20230203091244,https://careers.tiktok.com/position/7146272997765826830/detail,1
7146306931769215239,careers_tiktok,20230321054312,https://careers.tiktok.com/position/7146306931769215239/detail,1
7146308432391817509,careers_tiktok,20240228004105,https://careers.tiktok.com/position/7146308432391817509/detail,1
7146423112711948581,lifeattiktok,20241206075310,https://lifeattiktok.com/search/7146423112711948581?spread=5MWH5CQ,3
7146423819238115592,lifeattiktok,20250315084905,https://lifeattiktok.com/search/7146423819238115592,2
7146613782138685704,careers_tiktok,20230124060009,https://careers.tiktok.com/position/7146613782138685704/detail,1
7147607298469759269,lifeattiktok,20260124055053,https://lifeattiktok.com/search/7147607298469759269,2
7147719854749239582,lifeattiktok,20250516041446,https://lifeattiktok.com/search/7147719854749239582?spread=5MWH5CQ,3
7147792967012141348,lifeattiktok,20260208203405,https://lifeattiktok.com/search/7147792967012141348,2
7147823784039942407,careers_tiktok,20230924173121,https://careers.tiktok.com/position/7147823784039942407/detail,1
7147823786451208478,lifeattiktok,20250427035317,https://lifeattiktok.com/search/7147823786451208478,2
7147865550168475912,lifeattiktok,20250912213519,https://lifeattiktok.com/search/7147865550168475912,1
7148145173943388430,lifeattiktok,20250124221103,https://lifeattiktok.com/search/7148145173943388430,2
7148167933298329893,lifeattiktok,20260520040524,https://lifeattiktok.com/search/7148167933298329893,1
7148214074940377381,careers_tiktok,20230604101110,https://careers.tiktok.com/position/7148214074940377381/detail,1
7148377484378933541,careers_tiktok,20221026131116,https://careers.tiktok.com/position/7148377484378933541/detail,1
7148477501441034527,lifeattiktok,20250315072734,https://lifeattiktok.com/search/7148477501441034527,3
7148569736305019143,lifeattiktok,20241206084639,https://lifeattiktok.com/search/7148569736305019143,5
7148703423239981343,lifeattiktok,20250912214530,https://lifeattiktok.com/search/7148703423239981343?spread=5MWH5CQ,3
7148911156610517285,careers_tiktok,20230311120253,https://careers.tiktok.com/position/7148911156610517285/detail,1
7149186029710559501,careers_tiktok,20221107113625,https://careers.tiktok.com/position/7149186029710559501/detail,2
7149234906970720520,jobs_bytedance,20230130205758,https://jobs.bytedance.com/en/position/7149234906970720520/detail,1
7150164847521974541,jobs_bytedance,20240721201242,https://jobs.bytedance.com/en/position/7150164847521974541/detail?utm_source=Technology+Crossover+Ventures+job+board&utm_medium=getro.com&gh_src=Technology+Crossover+Ventures+job+board,1
7150301551948941599,careers_tiktok,20221005160800,https://careers.tiktok.com/position/7150301551948941599/detail,1
7150320613965728036,careers_tiktok,20221219225935,https://careers.tiktok.com/position/7150320613965728036/detail,1
7150394894300875015,careers_tiktok,20221129141621,https://careers.tiktok.com/position/7150394894300875015/detail,1
7150440717129976095,careers_tiktok,20221129140233,https://careers.tiktok.com/position/7150440717129976095/detail,1
7150532292878846245,careers_tiktok,20221014224454,https://careers.tiktok.com/position/7150532292878846245/detail,2
7150750186796665101,careers_tiktok,20231101145420,https://careers.tiktok.com/position/7150750186796665101/detail,1
7151058363903854879,careers_tiktok,20231101144317,https://careers.tiktok.com/position/7151058363903854879/detail,2
7151085275463502111,lifeattiktok,20250505143855,https://lifeattiktok.com/search/7151085275463502111?spread=5MWH5CQ,3
7151383800751655175,lifeattiktok,20260417085238,https://lifeattiktok.com/search/7151383800751655175?spread=5MWH5CQ,4
7151399395732261134,careers_tiktok,20230314233430,https://careers.tiktok.com/position/7151399395732261134/detail,1
7151407289760483621,lifeattiktok,20250124223745,https://lifeattiktok.com/search/7151407289760483621,2
7151411230699735326,careers_tiktok,20221129144729,https://careers.tiktok.com/position/7151411230699735326/detail,1
7151481218491599118,careers_tiktok,20221007202512,https://careers.tiktok.com/position/7151481218491599118/detail?spread=5MWH5CQ,1
7151513929025603847,careers_tiktok,20230801152555,https://careers.tiktok.com/position/7151513929025603847/detail?spread=5MWH5CQ,1
7151832802920368415,careers_tiktok,20230210032206,https://careers.tiktok.com/position/7151832802920368415/detail,2
7151833139693996296,lifeattiktok,20250613185821,https://lifeattiktok.com/search/7151833139693996296,2
7153042802200021261,lifeattiktok,20250206221945,https://lifeattiktok.com/search/7153042802200021261?spread=5MWH5CQ,3
7153127745362839816,jobs_bytedance,20240721190355,https://jobs.bytedance.com/en/position/7153127745362839816/detail?utm_source=Technology+Crossover+Ventures+job+board&utm_medium=getro.com&gh_src=Technology+Crossover+Ventures+job+board,1
7153264378874349861,careers_tiktok,20221026111748,https://careers.tiktok.com/position/7153264378874349861/detail,1
7153266338374486280,careers_tiktok,20230203094307,https://careers.tiktok.com/position/7153266338374486280/detail,1
7153568554171124005,careers_tiktok,20221104103056,https://careers.tiktok.com/position/7153568554171124005/detail,2
7153602674071636231,lifeattiktok,20260208195517,https://lifeattiktok.com/search/7153602674071636231,2
7153603560369326344,lifeattiktok,20251223103135,https://lifeattiktok.com/search/7153603560369326344,1
7153765116047247623,careers_tiktok,20241014202043,https://careers.tiktok.com/position/7153765116047247623/detail,1
7154008997534648607,careers_tiktok,20230801101441,https://careers.tiktok.com/position/7154008997534648607/detail?spread=5MWH5CQ,2
7154009072612755748,careers_tiktok,20230801142411,https://careers.tiktok.com/position/7154009072612755748/detail?spread=5MWH5CQ,4
7154041681239099661,lifeattiktok,20250124232539,https://lifeattiktok.com/search/7154041681239099661?spread=5MWH5CQ,3
7154307332251158792,jobs_bytedance,20221029090330,https://jobs.bytedance.com/en/position/7154307332251158792,2
7154385500400355614,lifeattiktok,20250427031825,https://lifeattiktok.com/search/7154385500400355614,3
7154437591487629604,jobs_bytedance,20221025235941,https://jobs.bytedance.com/en/position/7154437591487629604/detail,1
7154522711124724004,jobs_bytedance,20250622054030,https://jobs.bytedance.com/en/position/7154522711124724004/detail?utm_source=Technology+Crossover+Ventures+job+board&utm_medium=getro.com&gh_src=Technology+Crossover+Ventures+job+board,1
7155390583187523853,lifeattiktok,20250613200239,https://lifeattiktok.com/search/7155390583187523853,2
7155406728103201054,lifeattiktok,20250613185457,https://lifeattiktok.com/search/7155406728103201054,4
7155582376645576967,careers_tiktok,20230924164029,https://careers.tiktok.com/position/7155582376645576967/detail,1
7155780475054590238,careers_tiktok,20221129143155,https://careers.tiktok.com/position/7155780475054590238/detail,1
7156159163972995364,jobs_bytedance,20221031093818,https://jobs.bytedance.com/en/position/7156159163972995364/detail?spread=BSPP2KS,1
7156267721184626975,lifeattiktok,20250206231123,https://lifeattiktok.com/search/7156267721184626975,2
7156598634934372645,jobs_bytedance,20230119092358,https://jobs.bytedance.com/en/position/7156598634934372645/detail,2
7156775370858678565,careers_tiktok,20230311113547,https://careers.tiktok.com/position/7156775370858678565/detail,1
7156789321369880868,jobs_bytedance,20230801092117,https://jobs.bytedance.com/en/position/7156789321369880868/detail,2
7156793810608376072,lifeattiktok,20250919213058,https://lifeattiktok.com/search/7156793810608376072,1
7157026931156732173,careers_tiktok,20230203092916,https://careers.tiktok.com/position/7157026931156732173/detail,1
7158178754623129864,careers_tiktok,20221124132038,https://careers.tiktok.com/position/7158178754623129864/detail?spread=5MWH5CQ,2
7158383199654217991,careers_tiktok,20221028135743,https://careers.tiktok.com/position/7158383199654217991/detail?spread=XKM9ZXE,2
7158464724991592717,careers_tiktok,20230307234026,https://careers.tiktok.com/position/7158464724991592717/detail,2
7158501109040023845,lifeattiktok,20250510101636,https://lifeattiktok.com/search/7158501109040023845?spread=XKM9ZXE,3
7158502631597738277,careers_tiktok,20230203095703,https://careers.tiktok.com/position/7158502631597738277/detail,1
7158503972922312973,lifeattiktok,20250428193436,https://lifeattiktok.com/search/7158503972922312973,2
7158504256357533989,careers_tiktok,20230203104441,https://careers.tiktok.com/position/7158504256357533989/detail,1
7158514127487813895,careers_tiktok,20230314034257,https://careers.tiktok.com/position/7158514127487813895/detail,2
7158731868019001613,lifeattiktok,20250124223640,https://lifeattiktok.com/search/7158731868019001613,2
7159136838115952927,careers_tiktok,20221104073939,https://careers.tiktok.com/position/7159136838115952927/detail,2
7159137189216356638,careers_tiktok,20221104074011,https://careers.tiktok.com/position/7159137189216356638/detail,2
7159142560249710861,careers_tiktok,20230801112837,https://careers.tiktok.com/position/7159142560249710861/detail,2
7159242567040796942,careers_tiktok,20230806071432,https://careers.tiktok.com/position/7159242567040796942/detail,2
7159364510805149966,lifeattiktok,20260520033419,https://lifeattiktok.com/search/7159364510805149966?spread=5MWH5CQ,2
7160471506588518693,careers_tiktok,20221129150758,https://careers.tiktok.com/position/7160471506588518693/detail?utm_campaign=SF%20Data%20Weekly&utm_medium=email&utm_source=Revue%20newsletter,1
7160647231166744845,careers_tiktok,20230311102414,https://careers.tiktok.com/position/7160647231166744845/detail,1
7160647752111950093,jobs_bytedance,20230130212037,https://jobs.bytedance.com/en/position/7160647752111950093/detail,1
7160708239528380709,lifeattiktok,20250504103629,https://lifeattiktok.com/search/7160708239528380709?spread=5MWH5CQ,4
7160800314096912676,careers_tiktok,20230321054114,https://careers.tiktok.com/position/7160800314096912676/detail,1
7161157495577413895,careers_tiktok,20230124060009,https://careers.tiktok.com/position/7161157495577413895/detail,1
7161162479660976414,jobs_bytedance,20250524040011,https://jobs.bytedance.com/en/position/7161162479660976414/detail?utm_source=Coatue+Management+job+board&utm_medium=getro.com&gh_src=Coatue+Management+job+board,2
7161192365255051557,careers_tiktok,20230924161034,https://careers.tiktok.com/position/7161192365255051557/detail,1
7161224295049693470,jobs_bytedance,20230311110547,https://jobs.bytedance.com/en/position/7161224295049693470/detail,1
7161247201519388959,careers_tiktok,20221115035822,https://careers.tiktok.com/position/7161247201519388959/detail,1
7161363445840808200,careers_tiktok,20230408053507,https://careers.tiktok.com/position/7161363445840808200/detail,2
7161396351031707918,careers_tiktok,20230604100606,https://careers.tiktok.com/position/7161396351031707918/detail,1
7161475883690281223,careers_tiktok,20230311132025,https://careers.tiktok.com/position/7161475883690281223/detail,1
7161823196458600718,careers_tiktok,20230321044830,https://careers.tiktok.com/position/7161823196458600718/detail,1
7161842308374858020,careers_tiktok,20230924180737,https://careers.tiktok.com/position/7161842308374858020/detail,1
7161897559552018701,careers_tiktok,20230321043526,https://careers.tiktok.com/position/7161897559552018701/detail,1
7162095768382720287,careers_tiktok,20230801120605,https://careers.tiktok.com/position/7162095768382720287/detail?spread=5MWH5CQ,2
7162105524803258661,careers_tiktok,20230801111635,https://careers.tiktok.com/position/7162105524803258661/detail,1
7162231063547922725,careers_tiktok,20230311115712,https://careers.tiktok.com/position/7162231063547922725/detail,1
7162244951588784392,careers_tiktok,20230604095520,https://careers.tiktok.com/position/7162244951588784392/detail,1
7162259913627060494,careers_tiktok,20231101072251,https://careers.tiktok.com/position/7162259913627060494/detail?spread=5MWH5CQ,2
7162266991318026527,careers_tiktok,20230203095303,https://careers.tiktok.com/position/7162266991318026527/detail,1
7163150142651779342,lifeattiktok,20250427031651,https://lifeattiktok.com/search/7163150142651779342,1
7163309284636985637,lifeattiktok,20250206221604,https://lifeattiktok.com/search/7163309284636985637,2
7163342447317633288,careers_tiktok,20230311132827,https://careers.tiktok.com/position/7163342447317633288/detail,1
7163365368895408392,careers_tiktok,20230330024834,https://careers.tiktok.com/position/7163365368895408392/detail?spread=5MWH5CQ,2
7163396159514626317,jobs_bytedance,20240914044209,https://jobs.bytedance.com/en/position/7163396159514626317/detail?utm_source=Lead+Edge+Capital+job+board&utm_medium=getro.com&gh_src=Lead+Edge+Capital+job+board,2
7163501493378337031,careers_tiktok,20230514093232,https://careers.tiktok.com/position/7163501493378337031/detail,1
7163502229747190053,careers_tiktok,20230321053011,https://careers.tiktok.com/position/7163502229747190053/detail,1
7163503906609400072,lifeattiktok,20250315072009,https://lifeattiktok.com/search/7163503906609400072,3
7163611628078926088,lifeattiktok,20250206220734,https://lifeattiktok.com/search/7163611628078926088,1
7163652996679780638,careers_tiktok,20230421032108,https://careers.tiktok.com/position/7163652996679780638/detail,2
7163775216995322142,careers_tiktok,20230311180933,https://careers.tiktok.com/position/7163775216995322142/detail,1
7163777191808010533,careers_tiktok,20230924170629,https://careers.tiktok.com/position/7163777191808010533/detail,1
7163920392674150692,careers_tiktok,20230124060009,https://careers.tiktok.com/position/7163920392674150692/detail,1
7164229115976894733,careers_tiktok,20221219225926,https://careers.tiktok.com/position/7164229115976894733/detail,1
7164558892650367239,jobs_bytedance,20230130222303,https://jobs.bytedance.com/en/position/7164558892650367239/detail,1
7164782605773293837,careers_tiktok,20230121050659,https://careers.tiktok.com/position/7164782605773293837/detail,2
7164816087124494629,lifeattiktok,20251015122642,https://lifeattiktok.com/search/7164816087124494629?spread=5MWH5CQ,3
7164820248473454885,careers_tiktok,20221129143234,https://careers.tiktok.com/position/7164820248473454885/detail,1
7164820301451446542,careers_tiktok,20221129152724,https://careers.tiktok.com/position/7164820301451446542/detail,1
7164824379133774117,careers_tiktok,20221129135657,https://careers.tiktok.com/position/7164824379133774117/detail,1
7164825470688790814,careers_tiktok,20230124060009,https://careers.tiktok.com/position/7164825470688790814/detail,1
7164877710137231653,careers_tiktok,20221129134353,https://careers.tiktok.com/position/7164877710137231653/detail,1
7164882199433578783,careers_tiktok,20221129152455,https://careers.tiktok.com/position/7164882199433578783/detail,1
7164931111964002590,careers_tiktok,20230619091602,https://careers.tiktok.com/position/7164931111964002590/detail,1
7165576221421979935,careers_tiktok,20230801092545,https://careers.tiktok.com/position/7165576221421979935/detail?spread=5MWH5CQ,2
7165707480575887647,jobs_bytedance,20250801210504,https://jobs.bytedance.com/en/position/7165707480575887647/detail,1
7165738508861458718,jobs_bytedance,20240815055623,https://jobs.bytedance.com/en/position/7165738508861458718/detail?utm_source=Technology+Crossover+Ventures+job+board&utm_medium=getro.com&gh_src=Technology+Crossover+Ventures+job+board,1
7165745104442034440,jobs_bytedance,20250622044333,https://jobs.bytedance.com/en/position/7165745104442034440/detail?utm_source=Technology+Crossover+Ventures+job+board&utm_medium=getro.com&gh_src=Technology+Crossover+Ventures+job+board,1
7165747635068193055,jobs_bytedance,20231204171535,https://jobs.bytedance.com/en/position/7165747635068193055/detail?spread=BSPP2KS,1
7165787941553359112,lifeattiktok,20250428115632,https://lifeattiktok.com/search/7165787941553359112?spread=5MWH5CQ,3
7165831175586957576,careers_tiktok,20231101080946,https://careers.tiktok.com/position/7165831175586957576/detail,2
7166040695772514568,careers_tiktok,20230924173431,https://careers.tiktok.com/position/7166040695772514568/detail,4
7166041779673368846,jobs_bytedance,20240811094645,https://jobs.bytedance.com/en/position/7166041779673368846/detail?utm_source=Lead+Edge+Capital+job+board&utm_medium=getro.com&gh_src=Lead+Edge+Capital+job+board,1
7166044219001538852,jobs_bytedance,20250622050521,https://jobs.bytedance.com/en/position/7166044219001538852/detail?utm_source=Technology+Crossover+Ventures+job+board&utm_medium=getro.com&gh_src=Technology+Crossover+Ventures+job+board,1
7166271391451892004,jobs_bytedance,20250622052147,https://jobs.bytedance.com/en/position/7166271391451892004/detail?utm_source=Technology+Crossover+Ventures+job+board&utm_medium=getro.com&gh_src=Technology+Crossover+Ventures+job+board,2
7166556301714458888,lifeattiktok,20241206074744,https://lifeattiktok.com/search/7166556301714458888?spread=5MWH5CQ%3Fref%3Dreactjobs.io,2
7166558348522637598,lifeattiktok,20250125000148,https://lifeattiktok.com/search/7166558348522637598?spread=5MWH5CQ%3Fref%3Dreactjobs.io,1
7166567430877366564,careers_tiktok,20221121180516,https://careers.tiktok.com/position/7166567430877366564/detail,2
7166719657423128840,careers_tiktok,20221129140744,https://careers.tiktok.com/position/7166719657423128840/detail,1
7166722277169482014,careers_tiktok,20221129133002,https://careers.tiktok.com/position/7166722277169482014/detail,1
7166722277169858846,careers_tiktok,20221129134616,https://careers.tiktok.com/position/7166722277169858846/detail,1
7166921709353715981,careers_tiktok,20230203113425,https://careers.tiktok.com/position/7166921709353715981/detail,1
7166933608241924359,careers_tiktok,20230311113112,https://careers.tiktok.com/position/7166933608241924359/detail,2
7166934526084843789,jobs_bytedance,20230516134242,https://jobs.bytedance.com/en/position/7166934526084843789/detail,1
7167031776395741477,lifeattiktok,20250427175025,https://lifeattiktok.com/search/7167031776395741477?spread=5MWH5CQ,3
7167178169421760781,careers_tiktok,20221129135746,https://careers.tiktok.com/position/7167178169421760781/detail,1
7167181025032997150,careers_tiktok,20230321043404,https://careers.tiktok.com/position/7167181025032997150/detail,1
7167425714403739941,careers_tiktok,20221129154705,https://careers.tiktok.com/position/7167425714403739941/detail,1
7167445261764905230,lifeattiktok,20250315064655,https://lifeattiktok.com/search/7167445261764905230,1
7168309161946712327,careers_tiktok,20230924171404,https://careers.tiktok.com/position/7168309161946712327/detail,1
7168402236861843725,careers_tiktok,20230924161248,https://careers.tiktok.com/position/7168402236861843725/detail,1
7168612438287829285,careers_tiktok,20221129140531,https://careers.tiktok.com/position/7168612438287829285/detail,1
7168713791810472222,careers_tiktok,20230607032827,https://careers.tiktok.com/position/7168713791810472222/detail,1
7168773523691014407,lifeattiktok,20241206073245,https://lifeattiktok.com/search/7168773523691014407,2
7169228383187519752,lifeattiktok,20250718104709,https://lifeattiktok.com/search/7169228383187519752,1
7169234736342272270,careers_tiktok,20221220121936,https://careers.tiktok.com/position/7169234736342272270/detail,1
7169273260387060004,careers_tiktok,20230924164910,https://careers.tiktok.com/position/7169273260387060004/detail,1
7169409527791880461,lifeattiktok,20250516054218,https://lifeattiktok.com/search/7169409527791880461,2
7169631981913983262,careers_tiktok,20230607032905,https://careers.tiktok.com/position/7169631981913983262/detail,1
7169834528965314823,careers_tiktok,20231208124455,https://careers.tiktok.com/position/7169834528965314823/detail?spread=5MWH5CQ,1
7169838796191844615,lifeattiktok,20250613192759,https://lifeattiktok.com/search/7169838796191844615,2
7169874533729143053,jobs_bytedance,20250617020237,https://jobs.bytedance.com/en/position/7169874533729143053/detail?utm_source=Technology+Crossover+Ventures+job+board&utm_medium=getro.com&gh_src=Technology+Crossover+Ventures+job+board,1
7171180476932786463,careers_tiktok,20230202154026,https://careers.tiktok.com/position/7171180476932786463/detail,1
7171205387722393892,careers_tiktok,20230104184357,https://careers.tiktok.com/position/7171205387722393892/detail,2
7171221246439688484,careers_tiktok,20230924172022,https://careers.tiktok.com/position/7171221246439688484/detail,1
7171424330999384333,careers_tiktok,20230121051547,https://careers.tiktok.com/position/7171424330999384333/detail,2
7171437825497352461,careers_tiktok,20231101082413,https://careers.tiktok.com/position/7171437825497352461/detail?spread=5MWH5CQ,2
7171700764107999525,lifeattiktok,20260710212806,https://lifeattiktok.com/search/7171700764107999525,1
7171779915682924831,careers_tiktok,20221202120431,https://careers.tiktok.com/position/7171779915682924831/detail,1
7171963654245419277,careers_tiktok,20231101061317,https://careers.tiktok.com/position/7171963654245419277/detail?spread=5MWH5CQ,2
7172142984447756558,lifeattiktok,20241206074052,https://lifeattiktok.com/search/7172142984447756558,2
7172352973371754789,careers_tiktok,20230604111548,https://careers.tiktok.com/position/7172352973371754789/detail,1
7172546340815522055,lifeattiktok,20250613201706,https://lifeattiktok.com/search/7172546340815522055,2
7173739211711318308,lifeattiktok,20250206220532,https://lifeattiktok.com/search/7173739211711318308,1
7174101184105204004,jobs_bytedance,20230124184007,https://jobs.bytedance.com/en/position/7174101184105204004/detail,1
7174146044468365576,careers_tiktok,20230604094727,https://careers.tiktok.com/position/7174146044468365576/detail,1
7174295058178361637,careers_tiktok,20230810124539,https://careers.tiktok.com/position/7174295058178361637/detail,1
7174482013360113957,careers_tiktok,20240228004021,https://careers.tiktok.com/position/7174482013360113957/detail?utm_source=Products+That+Count+job+board&utm_medium=getro.com&gh_src=Products+That+Count+job+board,2
7174514755590506760,careers_tiktok,20230604111923,https://careers.tiktok.com/position/7174514755590506760/detail,1
7174542927947172132,careers_tiktok,20230321053625,https://careers.tiktok.com/position/7174542927947172132/detail,1
7174763948364106039,jobs_bytedance,20241007024307,https://jobs.bytedance.com/en/position/7174763948364106039/detail?utm_source=Lead+Edge+Capital+job+board&utm_medium=getro.com&gh_src=Lead+Edge+Capital+job+board,1
7176130204065433914,jobs_bytedance,20230311112248,https://jobs.bytedance.com/en/position/7176130204065433914/detail,1
7176478417519905079,careers_tiktok,20230124060009,https://careers.tiktok.com/position/7176478417519905079/detail,1
7176544131552364855,lifeattiktok,20251209110007,https://lifeattiktok.com/search/7176544131552364855?utm_source=Getro.org+job+board&utm_medium=getro.com&gh_src=Getro.org+job+board,1
7176720927231740219,lifeattiktok,20250722205002,https://lifeattiktok.com/search/7176720927231740219,1
7176753748639189306,lifeattiktok,20260114150828,https://lifeattiktok.com/search/7176753748639189306,2
7176756206304282935,lifeattiktok,20250206224429,https://lifeattiktok.com/search/7176756206304282935,2
7176776103229409592,lifeattiktok,20250613194547,https://lifeattiktok.com/search/7176776103229409592,2
7176785324370397501,jobs_bytedance,20250622043458,https://jobs.bytedance.com/en/position/7176785324370397501/detail?utm_source=Technology+Crossover+Ventures+job+board&utm_medium=getro.com&gh_src=Technology+Crossover+Ventures+job+board,1
7176832973630474552,careers_tiktok,20230924170317,https://careers.tiktok.com/position/7176832973630474552/detail,1
7176885890415888700,careers_tiktok,20230112234643,https://careers.tiktok.com/position/7176885890415888700/detail,1
7177060131384527163,careers_tiktok,20231208115135,https://careers.tiktok.com/position/7177060131384527163/detail?spread=5MWH5CQ,1
7177101185152256293,careers_tiktok,20230514061617,https://careers.tiktok.com/position/7177101185152256293/detail,1
7177101198729644345,careers_tiktok,20230607014919,https://careers.tiktok.com/position/7177101198729644345/detail,1
7177101429969750327,careers_tiktok,20230523181035,https://careers.tiktok.com/position/7177101429969750327/detail,1
7177101466576947515,careers_tiktok,20230321045929,https://careers.tiktok.com/position/7177101466576947515/detail,1
7177101632315443516,careers_tiktok,20230407172658,https://careers.tiktok.com/position/7177101632315443516/detail,1
7177132998377605434,lifeattiktok,20250427043657,https://lifeattiktok.com/search/7177132998377605434,2
7177169395479234877,careers_tiktok,20230407172657,https://careers.tiktok.com/position/7177169395479234877/detail,1
7177198352756672829,careers_tiktok,20230321052419,https://careers.tiktok.com/position/7177198352756672829/detail,1
7177282388530727227,jobs_bytedance,20230311102926,https://jobs.bytedance.com/en/position/7177282388530727227/detail,1
7177407642435946812,lifeattiktok,20260222213327,https://lifeattiktok.com/search/7177407642435946812,1
7177407705627625785,lifeattiktok,20250516052939,https://lifeattiktok.com/search/7177407705627625785?spread=G1DWUPV,2
7177410726575262008,careers_tiktok,20230924171233,https://careers.tiktok.com/position/7177410726575262008/detail?spread=5MWH5CQ,1
7177415614699997500,jobs_bytedance,20230311112715,https://jobs.bytedance.com/en/position/7177415614699997500/detail,1
7177513720099621179,careers_tiktok,20230604114443,https://careers.tiktok.com/position/7177513720099621179/detail,1
7177740656894642469,careers_tiktok,20230102163306,https://careers.tiktok.com/position/7177740656894642469/detail,1
7178919293945399612,careers_tiktok,20230320122156,https://careers.tiktok.com/position/7178919293945399612/detail,2
7179052200663566651,careers_tiktok,20230331105201,https://careers.tiktok.com/position/7179052200663566651/detail,1
7179054119319275831,lifeattiktok,20250206230720,https://lifeattiktok.com/search/7179054119319275831?spread=5MWH5CQ,2
7179112683886446909,lifeattiktok,20250404102724,https://lifeattiktok.com/search/7179112683886446909,3
7179337058070038844,careers_tiktok,20230321045531,https://careers.tiktok.com/position/7179337058070038844/detail,1
7179342651870120252,careers_tiktok,20230407172657,https://careers.tiktok.com/position/7179342651870120252/detail,1
7179512883063294268,lifeattiktok,20250709185404,https://lifeattiktok.com/search/7179512883063294268,1
7179533240105208121,jobs_bytedance,20230801163230,https://jobs.bytedance.com/en/position/7179533240105208121/detail?spread=BSPP2KS,2
7179736385661716796,lifeattiktok,20241217104201,https://lifeattiktok.com/search/7179736385661716796,2
7179771252726729015,careers_tiktok,20230321051341,https://careers.tiktok.com/position/7179771252726729015/detail,1
7179772781579061559,careers_tiktok,20230321045314,https://careers.tiktok.com/position/7179772781579061559/detail,1
7179773931316939069,careers_tiktok,20230321040900,https://careers.tiktok.com/position/7179773931316939069/detail,1
7179900761119590714,lifeattiktok,20251015113510,https://lifeattiktok.com/search/7179900761119590714,2
7180051052941642040,careers_tiktok,20230607015323,https://careers.tiktok.com/position/7180051052941642040/detail,1
7180283016244218172,lifeattiktok,20250124223925,https://lifeattiktok.com/search/7180283016244218172?spread=5MWH5CQ%3Fref%3Dreactjobs.io,1
7181359107705784632,lifeattiktok,20251211130652,https://lifeattiktok.com/search/7181359107705784632,2
7181476365509249338,careers_tiktok,20230120012616,https://careers.tiktok.com/position/7181476365509249338/detail,1
7181926371189672253,jobs_bytedance,20230331125905,https://jobs.bytedance.com/en/position/7181926371189672253/detail?spread=BSPP2KS,1
7182087551720311101,lifeattiktok,20250718104542,https://lifeattiktok.com/search/7182087551720311101,2
7182284528428943671,careers_tiktok,20230103134701,https://careers.tiktok.com/position/7182284528428943671/detail,1
7184352071478724923,jobs_bytedance,20230320000651,https://jobs.bytedance.com/en/position/7184352071478724923/detail,2
7184452576028903737,lifeattiktok,20250427042306,https://lifeattiktok.com/search/7184452576028903737,1
7184504147209750840,jobs_bytedance,20230120112240,https://jobs.bytedance.com/en/position/7184504147209750840/detail,1
7184557601202702648,careers_tiktok,20230116232953,https://careers.tiktok.com/position/7184557601202702648/detail,1
7184874363538966844,careers_tiktok,20230125182609,https://careers.tiktok.com/position/7184874363538966844/detail,2
7185260740777396538,jobs_bytedance,20241010054840,https://jobs.bytedance.com/en/position/7185260740777396538/detail?utm_source=Technology+Crossover+Ventures+job+board&utm_medium=getro.com&gh_src=Technology+Crossover+Ventures+job+board,1
7185294396349811002,jobs_bytedance,20230110114904,https://jobs.bytedance.com/en/position/7185294396349811002/detail,1
7185310692399958330,careers_tiktok,20231208131452,https://careers.tiktok.com/position/7185310692399958330/detail?spread=XKM9ZXE,1
7185331112704411963,careers_tiktok,20230407172657,https://careers.tiktok.com/position/7185331112704411963/detail,1
7185339608154032421,careers_tiktok,20230407172658,https://careers.tiktok.com/position/7185339608154032421/detail,1
7185342656251218231,jobs_bytedance,20250210083841,https://jobs.bytedance.com/en/position/7185342656251218231/detail,1
7185391420059322684,jobs_bytedance,20250216191602,https://jobs.bytedance.com/en/position/7185391420059322684/detail?utm_source=Technology+Crossover+Ventures+job+board&utm_medium=getro.com&gh_src=Technology+Crossover+Ventures+job+board,1
7185395971978168631,jobs_bytedance,20240721202318,https://jobs.bytedance.com/en/position/7185395971978168631/detail?utm_source=Technology+Crossover+Ventures+job+board&utm_medium=getro.com&gh_src=Technology+Crossover+Ventures+job+board,1
7185441987196471609,jobs_bytedance,20240721184707,https://jobs.bytedance.com/en/position/7185441987196471609/detail?utm_source=Technology+Crossover+Ventures+job+board&utm_medium=getro.com&gh_src=Technology+Crossover+Ventures+job+board,1
7185442548642957629,jobs_bytedance,20250424232359,https://jobs.bytedance.com/en/position/7185442548642957629/detail?utm_source=Technology+Crossover+Ventures+job+board&utm_medium=getro.com&gh_src=Technology+Crossover+Ventures+job+board,1
7185442591151999293,jobs_bytedance,20250513141359,https://jobs.bytedance.com/en/position/7185442591151999293/detail?utm_source=Coatue+Management+job+board&utm_medium=getro.com&gh_src=Coatue+Management+job+board,1
7185452481345636664,careers_tiktok,20240910022605,https://careers.tiktok.com/position/7185452481345636664/detail,1
7185689289416657213,careers_tiktok,20230426132518,https://careers.tiktok.com/position/7185689289416657213/detail,2
7185689455209072954,careers_tiktok,20230326152108,https://careers.tiktok.com/position/7185689455209072954/detail,2
7186752477340993852,lifeattiktok,20250809002230,https://lifeattiktok.com/search/7186752477340993852?spread=5MWH5CQ,3
7186887653379230012,careers_tiktok,20230924182821,https://careers.tiktok.com/position/7186887653379230012/detail,1
7187073220536748325,careers_tiktok,20230407172657,https://careers.tiktok.com/position/7187073220536748325/detail,1
7187104682606709051,careers_tiktok,20240911190909,https://careers.tiktok.com/position/7187104682606709051/detail,2
7187125510643091767,careers_tiktok,20240807230012,https://careers.tiktok.com/position/7187125510643091767/detail,1
7187316915478989117,jobs_bytedance,20240721185722,https://jobs.bytedance.com/en/position/7187316915478989117/detail?utm_source=Technology+Crossover+Ventures+job+board&utm_medium=getro.com&gh_src=Technology+Crossover+Ventures+job+board,1
7187318850218789178,jobs_bytedance,20250524030914,https://jobs.bytedance.com/en/position/7187318850218789178/detail?utm_source=Coatue+Management+job+board&utm_medium=getro.com&gh_src=Coatue+Management+job+board,1
7187367220296911162,jobs_bytedance,20230311102455,https://jobs.bytedance.com/en/position/7187367220296911162/detail,1
7187509597618653497,careers_tiktok,20230203104212,https://careers.tiktok.com/position/7187509597618653497/detail?spread=XKM9ZXE,1
7187509598893787452,careers_tiktok,20230924163022,https://careers.tiktok.com/position/7187509598893787452/detail,1
7187512873702361401,lifeattiktok,20250429073218,https://lifeattiktok.com/search/7187512873702361401,3
7187512934335138105,lifeattiktok,20250315082942,https://lifeattiktok.com/search/7187512934335138105?spread=5MWH5CQ,3
7187518203508345148,lifeattiktok,20250829082945,https://lifeattiktok.com/search/7187518203508345148,2
7187521506099972412,careers_tiktok,20230407172657,https://careers.tiktok.com/position/7187521506099972412/detail,1
7187753600029395255,lifeattiktok,20250624094255,https://lifeattiktok.com/search/7187753600029395255?_rsc=1rfdr,3
7187771454494378277,careers_tiktok,20240415094546,https://careers.tiktok.com/position/7187771454494378277/detail?trk=article-ssr-frontend-pulse_little-text-block,2
7187831249355213115,jobs_bytedance,20241106204956,https://jobs.bytedance.com/en/position/7187831249355213115/detail,1
7187834947510536506,lifeattiktok,20250908113752,https://lifeattiktok.com/search/7187834947510536506,1
7187834947511896378,careers_tiktok,20230321041028,https://careers.tiktok.com/position/7187834947511896378/detail,1
7187840093544139063,careers_tiktok,20230407172657,https://careers.tiktok.com/position/7187840093544139063/detail,1
7187842055761316152,careers_tiktok,20230321050506,https://careers.tiktok.com/position/7187842055761316152/detail,1
7187845229620316475,careers_tiktok,20230924182457,https://careers.tiktok.com/position/7187845229620316475/detail,1
7188001535896553785,careers_tiktok,20230924180906,https://careers.tiktok.com/position/7188001535896553785/detail,1
7188075007594088759,jobs_bytedance,20230311165544,https://jobs.bytedance.com/en/position/7188075007594088759/detail,1
7188329305688066341,lifeattiktok,20250206213741,https://lifeattiktok.com/search/7188329305688066341,2
7188329307261274428,lifeattiktok,20250206224014,https://lifeattiktok.com/search/7188329307261274428,2
7189408023847881015,careers_tiktok,20230811130016,https://careers.tiktok.com/position/7189408023847881015/detail,2
7189641640787839290,careers_tiktok,20230407172657,https://careers.tiktok.com/position/7189641640787839290/detail,1
7189643531538729276,careers_tiktok,20230124060009,https://careers.tiktok.com/position/7189643531538729276/detail,1
7189645714418141499,careers_tiktok,20240715122427,https://careers.tiktok.com/position/7189645714418141499/detail,2
7189736947484363069,careers_tiktok,20230120033552,https://careers.tiktok.com/position/7189736947484363069/detail,1
7189836762590841143,jobs_bytedance,20250524034339,https://jobs.bytedance.com/en/position/7189836762590841143/detail?utm_source=Coatue+Management+job+board&utm_medium=getro.com&gh_src=Coatue+Management+job+board,1
7189964650942417207,lifeattiktok,20241206065928,https://lifeattiktok.com/search/7189964650942417207,2
7190060550649989413,lifeattiktok,20250516040856,https://lifeattiktok.com/search/7190060550649989413?spread=5MWH5CQ,3
7190074428436154679,lifeattiktok,20241206082806,https://lifeattiktok.com/search/7190074428436154679,2
7190188272461859128,careers_tiktok,20240417193716,https://careers.tiktok.com/position/7190188272461859128/detail,1
7190260160484084026,careers_tiktok,20230320182627,https://careers.tiktok.com/position/7190260160484084026/detail,2
7190510131679349051,lifeattiktok,20250516040149,https://lifeattiktok.com/search/7190510131679349051?spread=5MWH5CQ,3
7190511173707008311,lifeattiktok,20250412094215,https://lifeattiktok.com/search/7190511173707008311,3
7190548197362010424,careers_tiktok,20230226100508,https://careers.tiktok.com/position/7190548197362010424/detail?spread=XKM9ZXE,1
7190558095485995301,careers_tiktok,20230924165825,https://careers.tiktok.com/position/7190558095485995301/detail,1
7190595032184572217,lifeattiktok,20260506084636,https://lifeattiktok.com/search/7190595032184572217,2
7190596060623063356,lifeattiktok,20260506084636,https://lifeattiktok.com/search/7190596060623063356,1
7190887069916219708,jobs_bytedance,20230801110511,https://jobs.bytedance.com/en/position/7190887069916219708/detail?spread=BSPP2KS,2
7191433750088141115,careers_tiktok,20240328055222,https://careers.tiktok.com/position/7191433750088141115/detail,1
7191897929229289783,careers_tiktok,20230924183015,https://careers.tiktok.com/position/7191897929229289783/detail,1
7191960293839554876,careers_tiktok,20230428021345,https://careers.tiktok.com/position/7191960293839554876/detail?spread=5MWH5CQ,1
7192498053840423205,careers_tiktok,20240417193136,https://careers.tiktok.com/position/7192498053840423205/detail,1
7192498063314733373,jobs_bytedance,20250708150729,https://jobs.bytedance.com/en/position/7192498063314733373/detail?utm_source=Technology+Crossover+Ventures+job+board&utm_medium=getro.com&gh_src=Technology+Crossover+Ventures+job+board,1
7192579464353679674,careers_tiktok,20230126121633,https://careers.tiktok.com/position/7192579464353679674/detail,1
7192702163062868285,careers_tiktok,20230203032840,https://careers.tiktok.com/position/7192702163062868285/detail,1
7192724439703062845,careers_tiktok,20230321042726,https://careers.tiktok.com/position/7192724439703062845/detail,1
7192846093662374205,lifeattiktok,20250315065011,https://lifeattiktok.com/search/7192846093662374205?spread=5MWH5CQ,3
7192871423375198525,careers_tiktok,20230624055948,https://careers.tiktok.com/position/7192871423375198525/detail,2
7193013700310403386,careers_tiktok,20240417184220,https://careers.tiktok.com/position/7193013700310403386/detail,1
7193170820444670267,lifeattiktok,20250512064508,https://lifeattiktok.com/search/7193170820444670267,4
7193184881110829372,lifeattiktok,20250124222047,https://lifeattiktok.com/search/7193184881110829372,2
7193186670567786807,careers_tiktok,20230407172658,https://careers.tiktok.com/position/7193186670567786807/detail,1
7193189721375623485,careers_tiktok,20230321050001,https://careers.tiktok.com/position/7193189721375623485/detail,1
7193191445272381751,careers_tiktok,20230321054151,https://careers.tiktok.com/position/7193191445272381751/detail,1
7193191501957925180,careers_tiktok,20230321052152,https://careers.tiktok.com/position/7193191501957925180/detail,1
7193197349509499196,careers_tiktok,20230321052239,https://careers.tiktok.com/position/7193197349509499196/detail,1
7193198104458397989,careers_tiktok,20230321042342,https://careers.tiktok.com/position/7193198104458397989/detail,2
7193200323756837181,careers_tiktok,20230607015403,https://careers.tiktok.com/position/7193200323756837181/detail,4
7193203719885244727,careers_tiktok,20230321045606,https://careers.tiktok.com/position/7193203719885244727/detail,2
7193366702259636535,lifeattiktok,20250427033159,https://lifeattiktok.com/search/7193366702259636535,2
7193367194816858426,lifeattiktok,20260128143257,https://lifeattiktok.com/search/7193367194816858426?spread=5MWH5CQ,3
7194329469837494588,careers_tiktok,20230212132120,https://careers.tiktok.com/position/7194329469837494588/detail?spread=G1DWUPV,1
7194365073372301624,jobs_bytedance,20250513132656,https://jobs.bytedance.com/en/position/7194365073372301624/detail?utm_source=Coatue+Management+job+board&utm_medium=getro.com&gh_src=Coatue+Management+job+board,2
7194497343173216570,careers_tiktok,20230321050807,https://careers.tiktok.com/position/7194497343173216570/detail,1
7194538000012544293,careers_tiktok,20240410050909,https://careers.tiktok.com/position/7194538000012544293/detail?spread=5MWH5CQ,1
7194549573989239077,careers_tiktok,20240205105539,https://careers.tiktok.com/position/7194549573989239077/detail,1
7194553541510515002,careers_tiktok,20230321045854,https://careers.tiktok.com/position/7194553541510515002/detail,1
7194658679524968759,jobs_bytedance,20250725123006,https://jobs.bytedance.com/en/position/7194658679524968759/detail,3
7194682038665611575,jobs_bytedance,20230311122106,https://jobs.bytedance.com/en/position/7194682038665611575/detail,1
7194694749067020600,jobs_bytedance,20230311094416,https://jobs.bytedance.com/en/position/7194694749067020600/detail,1
7194712641926711589,jobs_bytedance,20250622044856,https://jobs.bytedance.com/en/position/7194712641926711589/detail?utm_source=Technology+Crossover+Ventures+job+board&utm_medium=getro.com&gh_src=Technology+Crossover+Ventures+job+board,2
7194827078591711546,careers_tiktok,20230315072638,https://careers.tiktok.com/position/7194827078591711546/detail,1
7194902045760964922,careers_tiktok,20230321033716,https://careers.tiktok.com/position/7194902045760964922/detail,1
7194902676617185593,careers_tiktok,20230407172657,https://careers.tiktok.com/position/7194902676617185593/detail,1
7194904731536476472,careers_tiktok,20230407172657,https://careers.tiktok.com/position/7194904731536476472/detail,1
7195051900714322213,lifeattiktok,20241206083613,https://lifeattiktok.com/search/7195051900714322213?gh_src=Getro.org+job+board&utm_medium=getro.com&utm_source=Getro.org+job+board,1
7195138998091385146,jobs_bytedance,20230311125617,https://jobs.bytedance.com/en/position/7195138998091385146/detail,1
7195251794707155260,lifeattiktok,20250613184729,https://lifeattiktok.com/search/7195251794707155260?spread=5MWH5CQ,3
7195279617198999864,lifeattiktok,20241206084415,https://lifeattiktok.com/search/7195279617198999864,2
7195286423066659109,lifeattiktok,20250613200729,https://lifeattiktok.com/search/7195286423066659109,2
7195299695575435579,careers_tiktok,20230321033955,https://careers.tiktok.com/position/7195299695575435579/detail,1
7195360857990990140,careers_tiktok,20230321050837,https://careers.tiktok.com/position/7195360857990990140/detail,1
7195432023937665336,careers_tiktok,20230321034550,https://careers.tiktok.com/position/7195432023937665336/detail,1
7195634273305561400,careers_tiktok,20230321050301,https://careers.tiktok.com/position/7195634273305561400/detail,1
7195643549978839352,careers_tiktok,20230321050638,https://careers.tiktok.com/position/7195643549978839352/detail,1
7195694651437205819,jobs_bytedance,20240815052434,https://jobs.bytedance.com/en/position/7195694651437205819/detail?utm_source=Technology+Crossover+Ventures+job+board&utm_medium=getro.com&gh_src=Technology+Crossover+Ventures+job+board,1
7195696294056626491,jobs_bytedance,20250424232812,https://jobs.bytedance.com/en/position/7195696294056626491/detail?utm_source=Technology+Crossover+Ventures+job+board&utm_medium=getro.com&gh_src=Technology+Crossover+Ventures+job+board,2
7195744027492436283,careers_tiktok,20230607021549,https://careers.tiktok.com/position/7195744027492436283/detail,1
7195747231340759357,careers_tiktok,20230607013650,https://careers.tiktok.com/position/7195747231340759357/detail,1
7195764194708769085,jobs_bytedance,20240520112353,https://jobs.bytedance.com/en/position/7195764194708769085/detail,1
7195781556484229431,jobs_bytedance,20240815052629,https://jobs.bytedance.com/en/position/7195781556484229431/detail?utm_source=Technology+Crossover+Ventures+job+board&utm_medium=getro.com&gh_src=Technology+Crossover+Ventures+job+board,1
7195807476636420407,careers_tiktok,20230321034828,https://careers.tiktok.com/position/7195807476636420407/detail,1
7195807869961374007,careers_tiktok,20230210045906,https://careers.tiktok.com/position/7195807869961374007/detail,1
7195817289354201404,jobs_bytedance,20250622052219,https://jobs.bytedance.com/en/position/7195817289354201404/detail?utm_source=Technology+Crossover+Ventures+job+board&utm_medium=getro.com&gh_src=Technology+Crossover+Ventures+job+board,1
7195825624925194551,jobs_bytedance,20250513130710,https://jobs.bytedance.com/en/position/7195825624925194551/detail?utm_source=Coatue+Management+job+board&utm_medium=getro.com&gh_src=Coatue+Management+job+board,2
7195826755160557885,lifeattiktok,20250516050923,https://lifeattiktok.com/search/7195826755160557885,2
7195869973577959735,lifeattiktok,20250315083556,https://lifeattiktok.com/search/7195869973577959735,2
7195874549946321212,jobs_bytedance,20240721202746,https://jobs.bytedance.com/en/position/7195874549946321212/detail?utm_source=Technology+Crossover+Ventures+job+board&utm_medium=getro.com&gh_src=Technology+Crossover+Ventures+job+board,2
7195929515347609913,lifeattiktok,20250516044132,https://lifeattiktok.com/search/7195929515347609913?spread=5MWH5CQ,3
7196006133487601957,lifeattiktok,20241206072230,https://lifeattiktok.com/search/7196006133487601957?gh_src=Products+That+Count+job+board&utm_medium=getro.com&utm_source=Products+That+Count+job+board,2
7196042639312767290,lifeattiktok,20250613202300,https://lifeattiktok.com/search/7196042639312767290,2
7196042659578972471,lifeattiktok,20250613195928,https://lifeattiktok.com/search/7196042659578972471,2
7196048997285775671,lifeattiktok,20250912230810,https://lifeattiktok.com/search/7196048997285775671,2
7196086431206099255,lifeattiktok,20250928141257,https://lifeattiktok.com/search/7196086431206099255,1
7196091812006938941,jobs_bytedance,20230406191520,https://jobs.bytedance.com/en/position/7196091812006938941/detail,1
7196869272592992570,lifeattiktok,20250320080323,https://lifeattiktok.com/search/7196869272592992570,1
7196992846318340407,careers_tiktok,20230320115640,https://careers.tiktok.com/position/7196992846318340407/detail,1
7197118801116236088,careers_tiktok,20231101075315,https://careers.tiktok.com/position/7197118801116236088/detail?spread=5MWH5CQ,2
7197175939192588604,careers_tiktok,20230321044419,https://careers.tiktok.com/position/7197175939192588604/detail,1
7197189619476662586,careers_tiktok,20230604104638,https://careers.tiktok.com/position/7197189619476662586/detail,1
7197269140040911162,jobs_bytedance,20230406203041,https://jobs.bytedance.com/en/position/7197269140040911162/detail,1
7197527250602084645,jobs_bytedance,20230607230147,https://jobs.bytedance.com/en/position/7197527250602084645/detail,1
7197556407461349687,lifeattiktok,20241206081644,https://lifeattiktok.com/search/7197556407461349687,2
7197577563547896121,careers_tiktok,20230607015918,https://careers.tiktok.com/position/7197577563547896121/detail,1
7197658740299188539,lifeattiktok,20250912214611,https://lifeattiktok.com/search/7197658740299188539?spread=5MWH5CQ,1
7197868808023361849,lifeattiktok,20250206232212,https://lifeattiktok.com/search/7197868808023361849?spread=5MWH5CQ,3
7197875407746631996,jobs_bytedance,20250513134854,https://jobs.bytedance.com/en/position/7197875407746631996/detail?utm_source=Coatue+Management+job+board&utm_medium=getro.com&gh_src=Coatue+Management+job+board,2
7197889236531644730,lifeattiktok,20250315072605,https://lifeattiktok.com/search/7197889236531644730,2
7197934872936794426,careers_tiktok,20230321050117,https://careers.tiktok.com/position/7197934872936794426/detail,1
7198119263823120701,lifeattiktok,20250426121734,https://lifeattiktok.com/search/7198119263823120701,1
7198173989158832445,lifeattiktok,20250427034845,https://lifeattiktok.com/search/7198173989158832445?spread=5MWH5CQ,3
7198193646465927482,lifeattiktok,20250206232704,https://lifeattiktok.com/search/7198193646465927482?spread=5MWH5CQ,2
7198207338351315260,careers_tiktok,20230607014708,https://careers.tiktok.com/position/7198207338351315260/detail,1
7198465641820047671,lifeattiktok,20250516044308,https://lifeattiktok.com/search/7198465641820047671?spread=5MWH5CQ,3
7198564369785145656,lifeattiktok,20250315072944,https://lifeattiktok.com/search/7198564369785145656,2
7198740957033630009,careers_tiktok,20230321041352,https://careers.tiktok.com/position/7198740957033630009/detail,1
7199472024648288568,careers_tiktok,20231101094559,https://careers.tiktok.com/position/7199472024648288568/detail,1
7199508775325075768,lifeattiktok,20250516054738,https://lifeattiktok.com/search/7199508775325075768?spread=5MWH5CQ,3
7199600218865797436,lifeattiktok,20250505150351,https://lifeattiktok.com/search/7199600218865797436?spread=5MWH5CQ,2
7199669752045340989,lifeattiktok,20250427205922,https://lifeattiktok.com/search/7199669752045340989?spread=5MWH5CQ,4
7199708390628165949,jobs_bytedance,20250811052720,https://jobs.bytedance.com/en/position/7199708390628165949/detail?utm_source=Technology+Crossover+Ventures+job+board&utm_medium=getro.com&gh_src=Technology+Crossover+Ventures+job+board,2
7199764065047251256,careers_tiktok,20241014215309,https://careers.tiktok.com/position/7199764065047251256/detail,1
7199809146450839865,careers_tiktok,20230607030924,https://careers.tiktok.com/position/7199809146450839865/detail,1
7199842876452456759,careers_tiktok,20230320163830,https://careers.tiktok.com/position/7199842876452456759/detail,2
7199915529887402297,jobs_bytedance,20240721194750,https://jobs.bytedance.com/en/position/7199915529887402297/detail?utm_source=Technology+Crossover+Ventures+job+board&utm_medium=getro.com&gh_src=Technology+Crossover+Ventures+job+board,1
7199943946046310712,careers_tiktok,20230319212404,https://careers.tiktok.com/position/7199943946046310712/detail?spread=XKM9ZXE,2
7200009631991777597,lifeattiktok,20241206081024,https://lifeattiktok.com/search/7200009631991777597?spread=5MWH5CQ,4
7200139627695982885,careers_tiktok,20240228000630,https://careers.tiktok.com/position/7200139627695982885/detail?utm_source=Products+That+Count+job+board&utm_medium=getro.com&gh_src=Products+That+Count+job+board,2
7200142437531437371,lifeattiktok,20250427022813,https://lifeattiktok.com/search/7200142437531437371,2
7200186459785365821,careers_tiktok,20230924163121,https://careers.tiktok.com/position/7200186459785365821/detail,1
7200550080314296635,lifeattiktok,20250427032906,https://lifeattiktok.com/search/7200550080314296635,2
7200631875395045669,lifeattiktok,20250516042314,https://lifeattiktok.com/search/7200631875395045669,3
7200633018326665531,lifeattiktok,20251111054732,https://lifeattiktok.com/search/7200633018326665531,3
7200636052595231034,lifeattiktok,20250516051314,https://lifeattiktok.com/search/7200636052595231034,3
7200793051165919544,lifeattiktok,20250809002443,https://lifeattiktok.com/search/7200793051165919544,2
7200803367245269304,lifeattiktok,20250613184445,https://lifeattiktok.com/search/7200803367245269304?spread=5MWH5CQ,3
7200841896843233573,careers_tiktok,20230607020419,https://careers.tiktok.com/position/7200841896843233573/detail,1
7200853286365874489,careers_tiktok,20230321045238,https://careers.tiktok.com/position/7200853286365874489/detail,1
7200867343777958181,careers_tiktok,20230607023723,https://careers.tiktok.com/position/7200867343777958181/detail,1
7200883711158667576,careers_tiktok,20230607031039,https://careers.tiktok.com/position/7200883711158667576/detail,1
7200910058917054777,careers_tiktok,20230604100521,https://careers.tiktok.com/position/7200910058917054777/detail,1
7201361290328525115,jobs_bytedance,20250519111824,https://jobs.bytedance.com/en/position/7201361290328525115/detail?utm_source=Lead+Edge+Capital+job+board&utm_medium=getro.com&gh_src=Lead+Edge+Capital+job+board,1
7202137008826222904,careers_tiktok,20240725152229,https://careers.tiktok.com/position/7202137008826222904/detail,1
7202142775449241893,lifeattiktok,20250516042711,https://lifeattiktok.com/search/7202142775449241893,3
7202164570466519355,jobs_bytedance,20230607221145,https://jobs.bytedance.com/en/position/7202164570466519355/detail?spread=BSPP2KS,1
7202175782298339643,lifeattiktok,20250206230918,https://lifeattiktok.com/search/7202175782298339643?spread=5MWH5CQ,3
7202190137340643643,lifeattiktok,20241206081457,https://lifeattiktok.com/search/7202190137340643643?spread=5MWH5CQ,6
7202283972905421111,jobs_bytedance,20250715032357,https://jobs.bytedance.com/en/position/7202283972905421111/detail?utm_source=Technology+Crossover+Ventures+job+board&utm_medium=getro.com&gh_src=Technology+Crossover+Ventures+job+board,2
7202761583655127355,lifeattiktok,20250516042743,https://lifeattiktok.com/search/7202761583655127355,2
7202779107439905083,careers_tiktok,20230924162306,https://careers.tiktok.com/position/7202779107439905083/detail,1
7202779279908751673,jobs_bytedance,20250524025806,https://jobs.bytedance.com/en/position/7202779279908751673/detail?utm_source=Coatue+Management+job+board&utm_medium=getro.com&gh_src=Coatue+Management+job+board,1
7202797490277009721,lifeattiktok,20260618032053,https://lifeattiktok.com/search/7202797490277009721,1
7202892067088075067,careers_tiktok,20230604103838,https://careers.tiktok.com/position/7202892067088075067/detail,1
7202895114947463461,jobs_bytedance,20240303212039,https://jobs.bytedance.com/en/position/7202895114947463461/detail?spread=BSPP2KS?ref=reactjobs.io,1
7202895331473049912,jobs_bytedance,20240721200821,https://jobs.bytedance.com/en/position/7202895331473049912/detail?utm_source=Technology+Crossover+Ventures+job+board&utm_medium=getro.com&gh_src=Technology+Crossover+Ventures+job+board,1
7202914443973003579,careers_tiktok,20230313172744,https://careers.tiktok.com/position/7202914443973003579/detail,2
7202953447547603255,careers_tiktok,20230626221320,https://careers.tiktok.com/position/7202953447547603255/detail,2
7202958647641819450,lifeattiktok,20250516050523,https://lifeattiktok.com/search/7202958647641819450?spread=5MWH5CQ,1
7202999762353064248,careers_tiktok,20230509124220,https://careers.tiktok.com/position/7202999762353064248/detail,2
7203036749534300473,careers_tiktok,20230316103519,https://careers.tiktok.com/position/7203036749534300473/detail,2
7203168238707755321,jobs_bytedance,20241108024240,https://jobs.bytedance.com/en/position/7203168238707755321/detail?utm_source=Technology+Crossover+Ventures+job+board&utm_medium=getro.com&gh_src=Technology+Crossover+Ventures+job+board,2
7203271607413066042,lifeattiktok,20250516050638,https://lifeattiktok.com/search/7203271607413066042,3
7203301817957222715,careers_tiktok,20230314110220,https://careers.tiktok.com/position/7203301817957222715/detail,2
7203374311989709114,careers_tiktok,20230924180606,https://careers.tiktok.com/position/7203374311989709114/detail,1
7203494219197286716,lifeattiktok,20241206074951,https://lifeattiktok.com/search/7203494219197286716,2
7203541954381646139,lifeattiktok,20250908110007,https://lifeattiktok.com/search/7203541954381646139,1
7203600866539850043,lifeattiktok,20251020171227,https://lifeattiktok.com/search/7203600866539850043?_rsc=1m3ql,2
7203603759233304889,lifeattiktok,20251111035936,https://lifeattiktok.com/search/7203603759233304889,3
7203737505107233081,lifeattiktok,20250505170037,https://lifeattiktok.com/search/7203737505107233081,2
7203743917912328505,careers_tiktok,20230321041555,https://careers.tiktok.com/position/7203743917912328505/detail,1
7203808327992838460,careers_tiktok,20230308012048,https://careers.tiktok.com/position/7203808327992838460/detail,2
7203814128862054693,lifeattiktok,20250315073313,https://lifeattiktok.com/search/7203814128862054693?spread=5MWH5CQ,3
7203824415330339127,lifeattiktok,20251117010835,https://lifeattiktok.com/search/7203824415330339127,1
7203834638594296123,lifeattiktok,20250613193704,https://lifeattiktok.com/search/7203834638594296123,2
7203857296644016439,careers_tiktok,20230801093230,https://careers.tiktok.com/position/7203857296644016439/detail?spread=5MWH5CQ,2
7203863217989912889,lifeattiktok,20241206075022,https://lifeattiktok.com/search/7203863217989912889,2
7203865641802385721,lifeattiktok,20250613201227,https://lifeattiktok.com/search/7203865641802385721,4
7203866278049122615,lifeattiktok,20250516042344,https://lifeattiktok.com/search/7203866278049122615?spread=5MWH5CQ,3
7204610504374421818,careers_tiktok,20230321053924,https://careers.tiktok.com/position/7204610504374421818/detail,1
7204858540556142905,lifeattiktok,20250315065708,https://lifeattiktok.com/search/7204858540556142905,2
7204941532057602362,careers_tiktok,20230607021431,https://careers.tiktok.com/position/7204941532057602362/detail,1
7205009841395616061,jobs_bytedance,20250622060715,https://jobs.bytedance.com/en/position/7205009841395616061/detail?utm_source=Technology+Crossover+Ventures+job+board&utm_medium=getro.com&gh_src=Technology+Crossover+Ventures+job+board,1
7205059578311395641,careers_tiktok,20230924173920,https://careers.tiktok.com/position/7205059578311395641/detail,1
7205059634003380537,careers_tiktok,20230924173832,https://careers.tiktok.com/position/7205059634003380537/detail,1
7205083496229931324,jobs_bytedance,20250709152327,https://jobs.bytedance.com/en/position/7205083496229931324/detail,2
7205279704705009977,lifeattiktok,20250206220655,https://lifeattiktok.com/search/7205279704705009977,2
7205312894279387451,careers_tiktok,20230604104600,https://careers.tiktok.com/position/7205312894279387451/detail,1
7205369943562832187,careers_tiktok,20240228000543,https://careers.tiktok.com/position/7205369943562832187/detail?spread=5MWH5CQ,2
7205377268293388581,careers_tiktok,20231101042715,https://careers.tiktok.com/position/7205377268293388581/detail,1
7205403118275496247,lifeattiktok,20250427033038,https://lifeattiktok.com/search/7205403118275496247,1
7205628146238245179,lifeattiktok,20250502114321,https://lifeattiktok.com/search/7205628146238245179?spread=5MWH5CQ,3
7205648405933377850,careers_tiktok,20230330024913,https://careers.tiktok.com/position/7205648405933377850/detail,2
7205681178590349623,lifeattiktok,20250613183921,https://lifeattiktok.com/search/7205681178590349623,2
7205741765281024317,careers_tiktok,20230321042420,https://careers.tiktok.com/position/7205741765281024317/detail,1
7205839080827078967,lifeattiktok,20250821205359,https://lifeattiktok.com/search/7205839080827078967,1
7205859294640720165,lifeattiktok,20250813205828,https://lifeattiktok.com/search/7205859294640720165,1
7206038085770266935,jobs_bytedance,20231001113537,https://jobs.bytedance.com/en/position/7206038085770266935/detail?spread=BSPP2KS,1
7206093812132399417,careers_tiktok,20230924181035,https://careers.tiktok.com/position/7206093812132399417/detail,1
7206172130428815672,careers_tiktok,20230924180346,https://careers.tiktok.com/position/7206172130428815672/detail,1
7206331156123584827,lifeattiktok,20241206073318,https://lifeattiktok.com/search/7206331156123584827?spread=G1DWUPV&utm_campaign=g-weekly-your-creative-careers-newsletter-week-2-3&utm_medium=referral&utm_source=gweekly.beehiiv.com,4
7206401423901952293,lifeattiktok,20250315081440,https://lifeattiktok.com/search/7206401423901952293,2
7206489765082990909,careers_tiktok,20230607022808,https://careers.tiktok.com/position/7206489765082990909/detail,1
7206494467854534949,lifeattiktok,20251211132647,https://lifeattiktok.com/search/7206494467854534949,1
7207249392167143738,jobs_bytedance,20240420060514,https://jobs.bytedance.com/en/position/7207249392167143738/detail,2
7207311972953196858,lifeattiktok,20250516051210,https://lifeattiktok.com/search/7207311972953196858,2
7207323469482379578,lifeattiktok,20241206084901,https://lifeattiktok.com/search/7207323469482379578,1
7207417704818149689,lifeattiktok,20251015111543,https://lifeattiktok.com/search/7207417704818149689?spread=G1DWUPV,1
7207515680954255676,careers_tiktok,20230328184715,https://careers.tiktok.com/position/7207515680954255676/detail?spread=5MWH5CQ,2
7207565872129853733,lifeattiktok,20250516052833,https://lifeattiktok.com/search/7207565872129853733,1
7207600765430122812,careers_tiktok,20230607030415,https://careers.tiktok.com/position/7207600765430122812/detail,1
7207607733271497020,lifeattiktok,20250206220051,https://lifeattiktok.com/search/7207607733271497020?spread=5MWH5CQ,3
7207608214265940285,lifeattiktok,20250613200205,https://lifeattiktok.com/search/7207608214265940285,4
7207646588708260133,jobs_bytedance,20240721203128,https://jobs.bytedance.com/en/position/7207646588708260133/detail?utm_source=Technology+Crossover+Ventures+job+board&utm_medium=getro.com&gh_src=Technology+Crossover+Ventures+job+board,1
7207756035138308412,careers_tiktok,20230320194131,https://careers.tiktok.com/position/7207756035138308412/detail,1
7208063279787346233,lifeattiktok,20251015104222,https://lifeattiktok.com/search/7208063279787346233,2
7208118398298016061,careers_tiktok,20230314134309,https://careers.tiktok.com/position/7208118398298016061/detail,2
7208233522372528442,careers_tiktok,20230924182539,https://careers.tiktok.com/position/7208233522372528442/detail,1
7208413628911274298,lifeattiktok,20241206080847,https://lifeattiktok.com/search/7208413628911274298,2
7208428629667645755,lifeattiktok,20251016004948,https://lifeattiktok.com/search/7208428629667645755,1
7208432033885833531,lifeattiktok,20260208195902,https://lifeattiktok.com/search/7208432033885833531,1
7208476391381322044,careers_tiktok,20230607025231,https://careers.tiktok.com/position/7208476391381322044/detail?utm_source=Getro.org+job+board&utm_medium=getro.com&gh_src=Getro.org+job+board,1
7208642649195940155,careers_tiktok,20230321050229,https://careers.tiktok.com/position/7208642649195940155/detail,1
7208738454833334587,jobs_bytedance,20250524031135,https://jobs.bytedance.com/en/position/7208738454833334587/detail?utm_source=Coatue+Management+job+board&utm_medium=getro.com&gh_src=Coatue+Management+job+board,1
7209039228738357565,careers_tiktok,20230604105150,https://careers.tiktok.com/position/7209039228738357565/detail,1
7209836601034770743,lifeattiktok,20260124052224,https://lifeattiktok.com/search/7209836601034770743,2
7210287381495957797,lifeattiktok,20260124061514,https://lifeattiktok.com/search/7210287381495957797?spread=5MWH5CQ,26
7210349560147872059,jobs_bytedance,20240721200747,https://jobs.bytedance.com/en/position/7210349560147872059/detail?utm_source=Technology+Crossover+Ventures+job+board&utm_medium=getro.com&gh_src=Technology+Crossover+Ventures+job+board,1
7210477410461174076,lifeattiktok,20241206082931,https://lifeattiktok.com/search/7210477410461174076?external_referral_code=5RJ6816,5
7210483388297791800,jobs_bytedance,20250622045120,https://jobs.bytedance.com/en/position/7210483388297791800/detail?utm_source=Technology+Crossover+Ventures+job+board&utm_medium=getro.com&gh_src=Technology+Crossover+Ventures+job+board,1
7210545087112448313,careers_tiktok,20230607033342,https://careers.tiktok.com/position/7210545087112448313/detail?utm_source=Getro.org+job+board&utm_medium=getro.com&gh_src=Getro.org+job+board,1
7210838343831390521,lifeattiktok,20260124050949,https://lifeattiktok.com/search/7210838343831390521,1
7211048916120439096,careers_tiktok,20230607033140,https://careers.tiktok.com/position/7211048916120439096/detail?utm_source=Getro.org+job+board&utm_medium=getro.com&gh_src=Getro.org+job+board,1
7211167507565447481,careers_tiktok,20230607025522,https://careers.tiktok.com/position/7211167507565447481/detail?utm_source=Getro.org+job+board&utm_medium=getro.com&gh_src=Getro.org+job+board,1
7211184105055537465,lifeattiktok,20250315081700,https://lifeattiktok.com/search/7211184105055537465,2
7211206077114911037,careers_tiktok,20230607025855,https://careers.tiktok.com/position/7211206077114911037/detail?utm_source=Getro.org+job+board&utm_medium=getro.com&gh_src=Getro.org+job+board,2
7211566044392229177,careers_tiktok,20230607031945,https://careers.tiktok.com/position/7211566044392229177/detail,1
7211596053199751480,careers_tiktok,20240614023649,https://careers.tiktok.com/position/7211596053199751480/detail,1
7211611346454448440,careers_tiktok,20230924172846,https://careers.tiktok.com/position/7211611346454448440/detail,1
7211702934676310329,lifeattiktok,20250427032558,https://lifeattiktok.com/search/7211702934676310329,3
7211711318490270009,jobs_bytedance,20230407153031,https://jobs.bytedance.com/en/position/7211711318490270009/detail,1
7211720605610445117,jobs_bytedance,20241204005844,https://jobs.bytedance.com/en/position/7211720605610445117/detail?utm_source=Technology+Crossover+Ventures+job+board&utm_medium=getro.com&gh_src=Technology+Crossover+Ventures+job+board,1
7211766603432085816,careers_tiktok,20230607012738,https://careers.tiktok.com/position/7211766603432085816/detail?utm_source=Getro.org+job+board&utm_medium=getro.com&gh_src=Getro.org+job+board,1
7212246082854635813,careers_tiktok,20230604112901,https://careers.tiktok.com/position/7212246082854635813/detail,1
7212453292956944696,careers_tiktok,20231101070336,https://careers.tiktok.com/position/7212453292956944696/detail,1
7212958432206260537,lifeattiktok,20251108120509,https://lifeattiktok.com/search/7212958432206260537,1
7213059845813455163,jobs_bytedance,20240721195257,https://jobs.bytedance.com/en/position/7213059845813455163/detail?utm_source=Technology+Crossover+Ventures+job+board&utm_medium=getro.com&gh_src=Technology+Crossover+Ventures+job+board,1
7213062822711511354,jobs_bytedance,20250125221555,https://jobs.bytedance.com/en/position/7213062822711511354/detail?utm_source=Technology+Crossover+Ventures+job+board&utm_medium=getro.com&gh_src=Technology+Crossover+Ventures+job+board,1
7213144983745218875,careers_tiktok,20230607031804,https://careers.tiktok.com/position/7213144983745218875/detail,1
7213158068640500023,careers_tiktok,20230607021924,https://careers.tiktok.com/position/7213158068640500023/detail,1
7213287797754497336,careers_tiktok,20230330004540,https://careers.tiktok.com/position/7213287797754497336/detail,2
7213389681881581885,lifeattiktok,20241127050215,https://lifeattiktok.com/search/7213389681881581885,2
7213467695013103930,careers_tiktok,20230421032016,https://careers.tiktok.com/position/7213467695013103930/detail,2
7213479286341323065,lifeattiktok,20250516043758,https://lifeattiktok.com/search/7213479286341323065?spread=5MWH5CQ,3
7213615869916825913,jobs_bytedance,20250622044012,https://jobs.bytedance.com/en/position/7213615869916825913/detail?utm_source=Technology+Crossover+Ventures+job+board&utm_medium=getro.com&gh_src=Technology+Crossover+Ventures+job+board,3
7213794641681516858,careers_tiktok,20230604113727,https://careers.tiktok.com/position/7213794641681516858/detail?spread=5MWH5CQ,1
7213797187725101367,careers_tiktok,20230924170001,https://careers.tiktok.com/position/7213797187725101367/detail,1
7213896640443435321,jobs_bytedance,20230508035322,https://jobs.bytedance.com/en/position/7213896640443435321/detail,1
7213958923660544293,jobs_bytedance,20250422230628,https://jobs.bytedance.com/en/position/7213958923660544293/detail,1
7213984905876572473,jobs_bytedance,20250622055737,https://jobs.bytedance.com/en/position/7213984905876572473/detail?utm_source=Technology+Crossover+Ventures+job+board&utm_medium=getro.com&gh_src=Technology+Crossover+Ventures+job+board,2
7214009698033486135,lifeattiktok,20250416075349,https://lifeattiktok.com/search/7214009698033486135,1
7214076733972580669,jobs_bytedance,20240520131525,https://jobs.bytedance.com/en/position/7214076733972580669/detail,1
7215163106371602744,careers_tiktok,20231208131412,https://careers.tiktok.com/position/7215163106371602744/detail?spread=5MWH5CQ,1
7215267783637879095,lifeattiktok,20250516053012,https://lifeattiktok.com/search/7215267783637879095,1
7215273413086120252,careers_tiktok,20231101145505,https://careers.tiktok.com/position/7215273413086120252/detail?spread=5MWH5CQ,2
7215277043239618872,lifeattiktok,20250730215704,https://lifeattiktok.com/search/7215277043239618872,1
7215323068603042105,lifeattiktok,20250414090205,https://lifeattiktok.com/search/7215323068603042105,2
7215325592265869629,lifeattiktok,20250413221933,https://lifeattiktok.com/search/7215325592265869629?spread=5MWH5CQ%0A,3
7215436344700864825,lifeattiktok,20250501005613,https://lifeattiktok.com/search/7215436344700864825,2
7215615592429685052,careers_tiktok,20230602182444,https://careers.tiktok.com/position/7215615592429685052/detail,1
7215999862705031484,lifeattiktok,20241206065221,https://lifeattiktok.com/search/7215999862705031484,1
7216065404300151095,lifeattiktok,20250613191130,https://lifeattiktok.com/search/7216065404300151095,1
7216086805761771837,jobs_bytedance,20250524032645,https://jobs.bytedance.com/en/position/7216086805761771837/detail?utm_source=Coatue+Management+job+board&utm_medium=getro.com&gh_src=Coatue+Management+job+board,2
7216095874962114872,jobs_bytedance,20250524031544,https://jobs.bytedance.com/en/position/7216095874962114872/detail?utm_source=Coatue+Management+job+board&utm_medium=getro.com&gh_src=Coatue+Management+job+board,1
7216096064985876773,jobs_bytedance,20240721190036,https://jobs.bytedance.com/en/position/7216096064985876773/detail?utm_source=Technology+Crossover+Ventures+job+board&utm_medium=getro.com&gh_src=Technology+Crossover+Ventures+job+board,1
7216101325707544888,lifeattiktok,20250206233430,https://lifeattiktok.com/search/7216101325707544888,1
7216463440470362425,jobs_bytedance,20230509193953,https://jobs.bytedance.com/en/position/7216463440470362425/detail,1
7216527852342249785,lifeattiktok,20250315080404,https://lifeattiktok.com/search/7216527852342249785?spread=5MWH5CQ,3
7216659848637106493,lifeattiktok,20250427022258,https://lifeattiktok.com/search/7216659848637106493,2
7216833500350990629,lifeattiktok,20250427033608,https://lifeattiktok.com/search/7216833500350990629,2
7216833553153558821,lifeattiktok,20250516040817,https://lifeattiktok.com/search/7216833553153558821,2
7216840164667050295,lifeattiktok,20241206070555,https://lifeattiktok.com/search/7216840164667050295,1
7216840571155171644,lifeattiktok,20241206072459,https://lifeattiktok.com/search/7216840571155171644,1
7217711156000049468,lifeattiktok,20250516040936,https://lifeattiktok.com/search/7217711156000049468,1
7217735033091393852,jobs_bytedance,20240721194927,https://jobs.bytedance.com/en/position/7217735033091393852/detail?utm_source=Technology+Crossover+Ventures+job+board&utm_medium=getro.com&gh_src=Technology+Crossover+Ventures+job+board,1
7217889126829312293,lifeattiktok,20251211123252,https://lifeattiktok.com/search/7217889126829312293,1
7217954278982879525,lifeattiktok,20250206223109,https://lifeattiktok.com/search/7217954278982879525,2
7217961965603473721,lifeattiktok,20250617192321,https://lifeattiktok.com/search/7217961965603473721,3
7217969785652365605,lifeattiktok,20250206231519,https://lifeattiktok.com/search/7217969785652365605,1
7218297376442861883,careers_tiktok,20230607021731,https://careers.tiktok.com/position/7218297376442861883/detail?ref=Boooom.co,1
7218585097199962405,lifeattiktok,20241206071200,https://lifeattiktok.com/search/7218585097199962405?spread=5MWH5CQ,3
7218678760302758201,lifeattiktok,20241206074020,https://lifeattiktok.com/search/7218678760302758201,2
7218704193471744312,lifeattiktok,20250206224057,https://lifeattiktok.com/search/7218704193471744312,2
7218724923627194679,lifeattiktok,20260306051125,https://lifeattiktok.com/search/7218724923627194679,1
7218725603352037688,lifeattiktok,20241206083949,https://lifeattiktok.com/search/7218725603352037688,2
7218727102936877373,lifeattiktok,20250427034154,https://lifeattiktok.com/search/7218727102936877373,1
7218727120053291324,lifeattiktok,20250516035632,https://lifeattiktok.com/search/7218727120053291324,1
7218727135492884793,lifeattiktok,20250427040400,https://lifeattiktok.com/search/7218727135492884793,1
7218819303696976187,jobs_bytedance,20241010055100,https://jobs.bytedance.com/en/position/7218819303696976187/detail?utm_source=Technology+Crossover+Ventures+job+board&utm_medium=getro.com&gh_src=Technology+Crossover+Ventures+job+board,1
7218955309254920508,lifeattiktok,20250427031514,https://lifeattiktok.com/search/7218955309254920508,2
7219327830832040252,lifeattiktok,20250206222432,https://lifeattiktok.com/search/7219327830832040252,1
7220502733756598565,lifeattiktok,20250315082622,https://lifeattiktok.com/search/7220502733756598565,1
7220552842550921528,careers_tiktok,20230830093442,https://careers.tiktok.com/position/7220552842550921528/detail?spread=5MWH5CQ,1
7220946855973210423,lifeattiktok,20250809002046,https://lifeattiktok.com/search/7220946855973210423,1
7221137291652860220,careers_tiktok,20231101174209,https://careers.tiktok.com/position/7221137291652860220/detail,2
7221152612590209338,lifeattiktok,20250920041540,https://lifeattiktok.com/search/7221152612590209338,3
7221537396910344506,lifeattiktok,20250315064917,https://lifeattiktok.com/search/7221537396910344506,2
7221693845309212983,careers_tiktok,20230804225707,https://careers.tiktok.com/position/7221693845309212983/detail,1
7221877668219619644,lifeattiktok,20250206225451,https://lifeattiktok.com/search/7221877668219619644?spread=5MWH5CQ,2
7222005480180140344,lifeattiktok,20241206083758,https://lifeattiktok.com/search/7222005480180140344,1
7222057531353696568,careers_tiktok,20230604110509,https://careers.tiktok.com/position/7222057531353696568/detail,1
7223040418598095165,careers_tiktok,20240207001330,https://careers.tiktok.com/position/7223040418598095165/detail,1
7223284667284343098,lifeattiktok,20250206233858,https://lifeattiktok.com/search/7223284667284343098?spread=5MWH5CQ,3
7223594116305979709,lifeattiktok,20250912225938,https://lifeattiktok.com/search/7223594116305979709,1
7223722315111516453,jobs_bytedance,20250808074542,https://jobs.bytedance.com/en/position/7223722315111516453/detail?utm_source=Lead+Edge+Capital+job+board&utm_medium=getro.com&gh_src=Lead+Edge+Capital+job+board,1
7223958405651548475,lifeattiktok,20250427025003,https://lifeattiktok.com/search/7223958405651548475?spread=5MWH5CQ,3
7224015625264744759,jobs_bytedance,20231101162000,https://jobs.bytedance.com/en/position/7224015625264744759/detail,2
7224245816977230135,careers_tiktok,20230518195951,https://careers.tiktok.com/position/7224245816977230135/detail,1
7224251942653413669,lifeattiktok,20250427043056,https://lifeattiktok.com/search/7224251942653413669,3
7224595877501897019,lifeattiktok,20250427025134,https://lifeattiktok.com/search/7224595877501897019,2
7224596016966682938,lifeattiktok,20250206231442,https://lifeattiktok.com/search/7224596016966682938,2
7224615900359985465,lifeattiktok,20250509103437,https://lifeattiktok.com/search/7224615900359985465,2
7225719272236304697,careers_tiktok,20230924175211,https://careers.tiktok.com/position/7225719272236304697/detail?spread=5MWH5CQ,1
7225734054020319546,lifeattiktok,20250427010001,https://lifeattiktok.com/search/7225734054020319546,4
7225885052923709757,lifeattiktok,20250323022952,https://lifeattiktok.com/search/7225885052923709757?spread=5MWH5CQ,1
7226140474008406327,lifeattiktok,20251117011333,https://lifeattiktok.com/search/7226140474008406327,1
7226140636637251898,lifeattiktok,20251117013228,https://lifeattiktok.com/search/7226140636637251898,1
7226142187465017656,jobs_bytedance,20240721190324,https://jobs.bytedance.com/en/position/7226142187465017656/detail?utm_source=Technology+Crossover+Ventures+job+board&utm_medium=getro.com&gh_src=Technology+Crossover+Ventures+job+board,1
7226275531929831717,jobs_bytedance,20230501230958,https://jobs.bytedance.com/en/position/7226275531929831717/detail,1
7226301101695207740,lifeattiktok,20250907203838,https://lifeattiktok.com/search/7226301101695207740,1
7226393340638710075,careers_tiktok,20230801124513,https://careers.tiktok.com/position/7226393340638710075/detail?spread=5MWH5CQ,2
7226457418325461303,lifeattiktok,20250427043637,https://lifeattiktok.com/search/7226457418325461303?spread=5MWH5CQ,3
7226601097488566589,careers_tiktok,20230814184126,https://careers.tiktok.com/position/7226601097488566589/detail,1
7226734573424576825,careers_tiktok,20231101182238,https://careers.tiktok.com/position/7226734573424576825/detail?spread=5MWH5CQ,2
7226856766465558840,careers_tiktok,20240328001351,https://careers.tiktok.com/position/7226856766465558840/detail,1
7226940581754177853,lifeattiktok,20250124234523,https://lifeattiktok.com/search/7226940581754177853?spread=5MWH5CQ,1
7226942917485660474,lifeattiktok,20241216230528,https://lifeattiktok.com/search/7226942917485660474?_rsc=183cz,2
7226965507919956284,lifeattiktok,20250427025616,https://lifeattiktok.com/search/7226965507919956284,2
7227059728147499324,careers_tiktok,20230506021949,https://careers.tiktok.com/position/7227059728147499324/detail?spread=5MWH5CQ,2
7227128267663558969,careers_tiktok,20230512042546,https://careers.tiktok.com/position/7227128267663558969/detail,1
7227170043708246329,careers_tiktok,20230506215625,https://careers.tiktok.com/position/7227170043708246329/detail,1
7227258639803009339,careers_tiktok,20230710222819,https://careers.tiktok.com/position/7227258639803009339/detail,1
7228449991856589093,jobs_bytedance,20250522003148,https://jobs.bytedance.com/en/position/7228449991856589093/detail?utm_source=Technology+Crossover+Ventures+job+board&utm_medium=getro.com&gh_src=Technology+Crossover+Ventures+job+board,1
7228792696117315895,lifeattiktok,20241216230531,https://lifeattiktok.com/search/7228792696117315895?_rsc=sfy4w,2
7228969789422799159,lifeattiktok,20250427032343,https://lifeattiktok.com/search/7228969789422799159?spread=5MWH5CQ,3
7229068294597380407,lifeattiktok,20241206071644,https://lifeattiktok.com/search/7229068294597380407?spread=5MWH5CQ,3
7229485252971956536,careers_tiktok,20231208134825,https://careers.tiktok.com/position/7229485252971956536/detail?spread=5MWH5CQ,1
7229485394420975927,careers_tiktok,20230604103200,https://careers.tiktok.com/position/7229485394420975927/detail?spread=XKM9ZXE,1
7229486050799536439,careers_tiktok,20231101044235,https://careers.tiktok.com/position/7229486050799536439/detail,1
7229616376016193852,careers_tiktok,20230801102639,https://careers.tiktok.com/position/7229616376016193852/detail,1
7230672416526240059,lifeattiktok,20250825055228,https://lifeattiktok.com/search/7230672416526240059,1
7231066359936371005,careers_tiktok,20231101050733,https://careers.tiktok.com/position/7231066359936371005/detail,2
7231260139592091960,lifeattiktok,20250125001643,https://lifeattiktok.com/search/7231260139592091960,2
7231317842876139813,careers_tiktok,20230626085540,https://careers.tiktok.com/position/7231317842876139813/detail,1
7231351940951886117,careers_tiktok,20230518065010,https://careers.tiktok.com/position/7231351940951886117/detail,2
7231364503551183141,lifeattiktok,20250501021205,https://lifeattiktok.com/search/7231364503551183141?spread=5MWH5CQ,3
7231365390894565689,careers_tiktok,20230519090928,https://careers.tiktok.com/position/7231365390894565689/detail,2
7231397088130271543,lifeattiktok,20241217203648,https://lifeattiktok.com/search/7231397088130271543,1
7231480264819493176,lifeattiktok,20250206231943,https://lifeattiktok.com/search/7231480264819493176?spread=5MWH5CQ,3
7231594542721976636,careers_tiktok,20230727162119,https://careers.tiktok.com/position/7231594542721976636/detail,1
7231620406380890423,careers_tiktok,20231101064244,https://careers.tiktok.com/position/7231620406380890423/detail,1
7232214286985103671,lifeattiktok,20250613201635,https://lifeattiktok.com/search/7232214286985103671?spread=5MWH5CQ,2
7233343619519367483,jobs_bytedance,20250513124355,https://jobs.bytedance.com/en/position/7233343619519367483/detail?utm_source=Coatue+Management+job+board&utm_medium=getro.com&gh_src=Coatue+Management+job+board,2
7233349076828490043,jobs_bytedance,20250622060140,https://jobs.bytedance.com/en/position/7233349076828490043/detail?utm_source=Technology+Crossover+Ventures+job+board&utm_medium=getro.com&gh_src=Technology+Crossover+Ventures+job+board,1
7233459268572612922,jobs_bytedance,20250524033105,https://jobs.bytedance.com/en/position/7233459268572612922/detail?utm_source=Coatue+Management+job+board&utm_medium=getro.com&gh_src=Coatue+Management+job+board,1
7233594084303849784,lifeattiktok,20250928201604,https://lifeattiktok.com/search/7233594084303849784,2
7233763055933376828,lifeattiktok,20250811170515,https://lifeattiktok.com/search/7233763055933376828?spread=G1DWUPV,1
7233862254649936184,lifeattiktok,20250613193941,https://lifeattiktok.com/search/7233862254649936184,2
7233976399944698173,jobs_bytedance,20230729041918,https://jobs.bytedance.com/en/position/7233976399944698173/detail,1
7234041520377874744,lifeattiktok,20250427023212,https://lifeattiktok.com/search/7234041520377874744,2
7234174727937034552,lifeattiktok,20250929095921,https://lifeattiktok.com/search/7234174727937034552,1
7234279903423449381,careers_tiktok,20231214122336,https://careers.tiktok.com/position/7234279903423449381/detail,2
7234302169133238584,careers_tiktok,20230607031546,https://careers.tiktok.com/position/7234302169133238584/detail,3
7234348368964946213,jobs_bytedance,20250524034129,https://jobs.bytedance.com/en/position/7234348368964946213/detail?utm_source=Coatue+Management+job+board&utm_medium=getro.com&gh_src=Coatue+Management+job+board,1
7234429804077156645,lifeattiktok,20250907133100,https://lifeattiktok.com/search/7234429804077156645,1
7234446563442739513,lifeattiktok,20250908125221,https://lifeattiktok.com/search/7234446563442739513,1
7235473345508067643,careers_tiktok,20230522182447,https://careers.tiktok.com/position/7235473345508067643/detail,1
7235473347907635517,careers_tiktok,20230607013933,https://careers.tiktok.com/position/7235473347907635517/detail?utm_source=Getro.org+job+board&utm_medium=getro.com&gh_src=Getro.org+job+board,1
7235547355792443685,lifeattiktok,20250613202832,https://lifeattiktok.com/search/7235547355792443685,1
7235841654450800954,lifeattiktok,20250613202050,https://lifeattiktok.com/search/7235841654450800954,2
7235846785372997945,jobs_bytedance,20240617193252,https://jobs.bytedance.com/en/position/7235846785372997945/detail?utm_source=Technology+Crossover+Ventures+job+board&utm_medium=getro.com&gh_src=Technology+Crossover+Ventures+job+board,1
7236029856914524476,careers_tiktok,20230924172100,https://careers.tiktok.com/position/7236029856914524476/detail,1
7236145794343110949,careers_tiktok,20230607015835,https://careers.tiktok.com/position/7236145794343110949/detail?utm_source=dot.LA+job+board&utm_medium=getro.com&gh_src=dot.LA+job+board,2
7236160515629959461,careers_tiktok,20230607023206,https://careers.tiktok.com/position/7236160515629959461/detail?utm_source=dot.LA+job+board&utm_medium=getro.com&gh_src=dot.LA+job+board,3
7236172708932307255,lifeattiktok,20250124235537,https://lifeattiktok.com/search/7236172708932307255,2
7236217515097442615,lifeattiktok,20251021081236,https://lifeattiktok.com/search/7236217515097442615,2
7236800299691903269,careers_tiktok,20230607012622,https://careers.tiktok.com/position/7236800299691903269/detail?utm_source=Getro.org+job+board&utm_medium=getro.com&gh_src=Getro.org+job+board,1
7236802270053714232,careers_tiktok,20230607023038,https://careers.tiktok.com/position/7236802270053714232/detail?utm_source=Getro.org+job+board&utm_medium=getro.com&gh_src=Getro.org+job+board,1
7236809758006249765,careers_tiktok,20230607023642,https://careers.tiktok.com/position/7236809758006249765/detail?utm_source=Getro.org+job+board&utm_medium=getro.com&gh_src=Getro.org+job+board,1
7236827818729572667,careers_tiktok,20230607023353,https://careers.tiktok.com/position/7236827818729572667/detail,3
7236891487181965605,careers_tiktok,20230607023501,https://careers.tiktok.com/position/7236891487181965605/detail,3
7236919082728884517,careers_tiktok,20230607022243,https://careers.tiktok.com/position/7236919082728884517/detail?utm_source=Getro.org+job+board&utm_medium=getro.com&gh_src=Getro.org+job+board,1
7237157110386706744,careers_tiktok,20230924162912,https://careers.tiktok.com/position/7237157110386706744/detail,1
7237178803079334203,careers_tiktok,20240228001849,https://careers.tiktok.com/position/7237178803079334203/detail?utm_source=Products+That+Count+job+board&utm_medium=getro.com&gh_src=Products+That+Count+job+board,1
7237212831836981541,lifeattiktok,20260108142827,https://lifeattiktok.com/search/7237212831836981541,2
7237271025020504380,lifeattiktok,20250828085704,https://lifeattiktok.com/search/7237271025020504380,1
7237380158789093688,lifeattiktok,20250517143637,https://lifeattiktok.com/search/7237380158789093688?spread=5MWH5CQ,1
7237510041707874621,lifeattiktok,20250427043436,https://lifeattiktok.com/search/7237510041707874621,2
7237609366629992765,careers_tiktok,20230924170406,https://careers.tiktok.com/position/7237609366629992765/detail,1
7237650076025047353,careers_tiktok,20230924171859,https://careers.tiktok.com/position/7237650076025047353/detail,1
7238392838429428023,careers_tiktok,20230619185919,https://careers.tiktok.com/position/7238392838429428023/detail,1
7238394188411783461,lifeattiktok,20260606100604,https://lifeattiktok.com/search/7238394188411783461?spread=5MWH5CQ,2
7238477645527353660,lifeattiktok,20250315075231,https://lifeattiktok.com/search/7238477645527353660?spread=5MWH5CQ,3
7238489731926329661,lifeattiktok,20250118081729,https://lifeattiktok.com/search/7238489731926329661,1
7238823669492091195,jobs_bytedance,20250622060621,https://jobs.bytedance.com/en/position/7238823669492091195/detail?utm_source=Technology+Crossover+Ventures+job+board&utm_medium=getro.com&gh_src=Technology+Crossover+Ventures+job+board,2
7238824732342667557,jobs_bytedance,20241204002939,https://jobs.bytedance.com/en/position/7238824732342667557/detail?spread=BSPP2KS&ref=levels.fyi&src=levels.fyi&utm_source=levels.fyi,1
7238853266548869435,lifeattiktok,20250516043553,https://lifeattiktok.com/search/7238853266548869435,2
7239121079158540600,careers_tiktok,20230602015117,https://careers.tiktok.com/position/7239121079158540600/detail,2
7239288963792521532,careers_tiktok,20231101201113,https://careers.tiktok.com/position/7239288963792521532/detail?spread=5MWH5CQ,3
7239310044482406716,lifeattiktok,20250809000059,https://lifeattiktok.com/search/7239310044482406716?spread=5MWH5CQ,3
7239335023714339109,jobs_bytedance,20240722161750,https://jobs.bytedance.com/en/position/7239335023714339109/detail,2
7239356779325737272,lifeattiktok,20250613192922,https://lifeattiktok.com/search/7239356779325737272?spread=G1DWUPV,3
7239412664202447161,lifeattiktok,20241206070821,https://lifeattiktok.com/search/7239412664202447161?external_referral_code=5RJ6816,1
7239418548958579003,jobs_bytedance,20241203233248,https://jobs.bytedance.com/en/position/7239418548958579003/detail?external_referral_code=2JV7GXE,2
7239419555831318844,jobs_bytedance,20240721193656,https://jobs.bytedance.com/en/position/7239419555831318844/detail?utm_source=Technology+Crossover+Ventures+job+board&utm_medium=getro.com&gh_src=Technology+Crossover+Ventures+job+board,1
7239423753955461413,jobs_bytedance,20250715044551,https://jobs.bytedance.com/en/position/7239423753955461413/detail?utm_source=Technology+Crossover+Ventures+job+board&utm_medium=getro.com&gh_src=Technology+Crossover+Ventures+job+board,2
7239582425583225143,lifeattiktok,20250206231202,https://lifeattiktok.com/search/7239582425583225143?spread=5MWH5CQ,3
7239759347943983420,lifeattiktok,20250427035652,https://lifeattiktok.com/search/7239759347943983420?spread=5MWH5CQ,3
7239767782726830373,careers_tiktok,20230603225955,https://careers.tiktok.com/position/7239767782726830373/detail,1
7239784352653101368,careers_tiktok,20230924174913,https://careers.tiktok.com/position/7239784352653101368/detail,1
7239844737737525561,lifeattiktok,20250813140913,https://lifeattiktok.com/search/7239844737737525561,2
7240046417779132731,lifeattiktok,20241217195959,https://lifeattiktok.com/search/7240046417779132731,1
7240048013904611642,lifeattiktok,20250928173858,https://lifeattiktok.com/search/7240048013904611642,2
7241078178361526587,careers_tiktok,20230619191649,https://careers.tiktok.com/position/7241078178361526587/detail,1
7241313525452638525,lifeattiktok,20250516054009,https://lifeattiktok.com/search/7241313525452638525?spread=5MWH5CQ,3
7241503433906882873,jobs_bytedance,20250715043623,https://jobs.bytedance.com/en/position/7241503433906882873/detail?utm_source=Technology+Crossover+Ventures+job+board&utm_medium=getro.com&gh_src=Technology+Crossover+Ventures+job+board,1
7241644717392431416,lifeattiktok,20250808230829,https://lifeattiktok.com/search/7241644717392431416,2
7241684549628905787,jobs_bytedance,20250524035001,https://jobs.bytedance.com/en/position/7241684549628905787/detail?utm_source=Coatue+Management+job+board&utm_medium=getro.com&gh_src=Coatue+Management+job+board,2
7241830455841032504,lifeattiktok,20250315080443,https://lifeattiktok.com/search/7241830455841032504?spread=5MWH5CQ,2
7241994187784423717,careers_tiktok,20230924164337,https://careers.tiktok.com/position/7241994187784423717/detail,1
7242087804568652069,lifeattiktok,20250710235800,https://lifeattiktok.com/search/7242087804568652069,1
7242140098643446074,lifeattiktok,20250520040758,https://lifeattiktok.com/search/7242140098643446074?utm_source=Trust+and+Safety+Jobs,1
7242156522314025274,careers_tiktok,20230924162817,https://careers.tiktok.com/position/7242156522314025274/detail,1
7242495057197173051,lifeattiktok,20250613124038,https://lifeattiktok.com/search/7242495057197173051,1
7242639312549153061,lifeattiktok,20250206230239,https://lifeattiktok.com/search/7242639312549153061,2
7242643666773920061,jobs_bytedance,20231101041237,https://jobs.bytedance.com/en/position/7242643666773920061/detail,2
7243509145273354552,lifeattiktok,20250613200602,https://lifeattiktok.com/search/7243509145273354552,1
7243717564885584183,lifeattiktok,20250730190909,https://lifeattiktok.com/search/7243717564885584183,1
7243872889237358906,lifeattiktok,20250710235906,https://lifeattiktok.com/search/7243872889237358906,1
7243932736444418363,lifeattiktok,20250711000618,https://lifeattiktok.com/search/7243932736444418363,2
7243933272861067577,jobs_bytedance,20250424231148,https://jobs.bytedance.com/en/position/7243933272861067577/detail?utm_source=Technology+Crossover+Ventures+job+board&utm_medium=getro.com&gh_src=Technology+Crossover+Ventures+job+board,1
7244219825517316409,lifeattiktok,20250315082512,https://lifeattiktok.com/search/7244219825517316409?spread=5MWH5CQ,3
7244321255217514810,jobs_bytedance,20240721192703,https://jobs.bytedance.com/en/position/7244321255217514810/detail?utm_source=Technology+Crossover+Ventures+job+board&utm_medium=getro.com&gh_src=Technology+Crossover+Ventures+job+board,1
7244382816624347450,jobs_bytedance,20241204002808,https://jobs.bytedance.com/en/position/7244382816624347450/detail?external_referral_code=2JV7GXE,1
7244384709650942264,jobs_bytedance,20240721183917,https://jobs.bytedance.com/en/position/7244384709650942264/detail?utm_source=Technology+Crossover+Ventures+job+board&utm_medium=getro.com&gh_src=Technology+Crossover+Ventures+job+board,1
7244432788165658935,lifeattiktok,20250124223422,https://lifeattiktok.com/search/7244432788165658935?gh_src=Products+That+Count+job+board&utm_medium=getro.com&utm_source=Products+That+Count+job+board,2
7244456164657645885,jobs_bytedance,20241203232643,https://jobs.bytedance.com/en/position/7244456164657645885/detail,1
7244474555204208953,careers_tiktok,20230721154812,https://careers.tiktok.com/position/7244474555204208953/detail,1
7244503315425593655,jobs_bytedance,20250811042740,https://jobs.bytedance.com/en/position/7244503315425593655/detail?spread=BSPP2KS,1
7244811453336242490,jobs_bytedance,20241204001109,https://jobs.bytedance.com/en/position/7244811453336242490/detail,1
7245013298806327611,careers_tiktok,20231208124536,https://careers.tiktok.com/position/7245013298806327611/detail,1
7245221408137414973,jobs_bytedance,20250720170208,https://jobs.bytedance.com/en/position/7245221408137414973/detail,3
7245221622196980005,jobs_bytedance,20250724235108,https://jobs.bytedance.com/en/position/7245221622196980005/detail,2
7245318714865273147,lifeattiktok,20250427030120,https://lifeattiktok.com/search/7245318714865273147,3
7246382509779831097,jobs_bytedance,20241203225932,https://jobs.bytedance.com/en/position/7246382509779831097/detail,1
7246919170142341413,lifeattiktok,20250516051953,https://lifeattiktok.com/search/7246919170142341413,2
7247215039958305081,careers_tiktok,20240418131351,https://careers.tiktok.com/position/7247215039958305081/detail?spread=5MWH5CQ&utm_source=metaintro.beehiiv.com&utm_medium=referral&utm_campaign=marketing-ai-jobs-in-web3,1
7247225923430107453,careers_tiktok,20230801123445,https://careers.tiktok.com/position/7247225923430107453/detail,1
7247227528221247803,careers_tiktok,20230924160918,https://careers.tiktok.com/position/7247227528221247803/detail?spread=5MWH5CQ,1
7247384150004336957,careers_tiktok,20230801112617,https://careers.tiktok.com/position/7247384150004336957/detail,2
7247540838979569981,careers_tiktok,20230801154935,https://careers.tiktok.com/position/7247540838979569981/detail,2
7247609113965660477,lifeattiktok,20250822210552,https://lifeattiktok.com/search/7247609113965660477,1
7247891987910265146,lifeattiktok,20250822210836,https://lifeattiktok.com/search/7247891987910265146,1
7247891987910641978,lifeattiktok,20250822210930,https://lifeattiktok.com/search/7247891987910641978,1
7247892565525481786,lifeattiktok,20250822210700,https://lifeattiktok.com/search/7247892565525481786,1
7247892612371171640,lifeattiktok,20250822210430,https://lifeattiktok.com/search/7247892612371171640,1
7247919286789097787,careers_tiktok,20230924172509,https://careers.tiktok.com/position/7247919286789097787/detail?spread=5MWH5CQ,1
7247925789222865212,lifeattiktok,20250613202331,https://lifeattiktok.com/search/7247925789222865212,2
7248020725390166309,lifeattiktok,20241206075435,https://lifeattiktok.com/search/7248020725390166309?external_referral_code=5RJ6816,4
7248031899909163324,jobs_bytedance,20250808071608,https://jobs.bytedance.com/en/position/7248031899909163324/detail?utm_source=Lead+Edge+Capital+job+board&utm_medium=getro.com&gh_src=Lead+Edge+Capital+job+board,1
7248033517300566329,jobs_bytedance,20250726161335,https://jobs.bytedance.com/en/position/7248033517300566329/detail,4
7248810429110880571,lifeattiktok,20251028075944,https://lifeattiktok.com/search/7248810429110880571,2
7248811247050590521,jobs_bytedance,20241203224626,https://jobs.bytedance.com/en/position/7248811247050590521/detail,1
7248881459410716988,jobs_bytedance,20241203230243,https://jobs.bytedance.com/en/position/7248881459410716988/detail,1
7248995505664198969,lifeattiktok,20250723165023,https://lifeattiktok.com/search/7248995505664198969,1
7249186112337267001,lifeattiktok,20250724142241,https://lifeattiktok.com/search/7249186112337267001,3
7249205537706494268,jobs_bytedance,20241204002059,https://jobs.bytedance.com/en/position/7249205537706494268/detail,1
7249213856228526394,jobs_bytedance,20240815064815,https://jobs.bytedance.com/en/position/7249213856228526394/detail?utm_source=Technology+Crossover+Ventures+job+board&utm_medium=getro.com&gh_src=Technology+Crossover+Ventures+job+board,2
7249294613822212411,jobs_bytedance,20250622044740,https://jobs.bytedance.com/en/position/7249294613822212411/detail?utm_source=Technology+Crossover+Ventures+job+board&utm_medium=getro.com&gh_src=Technology+Crossover+Ventures+job+board,2
7249295088139192633,lifeattiktok,20241216230537,https://lifeattiktok.com/search/7249295088139192633?_rsc=1vvd9,2
7249467712958941499,jobs_bytedance,20231001110433,https://jobs.bytedance.com/en/position/7249467712958941499/detail,1
7249745861696211259,careers_tiktok,20231101042545,https://careers.tiktok.com/position/7249745861696211259/detail,1
7249759716371417400,jobs_bytedance,20250524033807,https://jobs.bytedance.com/en/position/7249759716371417400/detail?utm_source=Coatue+Management+job+board&utm_medium=getro.com&gh_src=Coatue+Management+job+board,1
7249788283709081914,careers_tiktok,20231101071151,https://careers.tiktok.com/position/7249788283709081914/detail,2
7250221870841334072,lifeattiktok,20241206080126,https://lifeattiktok.com/search/7250221870841334072?external_referral_code=5RJ6816,2
7250232880558688569,lifeattiktok,20241206080358,https://lifeattiktok.com/search/7250232880558688569?external_referral_code=5RJ6816,3
7250358326042609978,jobs_bytedance,20241203233653,https://jobs.bytedance.com/en/position/7250358326042609978/detail,1
7250374576005073209,jobs_bytedance,20240914053647,https://jobs.bytedance.com/en/position/7250374576005073209/detail?utm_source=Technology+Crossover+Ventures+job+board&utm_medium=getro.com&gh_src=Technology+Crossover+Ventures+job+board,1
7250620192941394233,jobs_bytedance,20241010054200,https://jobs.bytedance.com/en/position/7250620192941394233/detail?utm_source=Technology+Crossover+Ventures+job+board&utm_medium=getro.com&gh_src=Technology+Crossover+Ventures+job+board,2
7251569140850805052,careers_tiktok,20240228003140,https://careers.tiktok.com/position/7251569140850805052/detail?utm_source=Products+That+Count+job+board&utm_medium=getro.com&gh_src=Products+That+Count+job+board,1
7251675686028003641,lifeattiktok,20250718101017,https://lifeattiktok.com/search/7251675686028003641?spread=5MWH5CQ%3Futm_source%3DhandpickedBerlin,2
7251687411985516859,careers_tiktok,20240517164436,https://careers.tiktok.com/position/7251687411985516859/detail,2
7251892576743459131,careers_tiktok,20231101064155,https://careers.tiktok.com/position/7251892576743459131/detail?spread=5MWH5CQ,2
7251961279274584381,lifeattiktok,20250206224626,https://lifeattiktok.com/search/7251961279274584381,2
7252185386561341756,jobs_bytedance,20241204000210,https://jobs.bytedance.com/en/position/7252185386561341756/detail?utm_source=Technology+Crossover+Ventures+job+board&utm_medium=getro.com&gh_src=Technology+Crossover+Ventures+job+board,1
7252343365358176549,lifeattiktok,20241119123533,https://lifeattiktok.com/search/7252343365358176549,2
7252494368937642299,lifeattiktok,20250516034831,https://lifeattiktok.com/search/7252494368937642299,1
7252960671536335159,careers_tiktok,20231101065458,https://careers.tiktok.com/position/7252960671536335159/detail?spread=5MWH5CQ,2
7253067496051312954,lifeattiktok,20241206072153,https://lifeattiktok.com/search/7253067496051312954?gh_src=Products+That+Count+job+board&utm_medium=getro.com&utm_source=Products+That+Count+job+board,2
7254011755269441847,careers_tiktok,20231102030147,https://careers.tiktok.com/position/7254011755269441847/detail,1
7254154548213008695,jobs_bytedance,20231214221313,https://jobs.bytedance.com/en/position/7254154548213008695/detail?spread=BSPP2KS,2
7254172841435580727,lifeattiktok,20260606104929,https://lifeattiktok.com/search/7254172841435580727?spread=5MWH5CQ,1
7254213212052031804,careers_tiktok,20240227225222,https://careers.tiktok.com/position/7254213212052031804/detail?utm_source=Products+That+Count+job+board&utm_medium=getro.com&gh_src=Products+That+Count+job+board,1
7254498103629629753,jobs_bytedance,20240520115348,https://jobs.bytedance.com/en/position/7254498103629629753/detail,1
7254614249662056762,lifeattiktok,20260519211139,https://lifeattiktok.com/search/7254614249662056762?utm_source=bandana,1
7254634972564588837,lifeattiktok,20250206222308,https://lifeattiktok.com/search/7254634972564588837?spread=5MWH5CQ,3
7254637991485360445,careers_tiktok,20231101115840,https://careers.tiktok.com/position/7254637991485360445/detail?spread=5MWH5CQ,2
7254695888995977533,jobs_bytedance,20250617020927,https://jobs.bytedance.com/en/position/7254695888995977533/detail?utm_source=Technology+Crossover+Ventures+job+board&utm_medium=getro.com&gh_src=Technology+Crossover+Ventures+job+board,1
7255029728327141690,careers_tiktok,20230924162107,https://careers.tiktok.com/position/7255029728327141690/detail?spread=5MWH5CQ,1
7255042539300325693,careers_tiktok,20240726164033,https://careers.tiktok.com/position/7255042539300325693/detail,2
7255345584059762981,lifeattiktok,20251005050402,https://lifeattiktok.com/search/7255345584059762981,1
7255568023770728765,lifeattiktok,20250720192213,https://lifeattiktok.com/search/7255568023770728765?gh_src=MIT+Sloan+Career+Development+Office+job+board,3
7255581371380484411,lifeattiktok,20250206221735,https://lifeattiktok.com/search/7255581371380484411,2
7255617770921740605,careers_tiktok,20231101060039,https://careers.tiktok.com/position/7255617770921740605/detail,1
7255730378546481464,lifeattiktok,20250429072829,https://lifeattiktok.com/search/7255730378546481464?_rsc=5m079,1
7255774746292816184,lifeattiktok,20250429072829,https://lifeattiktok.com/search/7255774746292816184?_rsc=5m079,1
7255809016650909989,jobs_bytedance,20240721192329,https://jobs.bytedance.com/en/position/7255809016650909989/detail?utm_source=Technology+Crossover+Ventures+job+board&utm_medium=getro.com&gh_src=Technology+Crossover+Ventures+job+board,1
7256934234424936762,lifeattiktok,20260114210956,https://lifeattiktok.com/search/7256934234424936762,1
7256951200330123557,jobs_bytedance,20250513125242,https://jobs.bytedance.com/en/position/7256951200330123557/detail?utm_source=Coatue+Management+job+board&utm_medium=getro.com&gh_src=Coatue+Management+job+board,2
7257044228429154619,jobs_bytedance,20250715034013,https://jobs.bytedance.com/en/position/7257044228429154619/detail?utm_source=Technology+Crossover+Ventures+job+board&utm_medium=getro.com&gh_src=Technology+Crossover+Ventures+job+board,2
7257066136436934969,careers_tiktok,20240917173007,https://careers.tiktok.com/position/7257066136436934969/detail,1
7257097527596452133,lifeattiktok,20251004235859,https://lifeattiktok.com/search/7257097527596452133,1
7257146064804399421,jobs_bytedance,20250424234931,https://jobs.bytedance.com/en/position/7257146064804399421/detail?utm_source=Technology+Crossover+Ventures+job+board&utm_medium=getro.com&gh_src=Technology+Crossover+Ventures+job+board,1
7257195516073101628,lifeattiktok,20250516034429,https://lifeattiktok.com/search/7257195516073101628?spread=G1DWUPV,1
7257557314122860857,jobs_bytedance,20240721201637,https://jobs.bytedance.com/en/position/7257557314122860857/detail?utm_source=Technology+Crossover+Ventures+job+board&utm_medium=getro.com&gh_src=Technology+Crossover+Ventures+job+board,1
7257579313952147770,lifeattiktok,20250912225333,https://lifeattiktok.com/search/7257579313952147770,1
7257630770620451128,lifeattiktok,20250206225214,https://lifeattiktok.com/search/7257630770620451128?spread=5MWH5CQ,5
7257634151624624441,careers_tiktok,20231101042051,https://careers.tiktok.com/position/7257634151624624441/detail,1
7257637426839030077,careers_tiktok,20231101075843,https://careers.tiktok.com/position/7257637426839030077/detail,1
7257643187425282362,jobs_bytedance,20240815055210,https://jobs.bytedance.com/en/position/7257643187425282362/detail?utm_source=Lead+Edge+Capital+job+board&utm_medium=getro.com&gh_src=Lead+Edge+Capital+job+board,1
7257849018147146045,lifeattiktok,20250206220815,https://lifeattiktok.com/search/7257849018147146045,2
7257917262554908988,lifeattiktok,20250724143924,https://lifeattiktok.com/search/7257917262554908988?gh_src=MIT+Sloan+Career+Development+Office+job+board,3
7257985757498755386,lifeattiktok,20241206084340,https://lifeattiktok.com/search/7257985757498755386?ref=datasciencejobs.com&source=datasciencejobs.com&utm_source=datasciencejobs.com,2
7258027242624878905,lifeattiktok,20250908041508,https://lifeattiktok.com/search/7258027242624878905,1
7258028230703188282,lifeattiktok,20250907181134,https://lifeattiktok.com/search/7258028230703188282,1
7258061769863334205,lifeattiktok,20250516052410,https://lifeattiktok.com/search/7258061769863334205,2
7258181527904176444,jobs_bytedance,20231013180731,https://jobs.bytedance.com/en/position/7258181527904176444/detail,1
7258183143794198844,jobs_bytedance,20231204170556,https://jobs.bytedance.com/en/position/7258183143794198844/detail?spread=BSPP2KS,1
7258268518986221881,lifeattiktok,20250724224943,https://lifeattiktok.com/search/7258268518986221881,1
7258337307366983991,lifeattiktok,20250411223055,https://lifeattiktok.com/search/7258337307366983991?spread=5MWH5CQ,1
7259313464103274807,jobs_bytedance,20240721200645,https://jobs.bytedance.com/en/position/7259313464103274807/detail?utm_source=Technology+Crossover+Ventures+job+board&utm_medium=getro.com&gh_src=Technology+Crossover+Ventures+job+board,1
7259398129904388412,careers_tiktok,20231101101434,https://careers.tiktok.com/position/7259398129904388412/detail,1
7259504160575293733,lifeattiktok,20250427025303,https://lifeattiktok.com/search/7259504160575293733?spread=G1DWUPV,2
7259619466303424829,jobs_bytedance,20250622045927,https://jobs.bytedance.com/en/position/7259619466303424829/detail?utm_source=Technology+Crossover+Ventures+job+board&utm_medium=getro.com&gh_src=Technology+Crossover+Ventures+job+board,2
7259619466455337274,jobs_bytedance,20250524024151,https://jobs.bytedance.com/en/position/7259619466455337274/detail?utm_source=Coatue+Management+job+board&utm_medium=getro.com&gh_src=Coatue+Management+job+board,1
7259628290120681785,careers_tiktok,20231213200045,https://careers.tiktok.com/position/7259628290120681785/detail?spread=G1DWUPV,1
7259677397035796791,careers_tiktok,20240603171706,https://careers.tiktok.com/position/7259677397035796791/detail,1
7259689251804416311,lifeattiktok,20250830005204,https://lifeattiktok.com/search/7259689251804416311,1
7259704191299193143,jobs_bytedance,20240721191935,https://jobs.bytedance.com/en/position/7259704191299193143/detail?utm_source=Technology+Crossover+Ventures+job+board&utm_medium=getro.com&gh_src=Technology+Crossover+Ventures+job+board,1
7259709143815719226,jobs_bytedance,20240721193848,https://jobs.bytedance.com/en/position/7259709143815719226/detail?utm_source=Technology+Crossover+Ventures+job+board&utm_medium=getro.com&gh_src=Technology+Crossover+Ventures+job+board,1
7259759505578428731,jobs_bytedance,20240520130003,https://jobs.bytedance.com/en/position/7259759505578428731/detail,1
7259779500354783546,lifeattiktok,20250506000909,https://lifeattiktok.com/search/7259779500354783546?spread=5MWH5CQ,3
7259786917411211581,lifeattiktok,20250429232018,https://lifeattiktok.com/search/7259786917411211581,3
7259794850651359547,lifeattiktok,20241206064804,https://lifeattiktok.com/search/7259794850651359547,2
7259827222713895228,lifeattiktok,20250908051238,https://lifeattiktok.com/search/7259827222713895228,1
7259834639861500219,lifeattiktok,20250907233607,https://lifeattiktok.com/search/7259834639861500219,1
7259867472912156986,lifeattiktok,20250516042923,https://lifeattiktok.com/search/7259867472912156986,2
7259914787185740090,lifeattiktok,20260208210433,https://lifeattiktok.com/search/7259914787185740090,1
7259918740056688951,lifeattiktok,20260208192339,https://lifeattiktok.com/search/7259918740056688951,1
7259938326202272059,careers_tiktok,20240207013112,https://careers.tiktok.com/position/7259938326202272059/detail,2
7260149454983629112,jobs_bytedance,20240721194449,https://jobs.bytedance.com/en/position/7260149454983629112/detail?utm_source=Technology+Crossover+Ventures+job+board&utm_medium=getro.com&gh_src=Technology+Crossover+Ventures+job+board,1
7260239389833169208,careers_tiktok,20230924180213,https://careers.tiktok.com/position/7260239389833169208/detail,1
7260273508961208633,lifeattiktok,20260606110105,https://lifeattiktok.com/search/7260273508961208633,2
7260287138993801533,lifeattiktok,20250808233340,https://lifeattiktok.com/search/7260287138993801533,3
7260289817894996261,lifeattiktok,20250124235751,https://lifeattiktok.com/search/7260289817894996261,2
7260324404310264120,lifeattiktok,20250516042957,https://lifeattiktok.com/search/7260324404310264120?spread=5MWH5CQ,5
7260324448833227065,lifeattiktok,20250315075114,https://lifeattiktok.com/search/7260324448833227065?spread=5MWH5CQ,2
7260372570116507962,careers_tiktok,20230804224727,https://careers.tiktok.com/position/7260372570116507962/detail,1
7260451260208777527,lifeattiktok,20241125202845,https://lifeattiktok.com/search/7260451260208777527,1
7260588283251181861,lifeattiktok,20250427034001,https://lifeattiktok.com/search/7260588283251181861?source=jobs.datamasked.com,2
7260739976613415223,lifeattiktok,20251224222248,https://lifeattiktok.com/search/7260739976613415223,1
7260930234655017275,lifeattiktok,20250613201257,https://lifeattiktok.com/search/7260930234655017275?spread=5MWH5CQ&utm_campaign=sell-consultations-not-just-services&utm_medium=referral&utm_source=www.theveteranswallet.com,2
7261560162308344124,jobs_bytedance,20250622045757,https://jobs.bytedance.com/en/position/7261560162308344124/detail?utm_source=Technology+Crossover+Ventures+job+board&utm_medium=getro.com&gh_src=Technology+Crossover+Ventures+job+board,1
7261789405115353405,jobs_bytedance,20250319125537,https://jobs.bytedance.com/en/position/7261789405115353405/detail?utm_source=Lead+Edge+Capital+job+board&utm_medium=getro.com&gh_src=Lead+Edge+Capital+job+board,1
7261793047452322109,lifeattiktok,20250320083637,https://lifeattiktok.com/search/7261793047452322109,1
7261803449107401017,jobs_bytedance,20250524032027,https://jobs.bytedance.com/en/position/7261803449107401017/detail?utm_source=Coatue+Management+job+board&utm_medium=getro.com&gh_src=Coatue+Management+job+board,3
7261804208865200440,jobs_bytedance,20250513131631,https://jobs.bytedance.com/en/position/7261804208865200440/detail?utm_source=Coatue+Management+job+board&utm_medium=getro.com&gh_src=Coatue+Management+job+board,2
7261804222873979191,jobs_bytedance,20250519120859,https://jobs.bytedance.com/en/position/7261804222873979191/detail?utm_source=Technology+Crossover+Ventures+job+board&utm_medium=getro.com&gh_src=Technology+Crossover+Ventures+job+board,1
7261804666886211898,jobs_bytedance,20241010043518,https://jobs.bytedance.com/en/position/7261804666886211898/detail?utm_source=Technology+Crossover+Ventures+job+board&utm_medium=getro.com&gh_src=Technology+Crossover+Ventures+job+board,2
7261806022493227323,jobs_bytedance,20250814070635,https://jobs.bytedance.com/en/position/7261806022493227323/detail,2
7261806622010804538,jobs_bytedance,20240914041044,https://jobs.bytedance.com/en/position/7261806622010804538/detail?utm_source=Technology+Crossover+Ventures+job+board&utm_medium=getro.com&gh_src=Technology+Crossover+Ventures+job+board,1
7261806622229743930,jobs_bytedance,20250513135558,https://jobs.bytedance.com/en/position/7261806622229743930/detail?utm_source=Coatue+Management+job+board&utm_medium=getro.com&gh_src=Coatue+Management+job+board,2
7261808350156032293,jobs_bytedance,20250513123822,https://jobs.bytedance.com/en/position/7261808350156032293/detail?utm_source=Coatue+Management+job+board&utm_medium=getro.com&gh_src=Coatue+Management+job+board,3
7261863804173633853,lifeattiktok,20250613194244,https://lifeattiktok.com/search/7261863804173633853?spread=5MWH5CQ,2
7261920879243004215,jobs_bytedance,20231128075252,https://jobs.bytedance.com/en/position/7261920879243004215/detail?spread=BSPP2KS,1
7262016335801731384,lifeattiktok,20250206220400,https://lifeattiktok.com/search/7262016335801731384,2
7262122042689751356,careers_tiktok,20230921011923,https://careers.tiktok.com/position/7262122042689751356/detail,1
7262201157371431229,lifeattiktok,20250315075311,https://lifeattiktok.com/search/7262201157371431229?spread=5MWH5CQ,3
7262250039048571195,careers_tiktok,20231101044433,https://careers.tiktok.com/position/7262250039048571195/detail,1
7262263899994442042,careers_tiktok,20240420060729,https://careers.tiktok.com/position/7262263899994442042/detail,2
7262284415572265274,jobs_bytedance,20240811090555,https://jobs.bytedance.com/en/position/7262284415572265274/detail,1
7262292072081738045,lifeattiktok,20250613201948,https://lifeattiktok.com/search/7262292072081738045?spread=5MWH5CQ,3
7262409831579191608,lifeattiktok,20260208202134,https://lifeattiktok.com/search/7262409831579191608,1
7262410670992738619,lifeattiktok,20260208202523,https://lifeattiktok.com/search/7262410670992738619,1
7262475761466476859,lifeattiktok,20250427034306,https://lifeattiktok.com/search/7262475761466476859,2
7262479442630281533,lifeattiktok,20260208193736,https://lifeattiktok.com/search/7262479442630281533,1
7262481523029854519,careers_tiktok,20240526212455,https://careers.tiktok.com/position/7262481523029854519/detail,1
7262484665184766245,lifeattiktok,20260208195915,https://lifeattiktok.com/search/7262484665184766245,1
7262485627660683577,lifeattiktok,20260208201303,https://lifeattiktok.com/search/7262485627660683577,1
7262485668198205751,lifeattiktok,20260208200050,https://lifeattiktok.com/search/7262485668198205751,1
7262486937234557240,lifeattiktok,20260208203141,https://lifeattiktok.com/search/7262486937234557240,1
7262506834203035964,careers_tiktok,20230804224627,https://careers.tiktok.com/position/7262506834203035964/detail,1
7262545908008454458,jobs_bytedance,20250622050753,https://jobs.bytedance.com/en/position/7262545908008454458/detail?utm_source=Technology+Crossover+Ventures+job+board&utm_medium=getro.com&gh_src=Technology+Crossover+Ventures+job+board,2
7262600447424678181,lifeattiktok,20251016004435,https://lifeattiktok.com/search/7262600447424678181,1
7262820800369084731,jobs_bytedance,20250319135119,https://jobs.bytedance.com/en/position/7262820800369084731/detail?utm_source=Technology+Crossover+Ventures+job+board&utm_medium=getro.com&gh_src=Technology+Crossover+Ventures+job+board,1
7262824301965871419,lifeattiktok,20260126023243,https://lifeattiktok.com/search/7262824301965871419,2
7262977493342603578,jobs_bytedance,20240721202513,https://jobs.bytedance.com/en/position/7262977493342603578/detail?utm_source=Technology+Crossover+Ventures+job+board&utm_medium=getro.com&gh_src=Technology+Crossover+Ventures+job+board,1
7262979049433434427,jobs_bytedance,20250519111158,https://jobs.bytedance.com/en/position/7262979049433434427/detail?utm_source=Lead+Edge+Capital+job+board&utm_medium=getro.com&gh_src=Lead+Edge+Capital+job+board,1
7262982624900712761,jobs_bytedance,20240721203150,https://jobs.bytedance.com/en/position/7262982624900712761/detail?utm_source=Technology+Crossover+Ventures+job+board&utm_medium=getro.com&gh_src=Technology+Crossover+Ventures+job+board,1
7262985963998251301,jobs_bytedance,20241010053415,https://jobs.bytedance.com/en/position/7262985963998251301/detail?utm_source=Technology+Crossover+Ventures+job+board&utm_medium=getro.com&gh_src=Technology+Crossover+Ventures+job+board,1
7263075966421944631,careers_tiktok,20230824102233,https://careers.tiktok.com/position/7263075966421944631/detail,1
7263214418266229053,careers_tiktok,20231208134900,https://careers.tiktok.com/position/7263214418266229053/detail?spread=5MWH5CQ,1
7263218039146219831,lifeattiktok,20250329044815,https://lifeattiktok.com/search/7263218039146219831?spread=5MWH5CQ,1
7263258972516550968,careers_tiktok,20240614025430,https://careers.tiktok.com/position/7263258972516550968/detail,1
7263299734953265469,careers_tiktok,20230924170934,https://careers.tiktok.com/position/7263299734953265469/detail,1
7263300298931996988,careers_tiktok,20230924165312,https://careers.tiktok.com/position/7263300298931996988/detail,1
7263309618783930661,lifeattiktok,20250828062712,https://lifeattiktok.com/search/7263309618783930661,2
7263433425050159416,jobs_bytedance,20240414164836,https://jobs.bytedance.com/en/position/7263433425050159416/detail,1
7264335508539574583,lifeattiktok,20260208201420,https://lifeattiktok.com/search/7264335508539574583,1
7264422689727727927,lifeattiktok,20250517150228,https://lifeattiktok.com/search/7264422689727727927,1
7264491722142796069,lifeattiktok,20250821073214,https://lifeattiktok.com/search/7264491722142796069,1
7264507916845074747,careers_tiktok,20231114201125,https://careers.tiktok.com/position/7264507916845074747/detail?spread=G1DWUPV,1
7264727204252322105,lifeattiktok,20250829045532,https://lifeattiktok.com/search/7264727204252322105,1
7264779096583833914,careers_tiktok,20240126232520,https://careers.tiktok.com/position/7264779096583833914/detail?spread=5MWH5CQ&utm_source=Simplify&ref=Simplify,1
7264779178602809637,careers_tiktok,20240126232511,https://careers.tiktok.com/position/7264779178602809637/detail?utm_source=Simplify&ref=Simplify,1
7264811779820783930,jobs_bytedance,20250513131420,https://jobs.bytedance.com/en/position/7264811779820783930/detail?utm_source=Coatue+Management+job+board&utm_medium=getro.com&gh_src=Coatue+Management+job+board,2
7264831743274174778,jobs_bytedance,20250524023125,https://jobs.bytedance.com/en/position/7264831743274174778/detail?utm_source=Coatue+Management+job+board&utm_medium=getro.com&gh_src=Coatue+Management+job+board,2
7265087349558118712,careers_tiktok,20231007070341,https://careers.tiktok.com/position/7265087349558118712/detail,1
7265101515970611516,jobs_bytedance,20241108015925,https://jobs.bytedance.com/en/position/7265101515970611516/detail?utm_source=Technology+Crossover+Ventures+job+board&utm_medium=getro.com&gh_src=Technology+Crossover+Ventures+job+board,1
7265106982942607675,jobs_bytedance,20250524034233,https://jobs.bytedance.com/en/position/7265106982942607675/detail?utm_source=Coatue+Management+job+board&utm_medium=getro.com&gh_src=Coatue+Management+job+board,1
7265122050976778556,jobs_bytedance,20250125233804,https://jobs.bytedance.com/en/position/7265122050976778556/detail?utm_source=Technology+Crossover+Ventures+job+board&utm_medium=getro.com&gh_src=Technology+Crossover+Ventures+job+board,1
7265122242602092856,careers_tiktok,20230828210811,https://careers.tiktok.com/position/7265122242602092856/detail,1
7265122301875980600,lifeattiktok,20260306044608,https://lifeattiktok.com/search/7265122301875980600?spread=5MWH5CQ&utm_source=levels.fyi,2
7265124569236736312,jobs_bytedance,20230924104605,https://jobs.bytedance.com/en/position/7265124569236736312/detail,1
7265210753220200765,lifeattiktok,20260208210313,https://lifeattiktok.com/search/7265210753220200765,1
7265255087201863973,careers_tiktok,20240417190602,https://careers.tiktok.com/position/7265255087201863973/detail?spread=5MWH5CQ,1
7265391501302516025,jobs_bytedance,20230930215550,https://jobs.bytedance.com/en/position/7265391501302516025/detail?spread=BSPP2KS,1
7265392891261323578,jobs_bytedance,20250622051600,https://jobs.bytedance.com/en/position/7265392891261323578/detail?utm_source=Technology+Crossover+Ventures+job+board&utm_medium=getro.com&gh_src=Technology+Crossover+Ventures+job+board,1
7265394108691368229,jobs_bytedance,20230924104610,https://jobs.bytedance.com/en/position/7265394108691368229/detail,1
7265397646302939447,lifeattiktok,20250613190739,https://lifeattiktok.com/search/7265397646302939447,2
7265483621460609317,lifeattiktok,20250124235711,https://lifeattiktok.com/search/7265483621460609317,1
7265512454418827575,lifeattiktok,20250908095733,https://lifeattiktok.com/search/7265512454418827575,1
7265559989711505722,jobs_bytedance,20250524035202,https://jobs.bytedance.com/en/position/7265559989711505722/detail?utm_source=Coatue+Management+job+board&utm_medium=getro.com&gh_src=Coatue+Management+job+board,1
7265561065802582328,jobs_bytedance,20241203225724,https://jobs.bytedance.com/en/position/7265561065802582328/detail?utm_source=Technology+Crossover+Ventures+job+board&utm_medium=getro.com&gh_src=Technology+Crossover+Ventures+job+board,1
7265565369535285560,jobs_bytedance,20250727141608,https://jobs.bytedance.com/en/position/7265565369535285560/detail,2
7265579601686186277,lifeattiktok,20241119033950,https://lifeattiktok.com/search/7265579601686186277?_rsc=8x1y1,1
7265585582666418487,lifeattiktok,20250307182845,https://lifeattiktok.com/search/7265585582666418487,1
7265629067168418105,careers_tiktok,20231231153312,https://careers.tiktok.com/position/7265629067168418105/detail?spread=5MWH5CQ,1
7265632381078571323,lifeattiktok,20241211055300,https://lifeattiktok.com/search/7265632381078571323?spread=5MWH5CQ,1
7265645805046204732,careers_tiktok,20231011014422,https://careers.tiktok.com/position/7265645805046204732/detail,1
7265704854077032741,careers_tiktok,20240227231254,https://careers.tiktok.com/position/7265704854077032741/detail,1
7265708067697576247,jobs_bytedance,20240126232540,https://jobs.bytedance.com/en/position/7265708067697576247/detail?spread=BSPP2KS&utm_source=Simplify&ref=Simplify,1
7265708819858262330,careers_tiktok,20240227234350,https://careers.tiktok.com/position/7265708819858262330/detail,1
7265711672785094968,careers_tiktok,20240228000935,https://careers.tiktok.com/position/7265711672785094968/detail,1
7265752342699837757,jobs_bytedance,20250424223900,https://jobs.bytedance.com/en/position/7265752342699837757/detail?utm_source=Technology+Crossover+Ventures+job+board&utm_medium=getro.com&gh_src=Technology+Crossover+Ventures+job+board,1
7265768876004149541,lifeattiktok,20250516045453,https://lifeattiktok.com/search/7265768876004149541,2
7265822215684639033,careers_tiktok,20231222131453,https://careers.tiktok.com/position/7265822215684639033/detail?spread=5MWH5CQ,1
7265823100818065701,lifeattiktok,20250206213346,https://lifeattiktok.com/search/7265823100818065701,2
7265826882304837944,lifeattiktok,20250125003021,https://lifeattiktok.com/search/7265826882304837944,2
7265882988344559932,jobs_bytedance,20240815052531,https://jobs.bytedance.com/en/position/7265882988344559932/detail?utm_source=Technology+Crossover+Ventures+job+board&utm_medium=getro.com&gh_src=Technology+Crossover+Ventures+job+board,1
7265914379592517949,careers_tiktok,20231222131451,https://careers.tiktok.com/position/7265914379592517949/detail?spread=5MWH5CQ,1
7265933167893317946,careers_tiktok,20240227230733,https://careers.tiktok.com/position/7265933167893317946/detail,1
7265943486443571513,jobs_bytedance,20250622061155,https://jobs.bytedance.com/en/position/7265943486443571513/detail?utm_source=Technology+Crossover+Ventures+job+board&utm_medium=getro.com&gh_src=Technology+Crossover+Ventures+job+board,1
7266068529412278585,careers_tiktok,20230915122543,https://careers.tiktok.com/position/7266068529412278585/detail,1
7266068852437420349,lifeattiktok,20251223163419,https://lifeattiktok.com/search/7266068852437420349,1
7266109113187928379,careers_tiktok,20240228001526,https://careers.tiktok.com/position/7266109113187928379/detail,1
7266124808742668602,careers_tiktok,20231101083759,https://careers.tiktok.com/position/7266124808742668602/detail,1
7266125798414108985,careers_tiktok,20231101093621,https://careers.tiktok.com/position/7266125798414108985/detail,1
7266147340116085053,careers_tiktok,20240227232515,https://careers.tiktok.com/position/7266147340116085053/detail,1
7266147827948112187,careers_tiktok,20240227233355,https://careers.tiktok.com/position/7266147827948112187/detail,1
7266163176600422712,careers_tiktok,20240227234316,https://careers.tiktok.com/position/7266163176600422712/detail,1
7266164210408655164,careers_tiktok,20240227222129,https://careers.tiktok.com/position/7266164210408655164/detail,1
7266166321967057207,lifeattiktok,20250908180715,https://lifeattiktok.com/search/7266166321967057207,1
7266185713451829562,careers_tiktok,20230822062244,https://careers.tiktok.com/position/7266185713451829562/detail,1
7266191356584872248,careers_tiktok,20240227231143,https://careers.tiktok.com/position/7266191356584872248/detail?spread=5MWH5CQ&utm_campaign=Job_Board_Newsletter&utm_source=hs_email&utm_medium=email&utm_content=282871585&_hsenc=p2ANqtz-9L3O5t45cmWAM5eKcaWgvtr2I5ZlXDERYCovAia09kK4nbyQ8zRiqlqmBuUoYExflDV3LwLzGtn5AnfWgXP_fSqxjJtDdKsc4Y46fN5b0qbwjvuO8,1
7266194019922839869,careers_tiktok,20240227235413,https://careers.tiktok.com/position/7266194019922839869/detail,1
7266200442949126457,careers_tiktok,20240227233904,https://careers.tiktok.com/position/7266200442949126457/detail,1
7266221020817312056,careers_tiktok,20240614024132,https://careers.tiktok.com/position/7266221020817312056/detail,1
7266222257310107963,careers_tiktok,20230911133840,https://careers.tiktok.com/position/7266222257310107963/detail?spread=G1DWUPV,1
7266231181254740279,careers_tiktok,20240227233050,https://careers.tiktok.com/position/7266231181254740279/detail,1
7266238867313248571,lifeattiktok,20250427041653,https://lifeattiktok.com/search/7266238867313248571,1
7266363702906947899,jobs_bytedance,20250125225444,https://jobs.bytedance.com/en/position/7266363702906947899/detail?utm_source=Technology+Crossover+Ventures+job+board&utm_medium=getro.com&gh_src=Technology+Crossover+Ventures+job+board,1
7266366964283935032,jobs_bytedance,20250513124047,https://jobs.bytedance.com/en/position/7266366964283935032/detail?utm_source=Coatue+Management+job+board&utm_medium=getro.com&gh_src=Coatue+Management+job+board,2
7266367817711716666,jobs_bytedance,20250524031415,https://jobs.bytedance.com/en/position/7266367817711716666/detail?utm_source=Coatue+Management+job+board&utm_medium=getro.com&gh_src=Coatue+Management+job+board,2
7266369246761961785,jobs_bytedance,20240721190246,https://jobs.bytedance.com/en/position/7266369246761961785/detail?utm_source=Technology+Crossover+Ventures+job+board&utm_medium=getro.com&gh_src=Technology+Crossover+Ventures+job+board,1
7267005523350079802,lifeattiktok,20250315082657,https://lifeattiktok.com/search/7267005523350079802,2
7267035371972036919,lifeattiktok,20250821234742,https://lifeattiktok.com/search/7267035371972036919,1
7267072647320783165,jobs_bytedance,20250424224548,https://jobs.bytedance.com/en/position/7267072647320783165/detail?utm_source=Technology+Crossover+Ventures+job+board&utm_medium=getro.com&gh_src=Technology+Crossover+Ventures+job+board,1
7267226221741607223,lifeattiktok,20260208193442,https://lifeattiktok.com/search/7267226221741607223,1
7267238090039642424,lifeattiktok,20250206212433,https://lifeattiktok.com/search/7267238090039642424,2
7267239941222140217,lifeattiktok,20250124230148,https://lifeattiktok.com/search/7267239941222140217,2
7267280823337847097,careers_tiktok,20230924163355,https://careers.tiktok.com/position/7267280823337847097/detail,1
7267298137634392380,jobs_bytedance,20240126232533,https://jobs.bytedance.com/en/position/7267298137634392380/detail?utm_source=Simplify&ref=Simplify,1
7267301924557801765,jobs_bytedance,20250425000049,https://jobs.bytedance.com/en/position/7267301924557801765/detail?utm_source=Technology+Crossover+Ventures+job+board&utm_medium=getro.com&gh_src=Technology+Crossover+Ventures+job+board,1
7267611363882617149,lifeattiktok,20250516045245,https://lifeattiktok.com/search/7267611363882617149?spread=5MWH5CQ&utm_source=levels.fyi,3
7267611601821452603,jobs_bytedance,20250216183248,https://jobs.bytedance.com/en/position/7267611601821452603/detail?utm_source=Technology+Crossover+Ventures+job+board&utm_medium=getro.com&gh_src=Technology+Crossover+Ventures+job+board,1
7267667888680929597,lifeattiktok,20250516053413,https://lifeattiktok.com/search/7267667888680929597,1
7267715087610153273,careers_tiktok,20240126232502,https://careers.tiktok.com/position/7267715087610153273/detail?utm_source=Simplify&ref=Simplify,1
7267818775252273464,careers_tiktok,20231101045846,https://careers.tiktok.com/position/7267818775252273464/detail,1
7267884064710920505,careers_tiktok,20231101041612,https://careers.tiktok.com/position/7267884064710920505/detail,1
7267920651528292669,careers_tiktok,20240209231347,https://careers.tiktok.com/position/7267920651528292669/detail,1
7267966475230284092,lifeattiktok,20250206222115,https://lifeattiktok.com/search/7267966475230284092,2
7267970278041471290,careers_tiktok,20240228002545,https://careers.tiktok.com/position/7267970278041471290/detail,2
7267974287608203581,lifeattiktok,20241206074352,https://lifeattiktok.com/search/7267974287608203581,2
7267974327285467429,careers_tiktok,20240228003506,https://careers.tiktok.com/position/7267974327285467429/detail,1
7267974328280877367,careers_tiktok,20230822072234,https://careers.tiktok.com/position/7267974328280877367/detail,1
7267978900298074405,careers_tiktok,20230924161352,https://careers.tiktok.com/position/7267978900298074405/detail,1
7268032754103961913,careers_tiktok,20230924162544,https://careers.tiktok.com/position/7268032754103961913/detail,1
7268056291783526716,lifeattiktok,20241206072612,https://lifeattiktok.com/search/7268056291783526716?ref=datasciencejobs.com&source=datasciencejobs.com&utm_source=datasciencejobs.com,3
7268128349263743290,careers_tiktok,20231101060040,https://careers.tiktok.com/position/7268128349263743290/detail?spread=5MWH5CQ,2
7268332280170481981,lifeattiktok,20250730092356,https://lifeattiktok.com/search/7268332280170481981,1
7268396963867167013,jobs_bytedance,20230924104606,https://jobs.bytedance.com/en/position/7268396963867167013/detail,1
7268612310146582840,careers_tiktok,20231101102226,https://careers.tiktok.com/position/7268612310146582840/detail,1
7268645272064985400,lifeattiktok,20251211125935,https://lifeattiktok.com/search/7268645272064985400?utm_source=MyJobMag,8
7268646416518908217,jobs_bytedance,20250622055830,https://jobs.bytedance.com/en/position/7268646416518908217/detail?utm_source=Technology+Crossover+Ventures+job+board&utm_medium=getro.com&gh_src=Technology+Crossover+Ventures+job+board,1
7268785621837400357,lifeattiktok,20250828064033,https://lifeattiktok.com/search/7268785621837400357,1
7268795434008054071,careers_tiktok,20231101105307,https://careers.tiktok.com/position/7268795434008054071/detail,2
7268795461329717559,lifeattiktok,20250821103049,https://lifeattiktok.com/search/7268795461329717559,1
7269291372682709303,lifeattiktok,20250520032700,https://lifeattiktok.com/search/7269291372682709303?utm_source=Trust+and+Safety+Jobs,1
7269675900365736229,careers_tiktok,20230924181706,https://careers.tiktok.com/position/7269675900365736229/detail,1
7269836354778581285,careers_tiktok,20231101141955,https://careers.tiktok.com/position/7269836354778581285/detail,2
7269875682242595109,careers_tiktok,20231101045122,https://careers.tiktok.com/position/7269875682242595109/detail,1
7269901104439249189,careers_tiktok,20240227233430,https://careers.tiktok.com/position/7269901104439249189/detail,1
7269936830768810297,careers_tiktok,20231101052400,https://careers.tiktok.com/position/7269936830768810297/detail?spread=5MWH5CQ,2
7269939315978176829,careers_tiktok,20231101063041,https://careers.tiktok.com/position/7269939315978176829/detail?spread=5MWH5CQ,2
7270039018820536632,jobs_bytedance,20250216183921,https://jobs.bytedance.com/en/position/7270039018820536632/detail?spread=BSPP2KS,1
7270212081659562297,careers_tiktok,20231101052755,https://careers.tiktok.com/position/7270212081659562297/detail,1
7270254406809209145,careers_tiktok,20230924182700,https://careers.tiktok.com/position/7270254406809209145/detail,1
7270255216103082301,careers_tiktok,20230924175434,https://careers.tiktok.com/position/7270255216103082301/detail,1
7270255217873570108,careers_tiktok,20230924170800,https://careers.tiktok.com/position/7270255217873570108/detail,1
7270256153988008253,careers_tiktok,20230924180948,https://careers.tiktok.com/position/7270256153988008253/detail,1
7270264237963725117,careers_tiktok,20230910091725,https://careers.tiktok.com/position/7270264237963725117/detail?spread=XKM9ZXE,1
7270296324016654647,lifeattiktok,20250821105255,https://lifeattiktok.com/search/7270296324016654647,1
7270389649478420794,lifeattiktok,20250916152352,https://lifeattiktok.com/search/7270389649478420794,1
7270431690291480888,lifeattiktok,20250613192251,https://lifeattiktok.com/search/7270431690291480888,1
7270446825642101048,lifeattiktok,20250613195048,https://lifeattiktok.com/search/7270446825642101048,1
7270507969522862394,lifeattiktok,20250516042604,https://lifeattiktok.com/search/7270507969522862394,1
7270520837701634361,careers_tiktok,20231101054706,https://careers.tiktok.com/position/7270520837701634361/detail,1
7270597100890605882,careers_tiktok,20231101053450,https://careers.tiktok.com/position/7270597100890605882/detail,2
7270627650884241720,jobs_bytedance,20250513122559,https://jobs.bytedance.com/en/position/7270627650884241720/detail?utm_source=Coatue+Management+job+board&utm_medium=getro.com&gh_src=Coatue+Management+job+board,2
7270665658072926521,jobs_bytedance,20240721193304,https://jobs.bytedance.com/en/position/7270665658072926521/detail?utm_source=Technology+Crossover+Ventures+job+board&utm_medium=getro.com&gh_src=Technology+Crossover+Ventures+job+board,1
7270666468370614585,jobs_bytedance,20241108004534,https://jobs.bytedance.com/en/position/7270666468370614585/detail?utm_source=Technology+Crossover+Ventures+job+board&utm_medium=getro.com&gh_src=Technology+Crossover+Ventures+job+board,3
7270728624402827580,lifeattiktok,20250723081203,https://lifeattiktok.com/search/7270728624402827580,2
7270967296976570684,careers_tiktok,20240417194432,https://careers.tiktok.com/position/7270967296976570684/detail?ref=Boooom.co,1
7271046898659543352,careers_tiktok,20231220063826,https://careers.tiktok.com/position/7271046898659543352/detail?_tracking=FGB2022,1
7271468613893622075,lifeattiktok,20250403073426,https://lifeattiktok.com/search/7271468613893622075,2
7272248366863141180,lifeattiktok,20250809000721,https://lifeattiktok.com/search/7272248366863141180,1
7272323177559623995,lifeattiktok,20250724000511,https://lifeattiktok.com/search/7272323177559623995,2
7272434582992734520,lifeattiktok,20260208203653,https://lifeattiktok.com/search/7272434582992734520,1
7272672139781015864,jobs_bytedance,20240721200710,https://jobs.bytedance.com/en/position/7272672139781015864/detail?utm_source=Technology+Crossover+Ventures+job+board&utm_medium=getro.com&gh_src=Technology+Crossover+Ventures+job+board,1
7272845695756765498,lifeattiktok,20260208210542,https://lifeattiktok.com/search/7272845695756765498,1
7272846640054274361,jobs_bytedance,20240617205712,https://jobs.bytedance.com/en/position/7272846640054274361/detail?utm_source=Technology+Crossover+Ventures+job+board&utm_medium=getro.com&gh_src=Technology+Crossover+Ventures+job+board,1
7272848117677427002,jobs_bytedance,20250319133236,https://jobs.bytedance.com/en/position/7272848117677427002/detail?utm_source=Lead+Edge+Capital+job+board&utm_medium=getro.com&gh_src=Lead+Edge+Capital+job+board,2
7272946023705364797,lifeattiktok,20250801215042,https://lifeattiktok.com/search/7272946023705364797,1
7273124581153311031,careers_tiktok,20231101122218,https://careers.tiktok.com/position/7273124581153311031/detail,2
7273175848847657275,careers_tiktok,20240228002139,https://careers.tiktok.com/position/7273175848847657275/detail,1
7273435209642461495,lifeattiktok,20250505205537,https://lifeattiktok.com/search/7273435209642461495,1
7273435678758439205,careers_tiktok,20231101102517,https://careers.tiktok.com/position/7273435678758439205/detail,1
7273998364520417595,jobs_bytedance,20250622060553,https://jobs.bytedance.com/en/position/7273998364520417595/detail?utm_source=Technology+Crossover+Ventures+job+board&utm_medium=getro.com&gh_src=Technology+Crossover+Ventures+job+board,2
7273998404085385527,careers_tiktok,20231101100748,https://careers.tiktok.com/position/7273998404085385527/detail,1
7274919928917330235,lifeattiktok,20250613130747,https://lifeattiktok.com/search/7274919928917330235,1
7274947112852621627,jobs_bytedance,20240520122811,https://jobs.bytedance.com/en/position/7274947112852621627/detail,1
7275220058799327546,lifeattiktok,20250908081419,https://lifeattiktok.com/search/7275220058799327546,1
7275248938771712311,careers_tiktok,20231101042113,https://careers.tiktok.com/position/7275248938771712311/detail,1
7275501509415520569,careers_tiktok,20231208115048,https://careers.tiktok.com/position/7275501509415520569/detail?spread=5MWH5CQ,1
7275537416538229048,jobs_bytedance,20240815054232,https://jobs.bytedance.com/en/position/7275537416538229048/detail?utm_source=Technology+Crossover+Ventures+job+board&utm_medium=getro.com&gh_src=Technology+Crossover+Ventures+job+board,1
7275541183328651577,lifeattiktok,20241217190911,https://lifeattiktok.com/search/7275541183328651577,2
7275862482769414457,jobs_bytedance,20250125220300,https://jobs.bytedance.com/en/position/7275862482769414457/detail?utm_source=Technology+Crossover+Ventures+job+board&utm_medium=getro.com&gh_src=Technology+Crossover+Ventures+job+board,2
7275986284463950138,careers_tiktok,20231101103224,https://careers.tiktok.com/position/7275986284463950138/detail,1
7276095095970793784,jobs_bytedance,20241204003237,https://jobs.bytedance.com/en/position/7276095095970793784/detail?ref=creativetokyo,1
7276138130171726139,lifeattiktok,20251223180948,https://lifeattiktok.com/search/7276138130171726139,1
7276216754824055096,jobs_bytedance,20250811052211,https://jobs.bytedance.com/en/position/7276216754824055096/detail?utm_source=Coatue+Management+job+board&utm_medium=getro.com&gh_src=Coatue+Management+job+board,2
7276222921483143479,lifeattiktok,20251015235715,https://lifeattiktok.com/search/7276222921483143479,1
7276252958843947322,lifeattiktok,20260306054952,https://lifeattiktok.com/search/7276252958843947322?spread=5MWH5CQ,2
7276297682049337661,lifeattiktok,20250315074909,https://lifeattiktok.com/search/7276297682049337661?utm_source=qajobs.co,1
7276534681419598138,lifeattiktok,20250427035427,https://lifeattiktok.com/search/7276534681419598138?spread=5MWH5CQ,2
7277614762103097657,careers_tiktok,20231101074947,https://careers.tiktok.com/position/7277614762103097657/detail?spread=5MWH5CQ,2
7277810304700401979,careers_tiktok,20231101055806,https://careers.tiktok.com/position/7277810304700401979/detail,2
7277856917052246333,careers_tiktok,20240614023938,https://careers.tiktok.com/position/7277856917052246333/detail,1
7277981533087303995,jobs_bytedance,20250424222040,https://jobs.bytedance.com/en/position/7277981533087303995/detail,1
7278064291701131577,jobs_bytedance,20240707225406,https://jobs.bytedance.com/en/position/7278064291701131577/detail,2
7278089132970101047,lifeattiktok,20260208193552,https://lifeattiktok.com/search/7278089132970101047,1
7278150999587162427,jobs_bytedance,20250725010607,https://jobs.bytedance.com/en/position/7278150999587162427/detail,4
7278162340108732730,careers_tiktok,20240416034037,https://careers.tiktok.com/position/7278162340108732730/detail?spread=G1DWUPV,3
7278164077145295164,jobs_bytedance,20250715035618,https://jobs.bytedance.com/en/position/7278164077145295164/detail?utm_source=Lead+Edge+Capital+job+board&utm_medium=getro.com&gh_src=Lead+Edge+Capital+job+board,2
7278166975430560056,lifeattiktok,20241109033644,https://lifeattiktok.com/search/7278166975430560056,2
7278347345098524984,jobs_bytedance,20240721195447,https://jobs.bytedance.com/en/position/7278347345098524984/detail?utm_source=Technology+Crossover+Ventures+job+board&utm_medium=getro.com&gh_src=Technology+Crossover+Ventures+job+board,1
7278395901625944381,careers_tiktok,20231121184453,https://careers.tiktok.com/position/7278395901625944381/detail?spread=5MWH5CQ,1
7278585192061716793,careers_tiktok,20240725152434,https://careers.tiktok.com/position/7278585192061716793/detail?spread=5MWH5CQ/,1
7278828011783588156,lifeattiktok,20260208204855,https://lifeattiktok.com/search/7278828011783588156,1
7279192939183982905,lifeattiktok,20260306054752,https://lifeattiktok.com/search/7279192939183982905?spread=G1DWUPV&utm_campaign=punchtime-why-strategy-is-your-superpower&utm_medium=referral&utm_source=www.punch-time.com,1
7280096339269355837,careers_tiktok,20240207013447,https://careers.tiktok.com/position/7280096339269355837/detail?spread=5MWH5CQ,2
7280166532443834684,jobs_bytedance,20240914044015,https://jobs.bytedance.com/en/position/7280166532443834684/detail?utm_source=Technology+Crossover+Ventures+job+board&utm_medium=getro.com&gh_src=Technology+Crossover+Ventures+job+board,2
7280269702282348855,jobs_bytedance,20250622055355,https://jobs.bytedance.com/en/position/7280269702282348855/detail?utm_source=Technology+Crossover+Ventures+job+board&utm_medium=getro.com&gh_src=Technology+Crossover+Ventures+job+board,1
7280278381055772965,jobs_bytedance,20250811041645,https://jobs.bytedance.com/en/position/7280278381055772965/detail?utm_source=Technology+Crossover+Ventures+job+board&utm_medium=getro.com&gh_src=Technology+Crossover+Ventures+job+board,2
7280278381811157285,jobs_bytedance,20241204003903,https://jobs.bytedance.com/en/position/7280278381811157285/detail?external_referral_code=2JV7GXE,1
7280312603997325629,lifeattiktok,20241218015802,https://lifeattiktok.com/search/7280312603997325629,2
7280412329967503676,careers_tiktok,20240227232737,https://careers.tiktok.com/position/7280412329967503676/detail?utm_source=Products+That+Count+job+board&utm_medium=getro.com&gh_src=Products+That+Count+job+board,1
7280436016287992123,jobs_bytedance,20250125223315,https://jobs.bytedance.com/en/position/7280436016287992123/detail?utm_source=Technology+Crossover+Ventures+job+board&utm_medium=getro.com&gh_src=Technology+Crossover+Ventures+job+board,1
7280437390617987387,jobs_bytedance,20250622044818,https://jobs.bytedance.com/en/position/7280437390617987387/detail?utm_source=Technology+Crossover+Ventures+job+board&utm_medium=getro.com&gh_src=Technology+Crossover+Ventures+job+board,2
7280452903407601980,careers_tiktok,20240405113336,https://careers.tiktok.com/position/7280452903407601980/detail,1
7280751436370479415,lifeattiktok,20260515014636,https://lifeattiktok.com/search/7280751436370479415,1
7280914351002536250,lifeattiktok,20250907224234,https://lifeattiktok.com/search/7280914351002536250,1
7281669447676004667,jobs_bytedance,20241010055035,https://jobs.bytedance.com/en/position/7281669447676004667/detail?utm_source=Technology+Crossover+Ventures+job+board&utm_medium=getro.com&gh_src=Technology+Crossover+Ventures+job+board,1
7281745052258076984,jobs_bytedance,20250513123347,https://jobs.bytedance.com/en/position/7281745052258076984/detail?utm_source=Coatue+Management+job+board&utm_medium=getro.com&gh_src=Coatue+Management+job+board,1
7281840914820237627,careers_tiktok,20230930232429,https://careers.tiktok.com/position/7281840914820237627/detail?spread=5MWH5CQ,1
7282801491588467000,careers_tiktok,20230926190959,https://careers.tiktok.com/position/7282801491588467000/detail?spread=5MWH5CQ,1
7282830208498911543,lifeattiktok,20250613194019,https://lifeattiktok.com/search/7282830208498911543,2
7282859278070909239,lifeattiktok,20251209104229,https://lifeattiktok.com/search/7282859278070909239,2
7283135878812453179,jobs_bytedance,20240721184534,https://jobs.bytedance.com/en/position/7283135878812453179/detail?utm_source=Technology+Crossover+Ventures+job+board&utm_medium=getro.com&gh_src=Technology+Crossover+Ventures+job+board,1
7283195541936703804,lifeattiktok,20250206233318,https://lifeattiktok.com/search/7283195541936703804?gh_src=Products+That+Count+job+board&utm_medium=getro.com&utm_source=Products+That+Count+job+board,2
7283280972777933116,jobs_bytedance,20240429195355,https://jobs.bytedance.com/en/position/7283280972777933116/detail,1
7283330526566893884,lifeattiktok,20260208203748,https://lifeattiktok.com/search/7283330526566893884,1
7283331363238037816,lifeattiktok,20260208200604,https://lifeattiktok.com/search/7283331363238037816,1
7283331379374885157,lifeattiktok,20241206085026,https://lifeattiktok.com/search/7283331379374885157,2
7283353234311596325,lifeattiktok,20250814214743,https://lifeattiktok.com/search/7283353234311596325,1
7283359906757085477,jobs_bytedance,20250719204138,https://jobs.bytedance.com/en/position/7283359906757085477/detail,1
7283460053078853948,careers_tiktok,20240103112418,https://careers.tiktok.com/position/7283460053078853948/detail,1
7283529563954694461,lifeattiktok,20250718111350,https://lifeattiktok.com/search/7283529563954694461?spread=G1DWUPV,2
7283557176295115064,jobs_bytedance,20250719203150,https://jobs.bytedance.com/en/position/7283557176295115064/detail,1
7283560236370987322,jobs_bytedance,20240721191243,https://jobs.bytedance.com/en/position/7283560236370987322/detail?utm_source=Technology+Crossover+Ventures+job+board&utm_medium=getro.com&gh_src=Technology+Crossover+Ventures+job+board,1
7283645134179584314,careers_tiktok,20240430035940,https://careers.tiktok.com/position/7283645134179584314/detail?spread=5MWH5CQ,2
7283769654605121848,lifeattiktok,20250709191534,https://lifeattiktok.com/search/7283769654605121848,1
7283920112313846074,jobs_bytedance,20250125230820,https://jobs.bytedance.com/en/position/7283920112313846074/detail?utm_source=Technology+Crossover+Ventures+job+board&utm_medium=getro.com&gh_src=Technology+Crossover+Ventures+job+board,1
7284050796034558267,jobs_bytedance,20240721190509,https://jobs.bytedance.com/en/position/7284050796034558267/detail?utm_source=Technology+Crossover+Ventures+job+board&utm_medium=getro.com&gh_src=Technology+Crossover+Ventures+job+board,1
7284073756875016505,jobs_bytedance,20240721184113,https://jobs.bytedance.com/en/position/7284073756875016505/detail?utm_source=Technology+Crossover+Ventures+job+board&utm_medium=getro.com&gh_src=Technology+Crossover+Ventures+job+board,1
7284141529042635064,careers_tiktok,20240714113224,https://careers.tiktok.com/position/7284141529042635064/detail,1
7284142701531400507,lifeattiktok,20250124235404,https://lifeattiktok.com/search/7284142701531400507?ref=creativetokyo,2
7284165210842220856,jobs_bytedance,20240721200856,https://jobs.bytedance.com/en/position/7284165210842220856/detail?utm_source=Technology+Crossover+Ventures+job+board&utm_medium=getro.com&gh_src=Technology+Crossover+Ventures+job+board,1
7285199285700053308,jobs_bytedance,20250622053831,https://jobs.bytedance.com/en/position/7285199285700053308/detail?utm_source=Technology+Crossover+Ventures+job+board&utm_medium=getro.com&gh_src=Technology+Crossover+Ventures+job+board,1
7285201439814011191,jobs_bytedance,20250813225123,https://jobs.bytedance.com/en/position/7285201439814011191/detail,2
7285206398966401317,jobs_bytedance,20250811053134,https://jobs.bytedance.com/en/position/7285206398966401317/detail?utm_source=Technology+Crossover+Ventures+job+board&utm_medium=getro.com&gh_src=Technology+Crossover+Ventures+job+board,2
7285331775621269797,lifeattiktok,20260128155851,https://lifeattiktok.com/search/7285331775621269797?spread=5MWH5CQ%0A,4
7285774876823423293,careers_tiktok,20240614033234,https://careers.tiktok.com/position/7285774876823423293/detail,2
7285813790632085817,careers_tiktok,20240614024351,https://careers.tiktok.com/position/7285813790632085817/detail,1
7286083375810988346,jobs_bytedance,20241204003401,https://jobs.bytedance.com/en/position/7286083375810988346/detail?utm_source=Technology+Crossover+Ventures+job+board&utm_medium=getro.com&gh_src=Technology+Crossover+Ventures+job+board,1
7286850629212866872,careers_tiktok,20240227230417,https://careers.tiktok.com/position/7286850629212866872/detail,1
7287982842666502455,lifeattiktok,20250124234833,https://lifeattiktok.com/search/7287982842666502455?gh_src=Products+That+Count+job+board&utm_medium=getro.com&utm_source=Products+That+Count+job+board,2
7287984238580926780,careers_tiktok,20231208131736,https://careers.tiktok.com/position/7287984238580926780/detail,1
7288364289680476475,lifeattiktok,20250330180717,https://lifeattiktok.com/search/7288364289680476475,1
7288426791433259323,lifeattiktok,20241119033951,https://lifeattiktok.com/search/7288426791433259323?_rsc=8x1y1,1
7288431621048895801,lifeattiktok,20250908205341,https://lifeattiktok.com/search/7288431621048895801,1
7288700352739625277,lifeattiktok,20250613191505,https://lifeattiktok.com/search/7288700352739625277?spread=5MWH5CQ&utm_medium=email&utm_source=hs_email,2
7288703525541235005,lifeattiktok,20250613184302,https://lifeattiktok.com/search/7288703525541235005,2
7288704768683067705,lifeattiktok,20250724185443,https://lifeattiktok.com/search/7288704768683067705,1
7288732108334598437,jobs_bytedance,20250622052735,https://jobs.bytedance.com/en/position/7288732108334598437/detail?utm_source=Technology+Crossover+Ventures+job+board&utm_medium=getro.com&gh_src=Technology+Crossover+Ventures+job+board,2
7289149773536954685,careers_tiktok,20240710163156,https://careers.tiktok.com/position/7289149773536954685/detail,1
7289375997668706618,lifeattiktok,20250730182330,https://lifeattiktok.com/search/7289375997668706618,1
7289467772315224381,lifeattiktok,20250919050558,https://lifeattiktok.com/search/7289467772315224381,2
7289500903567477049,careers_tiktok,20231208133548,https://careers.tiktok.com/position/7289500903567477049/detail?spread=XKM9ZXE,1
7290495286778497336,jobs_bytedance,20250524035412,https://jobs.bytedance.com/en/position/7290495286778497336/detail?utm_source=Coatue+Management+job+board&utm_medium=getro.com&gh_src=Coatue+Management+job+board,2
7290641823709956410,lifeattiktok,20241206073212,https://lifeattiktok.com/search/7290641823709956410?spread=G1DWUPV,1
7291027928920394043,lifeattiktok,20241206072344,https://lifeattiktok.com/search/7291027928920394043,2
7291091026788632893,lifeattiktok,20260315121734,https://lifeattiktok.com/search/7291091026788632893,1
7291502941235038501,careers_tiktok,20231117043211,https://careers.tiktok.com/position/7291502941235038501/detail?spread=5MWH5CQ,1
7291509286332369209,lifeattiktok,20241119033950,https://lifeattiktok.com/search/7291509286332369209?_rsc=8x1y1,1
7291605572460661030,careers_tiktok,20231025160319,https://careers.tiktok.com/position/7291605572460661030/detail?spread=XKM9ZXE,1
7291691304487471411,lifeattiktok,20250904171723,https://lifeattiktok.com/search/7291691304487471411,1
7291753643652466953,careers_tiktok,20240228003301,https://careers.tiktok.com/position/7291753643652466953/detail?utm_source=Products+That+Count+job+board&utm_medium=getro.com&gh_src=Products+That+Count+job+board,1
7291872931898247434,jobs_bytedance,20240721201747,https://jobs.bytedance.com/en/position/7291872931898247434/detail?utm_source=Technology+Crossover+Ventures+job+board&utm_medium=getro.com&gh_src=Technology+Crossover+Ventures+job+board,1
7292058756602923301,jobs_bytedance,20250524024703,https://jobs.bytedance.com/en/position/7292058756602923301/detail?utm_source=Coatue+Management+job+board&utm_medium=getro.com&gh_src=Coatue+Management+job+board,1
7293139834494945587,careers_tiktok,20231029205415,https://careers.tiktok.com/position/7293139834494945587/detail?spread=XKM9ZXE,1
7293280567666231603,lifeattiktok,20250502112419,https://lifeattiktok.com/search/7293280567666231603,2
7293578561087359258,lifeattiktok,20250718095922,https://lifeattiktok.com/search/7293578561087359258,1
7293633655040772390,jobs_bytedance,20250622044254,https://jobs.bytedance.com/en/position/7293633655040772390/detail?utm_source=Technology+Crossover+Ventures+job+board&utm_medium=getro.com&gh_src=Technology+Crossover+Ventures+job+board,3
7293739503902148891,jobs_bytedance,20250521234821,https://jobs.bytedance.com/en/position/7293739503902148891/detail?utm_source=Technology+Crossover+Ventures+job+board&utm_medium=getro.com&gh_src=Technology+Crossover+Ventures+job+board,1
7293822174518692106,jobs_bytedance,20240721192125,https://jobs.bytedance.com/en/position/7293822174518692106/detail?utm_source=Technology+Crossover+Ventures+job+board&utm_medium=getro.com&gh_src=Technology+Crossover+Ventures+job+board,1
7293955508591298843,jobs_bytedance,20250319112844,https://jobs.bytedance.com/en/position/7293955508591298843/detail?utm_source=Technology+Crossover+Ventures+job+board&utm_medium=getro.com&gh_src=Technology+Crossover+Ventures+job+board,1
7293997497193105673,lifeattiktok,20250426205047,https://lifeattiktok.com/search/7293997497193105673?spread=5MWH5CQ,1
7294001130245163290,lifeattiktok,20250426084755,https://lifeattiktok.com/search/7294001130245163290,1
7294268305148365093,lifeattiktok,20250426112009,https://lifeattiktok.com/search/7294268305148365093,1
7294291977485846810,jobs_bytedance,20240721191811,https://jobs.bytedance.com/en/position/7294291977485846810/detail?utm_source=Technology+Crossover+Ventures+job+board&utm_medium=getro.com&gh_src=Technology+Crossover+Ventures+job+board,1
7294610986064234802,lifeattiktok,20250808235214,https://lifeattiktok.com/search/7294610986064234802,2
7294690275162278194,lifeattiktok,20250206220854,https://lifeattiktok.com/search/7294690275162278194?spread=5MWH5CQ&utm_campaign=contract-jobs-openings-a-1-6m-monthly-visitor-website&utm_medium=referral&utm_source=www.theveteranswallet.com,2
7295263313432086822,jobs_bytedance,20250715033608,https://jobs.bytedance.com/en/position/7295263313432086822/detail?utm_source=Technology+Crossover+Ventures+job+board&utm_medium=getro.com&gh_src=Technology+Crossover+Ventures+job+board,1
7295453522031872306,lifeattiktok,20250125000732,https://lifeattiktok.com/search/7295453522031872306?ref=datasciencejobs.com&source=datasciencejobs.com&utm_source=datasciencejobs.com,2
7295655341509298441,jobs_bytedance,20240721192416,https://jobs.bytedance.com/en/position/7295655341509298441/detail?utm_source=Technology+Crossover+Ventures+job+board&utm_medium=getro.com&gh_src=Technology+Crossover+Ventures+job+board,1
7295690135646538011,careers_tiktok,20240420055702,https://careers.tiktok.com/position/7295690135646538011/detail,2
7295796575757404442,jobs_bytedance,20250216192214,https://jobs.bytedance.com/en/position/7295796575757404442/detail?utm_source=Technology+Crossover+Ventures+job+board&utm_medium=getro.com&gh_src=Technology+Crossover+Ventures+job+board,2
7295797052754364722,jobs_bytedance,20250319115317,https://jobs.bytedance.com/en/position/7295797052754364722/detail?utm_source=Lead+Edge+Capital+job+board&utm_medium=getro.com&gh_src=Lead+Edge+Capital+job+board,2
7295880578690206002,lifeattiktok,20260116122420,https://lifeattiktok.com/search/7295880578690206002,2
7295881744481257754,lifeattiktok,20260103171847,https://lifeattiktok.com/search/7295881744481257754?_rsc=1m3ql,2
7295932848636250394,jobs_bytedance,20250424230919,https://jobs.bytedance.com/en/position/7295932848636250394/detail?utm_source=Technology+Crossover+Ventures+job+board&utm_medium=getro.com&gh_src=Technology+Crossover+Ventures+job+board,1
7296551772490729755,jobs_bytedance,20240721194055,https://jobs.bytedance.com/en/position/7296551772490729755/detail?utm_source=Technology+Crossover+Ventures+job+board&utm_medium=getro.com&gh_src=Technology+Crossover+Ventures+job+board,1
7296720834121877797,jobs_bytedance,20240721183353,https://jobs.bytedance.com/en/position/7296720834121877797/detail?utm_source=Technology+Crossover+Ventures+job+board&utm_medium=getro.com&gh_src=Technology+Crossover+Ventures+job+board,1
7296741693390752050,careers_tiktok,20240228001016,https://careers.tiktok.com/position/7296741693390752050/detail?utm_source=Products+That+Count+job+board&utm_medium=getro.com&gh_src=Products+That+Count+job+board,1
7296772254779410725,jobs_bytedance,20240721193732,https://jobs.bytedance.com/en/position/7296772254779410725/detail?utm_source=Technology+Crossover+Ventures+job+board&utm_medium=getro.com&gh_src=Technology+Crossover+Ventures+job+board,1
7296816818696800538,lifeattiktok,20241206073417,https://lifeattiktok.com/search/7296816818696800538,1
7296923128939546931,lifeattiktok,20241206084937,https://lifeattiktok.com/search/7296923128939546931?external_referral_code=5RJ6816,2
7296927859586025766,jobs_bytedance,20241007010823,https://jobs.bytedance.com/en/position/7296927859586025766/detail?utm_source=Technology+Crossover+Ventures+job+board&utm_medium=getro.com&gh_src=Technology+Crossover+Ventures+job+board,2
7297013744163948837,jobs_bytedance,20240721202538,https://jobs.bytedance.com/en/position/7297013744163948837/detail?utm_source=Technology+Crossover+Ventures+job+board&utm_medium=getro.com&gh_src=Technology+Crossover+Ventures+job+board,1
7297247333048518939,lifeattiktok,20260208202031,https://lifeattiktok.com/search/7297247333048518939,1
7298228567593830683,lifeattiktok,20250808230519,https://lifeattiktok.com/search/7298228567593830683,1
7298235610129025331,jobs_bytedance,20240914052723,https://jobs.bytedance.com/en/position/7298235610129025331/detail?utm_source=Lead+Edge+Capital+job+board&utm_medium=getro.com&gh_src=Lead+Edge+Capital+job+board,1
7298236752295168294,jobs_bytedance,20250808070029,https://jobs.bytedance.com/en/position/7298236752295168294/detail?utm_source=Technology+Crossover+Ventures+job+board&utm_medium=getro.com&gh_src=Technology+Crossover+Ventures+job+board,1
7298289609836923174,jobs_bytedance,20250622055326,https://jobs.bytedance.com/en/position/7298289609836923174/detail?utm_source=Technology+Crossover+Ventures+job+board&utm_medium=getro.com&gh_src=Technology+Crossover+Ventures+job+board,1
7298290302832937253,jobs_bytedance,20250622054658,https://jobs.bytedance.com/en/position/7298290302832937253/detail?utm_source=Technology+Crossover+Ventures+job+board&utm_medium=getro.com&gh_src=Technology+Crossover+Ventures+job+board,1
7298293783522576649,jobs_bytedance,20240721194401,https://jobs.bytedance.com/en/position/7298293783522576649/detail?utm_source=Technology+Crossover+Ventures+job+board&utm_medium=getro.com&gh_src=Technology+Crossover+Ventures+job+board,1
7298426090795272474,careers_tiktok,20240526204347,https://careers.tiktok.com/position/7298426090795272474/detail?ref=datasciencejobs.com&source=datasciencejobs.com&utm_source=datasciencejobs.com,1
7298472359080773915,lifeattiktok,20250125001042,https://lifeattiktok.com/search/7298472359080773915,1
7298588421009099018,jobs_bytedance,20250724225227,https://jobs.bytedance.com/en/position/7298588421009099018/detail,1
7298616410070534437,jobs_bytedance,20241010041333,https://jobs.bytedance.com/en/position/7298616410070534437/detail?utm_source=Technology+Crossover+Ventures+job+board&utm_medium=getro.com&gh_src=Technology+Crossover+Ventures+job+board,1
7298743880643627273,lifeattiktok,20250730075248,https://lifeattiktok.com/search/7298743880643627273,1
7298761330755111205,careers_tiktok,20240228002219,https://careers.tiktok.com/position/7298761330755111205/detail?utm_source=Products+That+Count+job+board&utm_medium=getro.com&gh_src=Products+That+Count+job+board,2
7298827881802713382,lifeattiktok,20250118064922,https://lifeattiktok.com/search/7298827881802713382,1
7298979173606721830,jobs_bytedance,20250513125203,https://jobs.bytedance.com/en/position/7298979173606721830/detail?utm_source=Coatue+Management+job+board&utm_medium=getro.com&gh_src=Coatue+Management+job+board,3
7298980413694986546,jobs_bytedance,20250622043002,https://jobs.bytedance.com/en/position/7298980413694986546/detail?utm_source=Technology+Crossover+Ventures+job+board&utm_medium=getro.com&gh_src=Technology+Crossover+Ventures+job+board,2
7299004863048091930,lifeattiktok,20250506012818,https://lifeattiktok.com/search/7299004863048091930,2
7299075371969038630,jobs_bytedance,20240722033320,https://jobs.bytedance.com/en/position/7299075371969038630/detail,2
7299097867359848755,jobs_bytedance,20240722034225,https://jobs.bytedance.com/en/position/7299097867359848755/detail,1
7299415573145651465,jobs_bytedance,20241108015328,https://jobs.bytedance.com/en/position/7299415573145651465/detail?utm_source=Technology+Crossover+Ventures+job+board&utm_medium=getro.com&gh_src=Technology+Crossover+Ventures+job+board,1
7299416485348591910,jobs_bytedance,20250811051013,https://jobs.bytedance.com/en/position/7299416485348591910/detail?utm_source=Technology+Crossover+Ventures+job+board&utm_medium=getro.com&gh_src=Technology+Crossover+Ventures+job+board,1
7299546600887060745,careers_tiktok,20240419202458,https://careers.tiktok.com/position/7299546600887060745/detail?spread=5MWH5CQ,2
7299694429568059674,lifeattiktok,20250713103350,https://lifeattiktok.com/search/7299694429568059674,1
7299767753093875994,jobs_bytedance,20240721193249,https://jobs.bytedance.com/en/position/7299767753093875994/detail?utm_source=Technology+Crossover+Ventures+job+board&utm_medium=getro.com&gh_src=Technology+Crossover+Ventures+job+board,1
7299962953770830107,lifeattiktok,20241206071327,https://lifeattiktok.com/search/7299962953770830107,2
7300778609232660746,careers_tiktok,20231129083051,https://careers.tiktok.com/position/7300778609232660746/detail?spread=XKM9ZXE,1
7300819278252362022,careers_tiktok,20240109131746,https://careers.tiktok.com/position/7300819278252362022/detail?spread=5MWH5CQ,1
7300820833151469874,careers_tiktok,20231214155020,https://careers.tiktok.com/position/7300820833151469874/detail?spread=5MWH5CQ,1
7300996142006159653,careers_tiktok,20240227223131,https://careers.tiktok.com/position/7300996142006159653/detail,1
7301009024652396827,careers_tiktok,20240227223909,https://careers.tiktok.com/position/7301009024652396827/detail,1
7301011665616472358,lifeattiktok,20241206070640,https://lifeattiktok.com/search/7301011665616472358,2
7301105682429659429,careers_tiktok,20231208114321,https://careers.tiktok.com/position/7301105682429659429/detail?utm_source=Getro.org+job+board&utm_medium=getro.com&gh_src=Getro.org+job+board,1
7301112309928397066,jobs_bytedance,20250524035237,https://jobs.bytedance.com/en/position/7301112309928397066/detail?utm_source=Coatue+Management+job+board&utm_medium=getro.com&gh_src=Coatue+Management+job+board,2
7301123964791736614,careers_tiktok,20240227233741,https://careers.tiktok.com/position/7301123964791736614/detail,1
7301260396475156762,jobs_bytedance,20250622061243,https://jobs.bytedance.com/en/position/7301260396475156762/detail?utm_source=Technology+Crossover+Ventures+job+board&utm_medium=getro.com&gh_src=Technology+Crossover+Ventures+job+board,1
7301262828970838282,lifeattiktok,20250426062555,https://lifeattiktok.com/search/7301262828970838282,1
7301525600895256883,jobs_bytedance,20241010044457,https://jobs.bytedance.com/en/position/7301525600895256883/detail?utm_source=Technology+Crossover+Ventures+job+board&utm_medium=getro.com&gh_src=Technology+Crossover+Ventures+job+board,1
7301800893568780553,careers_tiktok,20231208131058,https://careers.tiktok.com/position/7301800893568780553/detail?utm_source=Getro.org+job+board&utm_medium=getro.com&gh_src=Getro.org+job+board,1
7301813004084480265,careers_tiktok,20240709230117,https://careers.tiktok.com/position/7301813004084480265/detail,1
7301829050506430730,lifeattiktok,20250613202158,https://lifeattiktok.com/search/7301829050506430730?source=jobs.datamasked.com,2
7301893484528716070,lifeattiktok,20250206224744,https://lifeattiktok.com/search/7301893484528716070,1
7301936446125345074,lifeattiktok,20250814044832,https://lifeattiktok.com/search/7301936446125345074,1
7301962216047462694,jobs_bytedance,20250724164609,https://jobs.bytedance.com/en/position/7301962216047462694/detail,1
7302068223367956762,careers_tiktok,20240819025439,https://careers.tiktok.com/position/7302068223367956762/detail,1
7302077201754163494,jobs_bytedance,20240721201710,https://jobs.bytedance.com/en/position/7302077201754163494/detail?utm_source=Technology+Crossover+Ventures+job+board&utm_medium=getro.com&gh_src=Technology+Crossover+Ventures+job+board,1
7302091396680288522,careers_tiktok,20231119183628,https://careers.tiktok.com/position/7302091396680288522/detail?spread=XKM9ZXE,1
7302128775319832883,lifeattiktok,20241125202838,https://lifeattiktok.com/search/7302128775319832883,1
7302170427987790090,jobs_bytedance,20250622061354,https://jobs.bytedance.com/en/position/7302170427987790090/detail?utm_source=Technology+Crossover+Ventures+job+board&utm_medium=getro.com&gh_src=Technology+Crossover+Ventures+job+board,2
7302173993054275890,jobs_bytedance,20250524032611,https://jobs.bytedance.com/en/position/7302173993054275890/detail?utm_source=Coatue+Management+job+board&utm_medium=getro.com&gh_src=Coatue+Management+job+board,3
7302244748621465894,careers_tiktok,20231208125901,https://careers.tiktok.com/position/7302244748621465894/detail?utm_source=Getro.org+job+board&utm_medium=getro.com&gh_src=Getro.org+job+board,1
7302383031338469682,careers_tiktok,20231208122857,https://careers.tiktok.com/position/7302383031338469682/detail?utm_source=Getro.org+job+board&utm_medium=getro.com&gh_src=Getro.org+job+board,1
7302494947743631653,jobs_bytedance,20240721193720,https://jobs.bytedance.com/en/position/7302494947743631653/detail?utm_source=Technology+Crossover+Ventures+job+board&utm_medium=getro.com&gh_src=Technology+Crossover+Ventures+job+board,1
7302496127751178505,jobs_bytedance,20240721202811,https://jobs.bytedance.com/en/position/7302496127751178505/detail?utm_source=Technology+Crossover+Ventures+job+board&utm_medium=getro.com&gh_src=Technology+Crossover+Ventures+job+board,1
7302500669319350565,jobs_bytedance,20250524033453,https://jobs.bytedance.com/en/position/7302500669319350565/detail?utm_source=Coatue+Management+job+board&utm_medium=getro.com&gh_src=Coatue+Management+job+board,1
7302501557533985033,jobs_bytedance,20250216182553,https://jobs.bytedance.com/en/position/7302501557533985033/detail?utm_source=Technology+Crossover+Ventures+job+board&utm_medium=getro.com&gh_src=Technology+Crossover+Ventures+job+board,2
7302678731078813989,careers_tiktok,20240227222945,https://careers.tiktok.com/position/7302678731078813989/detail,1
7303314284569692467,jobs_bytedance,20250622051418,https://jobs.bytedance.com/en/position/7303314284569692467/detail?utm_source=Technology+Crossover+Ventures+job+board&utm_medium=getro.com&gh_src=Technology+Crossover+Ventures+job+board,2
7303392647183190281,jobs_bytedance,20241010041033,https://jobs.bytedance.com/en/position/7303392647183190281/detail?utm_source=Technology+Crossover+Ventures+job+board&utm_medium=getro.com&gh_src=Technology+Crossover+Ventures+job+board,1
7303407861706295602,lifeattiktok,20250126161620,https://lifeattiktok.com/search/7303407861706295602?external_referral_code=5RJ6816,1
7303486497322387739,jobs_bytedance,20240618025725,https://jobs.bytedance.com/en/position/7303486497322387739/detail,2
7303821753514625307,jobs_bytedance,20250811052747,https://jobs.bytedance.com/en/position/7303821753514625307/detail?utm_source=Technology+Crossover+Ventures+job+board&utm_medium=getro.com&gh_src=Technology+Crossover+Ventures+job+board,4
7303970877736388873,careers_tiktok,20231129064926,https://careers.tiktok.com/position/7303970877736388873/detail?spread=XKM9ZXE,1
7303998778347882789,lifeattiktok,20250206230440,https://lifeattiktok.com/search/7303998778347882789?spread=G1DWUPV,2
7304270586653149491,jobs_bytedance,20240721185347,https://jobs.bytedance.com/en/position/7304270586653149491/detail?utm_source=Technology+Crossover+Ventures+job+board&utm_medium=getro.com&gh_src=Technology+Crossover+Ventures+job+board,2
7304363711190403366,lifeattiktok,20250426063259,https://lifeattiktok.com/search/7304363711190403366,1
7304940369798629641,jobs_bytedance,20240520115620,https://jobs.bytedance.com/en/position/7304940369798629641/detail,1
7305974023992609034,jobs_bytedance,20250622053125,https://jobs.bytedance.com/en/position/7305974023992609034/detail?utm_source=Technology+Crossover+Ventures+job+board&utm_medium=getro.com&gh_src=Technology+Crossover+Ventures+job+board,1
7305979225247910154,jobs_bytedance,20231211221816,https://jobs.bytedance.com/en/position/7305979225247910154/detail?spread=A3T3U6W,1
7306126008045668659,lifeattiktok,20241227062725,https://lifeattiktok.com/search/7306126008045668659,2
7306236926447831334,careers_tiktok,20231222154512,https://careers.tiktok.com/position/7306236926447831334/detail?spread=5MWH5CQ,1
7306246341398989066,jobs_bytedance,20250524030109,https://jobs.bytedance.com/en/position/7306246341398989066/detail?utm_source=Coatue+Management+job+board&utm_medium=getro.com&gh_src=Coatue+Management+job+board,1
7306246341402364170,lifeattiktok,20250206234252,https://lifeattiktok.com/search/7306246341402364170,2
7306431184946628873,jobs_bytedance,20250524034640,https://jobs.bytedance.com/en/position/7306431184946628873/detail?utm_source=Coatue+Management+job+board&utm_medium=getro.com&gh_src=Coatue+Management+job+board,2
7306636211248974130,lifeattiktok,20250514002253,https://lifeattiktok.com/search/7306636211248974130,1
7306706361278466354,lifeattiktok,20250428035252,https://lifeattiktok.com/search/7306706361278466354,2
7306723143287769382,lifeattiktok,20250619084556,https://lifeattiktok.com/search/7306723143287769382,1
7306766204566243634,jobs_bytedance,20240721194254,https://jobs.bytedance.com/en/position/7306766204566243634/detail?utm_source=Technology+Crossover+Ventures+job+board&utm_medium=getro.com&gh_src=Technology+Crossover+Ventures+job+board,1
7306909419206592794,lifeattiktok,20241206081550,https://lifeattiktok.com/search/7306909419206592794,2
7307138029503072539,lifeattiktok,20250324202153,https://lifeattiktok.com/search/7307138029503072539?_rsc=1f7vm,2
7307149189813127462,lifeattiktok,20250324202153,https://lifeattiktok.com/search/7307149189813127462?_rsc=1f7vm,2
7307270833814391077,lifeattiktok,20250908125658,https://lifeattiktok.com/search/7307270833814391077?source=datasciencejobs.com&utm_source=datasciencejobs.com,4
7307288883749620006,careers_tiktok,20231225143848,https://careers.tiktok.com/position/7307288883749620006/detail?spread=5MWH5CQ,1
7307380099707062537,lifeattiktok,20241206082037,https://lifeattiktok.com/search/7307380099707062537?spread=5MWH5CQ,2
7307706526591813915,lifeattiktok,20251231105243,https://lifeattiktok.com/search/7307706526591813915,1
7308497228561123610,careers_tiktok,20231212222138,https://careers.tiktok.com/position/7308497228561123610/detail?spread=XKM9ZXE,1
7308580159987468594,jobs_bytedance,20250125232413,https://jobs.bytedance.com/en/position/7308580159987468594/detail?utm_source=Technology+Crossover+Ventures+job+board&utm_medium=getro.com&gh_src=Technology+Crossover+Ventures+job+board,1
7308641403851983154,jobs_bytedance,20250319135954,https://jobs.bytedance.com/en/position/7308641403851983154/detail?utm_source=Technology+Crossover+Ventures+job+board&utm_medium=getro.com&gh_src=Technology+Crossover+Ventures+job+board,1
7308723072181405962,lifeattiktok,20241208093946,https://lifeattiktok.com/search/7308723072181405962,1
7308773499043531046,jobs_bytedance,20250524035905,https://jobs.bytedance.com/en/position/7308773499043531046/detail?utm_source=Coatue+Management+job+board&utm_medium=getro.com&gh_src=Coatue+Management+job+board,1
7308811638038612262,lifeattiktok,20260208210129,https://lifeattiktok.com/search/7308811638038612262,1
7308839879797770522,careers_tiktok,20240126232453,https://careers.tiktok.com/position/7308839879797770522/detail?utm_source=Simplify&ref=Simplify,1
7308841062629329202,lifeattiktok,20250814153204,https://lifeattiktok.com/search/7308841062629329202,1
7309000517027596594,jobs_bytedance,20250519114135,https://jobs.bytedance.com/en/position/7309000517027596594/detail?utm_source=Technology+Crossover+Ventures+job+board&utm_medium=getro.com&gh_src=Technology+Crossover+Ventures+job+board,1
7309016472146856202,jobs_bytedance,20240721192724,https://jobs.bytedance.com/en/position/7309016472146856202/detail?utm_source=Technology+Crossover+Ventures+job+board&utm_medium=getro.com&gh_src=Technology+Crossover+Ventures+job+board,1
7309388351487691045,jobs_bytedance,20240721190756,https://jobs.bytedance.com/en/position/7309388351487691045/detail?utm_source=Technology+Crossover+Ventures+job+board&utm_medium=getro.com&gh_src=Technology+Crossover+Ventures+job+board,1
7309402910469998875,lifeattiktok,20250730082752,https://lifeattiktok.com/search/7309402910469998875,1
7309517449250457894,careers_tiktok,20240228000138,https://careers.tiktok.com/position/7309517449250457894/detail?spread=5MWH5CQ,1
7309552622402423077,lifeattiktok,20260515021140,https://lifeattiktok.com/search/7309552622402423077?spread=XKM9ZXE&utm_source=vibehackers.io&utm_medium=referral&utm_campaign=vibehackers_apply,2
7309618056551467302,jobs_bytedance,20250319123957,https://jobs.bytedance.com/en/position/7309618056551467302/detail?utm_source=Lead+Edge+Capital+job+board&utm_medium=getro.com&gh_src=Lead+Edge+Capital+job+board,2
7309645330650466569,jobs_bytedance,20240815052815,https://jobs.bytedance.com/en/position/7309645330650466569/detail?utm_source=Technology+Crossover+Ventures+job+board&utm_medium=getro.com&gh_src=Technology+Crossover+Ventures+job+board,1
7310064114805262630,jobs_bytedance,20250709162137,https://jobs.bytedance.com/en/position/7310064114805262630/detail,3
7310137843358894362,jobs_bytedance,20250522003602,https://jobs.bytedance.com/en/position/7310137843358894362/detail?utm_source=Technology+Crossover+Ventures+job+board&utm_medium=getro.com&gh_src=Technology+Crossover+Ventures+job+board,1
7310138770882971931,lifeattiktok,20250206221429,https://lifeattiktok.com/search/7310138770882971931,1
7310396966457116954,lifeattiktok,20250429072830,https://lifeattiktok.com/search/7310396966457116954?_rsc=5m079,1
7310396968789346597,lifeattiktok,20250430081426,https://lifeattiktok.com/search/7310396968789346597,2
7311419118208993586,lifeattiktok,20250520032048,https://lifeattiktok.com/search/7311419118208993586,2
7311510044636694821,lifeattiktok,20250908061024,https://lifeattiktok.com/search/7311510044636694821,1
7311511449188649266,lifeattiktok,20250908074716,https://lifeattiktok.com/search/7311511449188649266,1
7311524918126332210,lifeattiktok,20250908041731,https://lifeattiktok.com/search/7311524918126332210,1
7311546913063749914,lifeattiktok,20251016002805,https://lifeattiktok.com/search/7311546913063749914,1
7311567515721042214,jobs_bytedance,20250216180928,https://jobs.bytedance.com/en/position/7311567515721042214/detail?utm_source=Technology+Crossover+Ventures+job+board&utm_medium=getro.com&gh_src=Technology+Crossover+Ventures+job+board,1
7311621439928551706,jobs_bytedance,20250617002502,https://jobs.bytedance.com/en/position/7311621439928551706/detail?utm_source=Technology+Crossover+Ventures+job+board&utm_medium=getro.com&gh_src=Technology+Crossover+Ventures+job+board,1
7311824682414655770,jobs_bytedance,20250622044411,https://jobs.bytedance.com/en/position/7311824682414655770/detail?utm_source=Technology+Crossover+Ventures+job+board&utm_medium=getro.com&gh_src=Technology+Crossover+Ventures+job+board,1
7311933498087196954,jobs_bytedance,20240721191348,https://jobs.bytedance.com/en/position/7311933498087196954/detail?utm_source=Technology+Crossover+Ventures+job+board&utm_medium=getro.com&gh_src=Technology+Crossover+Ventures+job+board,1
7311982357782333747,jobs_bytedance,20240811084859,https://jobs.bytedance.com/en/position/7311982357782333747/detail?utm_source=Lead+Edge+Capital+job+board&utm_medium=getro.com&gh_src=Lead+Edge+Capital+job+board,1
7312528211080907017,jobs_bytedance,20240721203014,https://jobs.bytedance.com/en/position/7312528211080907017/detail?utm_source=Technology+Crossover+Ventures+job+board&utm_medium=getro.com&gh_src=Technology+Crossover+Ventures+job+board,1
7312540878350338330,careers_tiktok,20240124093846,https://careers.tiktok.com/position/7312540878350338330/detail,1
7312565404441102629,jobs_bytedance,20240721202026,https://jobs.bytedance.com/en/position/7312565404441102629/detail?utm_source=Technology+Crossover+Ventures+job+board&utm_medium=getro.com&gh_src=Technology+Crossover+Ventures+job+board,1
7312730181034215706,jobs_bytedance,20231228172816,https://jobs.bytedance.com/en/position/7312730181034215706/detail?spread=A3T3U6W,1
7312899726856341769,jobs_bytedance,20250216183844,https://jobs.bytedance.com/en/position/7312899726856341769/detail?utm_source=Technology+Crossover+Ventures+job+board&utm_medium=getro.com&gh_src=Technology+Crossover+Ventures+job+board,1
7312942852480059657,jobs_bytedance,20250724123700,https://jobs.bytedance.com/en/position/7312942852480059657/detail,2
7312945646184007986,jobs_bytedance,20241108024023,https://jobs.bytedance.com/en/position/7312945646184007986/detail?utm_source=Technology+Crossover+Ventures+job+board&utm_medium=getro.com&gh_src=Technology+Crossover+Ventures+job+board,1
7312949017464654089,jobs_bytedance,20250513140339,https://jobs.bytedance.com/en/position/7312949017464654089/detail?utm_source=Coatue+Management+job+board&utm_medium=getro.com&gh_src=Coatue+Management+job+board,1
7312965853861972233,lifeattiktok,20260713184003,https://lifeattiktok.com/search/7312965853861972233?utm_source=theFreshDev,2
7314089709860849971,lifeattiktok,20260208191900,https://lifeattiktok.com/search/7314089709860849971,1
7314132402443585829,jobs_bytedance,20240207005437,https://jobs.bytedance.com/en/position/7314132402443585829/detail,2
7314359144789707059,careers_tiktok,20240514172154,https://careers.tiktok.com/position/7314359144789707059/detail,1
7314509140851050762,careers_tiktok,20240227225842,https://careers.tiktok.com/position/7314509140851050762/detail?spread=5MWH5CQ,1
7314511230398761254,jobs_bytedance,20231225051042,https://jobs.bytedance.com/en/position/7314511230398761254/detail?spread=A3T3U6W,1
7314680309096778011,lifeattiktok,20241211054554,https://lifeattiktok.com/search/7314680309096778011?spread=5MWH5CQ,1
7314729248844335423,careers_tiktok,20231225034833,https://careers.tiktok.com/position/7314729248844335423/detail?spread=XKM9ZXE,1
7314807789569476873,lifeattiktok,20241206070308,https://lifeattiktok.com/search/7314807789569476873?external_referral_code=5RJ6816,2
7314856441091885350,lifeattiktok,20250518010521,https://lifeattiktok.com/search/7314856441091885350,1
7314915122707155210,lifeattiktok,20250118063617,https://lifeattiktok.com/search/7314915122707155210?spread=5MWH5CQ,1
7314952118975088934,jobs_bytedance,20240101063700,https://jobs.bytedance.com/en/position/7314952118975088934/detail?spread=A3T3U6W,1
7315058189538543898,lifeattiktok,20250929061030,https://lifeattiktok.com/search/7315058189538543898,1
7315061711693400357,lifeattiktok,20250929013245,https://lifeattiktok.com/search/7315061711693400357,1
7315507003773110554,lifeattiktok,20250801012142,https://lifeattiktok.com/search/7315507003773110554,1
7316802218194356507,careers_tiktok,20231229205428,https://careers.tiktok.com/position/7316802218194356507/detail?spread=XKM9ZXE,1
7316850682274531610,jobs_bytedance,20240721202445,https://jobs.bytedance.com/en/position/7316850682274531610/detail?utm_source=Technology+Crossover+Ventures+job+board&utm_medium=getro.com&gh_src=Technology+Crossover+Ventures+job+board,2
7317164649063909670,lifeattiktok,20251111051620,https://lifeattiktok.com/search/7317164649063909670?spread=XKM9ZXE,3
7317169383457360138,lifeattiktok,20250403014331,https://lifeattiktok.com/search/7317169383457360138,4
7317470895143651594,jobs_bytedance,20250709184441,https://jobs.bytedance.com/en/position/7317470895143651594/detail,2
7317471018459892018,jobs_bytedance,20250709151204,https://jobs.bytedance.com/en/position/7317471018459892018/detail,2
7317542595420506395,lifeattiktok,20250118065906,https://lifeattiktok.com/search/7317542595420506395,1
7317543718565759283,lifeattiktok,20250118070916,https://lifeattiktok.com/search/7317543718565759283,1
7317680027418953993,lifeattiktok,20250408073217,https://lifeattiktok.com/search/7317680027418953993,2
7317745040011872563,careers_tiktok,20240112210748,https://careers.tiktok.com/position/7317745040011872563/detail?spread=5MWH5CQ,1
7317993704726612233,jobs_bytedance,20250524030512,https://jobs.bytedance.com/en/position/7317993704726612233/detail?utm_source=Coatue+Management+job+board&utm_medium=getro.com&gh_src=Coatue+Management+job+board,2
7319799464632518950,jobs_bytedance,20250622050625,https://jobs.bytedance.com/en/position/7319799464632518950/detail?utm_source=Technology+Crossover+Ventures+job+board&utm_medium=getro.com&gh_src=Technology+Crossover+Ventures+job+board,1
7319939086772865306,lifeattiktok,20241216230518,https://lifeattiktok.com/search/7319939086772865306?_rsc=1l9u2,3
7319941333757282569,jobs_bytedance,20240721194308,https://jobs.bytedance.com/en/position/7319941333757282569/detail,2
7319945417759213833,jobs_bytedance,20250319122945,https://jobs.bytedance.com/en/position/7319945417759213833/detail?utm_source=Lead+Edge+Capital+job+board&utm_medium=getro.com&gh_src=Lead+Edge+Capital+job+board,1
7320071841924565275,lifeattiktok,20251015103414,https://lifeattiktok.com/search/7320071841924565275,1
7320362124219615526,lifeattiktok,20250912212724,https://lifeattiktok.com/search/7320362124219615526?utm_campaign=github-essential-software-design-patterns&utm_medium=referral&utm_source=www.hungryminds.dev,7
7320449010890950938,jobs_bytedance,20240721193405,https://jobs.bytedance.com/en/position/7320449010890950938/detail?utm_source=Technology+Crossover+Ventures+job+board&utm_medium=getro.com&gh_src=Technology+Crossover+Ventures+job+board,1
7320519998643046707,jobs_bytedance,20241213155350,https://jobs.bytedance.com/en/position/7320519998643046707/detail,1
7320534678439250186,careers_tiktok,20240614024030,https://careers.tiktok.com/position/7320534678439250186/detail,1
7320700065264634121,lifeattiktok,20250206230955,https://lifeattiktok.com/search/7320700065264634121,2
7320738065576003878,jobs_bytedance,20250709160515,https://jobs.bytedance.com/en/position/7320738065576003878/detail,2
7321533069491505434,lifeattiktok,20250908214514,https://lifeattiktok.com/search/7321533069491505434,1
7321687555140913434,lifeattiktok,20260520034228,https://lifeattiktok.com/search/7321687555140913434?spread=5MWH5CQ,1
7321895068121221426,lifeattiktok,20250821142009,https://lifeattiktok.com/search/7321895068121221426,1
7321901677551667507,lifeattiktok,20250828114441,https://lifeattiktok.com/search/7321901677551667507,1
7321932795176634661,jobs_bytedance,20250726212418,https://jobs.bytedance.com/en/position/7321932795176634661/detail,2
7322137441800325414,lifeattiktok,20250801021354,https://lifeattiktok.com/search/7322137441800325414,1
7322316654670006578,lifeattiktok,20250701161427,https://lifeattiktok.com/search/7322316654670006578?spread=XKM9ZXE,1
7322338033708681510,jobs_bytedance,20250513124709,https://jobs.bytedance.com/en/position/7322338033708681510/detail?utm_source=Coatue+Management+job+board&utm_medium=getro.com&gh_src=Coatue+Management+job+board,1
7322385434700630298,lifeattiktok,20241206083536,https://lifeattiktok.com/search/7322385434700630298?spread=G1DWUPV,1
7322409198363445542,jobs_bytedance,20250709150850,https://jobs.bytedance.com/en/position/7322409198363445542/detail,3
7322497074464655653,lifeattiktok,20250118065807,https://lifeattiktok.com/search/7322497074464655653,1
7322601117505816883,jobs_bytedance,20250720151459,https://jobs.bytedance.com/en/position/7322601117505816883/detail,4
7322630010124405030,lifeattiktok,20260713184003,https://lifeattiktok.com/search/7322630010124405030?utm_source=theFreshDev,3
7322682612316227867,jobs_bytedance,20240815045154,https://jobs.bytedance.com/en/position/7322682612316227867/detail?utm_source=Technology+Crossover+Ventures+job+board&utm_medium=getro.com&gh_src=Technology+Crossover+Ventures+job+board,1
7322785620036077874,jobs_bytedance,20250513123432,https://jobs.bytedance.com/en/position/7322785620036077874/detail?utm_source=Coatue+Management+job+board&utm_medium=getro.com&gh_src=Coatue+Management+job+board,1
7322891472269117747,lifeattiktok,20250315072823,https://lifeattiktok.com/search/7322891472269117747,2
7322895627808442633,careers_tiktok,20240417183359,https://careers.tiktok.com/position/7322895627808442633/detail?spread=5MWH5CQ,1
7322933464763812147,lifeattiktok,20260208191550,https://lifeattiktok.com/search/7322933464763812147,1
7322993115722336538,lifeattiktok,20250429072830,https://lifeattiktok.com/search/7322993115722336538?_rsc=5m079,1
7322998235886389513,lifeattiktok,20250429072830,https://lifeattiktok.com/search/7322998235886389513?_rsc=5m079,1
7323021822000744714,lifeattiktok,20250206212428,https://lifeattiktok.com/search/7323021822000744714,1
7323101759664507173,jobs_bytedance,20240721183636,https://jobs.bytedance.com/en/position/7323101759664507173/detail?utm_source=Technology+Crossover+Ventures+job+board&utm_medium=getro.com&gh_src=Technology+Crossover+Ventures+job+board,1
7323102588179106098,jobs_bytedance,20250709185626,https://jobs.bytedance.com/en/position/7323102588179106098/detail,2
7323113061614389541,jobs_bytedance,20250513134508,https://jobs.bytedance.com/en/position/7323113061614389541/detail?utm_source=Coatue+Management+job+board&utm_medium=getro.com&gh_src=Coatue+Management+job+board,1
7323117558768421146,jobs_bytedance,20240721195154,https://jobs.bytedance.com/en/position/7323117558768421146/detail?utm_source=Technology+Crossover+Ventures+job+board&utm_medium=getro.com&gh_src=Technology+Crossover+Ventures+job+board,1
7323143487908776201,jobs_bytedance,20250125230657,https://jobs.bytedance.com/en/position/7323143487908776201/detail?utm_source=Technology+Crossover+Ventures+job+board&utm_medium=getro.com&gh_src=Technology+Crossover+Ventures+job+board,1
7323157436695726373,jobs_bytedance,20240303232918,https://jobs.bytedance.com/en/position/7323157436695726373/detail,1
7323165547481450790,jobs_bytedance,20240707124219,https://jobs.bytedance.com/en/position/7323165547481450790/detail,1
7323328070709512485,careers_tiktok,20240706032822,https://careers.tiktok.com/position/7323328070709512485/detail?spread=5MWH5CQ,2
7324187285975714058,lifeattiktok,20250613140256,https://lifeattiktok.com/search/7324187285975714058,1
7324190123238918410,lifeattiktok,20250624092901,https://lifeattiktok.com/search/7324190123238918410,2
7324238369122109706,jobs_bytedance,20250622054134,https://jobs.bytedance.com/en/position/7324238369122109706/detail?utm_source=Technology+Crossover+Ventures+job+board&utm_medium=getro.com&gh_src=Technology+Crossover+Ventures+job+board,1
7324764089078139163,lifeattiktok,20250928153324,https://lifeattiktok.com/search/7324764089078139163,1
7324770501245962522,lifeattiktok,20250928200807,https://lifeattiktok.com/search/7324770501245962522,1
7324982768725805363,lifeattiktok,20251117011257,https://lifeattiktok.com/search/7324982768725805363,2
7325028955537590578,careers_tiktok,20240722054141,https://careers.tiktok.com/position/7325028955537590578/detail,1
7325083660666292490,careers_tiktok,20240119195343,https://careers.tiktok.com/position/7325083660666292490/detail?spread=XKM9ZXE,1
7325209922160003354,jobs_bytedance,20250424221529,https://jobs.bytedance.com/en/position/7325209922160003354/detail?utm_source=Technology+Crossover+Ventures+job+board&utm_medium=getro.com&gh_src=Technology+Crossover+Ventures+job+board,1
7325315126100265243,careers_tiktok,20240614024711,https://careers.tiktok.com/position/7325315126100265243/detail,1
7325325992427686195,lifeattiktok,20250723011507,https://lifeattiktok.com/search/7325325992427686195,2
7325514771464538394,lifeattiktok,20250427043301,https://lifeattiktok.com/search/7325514771464538394,1
7325538469371136294,lifeattiktok,20250401214232,https://lifeattiktok.com/search/7325538469371136294,1
7325559906483996978,lifeattiktok,20260415180026,https://lifeattiktok.com/search/7325559906483996978,1
7325634182553667850,jobs_bytedance,20240815053420,https://jobs.bytedance.com/en/position/7325634182553667850/detail?utm_source=Technology+Crossover+Ventures+job+board&utm_medium=getro.com&gh_src=Technology+Crossover+Ventures+job+board,1
7325636944552380681,jobs_bytedance,20250617020437,https://jobs.bytedance.com/en/position/7325636944552380681/detail?utm_source=Technology+Crossover+Ventures+job+board&utm_medium=getro.com&gh_src=Technology+Crossover+Ventures+job+board,1
7325689849867143474,lifeattiktok,20250801062332,https://lifeattiktok.com/search/7325689849867143474,1
7325690541336316187,lifeattiktok,20250801184937,https://lifeattiktok.com/search/7325690541336316187,1
7325691679151245595,lifeattiktok,20250801131104,https://lifeattiktok.com/search/7325691679151245595,1
7325786744325245193,jobs_bytedance,20250622054533,https://jobs.bytedance.com/en/position/7325786744325245193/detail?utm_source=Technology+Crossover+Ventures+job+board&utm_medium=getro.com&gh_src=Technology+Crossover+Ventures+job+board,2
7325787162166741257,jobs_bytedance,20240815050854,https://jobs.bytedance.com/en/position/7325787162166741257/detail?utm_source=Lead+Edge+Capital+job+board&utm_medium=getro.com&gh_src=Lead+Edge+Capital+job+board,1
7325793418427894042,careers_tiktok,20240325110220,https://careers.tiktok.com/position/7325793418427894042/detail,1
7325800502871361830,lifeattiktok,20250516041222,https://lifeattiktok.com/search/7325800502871361830,2
7325909398731049253,lifeattiktok,20250206223808,https://lifeattiktok.com/search/7325909398731049253?source=jobs.datamasked.com,2
7325910233010882842,lifeattiktok,20250324202154,https://lifeattiktok.com/search/7325910233010882842?_rsc=1f7vm,2
7326616463241120037,jobs_bytedance,20250519110625,https://jobs.bytedance.com/en/position/7326616463241120037/detail?spread=BSPP2KS&utm_source=www.aikatana.com&utm_medium=referral&utm_campaign=how-to-avoid-being-fooled-by-ai-generated-misinformation,2
7326735914850978075,careers_tiktok,20240213082904,https://careers.tiktok.com/position/7326735914850978075/detail,1
7326874283849861427,jobs_bytedance,20250723202527,https://jobs.bytedance.com/en/position/7326874283849861427/detail,1
7326989497097636146,lifeattiktok,20250731204348,https://lifeattiktok.com/search/7326989497097636146,1
7327042285249169673,lifeattiktok,20250125004003,https://lifeattiktok.com/search/7327042285249169673,2
7327082609572415771,jobs_bytedance,20250709171803,https://jobs.bytedance.com/en/position/7327082609572415771/detail,3
7327250715331627302,jobs_bytedance,20250724225448,https://jobs.bytedance.com/en/position/7327250715331627302/detail,3
7327254170833045787,jobs_bytedance,20250724150815,https://jobs.bytedance.com/en/position/7327254170833045787/detail,2
7327254216514291978,lifeattiktok,20250503103451,https://lifeattiktok.com/search/7327254216514291978,1
7327397970796742950,lifeattiktok,20241216230521,https://lifeattiktok.com/search/7327397970796742950?_rsc=1jxw5,2
7327450215919962394,lifeattiktok,20250408202742,https://lifeattiktok.com/search/7327450215919962394,1
7327490885322770698,lifeattiktok,20260208200903,https://lifeattiktok.com/search/7327490885322770698,2
7327492838819072306,lifeattiktok,20241126022334,https://lifeattiktok.com/search/7327492838819072306,2
7327550927195277594,lifeattiktok,20250908201218,https://lifeattiktok.com/search/7327550927195277594,1
7327602921843001626,jobs_bytedance,20250617015832,https://jobs.bytedance.com/en/position/7327602921843001626/detail?utm_source=Technology+Crossover+Ventures+job+board&utm_medium=getro.com&gh_src=Technology+Crossover+Ventures+job+board,1
7327665336449370395,lifeattiktok,20250426214957,https://lifeattiktok.com/search/7327665336449370395,1
7327700549980735781,careers_tiktok,20240217171733,https://careers.tiktok.com/position/7327700549980735781/detail,1
7327752677583292682,jobs_bytedance,20240815053327,https://jobs.bytedance.com/en/position/7327752677583292682/detail?utm_source=Technology+Crossover+Ventures+job+board&utm_medium=getro.com&gh_src=Technology+Crossover+Ventures+job+board,1
7327802017895811366,lifeattiktok,20241119033951,https://lifeattiktok.com/search/7327802017895811366?_rsc=8x1y1,1
7327863389299099913,jobs_bytedance,20250319125200,https://jobs.bytedance.com/en/position/7327863389299099913/detail?utm_source=Technology+Crossover+Ventures+job+board&utm_medium=getro.com&gh_src=Technology+Crossover+Ventures+job+board,1
7327875271674824998,careers_tiktok,20240526063737,https://careers.tiktok.com/position/7327875271674824998/detail,1
7327877787241941258,lifeattiktok,20241124215404,https://lifeattiktok.com/search/7327877787241941258,1
7327908811875928346,jobs_bytedance,20240303213715,https://jobs.bytedance.com/en/position/7327908811875928346/detail?spread=BSPP2KS,1
7327971705790990619,jobs_bytedance,20241007013600,https://jobs.bytedance.com/en/position/7327971705790990619/detail?utm_source=Technology+Crossover+Ventures+job+board&utm_medium=getro.com&gh_src=Technology+Crossover+Ventures+job+board,1
7327975281300932890,jobs_bytedance,20240815053850,https://jobs.bytedance.com/en/position/7327975281300932890/detail?utm_source=Technology+Crossover+Ventures+job+board&utm_medium=getro.com&gh_src=Technology+Crossover+Ventures+job+board,1
7328114079499012379,lifeattiktok,20250401214235,https://lifeattiktok.com/search/7328114079499012379,1
7328118056102070579,lifeattiktok,20250124231522,https://lifeattiktok.com/search/7328118056102070579?ref=datasciencejobs.com&source=datasciencejobs.com&utm_source=datasciencejobs.com,1
7328214644127222054,lifeattiktok,20260114204159,https://lifeattiktok.com/search/7328214644127222054?spread=DataAnalyst.com,1
7328915645046671653,jobs_bytedance,20241010051027,https://jobs.bytedance.com/en/position/7328915645046671653/detail?utm_source=Technology+Crossover+Ventures+job+board&utm_medium=getro.com&gh_src=Technology+Crossover+Ventures+job+board,1
7328970037578271002,jobs_bytedance,20240815044940,https://jobs.bytedance.com/en/position/7328970037578271002/detail?utm_source=Technology+Crossover+Ventures+job+board&utm_medium=getro.com&gh_src=Technology+Crossover+Ventures+job+board,1
7329142636630493491,careers_tiktok,20240526221002,https://careers.tiktok.com/position/7329142636630493491/detail,1
7329362682149931301,lifeattiktok,20250724213710,https://lifeattiktok.com/search/7329362682149931301,3
7329391632661842203,jobs_bytedance,20250524033526,https://jobs.bytedance.com/en/position/7329391632661842203/detail?utm_source=Coatue+Management+job+board&utm_medium=getro.com&gh_src=Coatue+Management+job+board,1
7329392796274592009,lifeattiktok,20250505161331,https://lifeattiktok.com/search/7329392796274592009,2
7329562640241215770,careers_tiktok,20240211220759,https://careers.tiktok.com/position/7329562640241215770/detail?spread=XKM9ZXE,1
7329618227637324042,jobs_bytedance,20240815052748,https://jobs.bytedance.com/en/position/7329618227637324042/detail?utm_source=Technology+Crossover+Ventures+job+board&utm_medium=getro.com&gh_src=Technology+Crossover+Ventures+job+board,1
7329624012840880434,jobs_bytedance,20250319130020,https://jobs.bytedance.com/en/position/7329624012840880434/detail?utm_source=Technology+Crossover+Ventures+job+board&utm_medium=getro.com&gh_src=Technology+Crossover+Ventures+job+board,1
7329639432700971290,jobs_bytedance,20250513133748,https://jobs.bytedance.com/en/position/7329639432700971290/detail?utm_source=Coatue+Management+job+board&utm_medium=getro.com&gh_src=Coatue+Management+job+board,1
7329769033153906954,lifeattiktok,20250206224140,https://lifeattiktok.com/search/7329769033153906954?spread=G1DWUPV,1
7329789767372785958,jobs_bytedance,20250813232340,https://jobs.bytedance.com/en/position/7329789767372785958/detail,1
7329812111635679526,lifeattiktok,20250520040543,https://lifeattiktok.com/search/7329812111635679526?utm_source=Trust+and+Safety+Jobs,1
7329935936496634121,lifeattiktok,20250510121606,https://lifeattiktok.com/search/7329935936496634121,1
7330060317303671049,jobs_bytedance,20240815052937,https://jobs.bytedance.com/en/position/7330060317303671049/detail?utm_source=Technology+Crossover+Ventures+job+board&utm_medium=getro.com&gh_src=Technology+Crossover+Ventures+job+board,1
7330085622285732122,jobs_bytedance,20250424230616,https://jobs.bytedance.com/en/position/7330085622285732122/detail?utm_source=Technology+Crossover+Ventures+job+board&utm_medium=getro.com&gh_src=Technology+Crossover+Ventures+job+board,1
7330104552680835354,lifeattiktok,20250828162535,https://lifeattiktok.com/search/7330104552680835354,1
7330153228791335218,jobs_bytedance,20250617020139,https://jobs.bytedance.com/en/position/7330153228791335218/detail?utm_source=Technology+Crossover+Ventures+job+board&utm_medium=getro.com&gh_src=Technology+Crossover+Ventures+job+board,1
7330331893139261722,lifeattiktok,20251015104404,https://lifeattiktok.com/search/7330331893139261722?spread=5MWH5CQ,2
7330411821310183718,lifeattiktok,20250709141952,https://lifeattiktok.com/search/7330411821310183718,1
7330460310191491354,lifeattiktok,20241211055344,https://lifeattiktok.com/search/7330460310191491354?spread=5MWH5CQ,1
7330512111866775818,jobs_bytedance,20250522003700,https://jobs.bytedance.com/en/position/7330512111866775818/detail?utm_source=Technology+Crossover+Ventures+job+board&utm_medium=getro.com&gh_src=Technology+Crossover+Ventures+job+board,2
7330687039858526490,careers_tiktok,20240619000207,https://careers.tiktok.com/position/7330687039858526490/detail,2
7330853665051396362,lifeattiktok,20250829172249,https://lifeattiktok.com/search/7330853665051396362,1
7330861036310169893,jobs_bytedance,20250125232853,https://jobs.bytedance.com/en/position/7330861036310169893/detail?utm_source=Technology+Crossover+Ventures+job+board&utm_medium=getro.com&gh_src=Technology+Crossover+Ventures+job+board,1
7330868633084659978,careers_tiktok,20240607103623,https://careers.tiktok.com/position/7330868633084659978/detail,1
7330868705252084006,careers_tiktok,20240516024343,https://careers.tiktok.com/position/7330868705252084006/detail,1
7331637137697655050,jobs_bytedance,20240815051700,https://jobs.bytedance.com/en/position/7331637137697655050/detail?utm_source=Technology+Crossover+Ventures+job+board&utm_medium=getro.com&gh_src=Technology+Crossover+Ventures+job+board,1
7332211709085501723,careers_tiktok,20241001172019,https://careers.tiktok.com/position/7332211709085501723/detail,2
7332375824190408987,jobs_bytedance,20250524030627,https://jobs.bytedance.com/en/position/7332375824190408987/detail?utm_source=Coatue+Management+job+board&utm_medium=getro.com&gh_src=Coatue+Management+job+board,2
7332417543137118473,lifeattiktok,20250125001125,https://lifeattiktok.com/search/7332417543137118473,2
7332602910343285018,careers_tiktok,20240423122135,https://careers.tiktok.com/position/7332602910343285018/detail?spread=XKM9ZXE,1
7332735736854563110,jobs_bytedance,20240815050036,https://jobs.bytedance.com/en/position/7332735736854563110/detail?utm_source=Technology+Crossover+Ventures+job+board&utm_medium=getro.com&gh_src=Technology+Crossover+Ventures+job+board,1
7333350929384900901,lifeattiktok,20241208095312,https://lifeattiktok.com/search/7333350929384900901,1
7333350931864340746,lifeattiktok,20250427022206,https://lifeattiktok.com/search/7333350931864340746?spread=5MWH5CQ,1
7333693471024875813,careers_tiktok,20240226122208,https://careers.tiktok.com/position/7333693471024875813/detail,1
7334782359349135625,lifeattiktok,20250613193215,https://lifeattiktok.com/search/7334782359349135625?source=datasciencejobs.com&utm_source=datasciencejobs.com,1
7334826192174041371,careers_tiktok,20240401165946,https://careers.tiktok.com/position/7334826192174041371/detail,1
7335073193399716133,lifeattiktok,20250429041750,https://lifeattiktok.com/search/7335073193399716133,1
7335131314506615090,careers_tiktok,20240707204606,https://careers.tiktok.com/position/7335131314506615090/detail,2
7335135620324739366,lifeattiktok,20260124060022,https://lifeattiktok.com/search/7335135620324739366?spread=5MWH5CQ&utm_medium=jobboard&utm_source=tspa.org,2
7335707696770238729,lifeattiktok,20250828172342,https://lifeattiktok.com/search/7335707696770238729,1
7335815101478177050,jobs_bytedance,20250709161933,https://jobs.bytedance.com/en/position/7335815101478177050/detail,2
7335864929126598938,careers_tiktok,20240218211937,https://careers.tiktok.com/position/7335864929126598938/detail?spread=5MWH5CQ,1
7335866877182708019,lifeattiktok,20250715224048,https://lifeattiktok.com/search/7335866877182708019,1
7335992155330398501,lifeattiktok,20250413221103,https://lifeattiktok.com/search/7335992155330398501?spread=5MWH5CQ%0A,1
7336318557519546674,lifeattiktok,20260206060551,https://lifeattiktok.com/search/7336318557519546674?spread=5MWH5CQ,1
7337369895267764531,lifeattiktok,20260319230645,https://lifeattiktok.com/search/7337369895267764531?spread=5MWH5CQ,1
7337426421282212147,careers_tiktok,20240522120226,https://careers.tiktok.com/position/7337426421282212147/detail,2
7337467572597033267,careers_tiktok,20240725161028,https://careers.tiktok.com/position/7337467572597033267/detail?spread=5MWH5CQ,1
7337505001922742565,jobs_bytedance,20250424225037,https://jobs.bytedance.com/en/position/7337505001922742565/detail?utm_source=Technology+Crossover+Ventures+job+board&utm_medium=getro.com&gh_src=Technology+Crossover+Ventures+job+board,1
7337591060162332979,jobs_bytedance,20250319134758,https://jobs.bytedance.com/en/position/7337591060162332979/detail?utm_source=Technology+Crossover+Ventures+job+board&utm_medium=getro.com&gh_src=Technology+Crossover+Ventures+job+board,1
7337614699909564709,jobs_bytedance,20240518043842,https://jobs.bytedance.com/en/position/7337614699909564709/detail,1
7337814253804538150,lifeattiktok,20241216230628,https://lifeattiktok.com/search/7337814253804538150?_rsc=tti98,1
7337820953941248294,lifeattiktok,20250124101200,https://lifeattiktok.com/search/7337820953941248294?spread=5MWH5CQ,1
7337851689234696485,jobs_bytedance,20250519111126,https://jobs.bytedance.com/en/position/7337851689234696485/detail?utm_source=Technology+Crossover+Ventures+job+board&utm_medium=getro.com&gh_src=Technology+Crossover+Ventures+job+board,1
7338034939101825307,lifeattiktok,20250613194657,https://lifeattiktok.com/search/7338034939101825307,1
7338043894409972019,lifeattiktok,20250613201018,https://lifeattiktok.com/search/7338043894409972019,1
7338413773763496218,lifeattiktok,20250828232237,https://lifeattiktok.com/search/7338413773763496218,1
7338597348454713610,lifeattiktok,20250427041834,https://lifeattiktok.com/search/7338597348454713610?spread=5MWH5CQ,1
7338759447407380786,jobs_bytedance,20240502100849,https://jobs.bytedance.com/en/position/7338759447407380786/detail,1
7338929380327180553,lifeattiktok,20241119033950,https://lifeattiktok.com/search/7338929380327180553?_rsc=8x1y1,1
7338936411456096549,lifeattiktok,20250516040308,https://lifeattiktok.com/search/7338936411456096549?spread=5MWH5CQ,2
7339744319999772938,jobs_bytedance,20250424232216,https://jobs.bytedance.com/en/position/7339744319999772938/detail?utm_source=Technology+Crossover+Ventures+job+board&utm_medium=getro.com&gh_src=Technology+Crossover+Ventures+job+board,1
7339746072967203099,jobs_bytedance,20240815064630,https://jobs.bytedance.com/en/position/7339746072967203099/detail?utm_source=Technology+Crossover+Ventures+job+board&utm_medium=getro.com&gh_src=Technology+Crossover+Ventures+job+board,1
7339766191575386377,jobs_bytedance,20240815062103,https://jobs.bytedance.com/en/position/7339766191575386377/detail?utm_source=Technology+Crossover+Ventures+job+board&utm_medium=getro.com&gh_src=Technology+Crossover+Ventures+job+board,1
7339776121552947466,jobs_bytedance,20250524031903,https://jobs.bytedance.com/en/position/7339776121552947466/detail?utm_source=Coatue+Management+job+board&utm_medium=getro.com&gh_src=Coatue+Management+job+board,1
7339855410318821669,jobs_bytedance,20250125213659,https://jobs.bytedance.com/en/position/7339855410318821669/detail?utm_source=Technology+Crossover+Ventures+job+board&utm_medium=getro.com&gh_src=Technology+Crossover+Ventures+job+board,1
7340118537904605449,lifeattiktok,20250718094417,https://lifeattiktok.com/search/7340118537904605449,1
7340377684365674790,lifeattiktok,20241127010932,https://lifeattiktok.com/search/7340377684365674790,3
7340394754125465906,jobs_bytedance,20240705183745,https://jobs.bytedance.com/en/position/7340394754125465906/detail,1
7340531725603227931,jobs_bytedance,20250319133540,https://jobs.bytedance.com/en/position/7340531725603227931/detail?utm_source=Technology+Crossover+Ventures+job+board&utm_medium=getro.com&gh_src=Technology+Crossover+Ventures+job+board,1
7340535617669548297,jobs_bytedance,20250615122730,https://jobs.bytedance.com/en/position/7340535617669548297/detail?utm_source=Technology+Crossover+Ventures+job+board&utm_medium=getro.com&gh_src=Technology+Crossover+Ventures+job+board,1
7340540251784349979,jobs_bytedance,20240815052842,https://jobs.bytedance.com/en/position/7340540251784349979/detail?utm_source=Technology+Crossover+Ventures+job+board&utm_medium=getro.com&gh_src=Technology+Crossover+Ventures+job+board,1
7340613321161001254,jobs_bytedance,20250216174204,https://jobs.bytedance.com/en/position/7340613321161001254/detail?utm_source=Technology+Crossover+Ventures+job+board&utm_medium=getro.com&gh_src=Technology+Crossover+Ventures+job+board,1
7340764274447042854,jobs_bytedance,20250524033916,https://jobs.bytedance.com/en/position/7340764274447042854/detail?utm_source=Coatue+Management+job+board&utm_medium=getro.com&gh_src=Coatue+Management+job+board,1
7340863662997440794,lifeattiktok,20260421232910,https://lifeattiktok.com/search/7340863662997440794?utm_source=Getro.org+job+board&utm_medium=getro.com&gh_src=Getro.org+job+board,1
7340971181464766730,jobs_bytedance,20250216183609,https://jobs.bytedance.com/en/position/7340971181464766730/detail?spread=A3T3U6W,1
7341108939449731379,lifeattiktok,20250829163613,https://lifeattiktok.com/search/7341108939449731379,1
7341211501741918501,jobs_bytedance,20241204004929,https://jobs.bytedance.com/en/position/7341211501741918501/detail?utm_source=Technology+Crossover+Ventures+job+board&utm_medium=getro.com&gh_src=Technology+Crossover+Ventures+job+board,1
7341339115126475059,lifeattiktok,20250407162103,https://lifeattiktok.com/search/7341339115126475059,3
7341339548214282533,lifeattiktok,20250401163551,https://lifeattiktok.com/search/7341339548214282533?_rsc=17mgk,2
7341346016098748722,lifeattiktok,20250814061357,https://lifeattiktok.com/search/7341346016098748722,1
7341347869939992858,lifeattiktok,20250813232315,https://lifeattiktok.com/search/7341347869939992858,1
7342763181939116298,jobs_bytedance,20240815054051,https://jobs.bytedance.com/en/position/7342763181939116298/detail?utm_source=Technology+Crossover+Ventures+job+board&utm_medium=getro.com&gh_src=Technology+Crossover+Ventures+job+board,1
7342847240066025754,lifeattiktok,20250829205908,https://lifeattiktok.com/search/7342847240066025754,1
7342923703820667174,lifeattiktok,20250427184303,https://lifeattiktok.com/search/7342923703820667174,1
7343116993991837978,jobs_bytedance,20240815044806,https://jobs.bytedance.com/en/position/7343116993991837978/detail?utm_source=Technology+Crossover+Ventures+job+board&utm_medium=getro.com&gh_src=Technology+Crossover+Ventures+job+board,1
7343275723128817947,lifeattiktok,20241208093807,https://lifeattiktok.com/search/7343275723128817947,1
7343760006330779942,jobs_bytedance,20250319124740,https://jobs.bytedance.com/en/position/7343760006330779942/detail?external_referral_code=2JV7GXE,1
7343779888137029915,lifeattiktok,20250908184539,https://lifeattiktok.com/search/7343779888137029915,1
7343810748312160539,jobs_bytedance,20250125225042,https://jobs.bytedance.com/en/position/7343810748312160539/detail?utm_source=Technology+Crossover+Ventures+job+board&utm_medium=getro.com&gh_src=Technology+Crossover+Ventures+job+board,1
7343812950622587187,lifeattiktok,20241206082134,https://lifeattiktok.com/search/7343812950622587187?external_referral_code=5RJ6816,1
7343813754977339658,jobs_bytedance,20240815051146,https://jobs.bytedance.com/en/position/7343813754977339658/detail?utm_source=Technology+Crossover+Ventures+job+board&utm_medium=getro.com&gh_src=Technology+Crossover+Ventures+job+board,2
7343838310093850889,lifeattiktok,20241206070720,https://lifeattiktok.com/search/7343838310093850889,1
7344140201747679526,jobs_bytedance,20250808083428,https://jobs.bytedance.com/en/position/7344140201747679526/detail?utm_source=Lead+Edge+Capital+job+board&utm_medium=getro.com&gh_src=Lead+Edge+Capital+job+board,2
7344141193560885542,jobs_bytedance,20250319115410,https://jobs.bytedance.com/en/position/7344141193560885542/detail?utm_source=Lead+Edge+Capital+job+board&utm_medium=getro.com&gh_src=Lead+Edge+Capital+job+board,2
7344146842629769522,jobs_bytedance,20250708153056,https://jobs.bytedance.com/en/position/7344146842629769522/detail?utm_source=Technology+Crossover+Ventures+job+board&utm_medium=getro.com&gh_src=Technology+Crossover+Ventures+job+board,2
7344147532237310234,lifeattiktok,20241206084716,https://lifeattiktok.com/search/7344147532237310234?external_referral_code=5RJ6816,3
7344154058036676891,jobs_bytedance,20250622050321,https://jobs.bytedance.com/en/position/7344154058036676891/detail?utm_source=Technology+Crossover+Ventures+job+board&utm_medium=getro.com&gh_src=Technology+Crossover+Ventures+job+board,2
7344154235208386854,jobs_bytedance,20240811090809,https://jobs.bytedance.com/en/position/7344154235208386854/detail?utm_source=Lead+Edge+Capital+job+board&utm_medium=getro.com&gh_src=Lead+Edge+Capital+job+board,1
7344167748434692378,lifeattiktok,20241206072423,https://lifeattiktok.com/search/7344167748434692378?external_referral_code=5RJ6816,2
7344176572839020837,lifeattiktok,20241206075501,https://lifeattiktok.com/search/7344176572839020837?external_referral_code=5RJ6816,1
7344886600234944805,careers_tiktok,20240613034451,https://careers.tiktok.com/position/7344886600234944805/detail,1
7345306783507925274,lifeattiktok,20250427042523,https://lifeattiktok.com/search/7345306783507925274?source=jobs.datamasked.com,2
7345437012902234419,lifeattiktok,20250722223248,https://lifeattiktok.com/search/7345437012902234419?gh_src=MIT+Sloan+Career+Development+Office+job+board,3
7345480463622686986,lifeattiktok,20250613191944,https://lifeattiktok.com/search/7345480463622686986,1
7345594088139622666,lifeattiktok,20241216230521,https://lifeattiktok.com/search/7345594088139622666?_rsc=1jxw5,2
7345693470244620553,jobs_bytedance,20240815062436,https://jobs.bytedance.com/en/position/7345693470244620553/detail?utm_source=Technology+Crossover+Ventures+job+board&utm_medium=getro.com&gh_src=Technology+Crossover+Ventures+job+board,1
7345738715794852134,lifeattiktok,20250801212215,https://lifeattiktok.com/search/7345738715794852134,1
7345795240986806555,jobs_bytedance,20250424224709,https://jobs.bytedance.com/en/position/7345795240986806555/detail?utm_source=Technology+Crossover+Ventures+job+board&utm_medium=getro.com&gh_src=Technology+Crossover+Ventures+job+board,1
7345917161150564645,jobs_bytedance,20240815054439,https://jobs.bytedance.com/en/position/7345917161150564645/detail?utm_source=Technology+Crossover+Ventures+job+board&utm_medium=getro.com&gh_src=Technology+Crossover+Ventures+job+board,1
7345947878202214706,jobs_bytedance,20250508121006,https://jobs.bytedance.com/en/position/7345947878202214706/detail,1
7346049496113580315,lifeattiktok,20250206221443,https://lifeattiktok.com/search/7346049496113580315?source=jobs.datamasked.com,2
7346153289316075785,jobs_bytedance,20240815062751,https://jobs.bytedance.com/en/position/7346153289316075785/detail?utm_source=Technology+Crossover+Ventures+job+board&utm_medium=getro.com&gh_src=Technology+Crossover+Ventures+job+board,1
7346313631669438730,lifeattiktok,20250520030120,https://lifeattiktok.com/search/7346313631669438730?utm_source=Trust+and+Safety+Jobs,1
7346319256134633766,lifeattiktok,20251209114103,https://lifeattiktok.com/search/7346319256134633766?utm_source=Getro.org+job+board&utm_medium=getro.com&gh_src=Getro.org+job+board,1
7346771602220583218,lifeattiktok,20250426082825,https://lifeattiktok.com/search/7346771602220583218,1
7347528448065358106,lifeattiktok,20250401163552,https://lifeattiktok.com/search/7347528448065358106?_rsc=17mgk,3
7347543610411469065,lifeattiktok,20250401164455,https://lifeattiktok.com/search/7347543610411469065,2
7348026983026444554,careers_tiktok,20240411004336,https://careers.tiktok.com/position/7348026983026444554/detail,1
7348061756231960883,careers_tiktok,20240429195607,https://careers.tiktok.com/position/7348061756231960883/detail,1
7348505665339427110,jobs_bytedance,20250513122036,https://jobs.bytedance.com/en/position/7348505665339427110/detail?utm_source=Coatue+Management+job+board&utm_medium=getro.com&gh_src=Coatue+Management+job+board,1
7348516823640606986,lifeattiktok,20250315083250,https://lifeattiktok.com/search/7348516823640606986?spread=5MWH5CQ,2
7348630355740346651,jobs_bytedance,20240524183807,https://jobs.bytedance.com/en/position/7348630355740346651/detail?spread=BSPP2KS,2
7348783550155819274,jobs_bytedance,20240815053006,https://jobs.bytedance.com/en/position/7348783550155819274/detail?utm_source=Technology+Crossover+Ventures+job+board&utm_medium=getro.com&gh_src=Technology+Crossover+Ventures+job+board,1
7348922627627600178,lifeattiktok,20250725174834,https://lifeattiktok.com/search/7348922627627600178,1
7349061012743620901,careers_tiktok,20240614025059,https://careers.tiktok.com/position/7349061012743620901/detail,1
7349107298172455218,lifeattiktok,20250907210056,https://lifeattiktok.com/search/7349107298172455218,1
7349198359003072778,lifeattiktok,20250613193826,https://lifeattiktok.com/search/7349198359003072778,1
7349252422348441907,careers_tiktok,20240326052226,https://careers.tiktok.com/position/7349252422348441907/detail,1
7350147976868612362,lifeattiktok,20250808115243,https://lifeattiktok.com/search/7350147976868612362,2
7350198622804511003,careers_tiktok,20240721180746,https://careers.tiktok.com/position/7350198622804511003/detail,2
7350423354392299814,lifeattiktok,20250509202322,https://lifeattiktok.com/search/7350423354392299814,1
7350606782055762214,careers_tiktok,20240610213212,https://careers.tiktok.com/position/7350606782055762214/detail,1
7350650726349195570,jobs_bytedance,20250617002732,https://jobs.bytedance.com/en/position/7350650726349195570/detail?utm_source=Lead+Edge+Capital+job+board&utm_medium=getro.com&gh_src=Lead+Edge+Capital+job+board,2
7350920723010111781,lifeattiktok,20260708133243,https://lifeattiktok.com/search/7350920723010111781,2
7351007733582448923,jobs_bytedance,20250513130453,https://jobs.bytedance.com/en/position/7351007733582448923/detail?utm_source=Coatue+Management+job+board&utm_medium=getro.com&gh_src=Coatue+Management+job+board,2
7351020979584256283,jobs_bytedance,20240617190405,https://jobs.bytedance.com/en/position/7351020979584256283/detail,1
7351114805267581210,lifeattiktok,20250206221819,https://lifeattiktok.com/search/7351114805267581210,2
7351212650838116635,lifeattiktok,20241208102101,https://lifeattiktok.com/search/7351212650838116635,1
7351304809767815462,lifeattiktok,20250724165351,https://lifeattiktok.com/search/7351304809767815462,2
7351347814506842406,lifeattiktok,20250722001112,https://lifeattiktok.com/search/7351347814506842406,3
7351422796030085426,jobs_bytedance,20250216175831,https://jobs.bytedance.com/en/position/7351422796030085426/detail,1
7351513871892695334,careers_tiktok,20240614023936,https://careers.tiktok.com/position/7351513871892695334/detail,1
7351812915886344458,jobs_bytedance,20240605184830,https://jobs.bytedance.com/en/position/7351812915886344458/detail,1
7351988922526992691,careers_tiktok,20240420185433,https://careers.tiktok.com/position/7351988922526992691/detail,1
7352826248441727241,lifeattiktok,20250315081138,https://lifeattiktok.com/search/7352826248441727241,2
7352983542370027827,jobs_bytedance,20241203230736,https://jobs.bytedance.com/en/position/7352983542370027827/detail?utm_source=Technology+Crossover+Ventures+job+board&utm_medium=getro.com&gh_src=Technology+Crossover+Ventures+job+board,1
7353095764347128074,lifeattiktok,20250520024921,https://lifeattiktok.com/search/7353095764347128074,1
7353147821220219162,jobs_bytedance,20240815051512,https://jobs.bytedance.com/en/position/7353147821220219162/detail?utm_source=Lead+Edge+Capital+job+board&utm_medium=getro.com&gh_src=Lead+Edge+Capital+job+board,1
7353251339215145243,lifeattiktok,20260414150547,https://lifeattiktok.com/search/7353251339215145243,1
7353443825027942683,lifeattiktok,20250124104934,https://lifeattiktok.com/search/7353443825027942683?spread=5MWH5CQ,1
7353455186822646067,jobs_bytedance,20240815054950,https://jobs.bytedance.com/en/position/7353455186822646067/detail?utm_source=Technology+Crossover+Ventures+job+board&utm_medium=getro.com&gh_src=Technology+Crossover+Ventures+job+board,1
7353507839258134793,lifeattiktok,20250118072146,https://lifeattiktok.com/search/7353507839258134793?spread=5MWH5CQ,1
7353730027286219046,lifeattiktok,20241206081905,https://lifeattiktok.com/search/7353730027286219046?external_referral_code=5RJ6816,3
7353732509433104667,jobs_bytedance,20250524023013,https://jobs.bytedance.com/en/position/7353732509433104667/detail?utm_source=Coatue+Management+job+board&utm_medium=getro.com&gh_src=Coatue+Management+job+board,1
7353793990417762587,jobs_bytedance,20241203233547,https://jobs.bytedance.com/en/position/7353793990417762587/detail?external_referral_code=2JV7GXE,1
7353817551648131366,jobs_bytedance,20240416194829,https://jobs.bytedance.com/en/position/7353817551648131366/detail,1
7354007460712466715,jobs_bytedance,20250319134902,https://jobs.bytedance.com/en/position/7354007460712466715/detail?utm_source=Lead+Edge+Capital+job+board&utm_medium=getro.com&gh_src=Lead+Edge+Capital+job+board,1
7354141495338174758,lifeattiktok,20260124051723,https://lifeattiktok.com/search/7354141495338174758?spread=5MWH5CQ,1
7354207373030852890,jobs_bytedance,20250615121343,https://jobs.bytedance.com/en/position/7354207373030852890/detail?utm_source=Technology+Crossover+Ventures+job+board&utm_medium=getro.com&gh_src=Technology+Crossover+Ventures+job+board,2
7354471828692683035,lifeattiktok,20260206060554,https://lifeattiktok.com/search/7354471828692683035,1
7354654715290306853,jobs_bytedance,20250319135855,https://jobs.bytedance.com/en/position/7354654715290306853/detail?utm_source=Technology+Crossover+Ventures+job+board&utm_medium=getro.com&gh_src=Technology+Crossover+Ventures+job+board,1
7355393037268486438,jobs_bytedance,20250524040935,https://jobs.bytedance.com/en/position/7355393037268486438/detail?utm_source=Lead+Edge+Capital+job+board&utm_medium=getro.com&gh_src=Lead+Edge+Capital+job+board,1
7355557953012238618,jobs_bytedance,20250216184534,https://jobs.bytedance.com/en/position/7355557953012238618/detail?utm_source=Lead+Edge+Capital+job+board&utm_medium=getro.com&gh_src=Lead+Edge+Capital+job+board,2
7355652314075498761,lifeattiktok,20250613195152,https://lifeattiktok.com/search/7355652314075498761?spread=5MWH5CQ,3
7355653321217231131,lifeattiktok,20250206220616,https://lifeattiktok.com/search/7355653321217231131?utm_campaign=jobs-internships-fellowships-and-more&utm_medium=referral&utm_source=greenjobs.beehiiv.com,1
7355743305730246950,jobs_bytedance,20250519121830,https://jobs.bytedance.com/en/position/7355743305730246950/detail?utm_source=Coatue+Management+job+board&utm_medium=getro.com&gh_src=Coatue+Management+job+board,2
7355765182578280755,jobs_bytedance,20250811052304,https://jobs.bytedance.com/en/position/7355765182578280755/detail?utm_source=Technology+Crossover+Ventures+job+board&utm_medium=getro.com&gh_src=Technology+Crossover+Ventures+job+board,1
7355932656502262054,lifeattiktok,20241127234751,https://lifeattiktok.com/search/7355932656502262054,2
7355937818873022770,lifeattiktok,20260206060548,https://lifeattiktok.com/search/7355937818873022770,2
7355994454363654437,lifeattiktok,20251003234216,https://lifeattiktok.com/search/7355994454363654437,1
7356166704290728229,lifeattiktok,20250404115732,https://lifeattiktok.com/search/7356166704290728229,3
7356299238987712819,lifeattiktok,20260417085802,https://lifeattiktok.com/search/7356299238987712819,1
7356371809014450470,jobs_bytedance,20250319115648,https://jobs.bytedance.com/en/position/7356371809014450470/detail?utm_source=Lead+Edge+Capital+job+board&utm_medium=getro.com&gh_src=Lead+Edge+Capital+job+board,1
7356380988878080266,lifeattiktok,20250908075703,https://lifeattiktok.com/search/7356380988878080266,1
7356398576886483209,careers_tiktok,20240614024721,https://careers.tiktok.com/position/7356398576886483209/detail,1
7356431415271065882,lifeattiktok,20260124044450,https://lifeattiktok.com/search/7356431415271065882?spread=5MWH5CQ,1
7356468027514751242,jobs_bytedance,20250216181324,https://jobs.bytedance.com/en/position/7356468027514751242/detail?utm_source=Technology+Crossover+Ventures+job+board&utm_medium=getro.com&gh_src=Technology+Crossover+Ventures+job+board,2
7356541411589884197,jobs_bytedance,20240815064317,https://jobs.bytedance.com/en/position/7356541411589884197/detail?utm_source=Lead+Edge+Capital+job+board&utm_medium=getro.com&gh_src=Lead+Edge+Capital+job+board,1
7356556900126984458,jobs_bytedance,20250424234858,https://jobs.bytedance.com/en/position/7356556900126984458/detail?utm_source=Lead+Edge+Capital+job+board&utm_medium=getro.com&gh_src=Lead+Edge+Capital+job+board,2
7356562509614139658,lifeattiktok,20250427043607,https://lifeattiktok.com/search/7356562509614139658?spread=G1DWUPV,2
7356608561771841819,jobs_bytedance,20240815052045,https://jobs.bytedance.com/en/position/7356608561771841819/detail?utm_source=Lead+Edge+Capital+job+board&utm_medium=getro.com&gh_src=Lead+Edge+Capital+job+board,1
7356654035753617691,lifeattiktok,20241206064909,https://lifeattiktok.com/search/7356654035753617691?external_referral_code=5RJ6816,1
7356720352334448922,careers_tiktok,20240516060853,https://careers.tiktok.com/position/7356720352334448922/detail?utm_source=joraus&utm_campaign=joraus&utm_medium=organic,2
7356766235302365467,careers_tiktok,20240723103848,https://careers.tiktok.com/position/7356766235302365467/detail?spread=5MWH5CQ,2
7356803168024545563,jobs_bytedance,20250615113613,https://jobs.bytedance.com/en/position/7356803168024545563/detail?utm_source=Technology+Crossover+Ventures+job+board&utm_medium=getro.com&gh_src=Technology+Crossover+Ventures+job+board,1
7356822376024230195,lifeattiktok,20250724123523,https://lifeattiktok.com/search/7356822376024230195,1
7356872250006178057,jobs_bytedance,20240815053514,https://jobs.bytedance.com/en/position/7356872250006178057/detail?utm_source=Lead+Edge+Capital+job+board&utm_medium=getro.com&gh_src=Lead+Edge+Capital+job+board,1
7357077513849587977,lifeattiktok,20250426143834,https://lifeattiktok.com/search/7357077513849587977,1
7357078388533676314,lifeattiktok,20250427022206,https://lifeattiktok.com/search/7357078388533676314,1
7357912750830111013,jobs_bytedance,20250319130638,https://jobs.bytedance.com/en/position/7357912750830111013/detail?utm_source=Lead+Edge+Capital+job+board&utm_medium=getro.com&gh_src=Lead+Edge+Capital+job+board,2
7358017624930781491,jobs_bytedance,20250715032245,https://jobs.bytedance.com/en/position/7358017624930781491/detail?utm_source=Lead+Edge+Capital+job+board&utm_medium=getro.com&gh_src=Lead+Edge+Capital+job+board,3
7358018023024167178,jobs_bytedance,20250811040621,https://jobs.bytedance.com/en/position/7358018023024167178/detail?utm_source=Technology+Crossover+Ventures+job+board&utm_medium=getro.com&gh_src=Technology+Crossover+Ventures+job+board,1
7358156574253123849,jobs_bytedance,20240815063341,https://jobs.bytedance.com/en/position/7358156574253123849/detail?utm_source=Technology+Crossover+Ventures+job+board&utm_medium=getro.com&gh_src=Technology+Crossover+Ventures+job+board,2
7358343945493874971,jobs_bytedance,20240815052114,https://jobs.bytedance.com/en/position/7358343945493874971/detail?utm_source=Lead+Edge+Capital+job+board&utm_medium=getro.com&gh_src=Lead+Edge+Capital+job+board,1
7358456204668520741,jobs_bytedance,20240811083715,https://jobs.bytedance.com/en/position/7358456204668520741/detail?utm_source=Lead+Edge+Capital+job+board&utm_medium=getro.com&gh_src=Lead+Edge+Capital+job+board,1
7358457719555246346,jobs_bytedance,20240815051219,https://jobs.bytedance.com/en/position/7358457719555246346/detail?utm_source=Technology+Crossover+Ventures+job+board&utm_medium=getro.com&gh_src=Technology+Crossover+Ventures+job+board,1
7358625842978621733,careers_tiktok,20240430162428,https://careers.tiktok.com/position/7358625842978621733/detail?spread=5MWH5CQ,1
7358692856267016458,lifeattiktok,20250427022206,https://lifeattiktok.com/search/7358692856267016458,3
7358765180195227930,lifeattiktok,20250813184702,https://lifeattiktok.com/search/7358765180195227930,2
7358795643521665307,jobs_bytedance,20250216181414,https://jobs.bytedance.com/en/position/7358795643521665307/detail?utm_source=Technology+Crossover+Ventures+job+board&utm_medium=getro.com&gh_src=Technology+Crossover+Ventures+job+board,1
7358803165128427814,lifeattiktok,20250623185624,https://lifeattiktok.com/search/7358803165128427814,2
7358840190423796018,lifeattiktok,20241218141523,https://lifeattiktok.com/search/7358840190423796018?_rsc=q6nnv,1
7358893717111753011,lifeattiktok,20260519211139,https://lifeattiktok.com/search/7358893717111753011?utm_source=bandana,2
7358997009117251867,careers_tiktok,20240430120606,https://careers.tiktok.com/position/7358997009117251867/detail?spread=BPHESC1,1
7359020532333857061,lifeattiktok,20241211055335,https://lifeattiktok.com/search/7359020532333857061?spread=5MWH5CQ,1
7359025450020342042,lifeattiktok,20260410034230,https://lifeattiktok.com/search/7359025450020342042,1
7359032209847126282,jobs_bytedance,20250424222823,https://jobs.bytedance.com/en/position/7359032209847126282/detail?utm_source=Lead+Edge+Capital+job+board&utm_medium=getro.com&gh_src=Lead+Edge+Capital+job+board,1
7359045681536305417,jobs_bytedance,20250524024310,https://jobs.bytedance.com/en/position/7359045681536305417/detail?utm_source=Coatue+Management+job+board&utm_medium=getro.com&gh_src=Coatue+Management+job+board,1
7359057195705387290,jobs_bytedance,20250125214309,https://jobs.bytedance.com/en/position/7359057195705387290/detail?utm_source=Lead+Edge+Capital+job+board&utm_medium=getro.com&gh_src=Lead+Edge+Capital+job+board,2
7359080401170647323,lifeattiktok,20250908024721,https://lifeattiktok.com/search/7359080401170647323,1
7359084648250493210,lifeattiktok,20250908045646,https://lifeattiktok.com/search/7359084648250493210,1
7359134606841284890,lifeattiktok,20241119033951,https://lifeattiktok.com/search/7359134606841284890?_rsc=8x1y1,1
7359283352769202458,lifeattiktok,20250813230557,https://lifeattiktok.com/search/7359283352769202458,1
7359283836616182067,lifeattiktok,20250814034842,https://lifeattiktok.com/search/7359283836616182067,1
7359285196736235786,lifeattiktok,20250814045114,https://lifeattiktok.com/search/7359285196736235786,1
7359324780677581106,lifeattiktok,20250118074122,https://lifeattiktok.com/search/7359324780677581106,1
7359365167946647818,lifeattiktok,20250713114554,https://lifeattiktok.com/search/7359365167946647818?utm_source=Getro.org+job+board&utm_medium=getro.com&gh_src=Getro.org+job+board,1
7359365516999919899,lifeattiktok,20250908044613,https://lifeattiktok.com/search/7359365516999919899,1
7359399885181470986,jobs_bytedance,20250519114745,https://jobs.bytedance.com/en/position/7359399885181470986/detail?utm_source=Technology+Crossover+Ventures+job+board&utm_medium=getro.com&gh_src=Technology+Crossover+Ventures+job+board,2
7359400495964670234,jobs_bytedance,20240815054422,https://jobs.bytedance.com/en/position/7359400495964670234/detail?utm_source=Technology+Crossover+Ventures+job+board&utm_medium=getro.com&gh_src=Technology+Crossover+Ventures+job+board,1
7359401745413982515,jobs_bytedance,20250125232733,https://jobs.bytedance.com/en/position/7359401745413982515/detail,1
7359403185200548134,jobs_bytedance,20250216184458,https://jobs.bytedance.com/en/position/7359403185200548134/detail?utm_source=Lead+Edge+Capital+job+board&utm_medium=getro.com&gh_src=Lead+Edge+Capital+job+board,1
7359428289419249947,lifeattiktok,20260506185140,https://lifeattiktok.com/search/7359428289419249947?_rsc=1m3ql,1
7359443592378616114,lifeattiktok,20250731202225,https://lifeattiktok.com/search/7359443592378616114,1
7359456258078656819,careers_tiktok,20240607103819,https://careers.tiktok.com/position/7359456258078656819/detail,1
7359469327399405850,jobs_bytedance,20240815062324,https://jobs.bytedance.com/en/position/7359469327399405850/detail?utm_source=Lead+Edge+Capital+job+board&utm_medium=getro.com&gh_src=Lead+Edge+Capital+job+board,1
7359619620258466074,lifeattiktok,20250808230135,https://lifeattiktok.com/search/7359619620258466074?spread=5MWH5CQ,3
7359624340596164873,lifeattiktok,20250409234737,https://lifeattiktok.com/search/7359624340596164873?spread=5MWH5CQ,1
7359655541985986867,jobs_bytedance,20240914045730,https://jobs.bytedance.com/en/position/7359655541985986867/detail?utm_source=Technology+Crossover+Ventures+job+board&utm_medium=getro.com&gh_src=Technology+Crossover+Ventures+job+board,2
7359677833105033509,jobs_bytedance,20240815064751,https://jobs.bytedance.com/en/position/7359677833105033509/detail?utm_source=Technology+Crossover+Ventures+job+board&utm_medium=getro.com&gh_src=Technology+Crossover+Ventures+job+board,2
7359688944362277171,jobs_bytedance,20250721180612,https://jobs.bytedance.com/en/position/7359688944362277171/detail,3
7359689501625911561,jobs_bytedance,20250319121046,https://jobs.bytedance.com/en/position/7359689501625911561/detail?utm_source=Technology+Crossover+Ventures+job+board&utm_medium=getro.com&gh_src=Technology+Crossover+Ventures+job+board,2
7360281195336550683,lifeattiktok,20241216230537,https://lifeattiktok.com/search/7360281195336550683?_rsc=1vvd9,2
7360552907366271283,jobs_bytedance,20250715043900,https://jobs.bytedance.com/en/position/7360552907366271283/detail?utm_source=Lead+Edge+Capital+job+board&utm_medium=getro.com&gh_src=Lead+Edge+Capital+job+board,3
7360648383595743515,lifeattiktok,20250520025304,https://lifeattiktok.com/search/7360648383595743515?utm_source=Trust+and+Safety+Jobs,1
7360775057466411315,careers_tiktok,20240528231226,https://careers.tiktok.com/position/7360775057466411315/detail,2
7360821346823211290,jobs_bytedance,20240815061257,https://jobs.bytedance.com/en/position/7360821346823211290/detail?utm_source=Lead+Edge+Capital+job+board&utm_medium=getro.com&gh_src=Lead+Edge+Capital+job+board,1
7360896210489968947,jobs_bytedance,20250521230951,https://jobs.bytedance.com/en/position/7360896210489968947/detail?utm_source=Technology+Crossover+Ventures+job+board&utm_medium=getro.com&gh_src=Technology+Crossover+Ventures+job+board,2
7360907590663932170,lifeattiktok,20251016012815,https://lifeattiktok.com/search/7360907590663932170,1
7360998096892250419,jobs_bytedance,20250622050553,https://jobs.bytedance.com/en/position/7360998096892250419/detail?utm_source=Technology+Crossover+Ventures+job+board&utm_medium=getro.com&gh_src=Technology+Crossover+Ventures+job+board,2
7361090887370017062,lifeattiktok,20250828233648,https://lifeattiktok.com/search/7361090887370017062,1
7361091829100513573,lifeattiktok,20250829195004,https://lifeattiktok.com/search/7361091829100513573,1
7361166882449295626,lifeattiktok,20260101070112,https://lifeattiktok.com/search/7361166882449295626,1
7361197375589337371,careers_tiktok,20240426182806,https://careers.tiktok.com/position/7361197375589337371/detail,1
7361215212819171635,lifeattiktok,20250516041814,https://lifeattiktok.com/search/7361215212819171635,2
7361217252953213211,lifeattiktok,20250613200028,https://lifeattiktok.com/search/7361217252953213211,3
7361346434035943718,jobs_bytedance,20250216190203,https://jobs.bytedance.com/en/position/7361346434035943718/detail?utm_source=Technology+Crossover+Ventures+job+board&utm_medium=getro.com&gh_src=Technology+Crossover+Ventures+job+board,2
7361347695615265074,lifeattiktok,20250118060657,https://lifeattiktok.com/search/7361347695615265074,1
7361455923548670259,lifeattiktok,20250218123451,https://lifeattiktok.com/search/7361455923548670259,1
7361560319812962610,careers_tiktok,20240921042043,https://careers.tiktok.com/position/7361560319812962610/detail?spread=5MWH5CQ&utm_medium=jobboard&utm_source=linkedin,1
7361610533650319625,careers_tiktok,20240527000718,https://careers.tiktok.com/position/7361610533650319625/detail,1
7361738097757718810,jobs_bytedance,20240811090116,https://jobs.bytedance.com/en/position/7361738097757718810/detail?utm_source=Lead+Edge+Capital+job+board&utm_medium=getro.com&gh_src=Lead+Edge+Capital+job+board,1
7362026100950321459,jobs_bytedance,20240811084539,https://jobs.bytedance.com/en/position/7362026100950321459/detail?utm_source=Lead+Edge+Capital+job+board&utm_medium=getro.com&gh_src=Lead+Edge+Capital+job+board,1
7362026435709929737,jobs_bytedance,20240815050643,https://jobs.bytedance.com/en/position/7362026435709929737/detail?utm_source=Lead+Edge+Capital+job+board&utm_medium=getro.com&gh_src=Lead+Edge+Capital+job+board,1
7362249041638852891,careers_tiktok,20240614033200,https://careers.tiktok.com/position/7362249041638852891/detail,1
7362289347200977161,lifeattiktok,20250118073756,https://lifeattiktok.com/search/7362289347200977161?ref=designsystems.jobs,3
7363548495787166002,jobs_bytedance,20240815063600,https://jobs.bytedance.com/en/position/7363548495787166002/detail?utm_source=Lead+Edge+Capital+job+board&utm_medium=getro.com&gh_src=Lead+Edge+Capital+job+board,1
7363600174956644646,jobs_bytedance,20240811085924,https://jobs.bytedance.com/en/position/7363600174956644646/detail?utm_source=Lead+Edge+Capital+job+board&utm_medium=getro.com&gh_src=Lead+Edge+Capital+job+board,1
7363702858484926758,lifeattiktok,20250124231019,https://lifeattiktok.com/search/7363702858484926758?utm_campaign=202&utm_medium=referral&utm_source=www.bohlive.com,1
7363706017946208538,lifeattiktok,20250718095354,https://lifeattiktok.com/search/7363706017946208538?utm_campaign=202&utm_medium=referral&utm_source=www.bohlive.com,1
7363712168497858867,lifeattiktok,20250124234611,https://lifeattiktok.com/search/7363712168497858867?utm_campaign=202&utm_medium=referral&utm_source=www.bohlive.com,1
7363792080994896166,jobs_bytedance,20250522005112,https://jobs.bytedance.com/en/position/7363792080994896166/detail?utm_source=Technology+Crossover+Ventures+job+board&utm_medium=getro.com&gh_src=Technology+Crossover+Ventures+job+board,1
7363792297882700042,jobs_bytedance,20250513141205,https://jobs.bytedance.com/en/position/7363792297882700042/detail?utm_source=Coatue+Management+job+board&utm_medium=getro.com&gh_src=Coatue+Management+job+board,1
7364106036356270374,lifeattiktok,20250516050413,https://lifeattiktok.com/search/7364106036356270374?spread=5MWH5CQ,2
7364108064876316937,lifeattiktok,20250427042556,https://lifeattiktok.com/search/7364108064876316937?spread=XKM9ZXE,2
7364146718924163337,lifeattiktok,20260208193406,https://lifeattiktok.com/search/7364146718924163337?utm_source=chatgpt.com,2
7364188440437623066,jobs_bytedance,20240531053844,https://jobs.bytedance.com/en/position/7364188440437623066/detail,1
7364210326952921370,lifeattiktok,20250906081942,https://lifeattiktok.com/search/7364210326952921370,1
7364254547974326537,jobs_bytedance,20250522000708,https://jobs.bytedance.com/en/position/7364254547974326537/detail?utm_source=Lead+Edge+Capital+job+board&utm_medium=getro.com&gh_src=Lead+Edge+Capital+job+board,1
7364272465797990665,lifeattiktok,20251117003500,https://lifeattiktok.com/search/7364272465797990665,1
7364338443478780187,careers_tiktok,20240716022455,https://careers.tiktok.com/position/7364338443478780187/detail,1
7364562102194227506,jobs_bytedance,20250519121037,https://jobs.bytedance.com/en/position/7364562102194227506/detail?utm_source=Lead+Edge+Capital+job+board&utm_medium=getro.com&gh_src=Lead+Edge+Capital+job+board,1
7364563701690747146,lifeattiktok,20250517154318,https://lifeattiktok.com/search/7364563701690747146,1
7364618686177790259,careers_tiktok,20240614024350,https://careers.tiktok.com/position/7364618686177790259/detail,1
7364649134311115018,jobs_bytedance,20240707124335,https://jobs.bytedance.com/en/position/7364649134311115018/detail,1
7364650099705841970,jobs_bytedance,20240811094856,https://jobs.bytedance.com/en/position/7364650099705841970/detail?utm_source=Lead+Edge+Capital+job+board&utm_medium=getro.com&gh_src=Lead+Edge+Capital+job+board,2
7364762170921503027,careers_tiktok,20240522140226,https://careers.tiktok.com/position/7364762170921503027/detail,2
7366046334190782730,careers_tiktok,20240526112945,https://careers.tiktok.com/position/7366046334190782730/detail,2
7366077741303744818,careers_tiktok,20240524034234,https://careers.tiktok.com/position/7366077741303744818/detail,1
7366129207607757066,jobs_bytedance,20250216182847,https://jobs.bytedance.com/en/position/7366129207607757066/detail?utm_source=Lead+Edge+Capital+job+board&utm_medium=getro.com&gh_src=Lead+Edge+Capital+job+board,1
7366266317907822874,lifeattiktok,20241216230537,https://lifeattiktok.com/search/7366266317907822874?_rsc=1vvd9,2
7366325722716096819,jobs_bytedance,20250216183213,https://jobs.bytedance.com/en/position/7366325722716096819/detail,1
7366327627677190437,lifeattiktok,20241208082045,https://lifeattiktok.com/search/7366327627677190437,1
7366367851467720986,lifeattiktok,20250613202432,https://lifeattiktok.com/search/7366367851467720986?spread=5MWH5CQ,1
7366398900947618057,careers_tiktok,20240614024402,https://careers.tiktok.com/position/7366398900947618057/detail,1
7366409685496973578,jobs_bytedance,20250524040405,https://jobs.bytedance.com/en/position/7366409685496973578/detail?utm_source=Coatue+Management+job+board&utm_medium=getro.com&gh_src=Coatue+Management+job+board,2
7366526311793428762,lifeattiktok,20250715224508,https://lifeattiktok.com/search/7366526311793428762,2
7366548281051171099,lifeattiktok,20250908022513,https://lifeattiktok.com/search/7366548281051171099,1
7366553377318439195,jobs_bytedance,20250319140614,https://jobs.bytedance.com/en/position/7366553377318439195/detail?utm_source=Lead+Edge+Capital+job+board&utm_medium=getro.com&gh_src=Lead+Edge+Capital+job+board,1
7366554701388777738,jobs_bytedance,20250319124303,https://jobs.bytedance.com/en/position/7366554701388777738/detail?utm_source=Lead+Edge+Capital+job+board&utm_medium=getro.com&gh_src=Lead+Edge+Capital+job+board,2
7366555450789218598,jobs_bytedance,20250524040638,https://jobs.bytedance.com/en/position/7366555450789218598/detail?utm_source=Coatue+Management+job+board&utm_medium=getro.com&gh_src=Coatue+Management+job+board,1
7366562410168240410,jobs_bytedance,20250524032533,https://jobs.bytedance.com/en/position/7366562410168240410/detail?utm_source=Coatue+Management+job+board&utm_medium=getro.com&gh_src=Coatue+Management+job+board,1
7366606504772274459,jobs_bytedance,20240815055550,https://jobs.bytedance.com/en/position/7366606504772274459/detail?utm_source=Lead+Edge+Capital+job+board&utm_medium=getro.com&gh_src=Lead+Edge+Capital+job+board,1
7366691740575467786,lifeattiktok,20241108014644,https://lifeattiktok.com/search/7366691740575467786,2
7366717862033656090,lifeattiktok,20250401214239,https://lifeattiktok.com/search/7366717862033656090,3
7366736797726443827,jobs_bytedance,20240815060248,https://jobs.bytedance.com/en/position/7366736797726443827/detail?utm_source=Lead+Edge+Capital+job+board&utm_medium=getro.com&gh_src=Lead+Edge+Capital+job+board,1
7366737450800023859,jobs_bytedance,20250424232623,https://jobs.bytedance.com/en/position/7366737450800023859/detail?utm_source=Technology+Crossover+Ventures+job+board&utm_medium=getro.com&gh_src=Technology+Crossover+Ventures+job+board,2
7366773587448088882,jobs_bytedance,20240815064512,https://jobs.bytedance.com/en/position/7366773587448088882/detail?utm_source=Lead+Edge+Capital+job+board&utm_medium=getro.com&gh_src=Lead+Edge+Capital+job+board,2
7366773624257136906,jobs_bytedance,20250521231211,https://jobs.bytedance.com/en/position/7366773624257136906/detail?utm_source=Lead+Edge+Capital+job+board&utm_medium=getro.com&gh_src=Lead+Edge+Capital+job+board,1
7366802443303356709,jobs_bytedance,20240815052601,https://jobs.bytedance.com/en/position/7366802443303356709/detail?utm_source=Technology+Crossover+Ventures+job+board&utm_medium=getro.com&gh_src=Technology+Crossover+Ventures+job+board,1
7366830052171172106,jobs_bytedance,20250424225651,https://jobs.bytedance.com/en/position/7366830052171172106/detail?utm_source=Technology+Crossover+Ventures+job+board&utm_medium=getro.com&gh_src=Technology+Crossover+Ventures+job+board,1
7366874932469287218,lifeattiktok,20250808230007,https://lifeattiktok.com/search/7366874932469287218?spread=5MWH5CQ,2
7366881310603888946,careers_tiktok,20240523022222,https://careers.tiktok.com/position/7366881310603888946/detail,2
7366891423831099686,jobs_bytedance,20240815053058,https://jobs.bytedance.com/en/position/7366891423831099686/detail?utm_source=Lead+Edge+Capital+job+board&utm_medium=getro.com&gh_src=Lead+Edge+Capital+job+board,1
7366955543807772978,jobs_bytedance,20250513135449,https://jobs.bytedance.com/en/position/7366955543807772978/detail?utm_source=Coatue+Management+job+board&utm_medium=getro.com&gh_src=Coatue+Management+job+board,2
7367118302047734043,jobs_bytedance,20250715033908,https://jobs.bytedance.com/en/position/7367118302047734043/detail?utm_source=Lead+Edge+Capital+job+board&utm_medium=getro.com&gh_src=Lead+Edge+Capital+job+board,1
7367249417021966630,jobs_bytedance,20240815055528,https://jobs.bytedance.com/en/position/7367249417021966630/detail?utm_source=Technology+Crossover+Ventures+job+board&utm_medium=getro.com&gh_src=Technology+Crossover+Ventures+job+board,1
7367272738338507034,careers_tiktok,20240611123659,https://careers.tiktok.com/position/7367272738338507034/detail,2
7367293253706189093,lifeattiktok,20250520042520,https://lifeattiktok.com/search/7367293253706189093?utm_source=Trust+and+Safety+Jobs,1
7367349243470956827,jobs_bytedance,20250811053019,https://jobs.bytedance.com/en/position/7367349243470956827/detail,1
7367357567141595401,jobs_bytedance,20250617013346,https://jobs.bytedance.com/en/position/7367357567141595401/detail?utm_source=Lead+Edge+Capital+job+board&utm_medium=getro.com&gh_src=Lead+Edge+Capital+job+board,2
7367358872359225638,jobs_bytedance,20250811044445,https://jobs.bytedance.com/en/position/7367358872359225638/detail?utm_source=Technology+Crossover+Ventures+job+board&utm_medium=getro.com&gh_src=Technology+Crossover+Ventures+job+board,2
7367382026964207909,careers_tiktok,20240614023507,https://careers.tiktok.com/position/7367382026964207909/detail,1
7367463529165113638,lifeattiktok,20250517154403,https://lifeattiktok.com/search/7367463529165113638,1
7367482055217301797,jobs_bytedance,20240811082026,https://jobs.bytedance.com/en/position/7367482055217301797/detail?utm_source=Lead+Edge+Capital+job+board&utm_medium=getro.com&gh_src=Lead+Edge+Capital+job+board,1
7367483025381214502,jobs_bytedance,20250808085857,https://jobs.bytedance.com/en/position/7367483025381214502/detail?utm_source=Lead+Edge+Capital+job+board&utm_medium=getro.com&gh_src=Lead+Edge+Capital+job+board,1
7367518252476500233,jobs_bytedance,20240815051322,https://jobs.bytedance.com/en/position/7367518252476500233/detail?utm_source=Lead+Edge+Capital+job+board&utm_medium=getro.com&gh_src=Lead+Edge+Capital+job+board,1
7367521426688018738,jobs_bytedance,20250811052814,https://jobs.bytedance.com/en/position/7367521426688018738/detail?utm_source=Technology+Crossover+Ventures+job+board&utm_medium=getro.com&gh_src=Technology+Crossover+Ventures+job+board,3
7367522052020865330,jobs_bytedance,20240815062621,https://jobs.bytedance.com/en/position/7367522052020865330/detail?utm_source=Lead+Edge+Capital+job+board&utm_medium=getro.com&gh_src=Lead+Edge+Capital+job+board,1
7368333776763963674,jobs_bytedance,20250125222316,https://jobs.bytedance.com/en/position/7368333776763963674/detail?utm_source=Technology+Crossover+Ventures+job+board&utm_medium=getro.com&gh_src=Technology+Crossover+Ventures+job+board,1
7368339332651878665,jobs_bytedance,20250216175540,https://jobs.bytedance.com/en/position/7368339332651878665/detail?utm_source=Lead+Edge+Capital+job+board&utm_medium=getro.com&gh_src=Lead+Edge+Capital+job+board,1
7368370604573526323,jobs_bytedance,20250513141322,https://jobs.bytedance.com/en/position/7368370604573526323/detail?utm_source=Coatue+Management+job+board&utm_medium=getro.com&gh_src=Coatue+Management+job+board,2
7368416032434751754,lifeattiktok,20250907220525,https://lifeattiktok.com/search/7368416032434751754,1
7368623483469285669,careers_tiktok,20240614024737,https://careers.tiktok.com/position/7368623483469285669/detail,1
7368680932569909530,careers_tiktok,20240516024220,https://careers.tiktok.com/position/7368680932569909530/detail,1
7368739358936402214,jobs_bytedance,20250519120250,https://jobs.bytedance.com/en/position/7368739358936402214/detail?utm_source=Technology+Crossover+Ventures+job+board&utm_medium=getro.com&gh_src=Technology+Crossover+Ventures+job+board,1
7368778461500131611,jobs_bytedance,20240811082425,https://jobs.bytedance.com/en/position/7368778461500131611/detail?utm_source=Lead+Edge+Capital+job+board&utm_medium=getro.com&gh_src=Lead+Edge+Capital+job+board,1
7368914338210089267,jobs_bytedance,20241108025451,https://jobs.bytedance.com/en/position/7368914338210089267/detail?utm_source=Technology+Crossover+Ventures+job+board&utm_medium=getro.com&gh_src=Technology+Crossover+Ventures+job+board,1
7369206319905933618,lifeattiktok,20250520033132,https://lifeattiktok.com/search/7369206319905933618,1
7369283370860185883,jobs_bytedance,20250615123320,https://jobs.bytedance.com/en/position/7369283370860185883/detail?utm_source=Technology+Crossover+Ventures+job+board&utm_medium=getro.com&gh_src=Technology+Crossover+Ventures+job+board,1
7369284083875105051,jobs_bytedance,20250709140955,https://jobs.bytedance.com/en/position/7369284083875105051/detail,4
7369309511096781106,jobs_bytedance,20250709151929,https://jobs.bytedance.com/en/position/7369309511096781106/detail,4
7369354150536481034,lifeattiktok,20250427040059,https://lifeattiktok.com/search/7369354150536481034?spread=XKM9ZXE,2
7369438250019342629,careers_tiktok,20240525020619,https://careers.tiktok.com/position/7369438250019342629/detail,2
7369530536815397146,careers_tiktok,20240725161009,https://careers.tiktok.com/position/7369530536815397146/detail,1
7369546083824912666,jobs_bytedance,20241204005732,https://jobs.bytedance.com/en/position/7369546083824912666/detail?utm_source=Technology+Crossover+Ventures+job+board&utm_medium=getro.com&gh_src=Technology+Crossover+Ventures+job+board,1
7369548209809410330,jobs_bytedance,20240815064725,https://jobs.bytedance.com/en/position/7369548209809410330/detail?utm_source=Lead+Edge+Capital+job+board&utm_medium=getro.com&gh_src=Lead+Edge+Capital+job+board,1
7369593954632796467,lifeattiktok,20260208205749,https://lifeattiktok.com/search/7369593954632796467?spread=5MWH5CQ,1
7369627466036775194,lifeattiktok,20250327135518,https://lifeattiktok.com/search/7369627466036775194,1
7369628564519749914,lifeattiktok,20250404014135,https://lifeattiktok.com/search/7369628564519749914,3
7369689750552414501,lifeattiktok,20250613193904,https://lifeattiktok.com/search/7369689750552414501,2
7369707474070472969,jobs_bytedance,20250513125904,https://jobs.bytedance.com/en/position/7369707474070472969/detail?utm_source=Coatue+Management+job+board&utm_medium=getro.com&gh_src=Coatue+Management+job+board,3
7369708404418644262,jobs_bytedance,20240909031311,https://jobs.bytedance.com/en/position/7369708404418644262/detail?utm_source=Lead+Edge+Capital+job+board&utm_medium=getro.com&gh_src=Lead+Edge+Capital+job+board,1
7369720875094984986,jobs_bytedance,20250216172311,https://jobs.bytedance.com/en/position/7369720875094984986/detail?utm_source=Technology+Crossover+Ventures+job+board&utm_medium=getro.com&gh_src=Technology+Crossover+Ventures+job+board,1
7369734739941624114,lifeattiktok,20241126214150,https://lifeattiktok.com/search/7369734739941624114?spread=5MWH5CQ,1
7369737158204852490,careers_tiktok,20240903105639,https://careers.tiktok.com/position/7369737158204852490/detail,1
7369754897430350107,jobs_bytedance,20250715042740,https://jobs.bytedance.com/en/position/7369754897430350107/detail?utm_source=Lead+Edge+Capital+job+board&utm_medium=getro.com&gh_src=Lead+Edge+Capital+job+board,1
7369757365665040677,jobs_bytedance,20250522003429,https://jobs.bytedance.com/en/position/7369757365665040677/detail?utm_source=Lead+Edge+Capital+job+board&utm_medium=getro.com&gh_src=Lead+Edge+Capital+job+board,1
7369761717599815974,lifeattiktok,20250206221402,https://lifeattiktok.com/search/7369761717599815974?utm_campaign=jobs-internships-fellowships-and-more&utm_medium=referral&utm_source=greenjobs.beehiiv.com,1
7369766438520015154,jobs_bytedance,20250216174601,https://jobs.bytedance.com/en/position/7369766438520015154/detail?utm_source=Technology+Crossover+Ventures+job+board&utm_medium=getro.com&gh_src=Technology+Crossover+Ventures+job+board,1
7369772248834099483,jobs_bytedance,20240914035754,https://jobs.bytedance.com/en/position/7369772248834099483/detail?utm_source=Lead+Edge+Capital+job+board&utm_medium=getro.com&gh_src=Lead+Edge+Capital+job+board,1
7369874634336504101,jobs_bytedance,20250617011742,https://jobs.bytedance.com/en/position/7369874634336504101/detail?utm_source=Lead+Edge+Capital+job+board&utm_medium=getro.com&gh_src=Lead+Edge+Capital+job+board,1
7370001509059447067,jobs_bytedance,20250319131345,https://jobs.bytedance.com/en/position/7370001509059447067/detail?utm_source=Technology+Crossover+Ventures+job+board&utm_medium=getro.com&gh_src=Technology+Crossover+Ventures+job+board,2
7370002688488147250,jobs_bytedance,20250715034046,https://jobs.bytedance.com/en/position/7370002688488147250/detail?utm_source=Lead+Edge+Capital+job+board&utm_medium=getro.com&gh_src=Lead+Edge+Capital+job+board,1
7370694244312729907,jobs_bytedance,20250719115052,https://jobs.bytedance.com/en/position/7370694244312729907/detail,2
7370971162412747018,lifeattiktok,20241127024506,https://lifeattiktok.com/search/7370971162412747018,5
7371192639444175113,careers_tiktok,20240628194837,https://careers.tiktok.com/position/7371192639444175113/detail?spread=5MWH5CQ,1
7371194721341344050,jobs_bytedance,20250622051133,https://jobs.bytedance.com/en/position/7371194721341344050/detail?utm_source=Technology+Crossover+Ventures+job+board&utm_medium=getro.com&gh_src=Technology+Crossover+Ventures+job+board,1
7371280496703490355,jobs_bytedance,20240721190158,https://jobs.bytedance.com/en/position/7371280496703490355/detail,1
7371338189158222118,jobs_bytedance,20250319120032,https://jobs.bytedance.com/en/position/7371338189158222118/detail?utm_source=Technology+Crossover+Ventures+job+board&utm_medium=getro.com&gh_src=Technology+Crossover+Ventures+job+board,1
7371376350022289691,lifeattiktok,20241217012026,https://lifeattiktok.com/search/7371376350022289691,2
7371391280206022949,lifeattiktok,20260724033200,https://lifeattiktok.com/search/7371391280206022949?_rsc=1m3ql,1
7371422526351886643,jobs_bytedance,20250715034438,https://jobs.bytedance.com/en/position/7371422526351886643/detail?utm_source=Technology+Crossover+Ventures+job+board&utm_medium=getro.com&gh_src=Technology+Crossover+Ventures+job+board,1
7371478205377546523,jobs_bytedance,20250615105859,https://jobs.bytedance.com/en/position/7371478205377546523/detail?utm_source=Lead+Edge+Capital+job+board&utm_medium=getro.com&gh_src=Lead+Edge+Capital+job+board,2
7371496394429401370,lifeattiktok,20250124221813,https://lifeattiktok.com/search/7371496394429401370?spread=5MWH5CQ,1
7371583639865313586,jobs_bytedance,20240815045750,https://jobs.bytedance.com/en/position/7371583639865313586/detail?utm_source=Technology+Crossover+Ventures+job+board&utm_medium=getro.com&gh_src=Technology+Crossover+Ventures+job+board,1
7371803202331412773,jobs_bytedance,20250622051626,https://jobs.bytedance.com/en/position/7371803202331412773/detail?utm_source=Technology+Crossover+Ventures+job+board&utm_medium=getro.com&gh_src=Technology+Crossover+Ventures+job+board,1
7371949716928465190,jobs_bytedance,20250319131936,https://jobs.bytedance.com/en/position/7371949716928465190/detail?utm_source=Lead+Edge+Capital+job+board&utm_medium=getro.com&gh_src=Lead+Edge+Capital+job+board,2
7372030872251664691,lifeattiktok,20250124222433,https://lifeattiktok.com/search/7372030872251664691,1
7372218575786215730,jobs_bytedance,20250216172859,https://jobs.bytedance.com/en/position/7372218575786215730/detail?utm_source=Technology+Crossover+Ventures+job+board&utm_medium=getro.com&gh_src=Technology+Crossover+Ventures+job+board,1
7372303012213803301,lifeattiktok,20250125000546,https://lifeattiktok.com/search/7372303012213803301?gh_src=Getro.org+job+board&utm_medium=getro.com&utm_source=Getro.org+job+board,2
7372321427355617573,jobs_bytedance,20250615122140,https://jobs.bytedance.com/en/position/7372321427355617573/detail?utm_source=Technology+Crossover+Ventures+job+board&utm_medium=getro.com&gh_src=Technology+Crossover+Ventures+job+board,2
7372331829799422246,jobs_bytedance,20240815045630,https://jobs.bytedance.com/en/position/7372331829799422246/detail?utm_source=Lead+Edge+Capital+job+board&utm_medium=getro.com&gh_src=Lead+Edge+Capital+job+board,1
7372449838162888970,jobs_bytedance,20250615121747,https://jobs.bytedance.com/en/position/7372449838162888970/detail?utm_source=Lead+Edge+Capital+job+board&utm_medium=getro.com&gh_src=Lead+Edge+Capital+job+board,1
7372456509756508426,jobs_bytedance,20250319122220,https://jobs.bytedance.com/en/position/7372456509756508426/detail?utm_source=Lead+Edge+Capital+job+board&utm_medium=getro.com&gh_src=Lead+Edge+Capital+job+board,2
7372492475259046170,jobs_bytedance,20240811085023,https://jobs.bytedance.com/en/position/7372492475259046170/detail?utm_source=Lead+Edge+Capital+job+board&utm_medium=getro.com&gh_src=Lead+Edge+Capital+job+board,1
7373496100966500634,lifeattiktok,20251015120607,https://lifeattiktok.com/search/7373496100966500634?spread=5MWH5CQ,1
7373619192311859482,careers_tiktok,20240815112207,https://careers.tiktok.com/position/7373619192311859482/detail,1
7373625690245318962,careers_tiktok,20240822090643,https://careers.tiktok.com/position/7373625690245318962/detail,1
7373749802755098889,lifeattiktok,20250907171824,https://lifeattiktok.com/search/7373749802755098889,1
7373900405644921097,jobs_bytedance,20240914042239,https://jobs.bytedance.com/en/position/7373900405644921097/detail?utm_source=Lead+Edge+Capital+job+board&utm_medium=getro.com&gh_src=Lead+Edge+Capital+job+board,1
7373964954817022217,jobs_bytedance,20250811035809,https://jobs.bytedance.com/en/position/7373964954817022217/detail?utm_source=Lead+Edge+Capital+job+board&utm_medium=getro.com&gh_src=Lead+Edge+Capital+job+board,3
7373991880805402890,lifeattiktok,20250813234517,https://lifeattiktok.com/search/7373991880805402890,1
7374070487930145051,careers_tiktok,20240614024416,https://careers.tiktok.com/position/7374070487930145051/detail,1
7374154574394149147,jobs_bytedance,20240914031437,https://jobs.bytedance.com/en/position/7374154574394149147/detail?utm_source=Lead+Edge+Capital+job+board&utm_medium=getro.com&gh_src=Lead+Edge+Capital+job+board,2
7374177099814766899,careers_tiktok,20240614024032,https://careers.tiktok.com/position/7374177099814766899/detail,1
7374178621063481651,careers_tiktok,20240614024418,https://careers.tiktok.com/position/7374178621063481651/detail,1
7374239828591937819,jobs_bytedance,20240815054206,https://jobs.bytedance.com/en/position/7374239828591937819/detail?utm_source=Technology+Crossover+Ventures+job+board&utm_medium=getro.com&gh_src=Technology+Crossover+Ventures+job+board,1
7374272681556723994,lifeattiktok,20260108163238,https://lifeattiktok.com/search/7374272681556723994,3
7374471443902581029,lifeattiktok,20241121161705,https://lifeattiktok.com/search/7374471443902581029,2
7374510807545661722,jobs_bytedance,20250524030826,https://jobs.bytedance.com/en/position/7374510807545661722/detail?utm_source=Coatue+Management+job+board&utm_medium=getro.com&gh_src=Coatue+Management+job+board,1
7374536880061384970,lifeattiktok,20251130194413,https://lifeattiktok.com/search/7374536880061384970?spread=5MWH5CQ,1
7374538073428478259,lifeattiktok,20251129160216,https://lifeattiktok.com/search/7374538073428478259?utm_source=Simplify,2
7374539677049309450,jobs_bytedance,20240811093548,https://jobs.bytedance.com/en/position/7374539677049309450/detail?utm_source=Lead+Edge+Capital+job+board&utm_medium=getro.com&gh_src=Lead+Edge+Capital+job+board,1
7374567010867824947,jobs_bytedance,20250319131156,https://jobs.bytedance.com/en/position/7374567010867824947/detail?utm_source=Lead+Edge+Capital+job+board&utm_medium=getro.com&gh_src=Lead+Edge+Capital+job+board,1
7374569087601428774,jobs_bytedance,20240815052340,https://jobs.bytedance.com/en/position/7374569087601428774/detail?utm_source=Lead+Edge+Capital+job+board&utm_medium=getro.com&gh_src=Lead+Edge+Capital+job+board,1
7374571878209538354,jobs_bytedance,20250715041812,https://jobs.bytedance.com/en/position/7374571878209538354/detail?utm_source=Technology+Crossover+Ventures+job+board&utm_medium=getro.com&gh_src=Technology+Crossover+Ventures+job+board,1
7374580858298861861,jobs_bytedance,20240815054142,https://jobs.bytedance.com/en/position/7374580858298861861/detail?utm_source=Technology+Crossover+Ventures+job+board&utm_medium=getro.com&gh_src=Technology+Crossover+Ventures+job+board,1
7374622806136637723,jobs_bytedance,20250709154412,https://jobs.bytedance.com/en/position/7374622806136637723/detail,2
7374623201778043163,jobs_bytedance,20250622060857,https://jobs.bytedance.com/en/position/7374623201778043163/detail?utm_source=Technology+Crossover+Ventures+job+board&utm_medium=getro.com&gh_src=Technology+Crossover+Ventures+job+board,1
7374695626553395494,lifeattiktok,20250324202153,https://lifeattiktok.com/search/7374695626553395494?_rsc=1f7vm,2
7374787697716234546,lifeattiktok,20250516040358,https://lifeattiktok.com/search/7374787697716234546?spread=128SD3R,2
7374802271962482954,jobs_bytedance,20240815053719,https://jobs.bytedance.com/en/position/7374802271962482954/detail?utm_source=Lead+Edge+Capital+job+board&utm_medium=getro.com&gh_src=Lead+Edge+Capital+job+board,1
7374805563740784923,jobs_bytedance,20240815050128,https://jobs.bytedance.com/en/position/7374805563740784923/detail?utm_source=Technology+Crossover+Ventures+job+board&utm_medium=getro.com&gh_src=Technology+Crossover+Ventures+job+board,1
7374833086783031579,lifeattiktok,20250613194134,https://lifeattiktok.com/search/7374833086783031579,1
7374845243353811209,lifeattiktok,20250315081735,https://lifeattiktok.com/search/7374845243353811209,2
7374900411314718985,jobs_bytedance,20240815062111,https://jobs.bytedance.com/en/position/7374900411314718985/detail?utm_source=Technology+Crossover+Ventures+job+board&utm_medium=getro.com&gh_src=Technology+Crossover+Ventures+job+board,1
7374903496335116554,jobs_bytedance,20240815062355,https://jobs.bytedance.com/en/position/7374903496335116554/detail?utm_source=Technology+Crossover+Ventures+job+board&utm_medium=getro.com&gh_src=Technology+Crossover+Ventures+job+board,2
7374936054024161562,lifeattiktok,20260208194442,https://lifeattiktok.com/search/7374936054024161562?utm_campaign=student-edition-issue-157&utm_medium=referral&utm_source=early-talent.diversifytech.com,2
7374955809769326898,careers_tiktok,20240614024853,https://careers.tiktok.com/position/7374955809769326898/detail,1
7375012253168912650,jobs_bytedance,20240815063632,https://jobs.bytedance.com/en/position/7375012253168912650/detail?utm_source=Technology+Crossover+Ventures+job+board&utm_medium=getro.com&gh_src=Technology+Crossover+Ventures+job+board,1
7375160393473575177,jobs_bytedance,20250125231102,https://jobs.bytedance.com/en/position/7375160393473575177/detail?utm_source=Technology+Crossover+Ventures+job+board&utm_medium=getro.com&gh_src=Technology+Crossover+Ventures+job+board,1
7375551034204752155,jobs_bytedance,20250125225731,https://jobs.bytedance.com/en/position/7375551034204752155/detail?utm_source=Technology+Crossover+Ventures+job+board&utm_medium=getro.com&gh_src=Technology+Crossover+Ventures+job+board,1
7376283579993016586,lifeattiktok,20250413164221,https://lifeattiktok.com/search/7376283579993016586,2
7376405965736200486,lifeattiktok,20250809001628,https://lifeattiktok.com/search/7376405965736200486,2
7376405969578461449,jobs_bytedance,20240914034526,https://jobs.bytedance.com/en/position/7376405969578461449/detail?utm_source=Lead+Edge+Capital+job+board&utm_medium=getro.com&gh_src=Lead+Edge+Capital+job+board,1
7376414363618150707,lifeattiktok,20250613192116,https://lifeattiktok.com/search/7376414363618150707,2
7376419926616574245,jobs_bytedance,20240815061602,https://jobs.bytedance.com/en/position/7376419926616574245/detail?utm_source=Lead+Edge+Capital+job+board&utm_medium=getro.com&gh_src=Lead+Edge+Capital+job+board,1
7376463578478872859,lifeattiktok,20250516040608,https://lifeattiktok.com/search/7376463578478872859?gh_src=Getro.org+job+board&utm_medium=getro.com&utm_source=Getro.org+job+board,1
7376504348953970982,jobs_bytedance,20250622060235,https://jobs.bytedance.com/en/position/7376504348953970982/detail?utm_source=Technology+Crossover+Ventures+job+board&utm_medium=getro.com&gh_src=Technology+Crossover+Ventures+job+board,3
7376567087622670642,jobs_bytedance,20250811040431,https://jobs.bytedance.com/en/position/7376567087622670642/detail?utm_source=Lead+Edge+Capital+job+board&utm_medium=getro.com&gh_src=Lead+Edge+Capital+job+board,2
7376617553298508059,lifeattiktok,20241123004151,https://lifeattiktok.com/search/7376617553298508059,2
7376650764720605490,jobs_bytedance,20240914035647,https://jobs.bytedance.com/en/position/7376650764720605490/detail?utm_source=Lead+Edge+Capital+job+board&utm_medium=getro.com&gh_src=Lead+Edge+Capital+job+board,1
7376660572571666715,lifeattiktok,20250613185539,https://lifeattiktok.com/search/7376660572571666715,2
7376766291951388937,careers_tiktok,20240730181744,https://careers.tiktok.com/position/7376766291951388937/detail,1
7376809999254161714,jobs_bytedance,20250723200204,https://jobs.bytedance.com/en/position/7376809999254161714/detail,4
7376892977551296795,lifeattiktok,20241206080526,https://lifeattiktok.com/search/7376892977551296795?gh_src=Getro.org+job+board&utm_medium=getro.com&utm_source=Getro.org+job+board,1
7376930787796994330,jobs_bytedance,20250524034202,https://jobs.bytedance.com/en/position/7376930787796994330/detail?utm_source=Coatue+Management+job+board&utm_medium=getro.com&gh_src=Coatue+Management+job+board,2
7376931761785735475,jobs_bytedance,20240914053004,https://jobs.bytedance.com/en/position/7376931761785735475/detail?utm_source=Lead+Edge+Capital+job+board&utm_medium=getro.com&gh_src=Lead+Edge+Capital+job+board,1
7376953173170784538,jobs_bytedance,20250715041624,https://jobs.bytedance.com/en/position/7376953173170784538/detail?utm_source=Lead+Edge+Capital+job+board&utm_medium=getro.com&gh_src=Lead+Edge+Capital+job+board,2
7377116071532874010,jobs_bytedance,20250524040804,https://jobs.bytedance.com/en/position/7377116071532874010/detail?utm_source=Coatue+Management+job+board&utm_medium=getro.com&gh_src=Coatue+Management+job+board,3
7377207601521641754,lifeattiktok,20250509113122,https://lifeattiktok.com/search/7377207601521641754,2
7377223613794388250,jobs_bytedance,20240815054117,https://jobs.bytedance.com/en/position/7377223613794388250/detail?utm_source=Technology+Crossover+Ventures+job+board&utm_medium=getro.com&gh_src=Technology+Crossover+Ventures+job+board,1
7377253242344900874,jobs_bytedance,20240617204815,https://jobs.bytedance.com/en/position/7377253242344900874/detail?utm_source=Technology+Crossover+Ventures+job+board&utm_medium=getro.com&gh_src=Technology+Crossover+Ventures+job+board,1
7377285227129997606,lifeattiktok,20250722122942,https://lifeattiktok.com/search/7377285227129997606,2
7377294206031710474,jobs_bytedance,20240617194922,https://jobs.bytedance.com/en/position/7377294206031710474/detail?utm_source=Technology+Crossover+Ventures+job+board&utm_medium=getro.com&gh_src=Technology+Crossover+Ventures+job+board,1
7377380797102147891,lifeattiktok,20250206233818,https://lifeattiktok.com/search/7377380797102147891?gh_src=Getro.org+job+board&utm_medium=getro.com&utm_source=Getro.org+job+board,1
7377424513388546331,careers_tiktok,20240614025012,https://careers.tiktok.com/position/7377424513388546331/detail,1
7377456878807697691,lifeattiktok,20260124054452,https://lifeattiktok.com/search/7377456878807697691?utm_campaign=sunday-postcards-we-beepin-and-boopin&utm_medium=referral&utm_source=Linkedin,2
7377527065203607834,jobs_bytedance,20250622051955,https://jobs.bytedance.com/en/position/7377527065203607834/detail?utm_source=Technology+Crossover+Ventures+job+board&utm_medium=getro.com&gh_src=Technology+Crossover+Ventures+job+board,1
7377534899554650419,jobs_bytedance,20250622054405,https://jobs.bytedance.com/en/position/7377534899554650419/detail?utm_source=Coatue+Management+job+board&utm_medium=getro.com&gh_src=Coatue+Management+job+board,2
7377536502726887689,jobs_bytedance,20250715040158,https://jobs.bytedance.com/en/position/7377536502726887689/detail?utm_source=Technology+Crossover+Ventures+job+board&utm_medium=getro.com&gh_src=Technology+Crossover+Ventures+job+board,2
7377537703649478939,jobs_bytedance,20240914040458,https://jobs.bytedance.com/en/position/7377537703649478939/detail?utm_source=Lead+Edge+Capital+job+board&utm_medium=getro.com&gh_src=Lead+Edge+Capital+job+board,1
7377543090393139507,jobs_bytedance,20250424233331,https://jobs.bytedance.com/en/position/7377543090393139507/detail?utm_source=Lead+Edge+Capital+job+board&utm_medium=getro.com&gh_src=Lead+Edge+Capital+job+board,1
7377544817481648421,jobs_bytedance,20250424224406,https://jobs.bytedance.com/en/position/7377544817481648421/detail?utm_source=Lead+Edge+Capital+job+board&utm_medium=getro.com&gh_src=Lead+Edge+Capital+job+board,1
7377593360036890890,jobs_bytedance,20250513132106,https://jobs.bytedance.com/en/position/7377593360036890890/detail?utm_source=Coatue+Management+job+board&utm_medium=getro.com&gh_src=Coatue+Management+job+board,2
7377597623466805530,jobs_bytedance,20250424215448,https://jobs.bytedance.com/en/position/7377597623466805530/detail?utm_source=Lead+Edge+Capital+job+board&utm_medium=getro.com&gh_src=Lead+Edge+Capital+job+board,1
7377641857449462025,jobs_bytedance,20240617201716,https://jobs.bytedance.com/en/position/7377641857449462025/detail?utm_source=Technology+Crossover+Ventures+job+board&utm_medium=getro.com&gh_src=Technology+Crossover+Ventures+job+board,1
7377719537120725299,lifeattiktok,20250613192016,https://lifeattiktok.com/search/7377719537120725299,1
7377783569048242482,lifeattiktok,20241208092432,https://lifeattiktok.com/search/7377783569048242482,1
7377828066758215946,jobs_bytedance,20250615112345,https://jobs.bytedance.com/en/position/7377828066758215946/detail?utm_source=Technology+Crossover+Ventures+job+board&utm_medium=getro.com&gh_src=Technology+Crossover+Ventures+job+board,2
7377839861048903945,lifeattiktok,20241208094639,https://lifeattiktok.com/search/7377839861048903945,1
7377843589416405299,jobs_bytedance,20240914045336,https://jobs.bytedance.com/en/position/7377843589416405299/detail?utm_source=Lead+Edge+Capital+job+board&utm_medium=getro.com&gh_src=Lead+Edge+Capital+job+board,2
7377843844699064585,lifeattiktok,20250613195119,https://lifeattiktok.com/search/7377843844699064585,2
7377845331788056858,jobs_bytedance,20250513135856,https://jobs.bytedance.com/en/position/7377845331788056858/detail?utm_source=Coatue+Management+job+board&utm_medium=getro.com&gh_src=Coatue+Management+job+board,2
7377846057663613211,careers_tiktok,20240628130216,https://careers.tiktok.com/position/7377846057663613211/detail,3
7377851355510622491,jobs_bytedance,20240811084512,https://jobs.bytedance.com/en/position/7377851355510622491/detail?utm_source=Lead+Edge+Capital+job+board&utm_medium=getro.com&gh_src=Lead+Edge+Capital+job+board,2
7377854583252535561,jobs_bytedance,20250216182640,https://jobs.bytedance.com/en/position/7377854583252535561/detail?utm_source=Technology+Crossover+Ventures+job+board&utm_medium=getro.com&gh_src=Technology+Crossover+Ventures+job+board,1
7377857573234542886,jobs_bytedance,20240815063218,https://jobs.bytedance.com/en/position/7377857573234542886/detail?utm_source=Lead+Edge+Capital+job+board&utm_medium=getro.com&gh_src=Lead+Edge+Capital+job+board,2
7377860285610379571,jobs_bytedance,20250424222940,https://jobs.bytedance.com/en/position/7377860285610379571/detail?utm_source=Lead+Edge+Capital+job+board&utm_medium=getro.com&gh_src=Lead+Edge+Capital+job+board,2
7377863209077917979,jobs_bytedance,20240815054511,https://jobs.bytedance.com/en/position/7377863209077917979/detail?utm_source=Technology+Crossover+Ventures+job+board&utm_medium=getro.com&gh_src=Technology+Crossover+Ventures+job+board,1
7377867452682078490,jobs_bytedance,20250424232736,https://jobs.bytedance.com/en/position/7377867452682078490/detail?utm_source=Technology+Crossover+Ventures+job+board&utm_medium=getro.com&gh_src=Technology+Crossover+Ventures+job+board,2
7377867575902374182,careers_tiktok,20240614024835,https://careers.tiktok.com/position/7377867575902374182/detail,1
7377867602713332006,jobs_bytedance,20250524030324,https://jobs.bytedance.com/en/position/7377867602713332006/detail?utm_source=Coatue+Management+job+board&utm_medium=getro.com&gh_src=Coatue+Management+job+board,3
7377868723045566770,jobs_bytedance,20240815064118,https://jobs.bytedance.com/en/position/7377868723045566770/detail?utm_source=Lead+Edge+Capital+job+board&utm_medium=getro.com&gh_src=Lead+Edge+Capital+job+board,2
7377873011821775130,jobs_bytedance,20240909011551,https://jobs.bytedance.com/en/position/7377873011821775130/detail?utm_source=Lead+Edge+Capital+job+board&utm_medium=getro.com&gh_src=Lead+Edge+Capital+job+board,1
7377874904777525530,jobs_bytedance,20240914050600,https://jobs.bytedance.com/en/position/7377874904777525530/detail?utm_source=Lead+Edge+Capital+job+board&utm_medium=getro.com&gh_src=Lead+Edge+Capital+job+board,1
7377874904778131738,jobs_bytedance,20250524041217,https://jobs.bytedance.com/en/position/7377874904778131738/detail?utm_source=Coatue+Management+job+board&utm_medium=getro.com&gh_src=Coatue+Management+job+board,2
7377875833355356454,jobs_bytedance,20240617205515,https://jobs.bytedance.com/en/position/7377875833355356454/detail?utm_source=Technology+Crossover+Ventures+job+board&utm_medium=getro.com&gh_src=Technology+Crossover+Ventures+job+board,1
7377878474260564274,jobs_bytedance,20250524021622,https://jobs.bytedance.com/en/position/7377878474260564274/detail?utm_source=Coatue+Management+job+board&utm_medium=getro.com&gh_src=Coatue+Management+job+board,3
7377878474838788362,careers_tiktok,20240614024814,https://careers.tiktok.com/position/7377878474838788362/detail,1
7377882627518712115,jobs_bytedance,20250319131040,https://jobs.bytedance.com/en/position/7377882627518712115/detail?utm_source=Lead+Edge+Capital+job+board&utm_medium=getro.com&gh_src=Lead+Edge+Capital+job+board,2
7377882627519433011,jobs_bytedance,20250216180621,https://jobs.bytedance.com/en/position/7377882627519433011/detail?utm_source=Technology+Crossover+Ventures+job+board&utm_medium=getro.com&gh_src=Technology+Crossover+Ventures+job+board,1
7377884456159988006,jobs_bytedance,20250617011038,https://jobs.bytedance.com/en/position/7377884456159988006/detail?utm_source=Lead+Edge+Capital+job+board&utm_medium=getro.com&gh_src=Lead+Edge+Capital+job+board,2
7377889452824299786,jobs_bytedance,20250125225323,https://jobs.bytedance.com/en/position/7377889452824299786/detail?utm_source=Technology+Crossover+Ventures+job+board&utm_medium=getro.com&gh_src=Technology+Crossover+Ventures+job+board,2
7377903477202536755,jobs_bytedance,20240617203115,https://jobs.bytedance.com/en/position/7377903477202536755/detail?utm_source=Technology+Crossover+Ventures+job+board&utm_medium=getro.com&gh_src=Technology+Crossover+Ventures+job+board,1
7377907942987122970,jobs_bytedance,20250615113910,https://jobs.bytedance.com/en/position/7377907942987122970/detail?utm_source=Lead+Edge+Capital+job+board&utm_medium=getro.com&gh_src=Lead+Edge+Capital+job+board,2
7377907942995691786,jobs_bytedance,20240617190056,https://jobs.bytedance.com/en/position/7377907942995691786/detail?utm_source=Technology+Crossover+Ventures+job+board&utm_medium=getro.com&gh_src=Technology+Crossover+Ventures+job+board,1
7377908043894622474,jobs_bytedance,20241010051707,https://jobs.bytedance.com/en/position/7377908043894622474/detail?utm_source=Technology+Crossover+Ventures+job+board&utm_medium=getro.com&gh_src=Technology+Crossover+Ventures+job+board,2
7377908734826449178,jobs_bytedance,20250522001442,https://jobs.bytedance.com/en/position/7377908734826449178/detail?utm_source=Lead+Edge+Capital+job+board&utm_medium=getro.com&gh_src=Lead+Edge+Capital+job+board,3
7377908734841964810,jobs_bytedance,20250622045225,https://jobs.bytedance.com/en/position/7377908734841964810/detail?utm_source=Technology+Crossover+Ventures+job+board&utm_medium=getro.com&gh_src=Technology+Crossover+Ventures+job+board,1
7377994542686423333,jobs_bytedance,20240914045949,https://jobs.bytedance.com/en/position/7377994542686423333/detail?utm_source=Lead+Edge+Capital+job+board&utm_medium=getro.com&gh_src=Lead+Edge+Capital+job+board,1
7377996091973617946,jobs_bytedance,20250513140301,https://jobs.bytedance.com/en/position/7377996091973617946/detail?utm_source=Coatue+Management+job+board&utm_medium=getro.com&gh_src=Coatue+Management+job+board,2
7377996091973962010,jobs_bytedance,20250319114818,https://jobs.bytedance.com/en/position/7377996091973962010/detail?utm_source=Technology+Crossover+Ventures+job+board&utm_medium=getro.com&gh_src=Technology+Crossover+Ventures+job+board,1
7377996125096249638,jobs_bytedance,20250513133557,https://jobs.bytedance.com/en/position/7377996125096249638/detail?utm_source=Coatue+Management+job+board&utm_medium=getro.com&gh_src=Coatue+Management+job+board,2
7377996685781944614,jobs_bytedance,20250216192718,https://jobs.bytedance.com/en/position/7377996685781944614/detail?utm_source=Technology+Crossover+Ventures+job+board&utm_medium=getro.com&gh_src=Technology+Crossover+Ventures+job+board,1
7377999727143143690,jobs_bytedance,20250519110145,https://jobs.bytedance.com/en/position/7377999727143143690/detail?utm_source=Lead+Edge+Capital+job+board&utm_medium=getro.com&gh_src=Lead+Edge+Capital+job+board,2
7378684210021026086,careers_tiktok,20240626205512,https://careers.tiktok.com/position/7378684210021026086/detail,1
7378849606107908403,lifeattiktok,20250613190010,https://lifeattiktok.com/search/7378849606107908403,1
7378854643642403110,lifeattiktok,20241208083648,https://lifeattiktok.com/search/7378854643642403110,1
7378938393268750629,lifeattiktok,20250328200947,https://lifeattiktok.com/search/7378938393268750629,1
7378944407259171082,jobs_bytedance,20240914053233,https://jobs.bytedance.com/en/position/7378944407259171082/detail?utm_source=Technology+Crossover+Ventures+job+board&utm_medium=getro.com&gh_src=Technology+Crossover+Ventures+job+board,1
7378987718209227018,careers_tiktok,20240614023638,https://careers.tiktok.com/position/7378987718209227018/detail,1
7379074543912159538,lifeattiktok,20250520041012,https://lifeattiktok.com/search/7379074543912159538?utm_source=Trust+and+Safety+Jobs,1
7379130962540136742,jobs_bytedance,20240721201855,https://jobs.bytedance.com/en/position/7379130962540136742/detail,1
7379177557944371506,lifeattiktok,20251224052324,https://lifeattiktok.com/search/7379177557944371506,2
7379342976340936969,jobs_bytedance,20250216172713,https://jobs.bytedance.com/en/position/7379342976340936969/detail?utm_source=Lead+Edge+Capital+job+board&utm_medium=getro.com&gh_src=Lead+Edge+Capital+job+board,1
7379506073571625254,jobs_bytedance,20250709151009,https://jobs.bytedance.com/en/position/7379506073571625254/detail,3
7379524015075789094,jobs_bytedance,20240914052044,https://jobs.bytedance.com/en/position/7379524015075789094/detail?utm_source=Technology+Crossover+Ventures+job+board&utm_medium=getro.com&gh_src=Technology+Crossover+Ventures+job+board,2
7379564690067966218,lifeattiktok,20250520040335,https://lifeattiktok.com/search/7379564690067966218,1
7379675572832487689,lifeattiktok,20250613200802,https://lifeattiktok.com/search/7379675572832487689,1
7379685853536618779,careers_tiktok,20240815034149,https://careers.tiktok.com/position/7379685853536618779/detail?spread=5MWH5CQ,2
7379707372707416371,jobs_bytedance,20250811043130,https://jobs.bytedance.com/en/position/7379707372707416371/detail?utm_source=Technology+Crossover+Ventures+job+board&utm_medium=getro.com&gh_src=Technology+Crossover+Ventures+job+board,1
7379791089903782194,careers_tiktok,20240618204607,https://careers.tiktok.com/position/7379791089903782194/detail,1
7379795833485216009,careers_tiktok,20240618204549,https://careers.tiktok.com/position/7379795833485216009/detail,1
7379896667984283954,jobs_bytedance,20240914053158,https://jobs.bytedance.com/en/position/7379896667984283954/detail?utm_source=Lead+Edge+Capital+job+board&utm_medium=getro.com&gh_src=Lead+Edge+Capital+job+board,1
7379898629220452618,jobs_bytedance,20250707210710,https://jobs.bytedance.com/en/position/7379898629220452618/detail,3
7380067498547677466,jobs_bytedance,20250521231929,https://jobs.bytedance.com/en/position/7380067498547677466/detail?utm_source=Lead+Edge+Capital+job+board&utm_medium=getro.com&gh_src=Lead+Edge+Capital+job+board,1
7380085003869718834,jobs_bytedance,20240914041356,https://jobs.bytedance.com/en/position/7380085003869718834/detail?utm_source=Technology+Crossover+Ventures+job+board&utm_medium=getro.com&gh_src=Technology+Crossover+Ventures+job+board,1
7380091661630998793,jobs_bytedance,20250424221957,https://jobs.bytedance.com/en/position/7380091661630998793/detail?utm_source=Technology+Crossover+Ventures+job+board&utm_medium=getro.com&gh_src=Technology+Crossover+Ventures+job+board,1
7380120404629735690,jobs_bytedance,20250216175158,https://jobs.bytedance.com/en/position/7380120404629735690/detail?utm_source=Technology+Crossover+Ventures+job+board&utm_medium=getro.com&gh_src=Technology+Crossover+Ventures+job+board,1
7380123626412083506,lifeattiktok,20241123045426,https://lifeattiktok.com/search/7380123626412083506,2
7380126066197989659,jobs_bytedance,20250519111936,https://jobs.bytedance.com/en/position/7380126066197989659/detail?utm_source=Lead+Edge+Capital+job+board&utm_medium=getro.com&gh_src=Lead+Edge+Capital+job+board,1
7380126722966063397,jobs_bytedance,20240914050040,https://jobs.bytedance.com/en/position/7380126722966063397/detail?utm_source=Technology+Crossover+Ventures+job+board&utm_medium=getro.com&gh_src=Technology+Crossover+Ventures+job+board,1
7380126872065657125,lifeattiktok,20250613132644,https://lifeattiktok.com/search/7380126872065657125?utm_source=Getro.org+job+board&utm_medium=getro.com&gh_src=Getro.org+job+board,1
7380136771465824522,jobs_bytedance,20250519120827,https://jobs.bytedance.com/en/position/7380136771465824522/detail?utm_source=Lead+Edge+Capital+job+board&utm_medium=getro.com&gh_src=Lead+Edge+Capital+job+board,1
7380143973551540489,jobs_bytedance,20240914051643,https://jobs.bytedance.com/en/position/7380143973551540489/detail?utm_source=Lead+Edge+Capital+job+board&utm_medium=getro.com&gh_src=Lead+Edge+Capital+job+board,1
7380159269583522074,jobs_bytedance,20240914050307,https://jobs.bytedance.com/en/position/7380159269583522074/detail?utm_source=Technology+Crossover+Ventures+job+board&utm_medium=getro.com&gh_src=Technology+Crossover+Ventures+job+board,1
7380238091547986213,jobs_bytedance,20250519122223,https://jobs.bytedance.com/en/position/7380238091547986213/detail?utm_source=Lead+Edge+Capital+job+board&utm_medium=getro.com&gh_src=Lead+Edge+Capital+job+board,1
7380241037866944795,jobs_bytedance,20240707121641,https://jobs.bytedance.com/en/position/7380241037866944795/detail,1
7380327120898640138,lifeattiktok,20250613190125,https://lifeattiktok.com/search/7380327120898640138,1
7380420550299486491,careers_tiktok,20240710182540,https://careers.tiktok.com/position/7380420550299486491/detail,1
7381376813376031002,jobs_bytedance,20240914033214,https://jobs.bytedance.com/en/position/7381376813376031002/detail?utm_source=Lead+Edge+Capital+job+board&utm_medium=getro.com&gh_src=Lead+Edge+Capital+job+board,1
7381431015753140490,lifeattiktok,20241208083057,https://lifeattiktok.com/search/7381431015753140490,1
7381433788967946505,jobs_bytedance,20240914044432,https://jobs.bytedance.com/en/position/7381433788967946505/detail?utm_source=Lead+Edge+Capital+job+board&utm_medium=getro.com&gh_src=Lead+Edge+Capital+job+board,1
7381607683029338419,lifeattiktok,20250723175714,https://lifeattiktok.com/search/7381607683029338419,1
7381650706640849161,jobs_bytedance,20250519111332,https://jobs.bytedance.com/en/position/7381650706640849161/detail?utm_source=Lead+Edge+Capital+job+board&utm_medium=getro.com&gh_src=Lead+Edge+Capital+job+board,1
7381699563109435657,jobs_bytedance,20250519120503,https://jobs.bytedance.com/en/position/7381699563109435657/detail?utm_source=Technology+Crossover+Ventures+job+board&utm_medium=getro.com&gh_src=Technology+Crossover+Ventures+job+board,1
7381708873193539891,jobs_bytedance,20250622055258,https://jobs.bytedance.com/en/position/7381708873193539891/detail?utm_source=Technology+Crossover+Ventures+job+board&utm_medium=getro.com&gh_src=Technology+Crossover+Ventures+job+board,1
7381779350079392038,jobs_bytedance,20240914052644,https://jobs.bytedance.com/en/position/7381779350079392038/detail?utm_source=Lead+Edge+Capital+job+board&utm_medium=getro.com&gh_src=Lead+Edge+Capital+job+board,1
7381856434650319141,lifeattiktok,20250315081623,https://lifeattiktok.com/search/7381856434650319141,1
7381903920673376562,lifeattiktok,20250814004614,https://lifeattiktok.com/search/7381903920673376562,1
7382049221762058534,jobs_bytedance,20250424223749,https://jobs.bytedance.com/en/position/7382049221762058534/detail?utm_source=Lead+Edge+Capital+job+board&utm_medium=getro.com&gh_src=Lead+Edge+Capital+job+board,1
7382119019787421978,jobs_bytedance,20250615110725,https://jobs.bytedance.com/en/position/7382119019787421978/detail?utm_source=Lead+Edge+Capital+job+board&utm_medium=getro.com&gh_src=Lead+Edge+Capital+job+board,1
7382514204601157914,jobs_bytedance,20250524041732,https://jobs.bytedance.com/en/position/7382514204601157914/detail?utm_source=Coatue+Management+job+board&utm_medium=getro.com&gh_src=Coatue+Management+job+board,1
7382559418393823538,jobs_bytedance,20240914032035,https://jobs.bytedance.com/en/position/7382559418393823538/detail?utm_source=Lead+Edge+Capital+job+board&utm_medium=getro.com&gh_src=Lead+Edge+Capital+job+board,1
7382679197070854409,jobs_bytedance,20250125214854,https://jobs.bytedance.com/en/position/7382679197070854409/detail?utm_source=Technology+Crossover+Ventures+job+board&utm_medium=getro.com&gh_src=Technology+Crossover+Ventures+job+board,1
7382764426267674907,jobs_bytedance,20240914042126,https://jobs.bytedance.com/en/position/7382764426267674907/detail?utm_source=Technology+Crossover+Ventures+job+board&utm_medium=getro.com&gh_src=Technology+Crossover+Ventures+job+board,1
7382834053702043913,lifeattiktok,20250613190937,https://lifeattiktok.com/search/7382834053702043913,2
7382846668562041139,jobs_bytedance,20250709171802,https://jobs.bytedance.com/en/position/7382846668562041139/detail,2
7383014087524256010,jobs_bytedance,20240811095336,https://jobs.bytedance.com/en/position/7383014087524256010/detail?utm_source=Technology+Crossover+Ventures+job+board&utm_medium=getro.com&gh_src=Technology+Crossover+Ventures+job+board,1
7383039194489047322,lifeattiktok,20250613201606,https://lifeattiktok.com/search/7383039194489047322?spread=5MWH5CQ,2
7383083191210854707,lifeattiktok,20250725065852,https://lifeattiktok.com/search/7383083191210854707,1
7383958465012894003,jobs_bytedance,20250524030700,https://jobs.bytedance.com/en/position/7383958465012894003/detail?utm_source=Coatue+Management+job+board&utm_medium=getro.com&gh_src=Coatue+Management+job+board,1
7383960061766388019,jobs_bytedance,20250622060017,https://jobs.bytedance.com/en/position/7383960061766388019/detail?utm_source=Technology+Crossover+Ventures+job+board&utm_medium=getro.com&gh_src=Technology+Crossover+Ventures+job+board,2
7383971529275263282,jobs_bytedance,20250319130918,https://jobs.bytedance.com/en/position/7383971529275263282/detail?utm_source=Technology+Crossover+Ventures+job+board&utm_medium=getro.com&gh_src=Technology+Crossover+Ventures+job+board,1
7383989716646365490,jobs_bytedance,20250622055043,https://jobs.bytedance.com/en/position/7383989716646365490/detail?utm_source=Technology+Crossover+Ventures+job+board&utm_medium=getro.com&gh_src=Technology+Crossover+Ventures+job+board,1
7384006085517117706,lifeattiktok,20250613195858,https://lifeattiktok.com/search/7384006085517117706,1
7384024956000815369,jobs_bytedance,20250216180844,https://jobs.bytedance.com/en/position/7384024956000815369/detail?utm_source=Technology+Crossover+Ventures+job+board&utm_medium=getro.com&gh_src=Technology+Crossover+Ventures+job+board,1
7384089198334904627,careers_tiktok,20241014210802,https://careers.tiktok.com/position/7384089198334904627/detail,1
7384155500982192394,lifeattiktok,20250124232714,https://lifeattiktok.com/search/7384155500982192394?utm_campaign=docmost&utm_medium=referral&utm_source=openpioneers.com,2
7384195951852538121,jobs_bytedance,20250709184350,https://jobs.bytedance.com/en/position/7384195951852538121/detail,2
7384300098035599625,lifeattiktok,20250516035832,https://lifeattiktok.com/search/7384300098035599625?spread=5MWH5CQ&utm_medium=jobboard&utm_source=linkedin,1
7384354337303120178,jobs_bytedance,20240914044514,https://jobs.bytedance.com/en/position/7384354337303120178/detail?utm_source=Lead+Edge+Capital+job+board&utm_medium=getro.com&gh_src=Lead+Edge+Capital+job+board,1
7384386686673307931,jobs_bytedance,20250424232658,https://jobs.bytedance.com/en/position/7384386686673307931/detail?utm_source=Technology+Crossover+Ventures+job+board&utm_medium=getro.com&gh_src=Technology+Crossover+Ventures+job+board,2
7384452838716672294,lifeattiktok,20250315065527,https://lifeattiktok.com/search/7384452838716672294,1
7384598900542671130,jobs_bytedance,20250722145313,https://jobs.bytedance.com/en/position/7384598900542671130/detail,3
7384637297948510502,jobs_bytedance,20241203233918,https://jobs.bytedance.com/en/position/7384637297948510502/detail,1
7384644216749787429,jobs_bytedance,20240914034347,https://jobs.bytedance.com/en/position/7384644216749787429/detail?utm_source=Technology+Crossover+Ventures+job+board&utm_medium=getro.com&gh_src=Technology+Crossover+Ventures+job+board,1
7384690567106496777,lifeattiktok,20241208082601,https://lifeattiktok.com/search/7384690567106496777,1
7384694868797098267,jobs_bytedance,20240914052844,https://jobs.bytedance.com/en/position/7384694868797098267/detail?utm_source=Lead+Edge+Capital+job+board&utm_medium=getro.com&gh_src=Lead+Edge+Capital+job+board,1
7384698149145823497,jobs_bytedance,20240914033619,https://jobs.bytedance.com/en/position/7384698149145823497/detail?utm_source=Technology+Crossover+Ventures+job+board&utm_medium=getro.com&gh_src=Technology+Crossover+Ventures+job+board,1
7384760417648920842,jobs_bytedance,20240914052247,https://jobs.bytedance.com/en/position/7384760417648920842/detail?utm_source=Lead+Edge+Capital+job+board&utm_medium=getro.com&gh_src=Lead+Edge+Capital+job+board,1
7384887560029636914,lifeattiktok,20250427032022,https://lifeattiktok.com/search/7384887560029636914,2
7384900268989237542,jobs_bytedance,20240914040737,https://jobs.bytedance.com/en/position/7384900268989237542/detail?utm_source=Lead+Edge+Capital+job+board&utm_medium=getro.com&gh_src=Lead+Edge+Capital+job+board,1
7384941790732978483,jobs_bytedance,20250811044848,https://jobs.bytedance.com/en/position/7384941790732978483/detail?utm_source=Lead+Edge+Capital+job+board&utm_medium=getro.com&gh_src=Lead+Edge+Capital+job+board,1
7384941790996744457,jobs_bytedance,20250513140524,https://jobs.bytedance.com/en/position/7384941790996744457/detail?utm_source=Coatue+Management+job+board&utm_medium=getro.com&gh_src=Coatue+Management+job+board,1
7384944173655443739,jobs_bytedance,20250319123909,https://jobs.bytedance.com/en/position/7384944173655443739/detail?utm_source=Lead+Edge+Capital+job+board&utm_medium=getro.com&gh_src=Lead+Edge+Capital+job+board,1
7384975190784018698,lifeattiktok,20250429072830,https://lifeattiktok.com/search/7384975190784018698?_rsc=5m079,1
7385021498509805850,jobs_bytedance,20250811035447,https://jobs.bytedance.com/en/position/7385021498509805850/detail,1
7385022062115522867,jobs_bytedance,20240914053119,https://jobs.bytedance.com/en/position/7385022062115522867/detail?utm_source=Technology+Crossover+Ventures+job+board&utm_medium=getro.com&gh_src=Technology+Crossover+Ventures+job+board,1
7385032134724225318,jobs_bytedance,20240909021711,https://jobs.bytedance.com/en/position/7385032134724225318/detail?utm_source=Lead+Edge+Capital+job+board&utm_medium=getro.com&gh_src=Lead+Edge+Capital+job+board,1
7385054601597503753,jobs_bytedance,20240914040658,https://jobs.bytedance.com/en/position/7385054601597503753/detail?utm_source=Lead+Edge+Capital+job+board&utm_medium=getro.com&gh_src=Lead+Edge+Capital+job+board,1
7385068807860291866,jobs_bytedance,20250513133933,https://jobs.bytedance.com/en/position/7385068807860291866/detail?utm_source=Coatue+Management+job+board&utm_medium=getro.com&gh_src=Coatue+Management+job+board,1
7385092197601478921,jobs_bytedance,20250125234007,https://jobs.bytedance.com/en/position/7385092197601478921/detail?utm_source=Technology+Crossover+Ventures+job+board&utm_medium=getro.com&gh_src=Technology+Crossover+Ventures+job+board,1
7385133893626792202,lifeattiktok,20250820205706,https://lifeattiktok.com/search/7385133893626792202,5
7385140462862502171,lifeattiktok,20250818130546,https://lifeattiktok.com/search/7385140462862502171,3
7385433625565972773,jobs_bytedance,20250519121408,https://jobs.bytedance.com/en/position/7385433625565972773/detail?utm_source=Technology+Crossover+Ventures+job+board&utm_medium=getro.com&gh_src=Technology+Crossover+Ventures+job+board,2
7385450148945463603,jobs_bytedance,20250615115527,https://jobs.bytedance.com/en/position/7385450148945463603/detail?utm_source=Lead+Edge+Capital+job+board&utm_medium=getro.com&gh_src=Lead+Edge+Capital+job+board,1
7385465999951579401,jobs_bytedance,20250617012824,https://jobs.bytedance.com/en/position/7385465999951579401/detail?utm_source=Lead+Edge+Capital+job+board&utm_medium=getro.com&gh_src=Lead+Edge+Capital+job+board,1
7385477223824722186,jobs_bytedance,20250617021553,https://jobs.bytedance.com/en/position/7385477223824722186/detail?utm_source=Lead+Edge+Capital+job+board&utm_medium=getro.com&gh_src=Lead+Edge+Capital+job+board,1
7385557673204402483,lifeattiktok,20260528122825,https://lifeattiktok.com/search/7385557673204402483,1
7385589024473385254,lifeattiktok,20241216230518,https://lifeattiktok.com/search/7385589024473385254?_rsc=1l9u2,2
7386446346003351817,lifeattiktok,20250919044627,https://lifeattiktok.com/search/7386446346003351817,2
7386555867946961190,jobs_bytedance,20250615124248,https://jobs.bytedance.com/en/position/7386555867946961190/detail,1
7386584308175980827,jobs_bytedance,20250715031710,https://jobs.bytedance.com/en/position/7386584308175980827/detail?utm_source=Lead+Edge+Capital+job+board&utm_medium=getro.com&gh_src=Lead+Edge+Capital+job+board,2
7386610232158439717,jobs_bytedance,20240811082322,https://jobs.bytedance.com/en/position/7386610232158439717/detail,1
7386649223213910281,jobs_bytedance,20240811081318,https://jobs.bytedance.com/en/position/7386649223213910281/detail,1
7386933521976609051,jobs_bytedance,20240816023306,https://jobs.bytedance.com/en/position/7386933521976609051/detail,1
7386978841765349641,lifeattiktok,20250422162416,https://lifeattiktok.com/search/7386978841765349641,1
7386993309929474342,lifeattiktok,20241208094856,https://lifeattiktok.com/search/7386993309929474342,1
7387025304152213798,jobs_bytedance,20240914050807,https://jobs.bytedance.com/en/position/7387025304152213798/detail?utm_source=Lead+Edge+Capital+job+board&utm_medium=getro.com&gh_src=Lead+Edge+Capital+job+board,1
7387028788171131186,jobs_bytedance,20240914053611,https://jobs.bytedance.com/en/position/7387028788171131186/detail?utm_source=Lead+Edge+Capital+job+board&utm_medium=getro.com&gh_src=Lead+Edge+Capital+job+board,1
7387109522849286427,jobs_bytedance,20240914052207,https://jobs.bytedance.com/en/position/7387109522849286427/detail?utm_source=Technology+Crossover+Ventures+job+board&utm_medium=getro.com&gh_src=Technology+Crossover+Ventures+job+board,1
7387125331633719561,lifeattiktok,20250919040202,https://lifeattiktok.com/search/7387125331633719561,2
7387147794974886181,jobs_bytedance,20240914054502,https://jobs.bytedance.com/en/position/7387147794974886181/detail?utm_source=Technology+Crossover+Ventures+job+board&utm_medium=getro.com&gh_src=Technology+Crossover+Ventures+job+board,2
7387161434646513947,jobs_bytedance,20240914050435,https://jobs.bytedance.com/en/position/7387161434646513947/detail?utm_source=Lead+Edge+Capital+job+board&utm_medium=getro.com&gh_src=Lead+Edge+Capital+job+board,1
7387169759370217737,jobs_bytedance,20240914054907,https://jobs.bytedance.com/en/position/7387169759370217737/detail?utm_source=Lead+Edge+Capital+job+board&utm_medium=getro.com&gh_src=Lead+Edge+Capital+job+board,1
7387171769264195877,jobs_bytedance,20240914032800,https://jobs.bytedance.com/en/position/7387171769264195877/detail?utm_source=Lead+Edge+Capital+job+board&utm_medium=getro.com&gh_src=Lead+Edge+Capital+job+board,2
7387177022004594994,jobs_bytedance,20250615120320,https://jobs.bytedance.com/en/position/7387177022004594994/detail?utm_source=Lead+Edge+Capital+job+board&utm_medium=getro.com&gh_src=Lead+Edge+Capital+job+board,1
7387183155272943922,jobs_bytedance,20240914035227,https://jobs.bytedance.com/en/position/7387183155272943922/detail?utm_source=Technology+Crossover+Ventures+job+board&utm_medium=getro.com&gh_src=Technology+Crossover+Ventures+job+board,1
7387235102834706726,jobs_bytedance,20250524035515,https://jobs.bytedance.com/en/position/7387235102834706726/detail?utm_source=Coatue+Management+job+board&utm_medium=getro.com&gh_src=Coatue+Management+job+board,2
7387312236589238566,jobs_bytedance,20240914051839,https://jobs.bytedance.com/en/position/7387312236589238566/detail?utm_source=Technology+Crossover+Ventures+job+board&utm_medium=getro.com&gh_src=Technology+Crossover+Ventures+job+board,1
7387313408481724698,jobs_bytedance,20240914052805,https://jobs.bytedance.com/en/position/7387313408481724698/detail?utm_source=Lead+Edge+Capital+job+board&utm_medium=getro.com&gh_src=Lead+Edge+Capital+job+board,1
7387340607062722843,jobs_bytedance,20250524040735,https://jobs.bytedance.com/en/position/7387340607062722843/detail?utm_source=Coatue+Management+job+board&utm_medium=getro.com&gh_src=Coatue+Management+job+board,2
7387340965860837682,jobs_bytedance,20250709174823,https://jobs.bytedance.com/en/position/7387340965860837682/detail,3
7387342069595490586,jobs_bytedance,20250709151235,https://jobs.bytedance.com/en/position/7387342069595490586/detail,2
7387346203681818907,lifeattiktok,20250919041348,https://lifeattiktok.com/search/7387346203681818907,2
7387429545751742757,lifeattiktok,20241208100337,https://lifeattiktok.com/search/7387429545751742757,1
7387536440962763018,lifeattiktok,20250429072830,https://lifeattiktok.com/search/7387536440962763018?_rsc=5m079,1
7387601444440181029,jobs_bytedance,20241007010251,https://jobs.bytedance.com/en/position/7387601444440181029/detail?utm_source=Lead+Edge+Capital+job+board&utm_medium=getro.com&gh_src=Lead+Edge+Capital+job+board,1
7387631470196148518,jobs_bytedance,20250319120814,https://jobs.bytedance.com/en/position/7387631470196148518/detail?utm_source=Lead+Edge+Capital+job+board&utm_medium=getro.com&gh_src=Lead+Edge+Capital+job+board,2
7387664522428107018,careers_tiktok,20240828023615,https://careers.tiktok.com/position/7387664522428107018/detail,1
7387669792267766053,lifeattiktok,20250206225643,https://lifeattiktok.com/search/7387669792267766053,2
7387903811543271707,careers_tiktok,20240718023345,https://careers.tiktok.com/position/7387903811543271707/detail?trk=article-ssr-frontend-pulse_little-text-block,2
7387969319189874982,jobs_bytedance,20240914052445,https://jobs.bytedance.com/en/position/7387969319189874982/detail?utm_source=Technology+Crossover+Ventures+job+board&utm_medium=getro.com&gh_src=Technology+Crossover+Ventures+job+board,1
7388033193838528777,jobs_bytedance,20240914051523,https://jobs.bytedance.com/en/position/7388033193838528777/detail?utm_source=Lead+Edge+Capital+job+board&utm_medium=getro.com&gh_src=Lead+Edge+Capital+job+board,1
7388241586973886730,jobs_bytedance,20250622054503,https://jobs.bytedance.com/en/position/7388241586973886730/detail?utm_source=Technology+Crossover+Ventures+job+board&utm_medium=getro.com&gh_src=Technology+Crossover+Ventures+job+board,2
7388244867355543818,jobs_bytedance,20250622053012,https://jobs.bytedance.com/en/position/7388244867355543818/detail?utm_source=Technology+Crossover+Ventures+job+board&utm_medium=getro.com&gh_src=Technology+Crossover+Ventures+job+board,2
7388245108149799218,jobs_bytedance,20250524023705,https://jobs.bytedance.com/en/position/7388245108149799218/detail?utm_source=Coatue+Management+job+board&utm_medium=getro.com&gh_src=Coatue+Management+job+board,2
7388247017381120293,jobs_bytedance,20250622052252,https://jobs.bytedance.com/en/position/7388247017381120293/detail?utm_source=Technology+Crossover+Ventures+job+board&utm_medium=getro.com&gh_src=Technology+Crossover+Ventures+job+board,1
7388255995481196809,jobs_bytedance,20240914034702,https://jobs.bytedance.com/en/position/7388255995481196809/detail?utm_source=Technology+Crossover+Ventures+job+board&utm_medium=getro.com&gh_src=Technology+Crossover+Ventures+job+board,1
7389072838215747866,lifeattiktok,20241206082418,https://lifeattiktok.com/search/7389072838215747866,1
7389142779157121306,lifeattiktok,20250118081842,https://lifeattiktok.com/search/7389142779157121306,1
7389148046141737267,jobs_bytedance,20250715034329,https://jobs.bytedance.com/en/position/7389148046141737267/detail?utm_source=Lead+Edge+Capital+job+board&utm_medium=getro.com&gh_src=Lead+Edge+Capital+job+board,2
7389183449779570995,jobs_bytedance,20250524035723,https://jobs.bytedance.com/en/position/7389183449779570995/detail?utm_source=Coatue+Management+job+board&utm_medium=getro.com&gh_src=Coatue+Management+job+board,1
7389196656468871474,lifeattiktok,20250206234326,https://lifeattiktok.com/search/7389196656468871474?spread=5MWH5CQ,2
7389510892029626651,jobs_bytedance,20250319123302,https://jobs.bytedance.com/en/position/7389510892029626651/detail?utm_source=Technology+Crossover+Ventures+job+board&utm_medium=getro.com&gh_src=Technology+Crossover+Ventures+job+board,2
7389548817831676198,jobs_bytedance,20240914041539,https://jobs.bytedance.com/en/position/7389548817831676198/detail?utm_source=Lead+Edge+Capital+job+board&utm_medium=getro.com&gh_src=Lead+Edge+Capital+job+board,1
7389550573912623398,jobs_bytedance,20250319133519,https://jobs.bytedance.com/en/position/7389550573912623398/detail?utm_source=Lead+Edge+Capital+job+board&utm_medium=getro.com&gh_src=Lead+Edge+Capital+job+board,1
7389586008444061989,jobs_bytedance,20240914051604,https://jobs.bytedance.com/en/position/7389586008444061989/detail?utm_source=Technology+Crossover+Ventures+job+board&utm_medium=getro.com&gh_src=Technology+Crossover+Ventures+job+board,1
7389587439130609957,jobs_bytedance,20240914044729,https://jobs.bytedance.com/en/position/7389587439130609957/detail?utm_source=Lead+Edge+Capital+job+board&utm_medium=getro.com&gh_src=Lead+Edge+Capital+job+board,1
7389606576216197426,jobs_bytedance,20240914042302,https://jobs.bytedance.com/en/position/7389606576216197426/detail?utm_source=Lead+Edge+Capital+job+board&utm_medium=getro.com&gh_src=Lead+Edge+Capital+job+board,1
7389630826298657033,jobs_bytedance,20250808080101,https://jobs.bytedance.com/en/position/7389630826298657033/detail?utm_source=Lead+Edge+Capital+job+board&utm_medium=getro.com&gh_src=Lead+Edge+Capital+job+board,1
7389641043250170150,jobs_bytedance,20240718014530,https://jobs.bytedance.com/en/position/7389641043250170150/detail,1
7389741836565006630,lifeattiktok,20241127050049,https://lifeattiktok.com/search/7389741836565006630,2
7389784303494580490,lifeattiktok,20251123134341,https://lifeattiktok.com/search/7389784303494580490,4
7389792301712754995,jobs_bytedance,20250709175606,https://jobs.bytedance.com/en/position/7389792301712754995/detail,2
7389833096945207562,jobs_bytedance,20250519122953,https://jobs.bytedance.com/en/position/7389833096945207562/detail?utm_source=Lead+Edge+Capital+job+board&utm_medium=getro.com&gh_src=Lead+Edge+Capital+job+board,1
7389833955568716042,jobs_bytedance,20250524025920,https://jobs.bytedance.com/en/position/7389833955568716042/detail?utm_source=Coatue+Management+job+board&utm_medium=getro.com&gh_src=Coatue+Management+job+board,2
7389873473475479817,lifeattiktok,20250815034355,https://lifeattiktok.com/search/7389873473475479817,5
7389878139566246153,jobs_bytedance,20241010052044,https://jobs.bytedance.com/en/position/7389878139566246153/detail?utm_source=Technology+Crossover+Ventures+job+board&utm_medium=getro.com&gh_src=Technology+Crossover+Ventures+job+board,2
7389880634460014874,lifeattiktok,20250516053625,https://lifeattiktok.com/search/7389880634460014874,1
7389885873846946099,jobs_bytedance,20250319124346,https://jobs.bytedance.com/en/position/7389885873846946099/detail?utm_source=Technology+Crossover+Ventures+job+board&utm_medium=getro.com&gh_src=Technology+Crossover+Ventures+job+board,1
7389948266995730738,careers_tiktok,20241014203039,https://careers.tiktok.com/position/7389948266995730738/detail?spread=5MWH5CQ,1
7389998954458532147,jobs_bytedance,20241007025715,https://jobs.bytedance.com/en/position/7389998954458532147/detail?utm_source=Lead+Edge+Capital+job+board&utm_medium=getro.com&gh_src=Lead+Edge+Capital+job+board,1
7389999511638165798,lifeattiktok,20241206072801,https://lifeattiktok.com/search/7389999511638165798,1
7389999775459920165,lifeattiktok,20250613193018,https://lifeattiktok.com/search/7389999775459920165,2
7390134275028781338,careers_tiktok,20240815053741,https://careers.tiktok.com/position/7390134275028781338/detail?spread=5MWH5CQ,2
7390155159613770034,jobs_bytedance,20250622060428,https://jobs.bytedance.com/en/position/7390155159613770034/detail?utm_source=Technology+Crossover+Ventures+job+board&utm_medium=getro.com&gh_src=Technology+Crossover+Ventures+job+board,2
7390155564829952307,jobs_bytedance,20250622054233,https://jobs.bytedance.com/en/position/7390155564829952307/detail?utm_source=Technology+Crossover+Ventures+job+board&utm_medium=getro.com&gh_src=Technology+Crossover+Ventures+job+board,3
7390158010826098971,jobs_bytedance,20250615124440,https://jobs.bytedance.com/en/position/7390158010826098971/detail?utm_source=Lead+Edge+Capital+job+board&utm_medium=getro.com&gh_src=Lead+Edge+Capital+job+board,1
7390158315312253193,jobs_bytedance,20250519122012,https://jobs.bytedance.com/en/position/7390158315312253193/detail?utm_source=Lead+Edge+Capital+job+board&utm_medium=getro.com&gh_src=Lead+Edge+Capital+job+board,2
7390159291052886298,jobs_bytedance,20250519103904,https://jobs.bytedance.com/en/position/7390159291052886298/detail?utm_source=Lead+Edge+Capital+job+board&utm_medium=getro.com&gh_src=Lead+Edge+Capital+job+board,2
7390159539197380902,jobs_bytedance,20250513142134,https://jobs.bytedance.com/en/position/7390159539197380902/detail?utm_source=Coatue+Management+job+board&utm_medium=getro.com&gh_src=Coatue+Management+job+board,2
7390160515219212553,jobs_bytedance,20240914052923,https://jobs.bytedance.com/en/position/7390160515219212553/detail?utm_source=Technology+Crossover+Ventures+job+board&utm_medium=getro.com&gh_src=Technology+Crossover+Ventures+job+board,1
7390162697800648969,jobs_bytedance,20250622050657,https://jobs.bytedance.com/en/position/7390162697800648969/detail?utm_source=Technology+Crossover+Ventures+job+board&utm_medium=getro.com&gh_src=Technology+Crossover+Ventures+job+board,1
7390187538005068083,jobs_bytedance,20250424225759,https://jobs.bytedance.com/en/position/7390187538005068083/detail?utm_source=Lead+Edge+Capital+job+board&utm_medium=getro.com&gh_src=Lead+Edge+Capital+job+board,1
7390203435687332147,jobs_bytedance,20240914034920,https://jobs.bytedance.com/en/position/7390203435687332147/detail?utm_source=Technology+Crossover+Ventures+job+board&utm_medium=getro.com&gh_src=Technology+Crossover+Ventures+job+board,1
7390213155593472294,lifeattiktok,20250315084755,https://lifeattiktok.com/search/7390213155593472294,1
7390219127832512777,jobs_bytedance,20250524041250,https://jobs.bytedance.com/en/position/7390219127832512777/detail?utm_source=Coatue+Management+job+board&utm_medium=getro.com&gh_src=Coatue+Management+job+board,2
7390220643445770522,jobs_bytedance,20241007013345,https://jobs.bytedance.com/en/position/7390220643445770522/detail?utm_source=Lead+Edge+Capital+job+board&utm_medium=getro.com&gh_src=Lead+Edge+Capital+job+board,1
7390221837375146290,jobs_bytedance,20241007024428,https://jobs.bytedance.com/en/position/7390221837375146290/detail?utm_source=Lead+Edge+Capital+job+board&utm_medium=getro.com&gh_src=Lead+Edge+Capital+job+board,1
7390222949683317001,jobs_bytedance,20250615111547,https://jobs.bytedance.com/en/position/7390222949683317001/detail?utm_source=Lead+Edge+Capital+job+board&utm_medium=getro.com&gh_src=Lead+Edge+Capital+job+board,1
7390223540177586459,jobs_bytedance,20250216185025,https://jobs.bytedance.com/en/position/7390223540177586459/detail?utm_source=Technology+Crossover+Ventures+job+board&utm_medium=getro.com&gh_src=Technology+Crossover+Ventures+job+board,1
7390236638965123337,lifeattiktok,20250206214405,https://lifeattiktok.com/search/7390236638965123337?spread=5MWH5CQ,3
7390259176746092838,jobs_bytedance,20240914034834,https://jobs.bytedance.com/en/position/7390259176746092838/detail?utm_source=Technology+Crossover+Ventures+job+board&utm_medium=getro.com&gh_src=Technology+Crossover+Ventures+job+board,1
7390277398073739571,jobs_bytedance,20240914032708,https://jobs.bytedance.com/en/position/7390277398073739571/detail?utm_source=Technology+Crossover+Ventures+job+board&utm_medium=getro.com&gh_src=Technology+Crossover+Ventures+job+board,1
7390287493550328101,jobs_bytedance,20250125220212,https://jobs.bytedance.com/en/position/7390287493550328101/detail?utm_source=Technology+Crossover+Ventures+job+board&utm_medium=getro.com&gh_src=Technology+Crossover+Ventures+job+board,2
7390389761687537957,lifeattiktok,20250319185322,https://lifeattiktok.com/search/7390389761687537957,1
7390467318612592933,jobs_bytedance,20240914054801,https://jobs.bytedance.com/en/position/7390467318612592933/detail?utm_source=Technology+Crossover+Ventures+job+board&utm_medium=getro.com&gh_src=Technology+Crossover+Ventures+job+board,1
7390467320210295050,jobs_bytedance,20250811044116,https://jobs.bytedance.com/en/position/7390467320210295050/detail?utm_source=Lead+Edge+Capital+job+board&utm_medium=getro.com&gh_src=Lead+Edge+Capital+job+board,1
7390484809523169546,jobs_bytedance,20240914054648,https://jobs.bytedance.com/en/position/7390484809523169546/detail?utm_source=Technology+Crossover+Ventures+job+board&utm_medium=getro.com&gh_src=Technology+Crossover+Ventures+job+board,1
7390487764133234994,lifeattiktok,20251222223838,https://lifeattiktok.com/search/7390487764133234994,2
7390501770492365094,lifeattiktok,20260124045431,https://lifeattiktok.com/search/7390501770492365094?spread=5MWH5CQ,1
7390511167472421147,jobs_bytedance,20250709135135,https://jobs.bytedance.com/en/position/7390511167472421147/detail,3
7390530196414613811,lifeattiktok,20250320090154,https://lifeattiktok.com/search/7390530196414613811,4
7390532261429545266,jobs_bytedance,20250811045519,https://jobs.bytedance.com/en/position/7390532261429545266/detail?utm_source=Lead+Edge+Capital+job+board&utm_medium=getro.com&gh_src=Lead+Edge+Capital+job+board,2
7390587601596860682,jobs_bytedance,20240914035006,https://jobs.bytedance.com/en/position/7390587601596860682/detail?utm_source=Technology+Crossover+Ventures+job+board&utm_medium=getro.com&gh_src=Technology+Crossover+Ventures+job+board,1
7390689368341891338,jobs_bytedance,20250103181148,https://jobs.bytedance.com/en/position/7390689368341891338/detail,1
7390843636613138739,careers_tiktok,20240814161339,https://careers.tiktok.com/position/7390843636613138739/detail,2
7390876814019676425,lifeattiktok,20241206082534,https://lifeattiktok.com/search/7390876814019676425?gh_src=Getro.org+job+board&utm_medium=getro.com&utm_source=Getro.org+job+board,1
7390878544279652634,jobs_bytedance,20250811050113,https://jobs.bytedance.com/en/position/7390878544279652634/detail?utm_source=Lead+Edge+Capital+job+board&utm_medium=getro.com&gh_src=Lead+Edge+Capital+job+board,1
7390878544605317426,lifeattiktok,20250415164039,https://lifeattiktok.com/search/7390878544605317426,3
7390894344272382217,lifeattiktok,20250414112107,https://lifeattiktok.com/search/7390894344272382217,3
7391680976139274506,lifeattiktok,20260114191941,https://lifeattiktok.com/search/7391680976139274506,1
7391685953604503817,jobs_bytedance,20250617001709,https://jobs.bytedance.com/en/position/7391685953604503817/detail?utm_source=Technology+Crossover+Ventures+job+board&utm_medium=getro.com&gh_src=Technology+Crossover+Ventures+job+board,2
7391692065397475621,lifeattiktok,20241107124034,https://lifeattiktok.com/search/7391692065397475621,1
7391772401892313394,lifeattiktok,20250829050536,https://lifeattiktok.com/search/7391772401892313394,1
7391920167514638643,lifeattiktok,20241121162805,https://lifeattiktok.com/search/7391920167514638643?utm_source=ouckah,1
7391925048830331174,lifeattiktok,20250801104925,https://lifeattiktok.com/search/7391925048830331174,1
7391925058660305162,lifeattiktok,20250125000233,https://lifeattiktok.com/search/7391925058660305162,3
7391930642331830578,lifeattiktok,20241121162805,https://lifeattiktok.com/search/7391930642331830578?utm_source=ouckah,1
7391990105194694963,lifeattiktok,20241119033951,https://lifeattiktok.com/search/7391990105194694963?_rsc=8x1y1,1
7391992488888535305,lifeattiktok,20241126175841,https://lifeattiktok.com/search/7391992488888535305,3
7392032474328631578,lifeattiktok,20250331190555,https://lifeattiktok.com/search/7392032474328631578/,1
7392074163442420005,jobs_bytedance,20250615112948,https://jobs.bytedance.com/en/position/7392074163442420005/detail?utm_source=Lead+Edge+Capital+job+board&utm_medium=getro.com&gh_src=Lead+Edge+Capital+job+board,1
7392079612392606002,jobs_bytedance,20250513121456,https://jobs.bytedance.com/en/position/7392079612392606002/detail?utm_source=Coatue+Management+job+board&utm_medium=getro.com&gh_src=Coatue+Management+job+board,3
7392099728617523507,lifeattiktok,20250206231245,https://lifeattiktok.com/search/7392099728617523507,2
7392118583542188298,lifeattiktok,20241216230527,https://lifeattiktok.com/search/7392118583542188298?_rsc=duada,2
7392133934198720805,jobs_bytedance,20240914034615,https://jobs.bytedance.com/en/position/7392133934198720805/detail?utm_source=Technology+Crossover+Ventures+job+board&utm_medium=getro.com&gh_src=Technology+Crossover+Ventures+job+board,2
7392212040066386202,lifeattiktok,20250414072319,https://lifeattiktok.com/search/7392212040066386202?spread=5MWH5CQ%0A,2
7392286223962048777,careers_tiktok,20240921030658,https://careers.tiktok.com/position/7392286223962048777/detail?utm_source=theFreshDev&ref=theFreshDev,2
7392337528709892361,jobs_bytedance,20241007012057,https://jobs.bytedance.com/en/position/7392337528709892361/detail?utm_source=Lead+Edge+Capital+job+board&utm_medium=getro.com&gh_src=Lead+Edge+Capital+job+board,1
7392475735161702694,lifeattiktok,20241208090136,https://lifeattiktok.com/search/7392475735161702694,1
7392498019185527090,jobs_bytedance,20250615122758,https://jobs.bytedance.com/en/position/7392498019185527090/detail?utm_source=Lead+Edge+Capital+job+board&utm_medium=getro.com&gh_src=Lead+Edge+Capital+job+board,3
7392505027803859227,lifeattiktok,20250426112123,https://lifeattiktok.com/search/7392505027803859227,1
7392531443219466522,lifeattiktok,20241216230523,https://lifeattiktok.com/search/7392531443219466522?_rsc=duada,2
7392656443876510002,lifeattiktok,20250429072628,https://lifeattiktok.com/search/7392656443876510002,1
7392685389754550578,jobs_bytedance,20250615120102,https://jobs.bytedance.com/en/position/7392685389754550578/detail?utm_source=Lead+Edge+Capital+job+board&utm_medium=getro.com&gh_src=Lead+Edge+Capital+job+board,2
7392696519197837619,lifeattiktok,20250808225638,https://lifeattiktok.com/search/7392696519197837619?utm_campaign=iphone-se-might-get-apple-intelligence&utm_medium=referral&utm_source=www.aiplanetx.com,2
7392725444708043058,jobs_bytedance,20250519122616,https://jobs.bytedance.com/en/position/7392725444708043058/detail?utm_source=Lead+Edge+Capital+job+board&utm_medium=getro.com&gh_src=Lead+Edge+Capital+job+board,1
7392727473942038822,jobs_bytedance,20250524030433,https://jobs.bytedance.com/en/position/7392727473942038822/detail?utm_source=Coatue+Management+job+board&utm_medium=getro.com&gh_src=Coatue+Management+job+board,2
7392797627614005513,jobs_bytedance,20250814162222,https://jobs.bytedance.com/en/position/7392797627614005513/detail,3
7392868360193329434,jobs_bytedance,20240914031604,https://jobs.bytedance.com/en/position/7392868360193329434/detail?utm_source=Lead+Edge+Capital+job+board&utm_medium=getro.com&gh_src=Lead+Edge+Capital+job+board,1
7392871609403099402,jobs_bytedance,20250617013531,https://jobs.bytedance.com/en/position/7392871609403099402/detail?utm_source=Technology+Crossover+Ventures+job+board&utm_medium=getro.com&gh_src=Technology+Crossover+Ventures+job+board,1
7392875915472914739,lifeattiktok,20250402235447,https://lifeattiktok.com/search/7392875915472914739,2
7392878785526794522,lifeattiktok,20250315081808,https://lifeattiktok.com/search/7392878785526794522,2
7392881432542415154,jobs_bytedance,20250319123407,https://jobs.bytedance.com/en/position/7392881432542415154/detail?utm_source=Lead+Edge+Capital+job+board&utm_medium=getro.com&gh_src=Lead+Edge+Capital+job+board,1
7392924105895528714,lifeattiktok,20241218141523,https://lifeattiktok.com/search/7392924105895528714?_rsc=q6nnv,1
7392942977267779878,jobs_bytedance,20250617013423,https://jobs.bytedance.com/en/position/7392942977267779878/detail?utm_source=Lead+Edge+Capital+job+board&utm_medium=getro.com&gh_src=Lead+Edge+Capital+job+board,1
7393030885023533339,lifeattiktok,20250623185841,https://lifeattiktok.com/search/7393030885023533339,1
7393038680518445339,lifeattiktok,20250507131445,https://lifeattiktok.com/search/7393038680518445339,4
7393130155009886501,lifeattiktok,20241124012159,https://lifeattiktok.com/search/7393130155009886501?utm_source=Simplify,1
7393137974432598282,lifeattiktok,20250613202500,https://lifeattiktok.com/search/7393137974432598282,2
7393142892641241353,lifeattiktok,20241208093032,https://lifeattiktok.com/search/7393142892641241353,1
7393144213079394569,lifeattiktok,20250613195442,https://lifeattiktok.com/search/7393144213079394569,2
7393163062151530802,jobs_bytedance,20250319125858,https://jobs.bytedance.com/en/position/7393163062151530802/detail?utm_source=Technology+Crossover+Ventures+job+board&utm_medium=getro.com&gh_src=Technology+Crossover+Ventures+job+board,1
7393231152012609801,lifeattiktok,20250118074750,https://lifeattiktok.com/search/7393231152012609801?spread=5MWH5CQ,1
7393292693524367642,jobs_bytedance,20250615112312,https://jobs.bytedance.com/en/position/7393292693524367642/detail?utm_source=Technology+Crossover+Ventures+job+board&utm_medium=getro.com&gh_src=Technology+Crossover+Ventures+job+board,2
7393314254399752485,jobs_bytedance,20250524033703,https://jobs.bytedance.com/en/position/7393314254399752485/detail?utm_source=Coatue+Management+job+board&utm_medium=getro.com&gh_src=Coatue+Management+job+board,2
7393389337864046858,lifeattiktok,20241208102601,https://lifeattiktok.com/search/7393389337864046858,1
7393391255495444773,lifeattiktok,20241208082808,https://lifeattiktok.com/search/7393391255495444773,1
7393402447690418442,jobs_bytedance,20240914043530,https://jobs.bytedance.com/en/position/7393402447690418442/detail?utm_source=Technology+Crossover+Ventures+job+board&utm_medium=getro.com&gh_src=Technology+Crossover+Ventures+job+board,1
7393489478246992155,jobs_bytedance,20241007014214,https://jobs.bytedance.com/en/position/7393489478246992155/detail?utm_source=Lead+Edge+Capital+job+board&utm_medium=getro.com&gh_src=Lead+Edge+Capital+job+board,1
7394121983276353842,lifeattiktok,20250524021743,https://lifeattiktok.com/search/7394121983276353842?spread=5MWH5CQ,1
7394282013531293962,lifeattiktok,20251224101141,https://lifeattiktok.com/search/7394282013531293962,2
7394316025958828325,lifeattiktok,20241121215333,https://lifeattiktok.com/search/7394316025958828325,1
7394350355264227594,lifeattiktok,20241221165203,https://lifeattiktok.com/search/7394350355264227594?spread=5MWH5CQ,1
7394369858726758693,lifeattiktok,20250411223129,https://lifeattiktok.com/search/7394369858726758693?_rsc=uxy8g,2
7394410597230102822,jobs_bytedance,20250615121844,https://jobs.bytedance.com/en/position/7394410597230102822/detail?utm_source=Lead+Edge+Capital+job+board&utm_medium=getro.com&gh_src=Lead+Edge+Capital+job+board,2
7394539025502439689,jobs_bytedance,20241007020414,https://jobs.bytedance.com/en/position/7394539025502439689/detail?utm_source=Lead+Edge+Capital+job+board&utm_medium=getro.com&gh_src=Lead+Edge+Capital+job+board,1
7394555540905036058,jobs_bytedance,20250319121546,https://jobs.bytedance.com/en/position/7394555540905036058/detail?utm_source=Lead+Edge+Capital+job+board&utm_medium=getro.com&gh_src=Lead+Edge+Capital+job+board,1
7394667058711513371,lifeattiktok,20250128180314,https://lifeattiktok.com/search/7394667058711513371,1
7394718063063763227,lifeattiktok,20251224104347,https://lifeattiktok.com/search/7394718063063763227,2
7394751436943673626,jobs_bytedance,20241010050255,https://jobs.bytedance.com/en/position/7394751436943673626/detail?utm_source=Technology+Crossover+Ventures+job+board&utm_medium=getro.com&gh_src=Technology+Crossover+Ventures+job+board,1
7394814158753286451,jobs_bytedance,20241007021803,https://jobs.bytedance.com/en/position/7394814158753286451/detail?utm_source=Technology+Crossover+Ventures+job+board&utm_medium=getro.com&gh_src=Technology+Crossover+Ventures+job+board,1
7394866658823620891,lifeattiktok,20250424092044,https://lifeattiktok.com/search/7394866658823620891,1
7394956099026258186,jobs_bytedance,20250425000011,https://jobs.bytedance.com/en/position/7394956099026258186/detail?utm_source=Lead+Edge+Capital+job+board&utm_medium=getro.com&gh_src=Lead+Edge+Capital+job+board,1
7394994681858525450,lifeattiktok,20250613195721,https://lifeattiktok.com/search/7394994681858525450,2
7395119519821809970,jobs_bytedance,20250319121926,https://jobs.bytedance.com/en/position/7395119519821809970/detail?utm_source=Lead+Edge+Capital+job+board&utm_medium=getro.com&gh_src=Lead+Edge+Capital+job+board,2
7395213560504944947,jobs_bytedance,20250519114430,https://jobs.bytedance.com/en/position/7395213560504944947/detail?utm_source=Lead+Edge+Capital+job+board&utm_medium=getro.com&gh_src=Lead+Edge+Capital+job+board,1
7395298980936026419,lifeattiktok,20250206232511,https://lifeattiktok.com/search/7395298980936026419?spread=5MWH5CQ%3Fref%3Ddesignsystems.jobs,2
7395343587233515827,lifeattiktok,20260208202420,https://lifeattiktok.com/search/7395343587233515827?utm_source=theFreshDev,1
7395404609059146034,lifeattiktok,20251224145820,https://lifeattiktok.com/search/7395404609059146034,2
7395444145257974066,jobs_bytedance,20240914041320,https://jobs.bytedance.com/en/position/7395444145257974066/detail?utm_source=Lead+Edge+Capital+job+board&utm_medium=getro.com&gh_src=Lead+Edge+Capital+job+board,1
7395505799466354971,lifeattiktok,20260724033159,https://lifeattiktok.com/search/7395505799466354971?_rsc=1m3ql,2
7395544865403291941,jobs_bytedance,20250709150824,https://jobs.bytedance.com/en/position/7395544865403291941/detail,3
7395570360953309490,jobs_bytedance,20241010041107,https://jobs.bytedance.com/en/position/7395570360953309490/detail?utm_source=Technology+Crossover+Ventures+job+board&utm_medium=getro.com&gh_src=Technology+Crossover+Ventures+job+board,2
7395592735165794587,lifeattiktok,20241208081603,https://lifeattiktok.com/search/7395592735165794587,1
7395598510722795827,lifeattiktok,20241208101619,https://lifeattiktok.com/search/7395598510722795827,1
7395601081776245042,lifeattiktok,20241217153901,https://lifeattiktok.com/search/7395601081776245042,2
7395723722169223475,jobs_bytedance,20250519121112,https://jobs.bytedance.com/en/position/7395723722169223475/detail?utm_source=Technology+Crossover+Ventures+job+board&utm_medium=getro.com&gh_src=Technology+Crossover+Ventures+job+board,2
7395866912956451098,jobs_bytedance,20250622054102,https://jobs.bytedance.com/en/position/7395866912956451098/detail?utm_source=Technology+Crossover+Ventures+job+board&utm_medium=getro.com&gh_src=Technology+Crossover+Ventures+job+board,1
7395868184995186954,jobs_bytedance,20250615115954,https://jobs.bytedance.com/en/position/7395868184995186954/detail?utm_source=Lead+Edge+Capital+job+board&utm_medium=getro.com&gh_src=Lead+Edge+Capital+job+board,1
7395872743009831219,lifeattiktok,20250124232800,https://lifeattiktok.com/search/7395872743009831219?ref=creativetokyo,1
7395873293133252891,jobs_bytedance,20240914035314,https://jobs.bytedance.com/en/position/7395873293133252891/detail?utm_source=Lead+Edge+Capital+job+board&utm_medium=getro.com&gh_src=Lead+Edge+Capital+job+board,1
7395968769019611442,jobs_bytedance,20241010051434,https://jobs.bytedance.com/en/position/7395968769019611442/detail?utm_source=Technology+Crossover+Ventures+job+board&utm_medium=getro.com&gh_src=Technology+Crossover+Ventures+job+board,1
7396021156816095498,careers_tiktok,20240905101032,https://careers.tiktok.com/position/7396021156816095498/detail,1
7396119884406671643,jobs_bytedance,20250513133519,https://jobs.bytedance.com/en/position/7396119884406671643/detail?utm_source=Coatue+Management+job+board&utm_medium=getro.com&gh_src=Coatue+Management+job+board,2
7396253269317765402,lifeattiktok,20251020065525,https://lifeattiktok.com/search/7396253269317765402?spread=5MWH5CQ&utm_source=levels.fyi,2
7396690111872796965,jobs_bytedance,20250319124905,https://jobs.bytedance.com/en/position/7396690111872796965/detail?utm_source=Lead+Edge+Capital+job+board&utm_medium=getro.com&gh_src=Lead+Edge+Capital+job+board,1
7396803266652653833,jobs_bytedance,20250622050215,https://jobs.bytedance.com/en/position/7396803266652653833/detail?utm_source=Coatue+Management+job+board&utm_medium=getro.com&gh_src=Coatue+Management+job+board,1
7396812738201061669,jobs_bytedance,20250319123818,https://jobs.bytedance.com/en/position/7396812738201061669/detail?utm_source=Technology+Crossover+Ventures+job+board&utm_medium=getro.com&gh_src=Technology+Crossover+Ventures+job+board,2
7396818688756451622,jobs_bytedance,20250622060923,https://jobs.bytedance.com/en/position/7396818688756451622/detail?utm_source=Technology+Crossover+Ventures+job+board&utm_medium=getro.com&gh_src=Technology+Crossover+Ventures+job+board,3
7396821576484555046,jobs_bytedance,20241010034855,https://jobs.bytedance.com/en/position/7396821576484555046/detail?utm_source=Technology+Crossover+Ventures+job+board&utm_medium=getro.com&gh_src=Technology+Crossover+Ventures+job+board,1
7396823024265316635,jobs_bytedance,20250615123027,https://jobs.bytedance.com/en/position/7396823024265316635/detail?utm_source=Technology+Crossover+Ventures+job+board&utm_medium=getro.com&gh_src=Technology+Crossover+Ventures+job+board,3
7396889240544987429,jobs_bytedance,20250622053359,https://jobs.bytedance.com/en/position/7396889240544987429/detail?utm_source=Technology+Crossover+Ventures+job+board&utm_medium=getro.com&gh_src=Technology+Crossover+Ventures+job+board,2
7396891247032928522,jobs_bytedance,20250622054753,https://jobs.bytedance.com/en/position/7396891247032928522/detail?utm_source=Technology+Crossover+Ventures+job+board&utm_medium=getro.com&gh_src=Technology+Crossover+Ventures+job+board,2
7396891301918705930,jobs_bytedance,20250811045309,https://jobs.bytedance.com/en/position/7396891301918705930/detail?utm_source=Technology+Crossover+Ventures+job+board&utm_medium=getro.com&gh_src=Technology+Crossover+Ventures+job+board,1
7396891979038492954,jobs_bytedance,20250811041359,https://jobs.bytedance.com/en/position/7396891979038492954/detail?utm_source=Lead+Edge+Capital+job+board&utm_medium=getro.com&gh_src=Lead+Edge+Capital+job+board,2
7396891985104587058,jobs_bytedance,20250424224047,https://jobs.bytedance.com/en/position/7396891985104587058/detail?utm_source=Technology+Crossover+Ventures+job+board&utm_medium=getro.com&gh_src=Technology+Crossover+Ventures+job+board,1
7396938833650354459,jobs_bytedance,20250811052842,https://jobs.bytedance.com/en/position/7396938833650354459/detail?utm_source=Technology+Crossover+Ventures+job+board&utm_medium=getro.com&gh_src=Technology+Crossover+Ventures+job+board,1
7396945647146076453,jobs_bytedance,20250519111049,https://jobs.bytedance.com/en/position/7396945647146076453/detail?utm_source=Lead+Edge+Capital+job+board&utm_medium=getro.com&gh_src=Lead+Edge+Capital+job+board,1
7397026844153661706,jobs_bytedance,20250319134743,https://jobs.bytedance.com/en/position/7397026844153661706/detail?utm_source=Technology+Crossover+Ventures+job+board&utm_medium=getro.com&gh_src=Technology+Crossover+Ventures+job+board,1
7397046731844651291,lifeattiktok,20250206221513,https://lifeattiktok.com/search/7397046731844651291?spread=5MWH5CQ,1
7397074453479475466,jobs_bytedance,20250811050744,https://jobs.bytedance.com/en/position/7397074453479475466/detail?utm_source=Lead+Edge+Capital+job+board&utm_medium=getro.com&gh_src=Lead+Edge+Capital+job+board,2
7397075551503354163,careers_tiktok,20241004032054,https://careers.tiktok.com/position/7397075551503354163/detail,1
7397098717801875749,lifeattiktok,20250817035337,https://lifeattiktok.com/search/7397098717801875749,1
7397103030128085275,lifeattiktok,20250718105619,https://lifeattiktok.com/search/7397103030128085275,2
7397134916250913051,jobs_bytedance,20250519115142,https://jobs.bytedance.com/en/position/7397134916250913051/detail,2
7397139326875732262,jobs_bytedance,20250617003051,https://jobs.bytedance.com/en/position/7397139326875732262/detail?utm_source=Lead+Edge+Capital+job+board&utm_medium=getro.com&gh_src=Lead+Edge+Capital+job+board,2
7397158652886763814,lifeattiktok,20241124010330,https://lifeattiktok.com/search/7397158652886763814?spread=5MWH5CQ,2
7397227053333383474,lifeattiktok,20250429212956,https://lifeattiktok.com/search/7397227053333383474,2
7397227311211727154,lifeattiktok,20251008053743,https://lifeattiktok.com/search/7397227311211727154,3
7397233600759367962,lifeattiktok,20250929001456,https://lifeattiktok.com/search/7397233600759367962,1
7397235438425131274,jobs_bytedance,20241007014010,https://jobs.bytedance.com/en/position/7397235438425131274/detail?utm_source=Lead+Edge+Capital+job+board&utm_medium=getro.com&gh_src=Lead+Edge+Capital+job+board,1
7397237825634699557,lifeattiktok,20250710214214,https://lifeattiktok.com/search/7397237825634699557?spread=5MWH5CQ,1
7397249993326954789,lifeattiktok,20250817035438,https://lifeattiktok.com/search/7397249993326954789,1
7397250695684720923,jobs_bytedance,20250521235206,https://jobs.bytedance.com/en/position/7397250695684720923/detail?utm_source=Technology+Crossover+Ventures+job+board&utm_medium=getro.com&gh_src=Technology+Crossover+Ventures+job+board,1
7397250703767193882,lifeattiktok,20260208202553,https://lifeattiktok.com/search/7397250703767193882?utm_source=theFreshDev,4
7397251169260194099,lifeattiktok,20241106220630,https://lifeattiktok.com/search/7397251169260194099,3
7397252334532987162,jobs_bytedance,20250424223608,https://jobs.bytedance.com/en/position/7397252334532987162/detail?utm_source=Lead+Edge+Capital+job+board&utm_medium=getro.com&gh_src=Lead+Edge+Capital+job+board,1
7397255012319267081,jobs_bytedance,20250615112009,https://jobs.bytedance.com/en/position/7397255012319267081/detail?utm_source=Technology+Crossover+Ventures+job+board&utm_medium=getro.com&gh_src=Technology+Crossover+Ventures+job+board,2
7397256335094450470,jobs_bytedance,20250513133859,https://jobs.bytedance.com/en/position/7397256335094450470/detail?utm_source=Coatue+Management+job+board&utm_medium=getro.com&gh_src=Coatue+Management+job+board,2
7397256395883006258,jobs_bytedance,20250622044700,https://jobs.bytedance.com/en/position/7397256395883006258/detail?utm_source=Technology+Crossover+Ventures+job+board&utm_medium=getro.com&gh_src=Technology+Crossover+Ventures+job+board,2
7397261017066195237,jobs_bytedance,20241010053526,https://jobs.bytedance.com/en/position/7397261017066195237/detail?utm_source=Technology+Crossover+Ventures+job+board&utm_medium=getro.com&gh_src=Technology+Crossover+Ventures+job+board,1
7397268878131497226,jobs_bytedance,20250519113551,https://jobs.bytedance.com/en/position/7397268878131497226/detail?utm_source=Technology+Crossover+Ventures+job+board&utm_medium=getro.com&gh_src=Technology+Crossover+Ventures+job+board,1
7397269655406102794,jobs_bytedance,20250615113207,https://jobs.bytedance.com/en/position/7397269655406102794/detail?utm_source=Lead+Edge+Capital+job+board&utm_medium=getro.com&gh_src=Lead+Edge+Capital+job+board,2
7397270735590820106,jobs_bytedance,20241010035908,https://jobs.bytedance.com/en/position/7397270735590820106/detail?utm_source=Technology+Crossover+Ventures+job+board&utm_medium=getro.com&gh_src=Technology+Crossover+Ventures+job+board,1
7397271211820632347,jobs_bytedance,20250513141507,https://jobs.bytedance.com/en/position/7397271211820632347/detail?utm_source=Coatue+Management+job+board&utm_medium=getro.com&gh_src=Coatue+Management+job+board,2
7397275133989177626,lifeattiktok,20250623185816,https://lifeattiktok.com/search/7397275133989177626,3
7397275971273459977,lifeattiktok,20250623185816,https://lifeattiktok.com/search/7397275971273459977,4
7397284909599721766,jobs_bytedance,20241007030127,https://jobs.bytedance.com/en/position/7397284909599721766/detail?utm_source=Lead+Edge+Capital+job+board&utm_medium=getro.com&gh_src=Lead+Edge+Capital+job+board,1
7397291314402838821,jobs_bytedance,20250622055710,https://jobs.bytedance.com/en/position/7397291314402838821/detail?utm_source=Technology+Crossover+Ventures+job+board&utm_medium=getro.com&gh_src=Technology+Crossover+Ventures+job+board,2
7397294794001500443,jobs_bytedance,20241010052901,https://jobs.bytedance.com/en/position/7397294794001500443/detail?utm_source=Technology+Crossover+Ventures+job+board&utm_medium=getro.com&gh_src=Technology+Crossover+Ventures+job+board,1
7397297665589397810,jobs_bytedance,20241007025745,https://jobs.bytedance.com/en/position/7397297665589397810/detail?utm_source=Lead+Edge+Capital+job+board&utm_medium=getro.com&gh_src=Lead+Edge+Capital+job+board,1
7397301450210642203,jobs_bytedance,20241010042023,https://jobs.bytedance.com/en/position/7397301450210642203/detail?utm_source=Technology+Crossover+Ventures+job+board&utm_medium=getro.com&gh_src=Technology+Crossover+Ventures+job+board,1
7397304877040322825,jobs_bytedance,20250615112758,https://jobs.bytedance.com/en/position/7397304877040322825/detail?utm_source=Technology+Crossover+Ventures+job+board&utm_medium=getro.com&gh_src=Technology+Crossover+Ventures+job+board,1
7397364606392912138,jobs_bytedance,20250521231846,https://jobs.bytedance.com/en/position/7397364606392912138/detail,1
7397366552935647515,jobs_bytedance,20241007010654,https://jobs.bytedance.com/en/position/7397366552935647515/detail?utm_source=Lead+Edge+Capital+job+board&utm_medium=getro.com&gh_src=Lead+Edge+Capital+job+board,1
7397369076675168538,jobs_bytedance,20250617003749,https://jobs.bytedance.com/en/position/7397369076675168538/detail?utm_source=Lead+Edge+Capital+job+board&utm_medium=getro.com&gh_src=Lead+Edge+Capital+job+board,1
7397369854737762597,jobs_bytedance,20241010042500,https://jobs.bytedance.com/en/position/7397369854737762597/detail?utm_source=Technology+Crossover+Ventures+job+board&utm_medium=getro.com&gh_src=Technology+Crossover+Ventures+job+board,1
7397393135170783498,jobs_bytedance,20250513133014,https://jobs.bytedance.com/en/position/7397393135170783498/detail?utm_source=Coatue+Management+job+board&utm_medium=getro.com&gh_src=Coatue+Management+job+board,2
7397397523823085875,lifeattiktok,20250427030612,https://lifeattiktok.com/search/7397397523823085875?spread=VMERBDF,3
7397424903698385203,lifeattiktok,20250429072710,https://lifeattiktok.com/search/7397424903698385203?_rsc=20eoy,1
7397425461611596082,lifeattiktok,20250429072710,https://lifeattiktok.com/search/7397425461611596082?_rsc=20eoy,2
7397429810932779314,lifeattiktok,20250429072710,https://lifeattiktok.com/search/7397429810932779314?_rsc=20eoy,3
7397442165385513253,careers_tiktok,20240913080934,https://careers.tiktok.com/position/7397442165385513253/detail,1
7397443668946946314,jobs_bytedance,20250617012259,https://jobs.bytedance.com/en/position/7397443668946946314/detail?utm_source=Lead+Edge+Capital+job+board&utm_medium=getro.com&gh_src=Lead+Edge+Capital+job+board,1
7397445014442740018,lifeattiktok,20251011183052,https://lifeattiktok.com/search/7397445014442740018,1
7397447365421074726,jobs_bytedance,20250424223139,https://jobs.bytedance.com/en/position/7397447365421074726/detail?utm_source=Lead+Edge+Capital+job+board&utm_medium=getro.com&gh_src=Lead+Edge+Capital+job+board,1
7397448483433924902,jobs_bytedance,20241007014445,https://jobs.bytedance.com/en/position/7397448483433924902/detail?utm_source=Lead+Edge+Capital+job+board&utm_medium=getro.com&gh_src=Lead+Edge+Capital+job+board,1
7397453649348479270,lifeattiktok,20260315105303,https://lifeattiktok.com/search/7397453649348479270?spread=5MWH5CQ,5
7397453790515923227,lifeattiktok,20250501102747,https://lifeattiktok.com/search/7397453790515923227,3
7397453792083642650,jobs_bytedance,20250723131840,https://jobs.bytedance.com/en/position/7397453792083642650/detail,2
7397454657759660339,jobs_bytedance,20241010040418,https://jobs.bytedance.com/en/position/7397454657759660339/detail?utm_source=Technology+Crossover+Ventures+job+board&utm_medium=getro.com&gh_src=Technology+Crossover+Ventures+job+board,1
7397455103747836210,lifeattiktok,20251011183047,https://lifeattiktok.com/search/7397455103747836210,1
7397455406417463603,lifeattiktok,20251011183048,https://lifeattiktok.com/search/7397455406417463603,2
7397455434090694921,lifeattiktok,20250705024207,https://lifeattiktok.com/search/7397455434090694921,3
7397457236119931146,lifeattiktok,20251011183053,https://lifeattiktok.com/search/7397457236119931146,1
7397459645466380553,jobs_bytedance,20250524032109,https://jobs.bytedance.com/en/position/7397459645466380553/detail?utm_source=Coatue+Management+job+board&utm_medium=getro.com&gh_src=Coatue+Management+job+board,1
7397460004344138021,jobs_bytedance,20250622054820,https://jobs.bytedance.com/en/position/7397460004344138021/detail?utm_source=Lead+Edge+Capital+job+board&utm_medium=getro.com&gh_src=Lead+Edge+Capital+job+board,2
7397460005275273523,jobs_bytedance,20250615124645,https://jobs.bytedance.com/en/position/7397460005275273523/detail?utm_source=Lead+Edge+Capital+job+board&utm_medium=getro.com&gh_src=Lead+Edge+Capital+job+board,2
7397461556852508966,lifeattiktok,20260315113512,https://lifeattiktok.com/search/7397461556852508966?spread=5MWH5CQ,1
7397462166708930867,lifeattiktok,20250429191148,https://lifeattiktok.com/search/7397462166708930867,2
7397476016137406771,jobs_bytedance,20250519105147,https://jobs.bytedance.com/en/position/7397476016137406771/detail?utm_source=Technology+Crossover+Ventures+job+board&utm_medium=getro.com&gh_src=Technology+Crossover+Ventures+job+board,1
7397479420670544138,jobs_bytedance,20241010052439,https://jobs.bytedance.com/en/position/7397479420670544138/detail?utm_source=Technology+Crossover+Ventures+job+board&utm_medium=getro.com&gh_src=Technology+Crossover+Ventures+job+board,1
7397524632138631433,jobs_bytedance,20250319134703,https://jobs.bytedance.com/en/position/7397524632138631433/detail?utm_source=Lead+Edge+Capital+job+board&utm_medium=getro.com&gh_src=Lead+Edge+Capital+job+board,1
7397528500276168986,jobs_bytedance,20250802033342,https://jobs.bytedance.com/en/position/7397528500276168986/detail?spread=BSPP2KS,3
7397543716653091109,lifeattiktok,20241121162804,https://lifeattiktok.com/search/7397543716653091109?utm_source=ouckah,1
7397554494474602803,lifeattiktok,20250320144458,https://lifeattiktok.com/search/7397554494474602803?spread=5MWH5CQ,1
7397558722890844466,lifeattiktok,20250912224718,https://lifeattiktok.com/search/7397558722890844466,2
7397560114280892709,lifeattiktok,20250822181249,https://lifeattiktok.com/search/7397560114280892709,1
7397566186630596915,jobs_bytedance,20250519115110,https://jobs.bytedance.com/en/position/7397566186630596915/detail?utm_source=Technology+Crossover+Ventures+job+board&utm_medium=getro.com&gh_src=Technology+Crossover+Ventures+job+board,1
7397567416693360934,lifeattiktok,20250320083938,https://lifeattiktok.com/search/7397567416693360934,1
7397571359977310490,lifeattiktok,20250705024207,https://lifeattiktok.com/search/7397571359977310490?_rsc=1vey8,6
7397590286127941898,jobs_bytedance,20250513140451,https://jobs.bytedance.com/en/position/7397590286127941898/detail?utm_source=Coatue+Management+job+board&utm_medium=getro.com&gh_src=Coatue+Management+job+board,2
7397590567570426162,jobs_bytedance,20241007013054,https://jobs.bytedance.com/en/position/7397590567570426162/detail?utm_source=Lead+Edge+Capital+job+board&utm_medium=getro.com&gh_src=Lead+Edge+Capital+job+board,1
7397616543096719642,jobs_bytedance,20250622055616,https://jobs.bytedance.com/en/position/7397616543096719642/detail?utm_source=Technology+Crossover+Ventures+job+board&utm_medium=getro.com&gh_src=Technology+Crossover+Ventures+job+board,1
7397618092841142537,jobs_bytedance,20250622060334,https://jobs.bytedance.com/en/position/7397618092841142537/detail?utm_source=Technology+Crossover+Ventures+job+board&utm_medium=getro.com&gh_src=Technology+Crossover+Ventures+job+board,3
7397624674232731914,jobs_bytedance,20250424223419,https://jobs.bytedance.com/en/position/7397624674232731914/detail?utm_source=Lead+Edge+Capital+job+board&utm_medium=getro.com&gh_src=Lead+Edge+Capital+job+board,1
7397625406239312138,jobs_bytedance,20250319135327,https://jobs.bytedance.com/en/position/7397625406239312138/detail?utm_source=Lead+Edge+Capital+job+board&utm_medium=getro.com&gh_src=Lead+Edge+Capital+job+board,2
7397636910636828978,jobs_bytedance,20241010044128,https://jobs.bytedance.com/en/position/7397636910636828978/detail?utm_source=Technology+Crossover+Ventures+job+board&utm_medium=getro.com&gh_src=Technology+Crossover+Ventures+job+board,1
7397643425308985638,jobs_bytedance,20241010051234,https://jobs.bytedance.com/en/position/7397643425308985638/detail?utm_source=Technology+Crossover+Ventures+job+board&utm_medium=getro.com&gh_src=Technology+Crossover+Ventures+job+board,1
7397680391656081674,jobs_bytedance,20250522001200,https://jobs.bytedance.com/en/position/7397680391656081674/detail?utm_source=Lead+Edge+Capital+job+board&utm_medium=getro.com&gh_src=Lead+Edge+Capital+job+board,2
7397680391656278282,jobs_bytedance,20241010052635,https://jobs.bytedance.com/en/position/7397680391656278282/detail?utm_source=Technology+Crossover+Ventures+job+board&utm_medium=getro.com&gh_src=Technology+Crossover+Ventures+job+board,1
7397710134191311131,lifeattiktok,20241216230529,https://lifeattiktok.com/search/7397710134191311131?_rsc=1oipm,1
7397714249676392731,lifeattiktok,20250519094218,https://lifeattiktok.com/search/7397714249676392731?spread=5MWH5CQ,1
7397726888834222373,jobs_bytedance,20250723092404,https://jobs.bytedance.com/en/position/7397726888834222373/detail,4
7397763925008566566,lifeattiktok,20250613202734,https://lifeattiktok.com/search/7397763925008566566,1
7397863318638168346,lifeattiktok,20241208093835,https://lifeattiktok.com/search/7397863318638168346,1
7397870925825870118,jobs_bytedance,20250519104142,https://jobs.bytedance.com/en/position/7397870925825870118/detail?utm_source=Technology+Crossover+Ventures+job+board&utm_medium=getro.com&gh_src=Technology+Crossover+Ventures+job+board,1
7397873335650781491,jobs_bytedance,20250524023448,https://jobs.bytedance.com/en/position/7397873335650781491/detail?utm_source=Coatue+Management+job+board&utm_medium=getro.com&gh_src=Coatue+Management+job+board,2
7397880440758995226,jobs_bytedance,20250811051240,https://jobs.bytedance.com/en/position/7397880440758995226/detail?utm_source=Lead+Edge+Capital+job+board&utm_medium=getro.com&gh_src=Lead+Edge+Capital+job+board,2
7397884609171835145,jobs_bytedance,20250615123711,https://jobs.bytedance.com/en/position/7397884609171835145/detail?utm_source=Technology+Crossover+Ventures+job+board&utm_medium=getro.com&gh_src=Technology+Crossover+Ventures+job+board,1
7397886072481155354,jobs_bytedance,20241010040729,https://jobs.bytedance.com/en/position/7397886072481155354/detail?utm_source=Technology+Crossover+Ventures+job+board&utm_medium=getro.com&gh_src=Technology+Crossover+Ventures+job+board,2
7397889911997155621,jobs_bytedance,20250622045047,https://jobs.bytedance.com/en/position/7397889911997155621/detail?utm_source=Technology+Crossover+Ventures+job+board&utm_medium=getro.com&gh_src=Technology+Crossover+Ventures+job+board,1
7397894433477822758,lifeattiktok,20250705024102,https://lifeattiktok.com/search/7397894433477822758,1
7397910481962862886,lifeattiktok,20250427035242,https://lifeattiktok.com/search/7397910481962862886,3
7397932125012019506,lifeattiktok,20250320083018,https://lifeattiktok.com/search/7397932125012019506,1
7397933618406033702,lifeattiktok,20260606101711,https://lifeattiktok.com/search/7397933618406033702,2
7397968753076062514,careers_tiktok,20240903063558,https://careers.tiktok.com/position/7397968753076062514/detail,1
7397977452783765811,jobs_bytedance,20250615122857,https://jobs.bytedance.com/en/position/7397977452783765811/detail?utm_source=Lead+Edge+Capital+job+board&utm_medium=getro.com&gh_src=Lead+Edge+Capital+job+board,2
7397983876905470235,careers_tiktok,20240808231740,https://careers.tiktok.com/position/7397983876905470235/detail,1
7398034297884969267,lifeattiktok,20241217185607,https://lifeattiktok.com/search/7398034297884969267,2
7398045554716100914,lifeattiktok,20250613195017,https://lifeattiktok.com/search/7398045554716100914,1
7398047655874054426,lifeattiktok,20241211222930,https://lifeattiktok.com/search/7398047655874054426,1
7398070275386804507,lifeattiktok,20251224141941,https://lifeattiktok.com/search/7398070275386804507,2
7398073518564903205,jobs_bytedance,20250622053259,https://jobs.bytedance.com/en/position/7398073518564903205/detail?utm_source=Technology+Crossover+Ventures+job+board&utm_medium=getro.com&gh_src=Technology+Crossover+Ventures+job+board,1
7398074055054838054,jobs_bytedance,20250424231602,https://jobs.bytedance.com/en/position/7398074055054838054/detail?utm_source=Lead+Edge+Capital+job+board&utm_medium=getro.com&gh_src=Lead+Edge+Capital+job+board,2
7398109217176275238,jobs_bytedance,20250424221748,https://jobs.bytedance.com/en/position/7398109217176275238/detail?utm_source=Lead+Edge+Capital+job+board&utm_medium=getro.com&gh_src=Lead+Edge+Capital+job+board,1
7398117890434779430,jobs_bytedance,20250615113413,https://jobs.bytedance.com/en/position/7398117890434779430/detail?utm_source=Technology+Crossover+Ventures+job+board&utm_medium=getro.com&gh_src=Technology+Crossover+Ventures+job+board,2
7398119055682996517,jobs_bytedance,20250622051821,https://jobs.bytedance.com/en/position/7398119055682996517/detail?utm_source=Technology+Crossover+Ventures+job+board&utm_medium=getro.com&gh_src=Technology+Crossover+Ventures+job+board,1
7398125880927389961,jobs_bytedance,20241010035830,https://jobs.bytedance.com/en/position/7398125880927389961/detail?utm_source=Technology+Crossover+Ventures+job+board&utm_medium=getro.com&gh_src=Technology+Crossover+Ventures+job+board,1
7398126879839144219,jobs_bytedance,20241010050458,https://jobs.bytedance.com/en/position/7398126879839144219/detail?utm_source=Technology+Crossover+Ventures+job+board&utm_medium=getro.com&gh_src=Technology+Crossover+Ventures+job+board,1
7398134007081683250,jobs_bytedance,20250424225852,https://jobs.bytedance.com/en/position/7398134007081683250/detail?utm_source=Lead+Edge+Capital+job+board&utm_medium=getro.com&gh_src=Lead+Edge+Capital+job+board,1
7398134771819235622,jobs_bytedance,20250615121515,https://jobs.bytedance.com/en/position/7398134771819235622/detail?utm_source=Lead+Edge+Capital+job+board&utm_medium=getro.com&gh_src=Lead+Edge+Capital+job+board,1
7398136987276020018,jobs_bytedance,20250617015543,https://jobs.bytedance.com/en/position/7398136987276020018/detail?utm_source=Technology+Crossover+Ventures+job+board&utm_medium=getro.com&gh_src=Technology+Crossover+Ventures+job+board,2
7398137554090313994,lifeattiktok,20250602004639,https://lifeattiktok.com/search/7398137554090313994,1
7398140655631681843,lifeattiktok,20250428105437,https://lifeattiktok.com/search/7398140655631681843,1
7398144665146951986,jobs_bytedance,20241010053229,https://jobs.bytedance.com/en/position/7398144665146951986/detail?utm_source=Technology+Crossover+Ventures+job+board&utm_medium=getro.com&gh_src=Technology+Crossover+Ventures+job+board,1
7398146784331843849,jobs_bytedance,20250319131822,https://jobs.bytedance.com/en/position/7398146784331843849/detail?utm_source=Technology+Crossover+Ventures+job+board&utm_medium=getro.com&gh_src=Technology+Crossover+Ventures+job+board,1
7398146834055317770,jobs_bytedance,20250622052034,https://jobs.bytedance.com/en/position/7398146834055317770/detail?utm_source=Technology+Crossover+Ventures+job+board&utm_medium=getro.com&gh_src=Technology+Crossover+Ventures+job+board,1
7398148475659618611,jobs_bytedance,20241010053156,https://jobs.bytedance.com/en/position/7398148475659618611/detail?utm_source=Technology+Crossover+Ventures+job+board&utm_medium=getro.com&gh_src=Technology+Crossover+Ventures+job+board,1
7398149349609589030,jobs_bytedance,20250811040112,https://jobs.bytedance.com/en/position/7398149349609589030/detail?utm_source=Lead+Edge+Capital+job+board&utm_medium=getro.com&gh_src=Lead+Edge+Capital+job+board,2
7398207085609683227,jobs_bytedance,20241010053600,https://jobs.bytedance.com/en/position/7398207085609683227/detail?utm_source=Technology+Crossover+Ventures+job+board&utm_medium=getro.com&gh_src=Technology+Crossover+Ventures+job+board,1
7398213154511522057,lifeattiktok,20250408065648,https://lifeattiktok.com/search/7398213154511522057,2
7398231197853616394,lifeattiktok,20250315083625,https://lifeattiktok.com/search/7398231197853616394,2
7398257415176702245,jobs_bytedance,20241010043709,https://jobs.bytedance.com/en/position/7398257415176702245/detail?utm_source=Technology+Crossover+Ventures+job+board&utm_medium=getro.com&gh_src=Technology+Crossover+Ventures+job+board,1
7398287572708952346,jobs_bytedance,20250622054336,https://jobs.bytedance.com/en/position/7398287572708952346/detail,2
7398287837747939634,jobs_bytedance,20250622052640,https://jobs.bytedance.com/en/position/7398287837747939634/detail?utm_source=Technology+Crossover+Ventures+job+board&utm_medium=getro.com&gh_src=Technology+Crossover+Ventures+job+board,2
7398293890061469979,careers_tiktok,20240921015328,https://careers.tiktok.com/position/7398293890061469979/detail?,1
7398308154478479642,careers_tiktok,20241014214005,https://careers.tiktok.com/position/7398308154478479642/detail,1
7398359785978300710,jobs_bytedance,20250617015936,https://jobs.bytedance.com/en/position/7398359785978300710/detail?utm_source=Technology+Crossover+Ventures+job+board&utm_medium=getro.com&gh_src=Technology+Crossover+Ventures+job+board,1
7398363229271804198,jobs_bytedance,20250125223937,https://jobs.bytedance.com/en/position/7398363229271804198/detail?utm_source=Technology+Crossover+Ventures+job+board&utm_medium=getro.com&gh_src=Technology+Crossover+Ventures+job+board,1
7398413673407121701,jobs_bytedance,20250319115934,https://jobs.bytedance.com/en/position/7398413673407121701/detail?utm_source=Technology+Crossover+Ventures+job+board&utm_medium=getro.com&gh_src=Technology+Crossover+Ventures+job+board,1
7398413778008721690,jobs_bytedance,20250622051039,https://jobs.bytedance.com/en/position/7398413778008721690/detail?utm_source=Coatue+Management+job+board&utm_medium=getro.com&gh_src=Coatue+Management+job+board,2
7398461472865012018,jobs_bytedance,20241007011508,https://jobs.bytedance.com/en/position/7398461472865012018/detail?utm_source=Lead+Edge+Capital+job+board&utm_medium=getro.com&gh_src=Lead+Edge+Capital+job+board,1
7398466262953167155,jobs_bytedance,20241007024007,https://jobs.bytedance.com/en/position/7398466262953167155/detail?utm_source=Lead+Edge+Capital+job+board&utm_medium=getro.com&gh_src=Lead+Edge+Capital+job+board,1
7398559756154226971,lifeattiktok,20250613200701,https://lifeattiktok.com/search/7398559756154226971,1
7398573292024449317,lifeattiktok,20250118071142,https://lifeattiktok.com/search/7398573292024449317,1
7398576522695002405,lifeattiktok,20250206233542,https://lifeattiktok.com/search/7398576522695002405?spread=5MWH5CQ,1
7398601056248498441,jobs_bytedance,20250617014439,https://jobs.bytedance.com/en/position/7398601056248498441/detail?utm_source=Lead+Edge+Capital+job+board&utm_medium=getro.com&gh_src=Lead+Edge+Capital+job+board,2
7398601268363102490,jobs_bytedance,20241010035516,https://jobs.bytedance.com/en/position/7398601268363102490/detail?utm_source=Technology+Crossover+Ventures+job+board&utm_medium=getro.com&gh_src=Technology+Crossover+Ventures+job+board,1
7398613014561851698,jobs_bytedance,20241007012443,https://jobs.bytedance.com/en/position/7398613014561851698/detail?utm_source=Lead+Edge+Capital+job+board&utm_medium=getro.com&gh_src=Lead+Edge+Capital+job+board,1
7398619179483728178,jobs_bytedance,20241010042127,https://jobs.bytedance.com/en/position/7398619179483728178/detail?utm_source=Technology+Crossover+Ventures+job+board&utm_medium=getro.com&gh_src=Technology+Crossover+Ventures+job+board,1
7398619275366172966,jobs_bytedance,20250216191528,https://jobs.bytedance.com/en/position/7398619275366172966/detail?utm_source=Lead+Edge+Capital+job+board&utm_medium=getro.com&gh_src=Lead+Edge+Capital+job+board,1
7398625769516665138,jobs_bytedance,20250617021429,https://jobs.bytedance.com/en/position/7398625769516665138/detail?utm_source=Technology+Crossover+Ventures+job+board&utm_medium=getro.com&gh_src=Technology+Crossover+Ventures+job+board,1
7398639311862696229,jobs_bytedance,20250522004302,https://jobs.bytedance.com/en/position/7398639311862696229/detail?utm_source=Technology+Crossover+Ventures+job+board&utm_medium=getro.com&gh_src=Technology+Crossover+Ventures+job+board,1
7398644137539733797,jobs_bytedance,20241007013908,https://jobs.bytedance.com/en/position/7398644137539733797/detail?utm_source=Lead+Edge+Capital+job+board&utm_medium=getro.com&gh_src=Lead+Edge+Capital+job+board,1
7398657918164650267,jobs_bytedance,20241007011426,https://jobs.bytedance.com/en/position/7398657918164650267/detail?utm_source=Lead+Edge+Capital+job+board&utm_medium=getro.com&gh_src=Lead+Edge+Capital+job+board,1
7398733461756840230,jobs_bytedance,20250709165116,https://jobs.bytedance.com/en/position/7398733461756840230/detail,2
7398737583847426331,jobs_bytedance,20250715045703,https://jobs.bytedance.com/en/position/7398737583847426331/detail?utm_source=Technology+Crossover+Ventures+job+board&utm_medium=getro.com&gh_src=Technology+Crossover+Ventures+job+board,1
7399246858025060617,lifeattiktok,20250807070746,https://lifeattiktok.com/search/7399246858025060617,1
7399268088493590821,lifeattiktok,20250320072740,https://lifeattiktok.com/search/7399268088493590821?spread=5MWH5CQ,1
7399490400585435402,lifeattiktok,20250401164433,https://lifeattiktok.com/search/7399490400585435402,2
7399510472347273509,jobs_bytedance,20250524041007,https://jobs.bytedance.com/en/position/7399510472347273509/detail?utm_source=Coatue+Management+job+board&utm_medium=getro.com&gh_src=Coatue+Management+job+board,3
7399564112265316646,jobs_bytedance,20250521234543,https://jobs.bytedance.com/en/position/7399564112265316646/detail?utm_source=Technology+Crossover+Ventures+job+board&utm_medium=getro.com&gh_src=Technology+Crossover+Ventures+job+board,1
7399579639083813157,jobs_bytedance,20241010044157,https://jobs.bytedance.com/en/position/7399579639083813157/detail?utm_source=Technology+Crossover+Ventures+job+board&utm_medium=getro.com&gh_src=Technology+Crossover+Ventures+job+board,1
7399638481338960165,lifeattiktok,20250406112607,https://lifeattiktok.com/search/7399638481338960165,2
7399771329594296627,lifeattiktok,20260124043315,https://lifeattiktok.com/search/7399771329594296627,1
7399823194368051494,jobs_bytedance,20241010041552,https://jobs.bytedance.com/en/position/7399823194368051494/detail?utm_source=Technology+Crossover+Ventures+job+board&utm_medium=getro.com&gh_src=Technology+Crossover+Ventures+job+board,1
7399922693376313637,jobs_bytedance,20250513124942,https://jobs.bytedance.com/en/position/7399922693376313637/detail?utm_source=Coatue+Management+job+board&utm_medium=getro.com&gh_src=Coatue+Management+job+board,1
7399925545742289202,jobs_bytedance,20250622054434,https://jobs.bytedance.com/en/position/7399925545742289202/detail?utm_source=Technology+Crossover+Ventures+job+board&utm_medium=getro.com&gh_src=Technology+Crossover+Ventures+job+board,3
7399941010665425202,lifeattiktok,20250415171325,https://lifeattiktok.com/search/7399941010665425202,3
7399943238310758694,jobs_bytedance,20241010050704,https://jobs.bytedance.com/en/position/7399943238310758694/detail?utm_source=Technology+Crossover+Ventures+job+board&utm_medium=getro.com&gh_src=Technology+Crossover+Ventures+job+board,1
7400003224944462118,jobs_bytedance,20250424235950,https://jobs.bytedance.com/en/position/7400003224944462118/detail?utm_source=Lead+Edge+Capital+job+board&utm_medium=getro.com&gh_src=Lead+Edge+Capital+job+board,1
7400017228671961371,jobs_bytedance,20250709185954,https://jobs.bytedance.com/en/position/7400017228671961371/detail,2
7400019418505857330,jobs_bytedance,20250615122334,https://jobs.bytedance.com/en/position/7400019418505857330/detail?utm_source=Lead+Edge+Capital+job+board&utm_medium=getro.com&gh_src=Lead+Edge+Capital+job+board,1
7400191947107092773,lifeattiktok,20250720204435,https://lifeattiktok.com/search/7400191947107092773,1
7400213178523863347,careers_tiktok,20240815113439,https://careers.tiktok.com/position/7400213178523863347/detail?spread=XKM9ZXE,1
7400282867568707878,lifeattiktok,20250718101822,https://lifeattiktok.com/search/7400282867568707878?utm_campaign=midjourney-rolls-out-web-ai-image-editor&utm_medium=referral&utm_source=www.aiplanetx.com,2
7400285479042746650,jobs_bytedance,20250424223716,https://jobs.bytedance.com/en/position/7400285479042746650/detail?utm_source=Lead+Edge+Capital+job+board&utm_medium=getro.com&gh_src=Lead+Edge+Capital+job+board,1
7400291146923051315,jobs_bytedance,20250709184231,https://jobs.bytedance.com/en/position/7400291146923051315/detail,2
7400296983406397747,lifeattiktok,20250406111351,https://lifeattiktok.com/search/7400296983406397747,2
7400299873709361418,lifeattiktok,20241126202154,https://lifeattiktok.com/search/7400299873709361418,2
7400300091527563530,lifeattiktok,20241123012707,https://lifeattiktok.com/search/7400300091527563530,2
7400320342093744421,jobs_bytedance,20241010055022,https://jobs.bytedance.com/en/position/7400320342093744421/detail?utm_source=Technology+Crossover+Ventures+job+board&utm_medium=getro.com&gh_src=Technology+Crossover+Ventures+job+board,2
7400350505195145481,jobs_bytedance,20250814092441,https://jobs.bytedance.com/en/position/7400350505195145481/detail,2
7400357140658981146,lifeattiktok,20241218123551,https://lifeattiktok.com/search/7400357140658981146,2
7400376006081808666,jobs_bytedance,20250715041221,https://jobs.bytedance.com/en/position/7400376006081808666/detail?utm_source=Lead+Edge+Capital+job+board&utm_medium=getro.com&gh_src=Lead+Edge+Capital+job+board,1
7400377404143405339,jobs_bytedance,20250424234529,https://jobs.bytedance.com/en/position/7400377404143405339/detail?utm_source=Lead+Edge+Capital+job+board&utm_medium=getro.com&gh_src=Lead+Edge+Capital+job+board,2
7400425464672225563,lifeattiktok,20241216230521,https://lifeattiktok.com/search/7400425464672225563?_rsc=1jxw5,3
7400445012162906394,jobs_bytedance,20250513132544,https://jobs.bytedance.com/en/position/7400445012162906394/detail?utm_source=Coatue+Management+job+board&utm_medium=getro.com&gh_src=Coatue+Management+job+board,2
7400445085328001317,jobs_bytedance,20250622051351,https://jobs.bytedance.com/en/position/7400445085328001317/detail?utm_source=Technology+Crossover+Ventures+job+board&utm_medium=getro.com&gh_src=Technology+Crossover+Ventures+job+board,2
7400448065084066098,jobs_bytedance,20250617004236,https://jobs.bytedance.com/en/position/7400448065084066098/detail?utm_source=Lead+Edge+Capital+job+board&utm_medium=getro.com&gh_src=Lead+Edge+Capital+job+board,1
7400448453485512997,jobs_bytedance,20250424234751,https://jobs.bytedance.com/en/position/7400448453485512997/detail?utm_source=Lead+Edge+Capital+job+board&utm_medium=getro.com&gh_src=Lead+Edge+Capital+job+board,1
7400455286509078821,lifeattiktok,20241216230526,https://lifeattiktok.com/search/7400455286509078821?_rsc=1jxw5,3
7400533841788668211,lifeattiktok,20251116234238,https://lifeattiktok.com/search/7400533841788668211,1
7400541976984209702,jobs_bytedance,20250622045438,https://jobs.bytedance.com/en/position/7400541976984209702/detail?utm_source=Technology+Crossover+Ventures+job+board&utm_medium=getro.com&gh_src=Technology+Crossover+Ventures+job+board,1
7400552028902197530,lifeattiktok,20250808234554,https://lifeattiktok.com/search/7400552028902197530,2
7400562175742134579,jobs_bytedance,20241007025814,https://jobs.bytedance.com/en/position/7400562175742134579/detail?utm_source=Lead+Edge+Capital+job+board&utm_medium=getro.com&gh_src=Lead+Edge+Capital+job+board,1
7400566678927198474,jobs_bytedance,20250524025440,https://jobs.bytedance.com/en/position/7400566678927198474/detail?utm_source=Coatue+Management+job+board&utm_medium=getro.com&gh_src=Coatue+Management+job+board,2
7400567633987258650,jobs_bytedance,20250519122543,https://jobs.bytedance.com/en/position/7400567633987258650/detail?utm_source=Lead+Edge+Capital+job+board&utm_medium=getro.com&gh_src=Lead+Edge+Capital+job+board,2
7400604867028912393,jobs_bytedance,20250622051202,https://jobs.bytedance.com/en/position/7400604867028912393/detail?utm_source=Technology+Crossover+Ventures+job+board&utm_medium=getro.com&gh_src=Technology+Crossover+Ventures+job+board,3
7400657277185181989,lifeattiktok,20250429072920,https://lifeattiktok.com/search/7400657277185181989,3
7400681667474884901,jobs_bytedance,20250615115919,https://jobs.bytedance.com/en/position/7400681667474884901/detail?utm_source=Lead+Edge+Capital+job+board&utm_medium=getro.com&gh_src=Lead+Edge+Capital+job+board,3
7400684502639331634,jobs_bytedance,20250513125723,https://jobs.bytedance.com/en/position/7400684502639331634/detail?utm_source=Coatue+Management+job+board&utm_medium=getro.com&gh_src=Coatue+Management+job+board,2
7400689141099039013,jobs_bytedance,20250814215514,https://jobs.bytedance.com/en/position/7400689141099039013/detail,3
7400788049720052019,careers_tiktok,20240901121422,https://careers.tiktok.com/position/7400788049720052019/detail,1
7400808756194461961,lifeattiktok,20260902100326,https://lifeattiktok.com/search/7400808756194461961?utm_source=Simplify,3
7400856444339800371,lifeattiktok,20241129050005,https://lifeattiktok.com/search/7400856444339800371,1
7400947636923140403,jobs_bytedance,20250615115644,https://jobs.bytedance.com/en/position/7400947636923140403/detail?utm_source=Technology+Crossover+Ventures+job+board&utm_medium=getro.com&gh_src=Technology+Crossover+Ventures+job+board,1
7400982664037845258,lifeattiktok,20260506084632,https://lifeattiktok.com/search/7400982664037845258?_rsc=1m3ql,3
7401043251136350515,jobs_bytedance,20241007025611,https://jobs.bytedance.com/en/position/7401043251136350515/detail?utm_source=Lead+Edge+Capital+job+board&utm_medium=getro.com&gh_src=Lead+Edge+Capital+job+board,1
7401103224751245577,jobs_bytedance,20241007030356,https://jobs.bytedance.com/en/position/7401103224751245577/detail?utm_source=Lead+Edge+Capital+job+board&utm_medium=getro.com&gh_src=Lead+Edge+Capital+job+board,2
7401107098253740326,lifeattiktok,20250725202005,https://lifeattiktok.com/search/7401107098253740326,1
7401193993441151242,careers_tiktok,20240904013803,https://careers.tiktok.com/position/7401193993441151242/detail,2
7401222167579068709,lifeattiktok,20241217220457,https://lifeattiktok.com/search/7401222167579068709,2
7401271960653498661,lifeattiktok,20250801161318,https://lifeattiktok.com/search/7401271960653498661,1
7402184091698776346,lifeattiktok,20250709150539,https://lifeattiktok.com/search/7402184091698776346,2
7402186468313336101,lifeattiktok,20250908032758,https://lifeattiktok.com/search/7402186468313336101,1
7402220165508057354,lifeattiktok,20251030102216,https://lifeattiktok.com/search/7402220165508057354?spread=128SD3R,3
7402265998160972070,jobs_bytedance,20250811051041,https://jobs.bytedance.com/en/position/7402265998160972070/detail?utm_source=Lead+Edge+Capital+job+board&utm_medium=getro.com&gh_src=Lead+Edge+Capital+job+board,1
7402283818281781530,lifeattiktok,20250613193445,https://lifeattiktok.com/search/7402283818281781530?spread=5MWH5CQ,2
7402298934204909874,lifeattiktok,20241208101242,https://lifeattiktok.com/search/7402298934204909874,1
7402303113158543626,careers_tiktok,20240921031216,https://careers.tiktok.com/position/7402303113158543626/detail?spread=5MWH5CQ,1
7402311879903496499,lifeattiktok,20241208082906,https://lifeattiktok.com/search/7402311879903496499,1
7402311879903807795,lifeattiktok,20241208081819,https://lifeattiktok.com/search/7402311879903807795,1
7402335491033172274,jobs_bytedance,20250617021527,https://jobs.bytedance.com/en/position/7402335491033172274/detail?utm_source=Lead+Edge+Capital+job+board&utm_medium=getro.com&gh_src=Lead+Edge+Capital+job+board,1
7402342457238800667,lifeattiktok,20241126215731,https://lifeattiktok.com/search/7402342457238800667,3
7402342838702442779,lifeattiktok,20250411223127,https://lifeattiktok.com/search/7402342838702442779?_rsc=1agbz,3
7402410190861601033,jobs_bytedance,20250615113710,https://jobs.bytedance.com/en/position/7402410190861601033/detail?utm_source=Technology+Crossover+Ventures+job+board&utm_medium=getro.com&gh_src=Technology+Crossover+Ventures+job+board,2
7402411810685569307,jobs_bytedance,20250513125320,https://jobs.bytedance.com/en/position/7402411810685569307/detail?utm_source=Coatue+Management+job+board&utm_medium=getro.com&gh_src=Coatue+Management+job+board,3
7402413228137416987,jobs_bytedance,20250622055923,https://jobs.bytedance.com/en/position/7402413228137416987/detail?utm_source=Technology+Crossover+Ventures+job+board&utm_medium=getro.com&gh_src=Technology+Crossover+Ventures+job+board,1
7402419823278082331,jobs_bytedance,20250715044852,https://jobs.bytedance.com/en/position/7402419823278082331/detail?utm_source=Lead+Edge+Capital+job+board&utm_medium=getro.com&gh_src=Lead+Edge+Capital+job+board,1
7402419828608829706,jobs_bytedance,20250615110225,https://jobs.bytedance.com/en/position/7402419828608829706/detail?utm_source=Lead+Edge+Capital+job+board&utm_medium=getro.com&gh_src=Lead+Edge+Capital+job+board,1
7402420906801531173,jobs_bytedance,20250615113542,https://jobs.bytedance.com/en/position/7402420906801531173/detail?utm_source=Technology+Crossover+Ventures+job+board&utm_medium=getro.com&gh_src=Technology+Crossover+Ventures+job+board,1
7402439404712692019,jobs_bytedance,20250709143932,https://jobs.bytedance.com/en/position/7402439404712692019/detail,2
7402442041638029618,jobs_bytedance,20250216175712,https://jobs.bytedance.com/en/position/7402442041638029618/detail?utm_source=Lead+Edge+Capital+job+board&utm_medium=getro.com&gh_src=Lead+Edge+Capital+job+board,1
7402499095930226971,lifeattiktok,20250403044334,https://lifeattiktok.com/search/7402499095930226971,2
7402518607076919603,jobs_bytedance,20250811043606,https://jobs.bytedance.com/en/position/7402518607076919603/detail?utm_source=Technology+Crossover+Ventures+job+board&utm_medium=getro.com&gh_src=Technology+Crossover+Ventures+job+board,2
7402526056303315250,jobs_bytedance,20250730032349,https://jobs.bytedance.com/en/position/7402526056303315250/detail,1
7402558322568972582,jobs_bytedance,20241010053122,https://jobs.bytedance.com/en/position/7402558322568972582/detail?utm_source=Technology+Crossover+Ventures+job+board&utm_medium=getro.com&gh_src=Technology+Crossover+Ventures+job+board,1
7402585054171515146,jobs_bytedance,20250622050105,https://jobs.bytedance.com/en/position/7402585054171515146/detail?utm_source=Technology+Crossover+Ventures+job+board&utm_medium=getro.com&gh_src=Technology+Crossover+Ventures+job+board,1
7402639689725397258,lifeattiktok,20250613201842,https://lifeattiktok.com/search/7402639689725397258,2
7402720701675440421,jobs_bytedance,20250622060949,https://jobs.bytedance.com/en/position/7402720701675440421/detail?utm_source=Technology+Crossover+Ventures+job+board&utm_medium=getro.com&gh_src=Technology+Crossover+Ventures+job+board,1
7402734319033665818,lifeattiktok,20250206232554,https://lifeattiktok.com/search/7402734319033665818,1
7402780405227555122,careers_tiktok,20240905172138,https://careers.tiktok.com/position/7402780405227555122/detail,1
7402794493819799859,jobs_bytedance,20250808073205,https://jobs.bytedance.com/en/position/7402794493819799859/detail?utm_source=Technology+Crossover+Ventures+job+board&utm_medium=getro.com&gh_src=Technology+Crossover+Ventures+job+board,2
7402794494389700890,jobs_bytedance,20250715041702,https://jobs.bytedance.com/en/position/7402794494389700890/detail?utm_source=Lead+Edge+Capital+job+board&utm_medium=getro.com&gh_src=Lead+Edge+Capital+job+board,1
7402794679266150683,jobs_bytedance,20241010052521,https://jobs.bytedance.com/en/position/7402794679266150683/detail?utm_source=Technology+Crossover+Ventures+job+board&utm_medium=getro.com&gh_src=Technology+Crossover+Ventures+job+board,1
7402808239304624410,jobs_bytedance,20250319132133,https://jobs.bytedance.com/en/position/7402808239304624410/detail?utm_source=Technology+Crossover+Ventures+job+board&utm_medium=getro.com&gh_src=Technology+Crossover+Ventures+job+board,1
7402835337246214427,jobs_bytedance,20241010054523,https://jobs.bytedance.com/en/position/7402835337246214427/detail?utm_source=Technology+Crossover+Ventures+job+board&utm_medium=getro.com&gh_src=Technology+Crossover+Ventures+job+board,2
7402914561341081882,lifeattiktok,20251224100812,https://lifeattiktok.com/search/7402914561341081882,2
7402942067992774939,lifeattiktok,20250729131926,https://lifeattiktok.com/search/7402942067992774939,1
7403020733049342245,lifeattiktok,20241208083009,https://lifeattiktok.com/search/7403020733049342245,1
7403079081606744370,lifeattiktok,20250401214319,https://lifeattiktok.com/search/7403079081606744370,2
7403082028914854195,lifeattiktok,20241127041307,https://lifeattiktok.com/search/7403082028914854195,2
7403129603608873253,lifeattiktok,20250427041349,https://lifeattiktok.com/search/7403129603608873253?spread=5MWH5CQ,2
7403131779765455155,lifeattiktok,20241129045949,https://lifeattiktok.com/search/7403131779765455155,1
7403132055708682522,careers_tiktok,20240905205759,https://careers.tiktok.com/position/7403132055708682522/detail,1
7403144896293685555,lifeattiktok,20241217191422,https://lifeattiktok.com/search/7403144896293685555,1
7403181940322683146,jobs_bytedance,20250622055450,https://jobs.bytedance.com/en/position/7403181940322683146/detail?utm_source=Technology+Crossover+Ventures+job+board&utm_medium=getro.com&gh_src=Technology+Crossover+Ventures+job+board,1
7403182218652240166,jobs_bytedance,20241010043204,https://jobs.bytedance.com/en/position/7403182218652240166/detail?utm_source=Technology+Crossover+Ventures+job+board&utm_medium=getro.com&gh_src=Technology+Crossover+Ventures+job+board,1
7403184338018257161,jobs_bytedance,20250319131119,https://jobs.bytedance.com/en/position/7403184338018257161/detail?utm_source=Lead+Edge+Capital+job+board&utm_medium=getro.com&gh_src=Lead+Edge+Capital+job+board,1
7403212490823649545,jobs_bytedance,20241007023616,https://jobs.bytedance.com/en/position/7403212490823649545/detail?utm_source=Lead+Edge+Capital+job+board&utm_medium=getro.com&gh_src=Lead+Edge+Capital+job+board,1
7403244054156593459,lifeattiktok,20250817035421,https://lifeattiktok.com/search/7403244054156593459,1
7403245063176194341,lifeattiktok,20250817035319,https://lifeattiktok.com/search/7403245063176194341,1
7403334800747170086,jobs_bytedance,20241010044554,https://jobs.bytedance.com/en/position/7403334800747170086/detail?utm_source=Technology+Crossover+Ventures+job+board&utm_medium=getro.com&gh_src=Technology+Crossover+Ventures+job+board,1
7403586692382411035,jobs_bytedance,20250615124154,https://jobs.bytedance.com/en/position/7403586692382411035/detail?utm_source=Technology+Crossover+Ventures+job+board&utm_medium=getro.com&gh_src=Technology+Crossover+Ventures+job+board,1
7403600622296484147,jobs_bytedance,20241010043258,https://jobs.bytedance.com/en/position/7403600622296484147/detail?utm_source=Technology+Crossover+Ventures+job+board&utm_medium=getro.com&gh_src=Technology+Crossover+Ventures+job+board,1
7403789005329189170,lifeattiktok,20251211123910,https://lifeattiktok.com/search/7403789005329189170,1
7403818786812184869,jobs_bytedance,20250513123103,https://jobs.bytedance.com/en/position/7403818786812184869/detail?utm_source=Coatue+Management+job+board&utm_medium=getro.com&gh_src=Coatue+Management+job+board,1
7403856281251219721,jobs_bytedance,20241010041624,https://jobs.bytedance.com/en/position/7403856281251219721/detail?utm_source=Technology+Crossover+Ventures+job+board&utm_medium=getro.com&gh_src=Technology+Crossover+Ventures+job+board,1
7403864895417092362,lifeattiktok,20250822210744,https://lifeattiktok.com/search/7403864895417092362,1
7404682912493242662,jobs_bytedance,20250617015316,https://jobs.bytedance.com/en/position/7404682912493242662/detail?utm_source=Lead+Edge+Capital+job+board&utm_medium=getro.com&gh_src=Lead+Edge+Capital+job+board,1
7404816705711212850,lifeattiktok,20250427023913,https://lifeattiktok.com/search/7404816705711212850,2
7404943538830264614,jobs_bytedance,20250617013200,https://jobs.bytedance.com/en/position/7404943538830264614/detail?utm_source=Technology+Crossover+Ventures+job+board&utm_medium=getro.com&gh_src=Technology+Crossover+Ventures+job+board,1
7405079046089017610,lifeattiktok,20241217213429,https://lifeattiktok.com/search/7405079046089017610,1
7405124644528146738,jobs_bytedance,20250425000158,https://jobs.bytedance.com/en/position/7405124644528146738/detail?utm_source=Technology+Crossover+Ventures+job+board&utm_medium=getro.com&gh_src=Technology+Crossover+Ventures+job+board,1
7405209150168582410,jobs_bytedance,20250522002345,https://jobs.bytedance.com/en/position/7405209150168582410/detail?utm_source=Technology+Crossover+Ventures+job+board&utm_medium=getro.com&gh_src=Technology+Crossover+Ventures+job+board,1
7405233732342368521,jobs_bytedance,20250521231801,https://jobs.bytedance.com/en/position/7405233732342368521/detail?utm_source=Technology+Crossover+Ventures+job+board&utm_medium=getro.com&gh_src=Technology+Crossover+Ventures+job+board,1
7405303829309573427,jobs_bytedance,20250319115746,https://jobs.bytedance.com/en/position/7405303829309573427/detail?utm_source=Lead+Edge+Capital+job+board&utm_medium=getro.com&gh_src=Lead+Edge+Capital+job+board,2
7405333572192930085,lifeattiktok,20250315080206,https://lifeattiktok.com/search/7405333572192930085?spread=5MWH5CQ,2
7405365759284709642,careers_tiktok,20240901232517,https://careers.tiktok.com/position/7405365759284709642/detail,1
7405375821998950707,jobs_bytedance,20250216184347,https://jobs.bytedance.com/en/position/7405375821998950707/detail?spread=BSPP2KS&utm_medium=jobboard&utm_source=jobright,1
7405391054461667621,jobs_bytedance,20250319114411,https://jobs.bytedance.com/en/position/7405391054461667621/detail?utm_source=Technology+Crossover+Ventures+job+board&utm_medium=getro.com&gh_src=Technology+Crossover+Ventures+job+board,1
7405508453395761435,jobs_bytedance,20241010044257,https://jobs.bytedance.com/en/position/7405508453395761435/detail?utm_source=Technology+Crossover+Ventures+job+board&utm_medium=getro.com&gh_src=Technology+Crossover+Ventures+job+board,1
7405527279160133898,lifeattiktok,20250404224918,https://lifeattiktok.com/search/7405527279160133898,2
7405573336766531877,lifeattiktok,20250118072040,https://lifeattiktok.com/search/7405573336766531877,1
7405726137865177371,jobs_bytedance,20250622043802,https://jobs.bytedance.com/en/position/7405726137865177371/detail?utm_source=Technology+Crossover+Ventures+job+board&utm_medium=getro.com&gh_src=Technology+Crossover+Ventures+job+board,2
7405796893140584742,jobs_bytedance,20250622055203,https://jobs.bytedance.com/en/position/7405796893140584742/detail?utm_source=Technology+Crossover+Ventures+job+board&utm_medium=getro.com&gh_src=Technology+Crossover+Ventures+job+board,1
7405799762748115238,jobs_bytedance,20241010040958,https://jobs.bytedance.com/en/position/7405799762748115238/detail?utm_source=Technology+Crossover+Ventures+job+board&utm_medium=getro.com&gh_src=Technology+Crossover+Ventures+job+board,1
7405837086333897011,lifeattiktok,20250427225632,https://lifeattiktok.com/search/7405837086333897011,1
7406114161916840229,jobs_bytedance,20250617015804,https://jobs.bytedance.com/en/position/7406114161916840229/detail?utm_source=Lead+Edge+Capital+job+board&utm_medium=getro.com&gh_src=Lead+Edge+Capital+job+board,2
7406115237839014171,jobs_bytedance,20250622055231,https://jobs.bytedance.com/en/position/7406115237839014171/detail?utm_source=Technology+Crossover+Ventures+job+board&utm_medium=getro.com&gh_src=Technology+Crossover+Ventures+job+board,1
7406118548894026035,jobs_bytedance,20250524034057,https://jobs.bytedance.com/en/position/7406118548894026035/detail?utm_source=Coatue+Management+job+board&utm_medium=getro.com&gh_src=Coatue+Management+job+board,3
7406118561691552009,jobs_bytedance,20250424225504,https://jobs.bytedance.com/en/position/7406118561691552009/detail?utm_source=Lead+Edge+Capital+job+board&utm_medium=getro.com&gh_src=Lead+Edge+Capital+job+board,2
7406172334938212634,lifeattiktok,20250118061706,https://lifeattiktok.com/search/7406172334938212634,1
7406172940310645001,lifeattiktok,20250118062834,https://lifeattiktok.com/search/7406172940310645001,1
7406294670910834970,lifeattiktok,20241218141523,https://lifeattiktok.com/search/7406294670910834970?_rsc=q6nnv,1
7407472303879686426,lifeattiktok,20241208091906,https://lifeattiktok.com/search/7407472303879686426,1
7407514275022113061,jobs_bytedance,20241010034416,https://jobs.bytedance.com/en/position/7407514275022113061/detail?utm_source=Technology+Crossover+Ventures+job+board&utm_medium=getro.com&gh_src=Technology+Crossover+Ventures+job+board,1
7407522282182756659,lifeattiktok,20250303073219,https://lifeattiktok.com/search/7407522282182756659?_rsc=pyzdg,3
7407633521894738186,lifeattiktok,20251224105638,https://lifeattiktok.com/search/7407633521894738186,2
7407683674982811955,jobs_bytedance,20241010053922,https://jobs.bytedance.com/en/position/7407683674982811955/detail?utm_source=Technology+Crossover+Ventures+job+board&utm_medium=getro.com&gh_src=Technology+Crossover+Ventures+job+board,2
7407686880705956105,lifeattiktok,20241123081114,https://lifeattiktok.com/search/7407686880705956105,2
7407724660953893171,jobs_bytedance,20250622044214,https://jobs.bytedance.com/en/position/7407724660953893171/detail?utm_source=Technology+Crossover+Ventures+job+board&utm_medium=getro.com&gh_src=Technology+Crossover+Ventures+job+board,1
7407725822045751589,jobs_bytedance,20250519120219,https://jobs.bytedance.com/en/position/7407725822045751589/detail?utm_source=Technology+Crossover+Ventures+job+board&utm_medium=getro.com&gh_src=Technology+Crossover+Ventures+job+board,2
7407773024898599194,jobs_bytedance,20250524030359,https://jobs.bytedance.com/en/position/7407773024898599194/detail?utm_source=Coatue+Management+job+board&utm_medium=getro.com&gh_src=Coatue+Management+job+board,1
7407773156800203058,jobs_bytedance,20250617010019,https://jobs.bytedance.com/en/position/7407773156800203058/detail?utm_source=Lead+Edge+Capital+job+board&utm_medium=getro.com&gh_src=Lead+Edge+Capital+job+board,1
7407799519122213158,lifeattiktok,20250613190249,https://lifeattiktok.com/search/7407799519122213158,1
7407887081479063835,lifeattiktok,20241206073526,https://lifeattiktok.com/search/7407887081479063835?gh_src=Getro.org+job+board&utm_medium=getro.com&utm_source=Getro.org+job+board,1
7407898747860060425,jobs_bytedance,20241010033750,https://jobs.bytedance.com/en/position/7407898747860060425/detail?utm_source=Technology+Crossover+Ventures+job+board&utm_medium=getro.com&gh_src=Technology+Crossover+Ventures+job+board,1
7408098545339369765,lifeattiktok,20250417172259,https://lifeattiktok.com/search/7408098545339369765,2
7408120708772022566,jobs_bytedance,20241010042825,https://jobs.bytedance.com/en/position/7408120708772022566/detail?utm_source=Technology+Crossover+Ventures+job+board&utm_medium=getro.com&gh_src=Technology+Crossover+Ventures+job+board,1
7408192033347422474,jobs_bytedance,20250519104652,https://jobs.bytedance.com/en/position/7408192033347422474/detail?utm_source=Lead+Edge+Capital+job+board&utm_medium=getro.com&gh_src=Lead+Edge+Capital+job+board,2
7408217576985725222,jobs_bytedance,20250811044212,https://jobs.bytedance.com/en/position/7408217576985725222/detail?utm_source=Lead+Edge+Capital+job+board&utm_medium=getro.com&gh_src=Lead+Edge+Capital+job+board,1
7408240160636881190,lifeattiktok,20250613201536,https://lifeattiktok.com/search/7408240160636881190,1
7408294466044758282,jobs_bytedance,20250615114844,https://jobs.bytedance.com/en/position/7408294466044758282/detail?utm_source=Technology+Crossover+Ventures+job+board&utm_medium=getro.com&gh_src=Technology+Crossover+Ventures+job+board,1
7408394421639432485,lifeattiktok,20250402190015,https://lifeattiktok.com/search/7408394421639432485,2
7408453746407196955,lifeattiktok,20250520041114,https://lifeattiktok.com/search/7408453746407196955,1
7408492012017043762,lifeattiktok,20241217204641,https://lifeattiktok.com/search/7408492012017043762,2
7408549758087022858,lifeattiktok,20250118065328,https://lifeattiktok.com/search/7408549758087022858,1
7408567730082941210,lifeattiktok,20241208092742,https://lifeattiktok.com/search/7408567730082941210,1
7408626085015324979,lifeattiktok,20250817035319,https://lifeattiktok.com/search/7408626085015324979,1
7408646501163354419,jobs_bytedance,20250709182828,https://jobs.bytedance.com/en/position/7408646501163354419/detail,2
7409062278043797797,careers_tiktok,20240909035706,https://careers.tiktok.com/position/7409062278043797797/detail,1
7409941420034279717,jobs_bytedance,20250513142120,https://jobs.bytedance.com/en/position/7409941420034279717/detail?utm_source=Coatue+Management+job+board&utm_medium=getro.com&gh_src=Coatue+Management+job+board,1
7409951832829397274,jobs_bytedance,20250513132230,https://jobs.bytedance.com/en/position/7409951832829397274/detail?utm_source=Coatue+Management+job+board&utm_medium=getro.com&gh_src=Coatue+Management+job+board,1
7409989258309994762,lifeattiktok,20250613185857,https://lifeattiktok.com/search/7409989258309994762,1
7410090666446833930,lifeattiktok,20250613183538,https://lifeattiktok.com/search/7410090666446833930?spread=5MWH5CQ,1
7410243291055098121,lifeattiktok,20241126232428,https://lifeattiktok.com/search/7410243291055098121,2
7410243425793231141,lifeattiktok,20250414182037,https://lifeattiktok.com/search/7410243425793231141,5
7410263101017377074,jobs_bytedance,20250319130513,https://jobs.bytedance.com/en/position/7410263101017377074/detail?utm_source=Lead+Edge+Capital+job+board&utm_medium=getro.com&gh_src=Lead+Edge+Capital+job+board,1
7410321432646060315,lifeattiktok,20250613191241,https://lifeattiktok.com/search/7410321432646060315,2
7410357775282653477,jobs_bytedance,20250513133631,https://jobs.bytedance.com/en/position/7410357775282653477/detail?utm_source=Coatue+Management+job+board&utm_medium=getro.com&gh_src=Coatue+Management+job+board,1
7410409936994568498,jobs_bytedance,20250622050143,https://jobs.bytedance.com/en/position/7410409936994568498/detail?utm_source=Coatue+Management+job+board&utm_medium=getro.com&gh_src=Coatue+Management+job+board,1
7410474810780092681,lifeattiktok,20250822152623,https://lifeattiktok.com/search/7410474810780092681,1
7410479089565534515,lifeattiktok,20250817035358,https://lifeattiktok.com/search/7410479089565534515,1
7410550112344885541,jobs_bytedance,20250709135515,https://jobs.bytedance.com/en/position/7410550112344885541/detail,1
7410588565950171401,jobs_bytedance,20250524035937,https://jobs.bytedance.com/en/position/7410588565950171401/detail?utm_source=Coatue+Management+job+board&utm_medium=getro.com&gh_src=Coatue+Management+job+board,1
7410662356626753801,jobs_bytedance,20250615113808,https://jobs.bytedance.com/en/position/7410662356626753801/detail?utm_source=Lead+Edge+Capital+job+board&utm_medium=getro.com&gh_src=Lead+Edge+Capital+job+board,2
7410741323265771803,lifeattiktok,20250613202126,https://lifeattiktok.com/search/7410741323265771803,1
7410755483962083593,jobs_bytedance,20250519105111,https://jobs.bytedance.com/en/position/7410755483962083593/detail,1
7410837639753337138,lifeattiktok,20250801214146,https://lifeattiktok.com/search/7410837639753337138,1
7410837711621818633,lifeattiktok,20250801031214,https://lifeattiktok.com/search/7410837711621818633,1
7410838620825913638,lifeattiktok,20250801053435,https://lifeattiktok.com/search/7410838620825913638,1
7410967665361668390,jobs_bytedance,20250615113311,https://jobs.bytedance.com/en/position/7410967665361668390/detail?utm_source=Lead+Edge+Capital+job+board&utm_medium=getro.com&gh_src=Lead+Edge+Capital+job+board,1
7411269640254982451,lifeattiktok,20250206223546,https://lifeattiktok.com/search/7411269640254982451?spread=5MWH5CQ,2
7411270968180558106,lifeattiktok,20250206231706,https://lifeattiktok.com/search/7411270968180558106?spread=5MWH5CQ,3
7411379619041167667,jobs_bytedance,20250524022857,https://jobs.bytedance.com/en/position/7411379619041167667/detail?utm_source=Coatue+Management+job+board&utm_medium=getro.com&gh_src=Coatue+Management+job+board,1
7411437950691838234,jobs_bytedance,20240918215525,https://jobs.bytedance.com/en/position/7411437950691838234/detail,1
7411463197481355571,jobs_bytedance,20250524035649,https://jobs.bytedance.com/en/position/7411463197481355571/detail?utm_source=Coatue+Management+job+board&utm_medium=getro.com&gh_src=Coatue+Management+job+board,1
7411483042663205158,lifeattiktok,20250206233657,https://lifeattiktok.com/search/7411483042663205158?spread=5MWH5CQ,1
7411511358611687718,lifeattiktok,20250613202702,https://lifeattiktok.com/search/7411511358611687718,1
7411923657205123354,lifeattiktok,20251111054857,https://lifeattiktok.com/search/7411923657205123354,2
7411924379984005402,lifeattiktok,20250206215711,https://lifeattiktok.com/search/7411924379984005402,2
7411926931820038409,lifeattiktok,20241213205509,https://lifeattiktok.com/search/7411926931820038409?spread=5MWH5CQ,1
7412300243382307109,lifeattiktok,20250520032820,https://lifeattiktok.com/search/7412300243382307109,1
7412300870149130547,lifeattiktok,20250118070002,https://lifeattiktok.com/search/7412300870149130547?spread=5MWH5CQ,1
7412443519867193651,lifeattiktok,20251211111852,https://lifeattiktok.com/search/7412443519867193651,2
7412451777611745587,lifeattiktok,20250424103001,https://lifeattiktok.com/search/7412451777611745587,1
7412518888296761609,jobs_bytedance,20250615123837,https://jobs.bytedance.com/en/position/7412518888296761609/detail?utm_source=Lead+Edge+Capital+job+board&utm_medium=getro.com&gh_src=Lead+Edge+Capital+job+board,1
7412549513666103603,lifeattiktok,20250609163241,https://lifeattiktok.com/search/7412549513666103603,3
7412560611086059803,careers_tiktok,20240916143206,https://careers.tiktok.com/position/7412560611086059803/detail,1
7412947192110958899,lifeattiktok,20250408070746,https://lifeattiktok.com/search/7412947192110958899,1
7413062127667644709,lifeattiktok,20250427033404,https://lifeattiktok.com/search/7413062127667644709,2
7413167649297352970,lifeattiktok,20250929122349,https://lifeattiktok.com/search/7413167649297352970,1
7413359313924344091,lifeattiktok,20250613200834,https://lifeattiktok.com/search/7413359313924344091,2
7413395333701028133,careers_tiktok,20241004034154,https://careers.tiktok.com/position/7413395333701028133/detail,1
7413447673707022642,lifeattiktok,20250417161658,https://lifeattiktok.com/search/7413447673707022642,3
7413608399193704730,jobs_bytedance,20250709181713,https://jobs.bytedance.com/en/position/7413608399193704730/detail,1
7413673490433853746,lifeattiktok,20250929044159,https://lifeattiktok.com/search/7413673490433853746,1
7413825796525787430,lifeattiktok,20250613123045,https://lifeattiktok.com/search/7413825796525787430?utm_source=Getro.org+job+board&utm_medium=getro.com&gh_src=Getro.org+job+board,1
7413931079617562890,lifeattiktok,20250813193855,https://lifeattiktok.com/search/7413931079617562890,1
7413985794476329253,lifeattiktok,20250430192034,https://lifeattiktok.com/search/7413985794476329253,1
7414000297331689766,lifeattiktok,20250731215415,https://lifeattiktok.com/search/7414000297331689766,1
7414091321046944038,lifeattiktok,20250613184627,https://lifeattiktok.com/search/7414091321046944038,1
7414259602809784626,lifeattiktok,20251208080128,https://lifeattiktok.com/search/7414259602809784626?spread=5MWH5CQ,1
7414267899827472691,lifeattiktok,20241208083225,https://lifeattiktok.com/search/7414267899827472691,1
7414347815394412809,jobs_bytedance,20250622051230,https://jobs.bytedance.com/en/position/7414347815394412809/detail?utm_source=Technology+Crossover+Ventures+job+board&utm_medium=getro.com&gh_src=Technology+Crossover+Ventures+job+board,2
7414939166452959497,jobs_bytedance,20250801070251,https://jobs.bytedance.com/en/position/7414939166452959497/detail,1
7415306896867297545,lifeattiktok,20241126210929,https://lifeattiktok.com/search/7415306896867297545,2
7415314580400949513,jobs_bytedance,20250513134705,https://jobs.bytedance.com/en/position/7415314580400949513/detail?utm_source=Coatue+Management+job+board&utm_medium=getro.com&gh_src=Coatue+Management+job+board,1
7415314584527128842,lifeattiktok,20241125053609,https://lifeattiktok.com/search/7415314584527128842,3
7415314705096624422,jobs_bytedance,20250513130214,https://jobs.bytedance.com/en/position/7415314705096624422/detail?utm_source=Coatue+Management+job+board&utm_medium=getro.com&gh_src=Coatue+Management+job+board,1
7415315030742714633,lifeattiktok,20250206230104,https://lifeattiktok.com/search/7415315030742714633?spread=5MWH5CQ,1
7415596866261911845,lifeattiktok,20250613194621,https://lifeattiktok.com/search/7415596866261911845,1
7415653094870239539,lifeattiktok,20241205100141,https://lifeattiktok.com/search/7415653094870239539?spread=5MWH5CQ,1
7415685686287092005,lifeattiktok,20251209104850,https://lifeattiktok.com/search/7415685686287092005?spread=5MWH5CQ&utm_source=greenlightyourself.beehiiv.com&utm_medium=referral&utm_campaign=marty-lang-on-crafting-a-sustainable-filmmaking-career,2
7415711824593701146,lifeattiktok,20241126010226,https://lifeattiktok.com/search/7415711824593701146,2
7415733340151990538,lifeattiktok,20250503232714,https://lifeattiktok.com/search/7415733340151990538,2
7415960978896668978,lifeattiktok,20250801192019,https://lifeattiktok.com/search/7415960978896668978,1
7415979258340264201,lifeattiktok,20250415223850,https://lifeattiktok.com/search/7415979258340264201?spread=5MWH5CQ,1
7416018419018303781,lifeattiktok,20241119070618,https://lifeattiktok.com/search/7416018419018303781,2
7416033862087985435,lifeattiktok,20241217214709,https://lifeattiktok.com/search/7416033862087985435,2
7416037505017235738,jobs_bytedance,20250519120114,https://jobs.bytedance.com/en/position/7416037505017235738/detail?utm_source=Technology+Crossover+Ventures+job+board&utm_medium=getro.com&gh_src=Technology+Crossover+Ventures+job+board,1
7416237682676566323,lifeattiktok,20251224013524,https://lifeattiktok.com/search/7416237682676566323,1
7416266538875095323,jobs_bytedance,20250729182340,https://jobs.bytedance.com/en/position/7416266538875095323/detail,1
7416380801351108890,lifeattiktok,20260519175424,https://lifeattiktok.com/search/7416380801351108890?_rsc=1m3ql,2
7416739054333937947,lifeattiktok,20250613195300,https://lifeattiktok.com/search/7416739054333937947,1
7416741481035155762,lifeattiktok,20241208084700,https://lifeattiktok.com/search/7416741481035155762,1
7416748599410919706,lifeattiktok,20241123153654,https://lifeattiktok.com/search/7416748599410919706,1
7416762507324655909,lifeattiktok,20250324193207,https://lifeattiktok.com/search/7416762507324655909?_rsc=16c6u,2
7417684654910130441,lifeattiktok,20241208102213,https://lifeattiktok.com/search/7417684654910130441,1
7417685058192967987,lifeattiktok,20250613191430,https://lifeattiktok.com/search/7417685058192967987?spread=5MWH5CQ,2
7417781220383213834,lifeattiktok,20251117011220,https://lifeattiktok.com/search/7417781220383213834,1
7417782916840868146,lifeattiktok,20241208085455,https://lifeattiktok.com/search/7417782916840868146,1
7417891515852900617,jobs_bytedance,20250811051803,https://jobs.bytedance.com/en/position/7417891515852900617/detail?utm_source=Technology+Crossover+Ventures+job+board&utm_medium=getro.com&gh_src=Technology+Crossover+Ventures+job+board,2
7417893183773002010,jobs_bytedance,20250615112206,https://jobs.bytedance.com/en/position/7417893183773002010/detail?utm_source=Lead+Edge+Capital+job+board&utm_medium=getro.com&gh_src=Lead+Edge+Capital+job+board,2
7417893388433623306,jobs_bytedance,20250709175353,https://jobs.bytedance.com/en/position/7417893388433623306/detail,2
7417936202731194675,lifeattiktok,20250413184328,https://lifeattiktok.com/search/7417936202731194675,2
7417966132315261222,lifeattiktok,20241119144601,https://lifeattiktok.com/search/7417966132315261222,2
7418001890447051017,lifeattiktok,20241119033950,https://lifeattiktok.com/search/7418001890447051017?_rsc=8x1y1,1
7418032985637783859,jobs_bytedance,20250109032556,https://jobs.bytedance.com/en/position/7418032985637783859/detail,1
7418220240116418853,jobs_bytedance,20250622060526,https://jobs.bytedance.com/en/position/7418220240116418853/detail?utm_source=Coatue+Management+job+board&utm_medium=getro.com&gh_src=Coatue+Management+job+board,1
7418723107147548979,lifeattiktok,20241122153435,https://lifeattiktok.com/search/7418723107147548979,2
7418743595858381082,lifeattiktok,20241126010856,https://lifeattiktok.com/search/7418743595858381082,2
7418754195182684442,jobs_bytedance,20250709162227,https://jobs.bytedance.com/en/position/7418754195182684442/detail,1
7418774546175641906,lifeattiktok,20250817035329,https://lifeattiktok.com/search/7418774546175641906,1
7418982542168131850,jobs_bytedance,20250524023948,https://jobs.bytedance.com/en/position/7418982542168131850/detail?utm_source=Coatue+Management+job+board&utm_medium=getro.com&gh_src=Coatue+Management+job+board,1
7419084975192623411,jobs_bytedance,20250709160102,https://jobs.bytedance.com/en/position/7419084975192623411/detail,1
7419090678761883955,jobs_bytedance,20250709184411,https://jobs.bytedance.com/en/position/7419090678761883955/detail,2
7419380668767799590,lifeattiktok,20250314125528,https://lifeattiktok.com/search/7419380668767799590,2
7419389257666873651,jobs_bytedance,20250524040903,https://jobs.bytedance.com/en/position/7419389257666873651/detail?utm_source=Coatue+Management+job+board&utm_medium=getro.com&gh_src=Coatue+Management+job+board,2
7419417666814839091,lifeattiktok,20250613131516,https://lifeattiktok.com/search/7419417666814839091,1
7420018703029078323,lifeattiktok,20250613185134,https://lifeattiktok.com/search/7420018703029078323,1
7420584650819848498,lifeattiktok,20251016001522,https://lifeattiktok.com/search/7420584650819848498,1
7420632428723783946,lifeattiktok,20241125191352,https://lifeattiktok.com/search/7420632428723783946,2
7420756446650648869,lifeattiktok,20250814010552,https://lifeattiktok.com/search/7420756446650648869,2
7420801412127279369,lifeattiktok,20241217213127,https://lifeattiktok.com/search/7420801412127279369,3
7420877918141155621,lifeattiktok,20250613195826,https://lifeattiktok.com/search/7420877918141155621,1
7421020176924133670,jobs_bytedance,20250524024505,https://jobs.bytedance.com/en/position/7421020176924133670/detail?utm_source=Coatue+Management+job+board&utm_medium=getro.com&gh_src=Coatue+Management+job+board,1
7421023936648038706,jobs_bytedance,20250709154526,https://jobs.bytedance.com/en/position/7421023936648038706/detail,1
7421281559561029915,jobs_bytedance,20250709182843,https://jobs.bytedance.com/en/position/7421281559561029915/detail,1
7421297650185767205,lifeattiktok,20250118074535,https://lifeattiktok.com/search/7421297650185767205,1
7421298403826518282,lifeattiktok,20241111183854,https://lifeattiktok.com/search/7421298403826518282,2
7421299381896661275,lifeattiktok,20241122201355,https://lifeattiktok.com/search/7421299381896661275,1
7421761928941504806,lifeattiktok,20250723135411,https://lifeattiktok.com/search/7421761928941504806,3
7421840108092164378,lifeattiktok,20250907172215,https://lifeattiktok.com/search/7421840108092164378,1
7421843328280676659,lifeattiktok,20250406005429,https://lifeattiktok.com/search/7421843328280676659,2
7422008986834438438,jobs_bytedance,20250615122432,https://jobs.bytedance.com/en/position/7422008986834438438/detail?utm_source=Lead+Edge+Capital+job+board&utm_medium=getro.com&gh_src=Lead+Edge+Capital+job+board,2
7422009751532308787,jobs_bytedance,20250709184610,https://jobs.bytedance.com/en/position/7422009751532308787/detail,2
7422559578518931738,lifeattiktok,20250122060507,https://lifeattiktok.com/search/7422559578518931738,1
7422905794738227465,jobs_bytedance,20250615124222,https://jobs.bytedance.com/en/position/7422905794738227465/detail?utm_source=Lead+Edge+Capital+job+board&utm_medium=getro.com&gh_src=Lead+Edge+Capital+job+board,2
7422906924097112330,jobs_bytedance,20250622045647,https://jobs.bytedance.com/en/position/7422906924097112330/detail?utm_source=Technology+Crossover+Ventures+job+board&utm_medium=getro.com&gh_src=Technology+Crossover+Ventures+job+board,2
7422908928559204645,jobs_bytedance,20250513134932,https://jobs.bytedance.com/en/position/7422908928559204645/detail?utm_source=Coatue+Management+job+board&utm_medium=getro.com&gh_src=Coatue+Management+job+board,1
7422951498852108594,lifeattiktok,20250928175801,https://lifeattiktok.com/search/7422951498852108594,1
7423003054783842598,lifeattiktok,20250613202530,https://lifeattiktok.com/search/7423003054783842598,1
7423117358526957834,lifeattiktok,20260421234716,https://lifeattiktok.com/search/7423117358526957834,1
7423546677228800294,lifeattiktok,20241206082721,https://lifeattiktok.com/search/7423546677228800294?gh_src=Getro.org+job+board&utm_medium=getro.com&utm_source=Getro.org+job+board,1
7423619210289105202,lifeattiktok,20250302130459,https://lifeattiktok.com/search/7423619210289105202,1
7423621634718894346,lifeattiktok,20250221142826,https://lifeattiktok.com/search/7423621634718894346,1
7423622142417406246,lifeattiktok,20250207111735,https://lifeattiktok.com/search/7423622142417406246?spread=5MWH5CQ,1
7423664534542879013,jobs_bytedance,20250524024232,https://jobs.bytedance.com/en/position/7423664534542879013/detail?utm_source=Coatue+Management+job+board&utm_medium=getro.com&gh_src=Coatue+Management+job+board,1
7423665997205014834,jobs_bytedance,20250513140119,https://jobs.bytedance.com/en/position/7423665997205014834/detail?utm_source=Coatue+Management+job+board&utm_medium=getro.com&gh_src=Coatue+Management+job+board,1
7423868647963871526,lifeattiktok,20250410204600,https://lifeattiktok.com/search/7423868647963871526,1
7424276447470733577,lifeattiktok,20250506160240,https://lifeattiktok.com/search/7424276447470733577?_rsc=16c6u,2
7424419013541890330,lifeattiktok,20250808235703,https://lifeattiktok.com/search/7424419013541890330?utm_campaign=elon-musk-unveils-autonomous-vehicles-and-robot&utm_medium=referral&utm_source=www.aiplanetx.com,2
7424424959210965257,lifeattiktok,20241126215700,https://lifeattiktok.com/search/7424424959210965257,2
7424472012004313382,jobs_bytedance,20250519112350,https://jobs.bytedance.com/en/position/7424472012004313382/detail?utm_source=Technology+Crossover+Ventures+job+board&utm_medium=getro.com&gh_src=Technology+Crossover+Ventures+job+board,1
7424649157238376754,lifeattiktok,20250206221019,https://lifeattiktok.com/search/7424649157238376754,1
7424672960978798898,lifeattiktok,20241119040047,https://lifeattiktok.com/search/7424672960978798898,2
7425116368586475785,lifeattiktok,20250821234905,https://lifeattiktok.com/search/7425116368586475785,1
7425546688121293093,lifeattiktok,20260317145022,https://lifeattiktok.com/search/7425546688121293093,1
7425659087376910630,lifeattiktok,20250520041044,https://lifeattiktok.com/search/7425659087376910630?utm_source=Trust+and+Safety+Jobs,1
7425671164964014374,lifeattiktok,20250402070630,https://lifeattiktok.com/search/7425671164964014374,3
7425671249747151141,jobs_bytedance,20250524041804,https://jobs.bytedance.com/en/position/7425671249747151141/detail?utm_source=Coatue+Management+job+board&utm_medium=getro.com&gh_src=Coatue+Management+job+board,2
7425671250430871834,lifeattiktok,20250402082022,https://lifeattiktok.com/search/7425671250430871834,2
7425672084066142474,lifeattiktok,20250402071014,https://lifeattiktok.com/search/7425672084066142474,2
7425672680563657010,lifeattiktok,20241208090952,https://lifeattiktok.com/search/7425672680563657010?spread=5MWH5CQ,1
7425672757042268442,lifeattiktok,20250427042339,https://lifeattiktok.com/search/7425672757042268442?spread=XKM9ZXE,2
7425673622234450203,lifeattiktok,20250429072651,https://lifeattiktok.com/search/7425673622234450203?_rsc=y0xka,3
7425921742881114394,lifeattiktok,20250613130933,https://lifeattiktok.com/search/7425921742881114394,1
7425961308430551333,lifeattiktok,20250908155536,https://lifeattiktok.com/search/7425961308430551333,1
7425975860753500467,jobs_bytedance,20250615121815,https://jobs.bytedance.com/en/position/7425975860753500467/detail?utm_source=Lead+Edge+Capital+job+board&utm_medium=getro.com&gh_src=Lead+Edge+Capital+job+board,1
7426035207252625691,lifeattiktok,20250411223206,https://lifeattiktok.com/search/7426035207252625691?_rsc=19g5c,3
7426111293516171530,lifeattiktok,20250414123659,https://lifeattiktok.com/search/7426111293516171530,1
7426117871557183795,lifeattiktok,20241119033650,https://lifeattiktok.com/search/7426117871557183795?_rsc=elkva,1
7426118229783906610,lifeattiktok,20250429072651,https://lifeattiktok.com/search/7426118229783906610?_rsc=y0xka,5
7426132764489451814,lifeattiktok,20241218125910,https://lifeattiktok.com/search/7426132764489451814,2
7426156543470717222,jobs_bytedance,20250709183842,https://jobs.bytedance.com/en/position/7426156543470717222/detail,3
7426182200506353971,lifeattiktok,20241123053804,https://lifeattiktok.com/search/7426182200506353971,2
7426263219871926538,lifeattiktok,20241218141523,https://lifeattiktok.com/search/7426263219871926538?_rsc=q6nnv,1
7426422390739945778,lifeattiktok,20241206080909,https://lifeattiktok.com/search/7426422390739945778,1
7426458756362553637,jobs_bytedance,20250519123046,https://jobs.bytedance.com/en/position/7426458756362553637/detail?utm_source=Technology+Crossover+Ventures+job+board&utm_medium=getro.com&gh_src=Technology+Crossover+Ventures+job+board,1
7426549844921469235,lifeattiktok,20241121162809,https://lifeattiktok.com/search/7426549844921469235,1
7426652383519869194,jobs_bytedance,20250709151145,https://jobs.bytedance.com/en/position/7426652383519869194/detail,1
7426669595388496154,lifeattiktok,20251117012521,https://lifeattiktok.com/search/7426669595388496154,1
7426669930366109962,jobs_bytedance,20250519123030,https://jobs.bytedance.com/en/position/7426669930366109962/detail?utm_source=Technology+Crossover+Ventures+job+board&utm_medium=getro.com&gh_src=Technology+Crossover+Ventures+job+board,1
7426770147564488969,lifeattiktok,20241218141523,https://lifeattiktok.com/search/7426770147564488969?_rsc=q6nnv,1
7426775473818306825,lifeattiktok,20260421224440,https://lifeattiktok.com/search/7426775473818306825,1
7426807830223096073,lifeattiktok,20241119033340,https://lifeattiktok.com/search/7426807830223096073?_rsc=12743,1
7426976074367928613,lifeattiktok,20250416111645,https://lifeattiktok.com/search/7426976074367928613,3
7427001858662779174,lifeattiktok,20250908143001,https://lifeattiktok.com/search/7427001858662779174,1
7427016261689018633,lifeattiktok,20241119033950,https://lifeattiktok.com/search/7427016261689018633?_rsc=8x1y1,1
7427024737232881946,lifeattiktok,20241119033950,https://lifeattiktok.com/search/7427024737232881946?_rsc=8x1y1,1
7427348545534232859,lifeattiktok,20241209141226,https://lifeattiktok.com/search/7427348545534232859,2
7428046338421967154,jobs_bytedance,20250622054631,https://jobs.bytedance.com/en/position/7428046338421967154/detail?utm_source=Technology+Crossover+Ventures+job+board&utm_medium=getro.com&gh_src=Technology+Crossover+Ventures+job+board,3
7428128443366492466,jobs_bytedance,20250513135340,https://jobs.bytedance.com/en/position/7428128443366492466/detail?utm_source=Coatue+Management+job+board&utm_medium=getro.com&gh_src=Coatue+Management+job+board,1
7428164225720699163,lifeattiktok,20250623185816,https://lifeattiktok.com/search/7428164225720699163,3
7428224844733401370,lifeattiktok,20241208092244,https://lifeattiktok.com/search/7428224844733401370,1
7428308032007751945,lifeattiktok,20241216230532,https://lifeattiktok.com/search/7428308032007751945?_rsc=183cz,1
7428431412086884645,lifeattiktok,20250406104848,https://lifeattiktok.com/search/7428431412086884645?,1
7428443960106518821,lifeattiktok,20260208204132,https://lifeattiktok.com/search/7428443960106518821?spread=DataAnalyst.com,1
7428812829262940467,lifeattiktok,20241121162803,https://lifeattiktok.com/search/7428812829262940467,1
7428856740463315251,lifeattiktok,20250816213520,https://lifeattiktok.com/search/7428856740463315251,4
7428977761602472228,lifeattiktok,20250520021825,https://lifeattiktok.com/search/7428977761602472228,1
7429014411489347852,lifeattiktok,20250725014500,https://lifeattiktok.com/search/7429014411489347852,1
7429026996300957991,jobs_bytedance,20250615121245,https://jobs.bytedance.com/en/position/7429026996300957991/detail?utm_source=Lead+Edge+Capital+job+board&utm_medium=getro.com&gh_src=Lead+Edge+Capital+job+board,1
7429048785706207515,jobs_bytedance,20250709142735,https://jobs.bytedance.com/en/position/7429048785706207515/detail,2
7429073925940381993,jobs_bytedance,20250730194054,https://jobs.bytedance.com/en/position/7429073925940381993/detail,2
7429380056214079781,lifeattiktok,20250520042412,https://lifeattiktok.com/search/7429380056214079781,1
7429784798678190375,lifeattiktok,20250320081558,https://lifeattiktok.com/search/7429784798678190375,1
7429806216672643365,lifeattiktok,20241125200035,https://lifeattiktok.com/search/7429806216672643365,2
7430672858973587775,lifeattiktok,20241119033833,https://lifeattiktok.com/search/7430672858973587775,1
7430736290737981715,lifeattiktok,20241126200915,https://lifeattiktok.com/search/7430736290737981715,2
7430738866536499468,lifeattiktok,20250623185816,https://lifeattiktok.com/search/7430738866536499468,3
7430740150647081252,lifeattiktok,20250118055955,https://lifeattiktok.com/search/7430740150647081252,2
7430758561780074789,jobs_bytedance,20250811050216,https://jobs.bytedance.com/en/position/7430758561780074789/detail?utm_source=Technology+Crossover+Ventures+job+board&utm_medium=getro.com&gh_src=Technology+Crossover+Ventures+job+board,1
7430829988092561700,lifeattiktok,20241206071603,https://lifeattiktok.com/search/7430829988092561700?gh_src=Getro.org+job+board&utm_medium=getro.com&utm_source=Getro.org+job+board,1
7430909868314282251,lifeattiktok,20241206065755,https://lifeattiktok.com/search/7430909868314282251?gh_src=Getro.org+job+board&utm_medium=getro.com&utm_source=Getro.org+job+board,1
7431084290504919305,jobs_bytedance,20250622060648,https://jobs.bytedance.com/en/position/7431084290504919305/detail?utm_source=Technology+Crossover+Ventures+job+board&utm_medium=getro.com&gh_src=Technology+Crossover+Ventures+job+board,1
7431095168399264041,lifeattiktok,20250411223122,https://lifeattiktok.com/search/7431095168399264041?_rsc=1agbz,2
7431095607399680275,lifeattiktok,20241126175935,https://lifeattiktok.com/search/7431095607399680275,2
7431117997589268774,jobs_bytedance,20250811051634,https://jobs.bytedance.com/en/position/7431117997589268774/detail?utm_source=Technology+Crossover+Ventures+job+board&utm_medium=getro.com&gh_src=Technology+Crossover+Ventures+job+board,3
7431130861501942053,lifeattiktok,20250414224844,https://lifeattiktok.com/search/7431130861501942053,3
7431176803966519603,lifeattiktok,20250424092311,https://lifeattiktok.com/search/7431176803966519603?spread=5MWH5CQ&utm_source=Trust+and+Safety+Jobs,1
7431182680735926569,lifeattiktok,20260421225857,https://lifeattiktok.com/search/7431182680735926569?utm_source=www.strictlyinternal.com&utm_medium=referral&utm_campaign=strictly-internal-issue-31,1
7431420580836100406,lifeattiktok,20251104060100,https://lifeattiktok.com/search/7431420580836100406?spread=5MWH5CQ,1
7432084258858715430,lifeattiktok,20241123072923,https://lifeattiktok.com/search/7432084258858715430,2
7432238305503136039,jobs_bytedance,20250709153509,https://jobs.bytedance.com/en/position/7432238305503136039/detail,2
7432327302279661834,lifeattiktok,20250821201101,https://lifeattiktok.com/search/7432327302279661834,1
7432364683186997541,lifeattiktok,20241115175543,https://lifeattiktok.com/search/7432364683186997541,2
7433038001976969522,lifeattiktok,20250131134451,https://lifeattiktok.com/search/7433038001976969522,1
7433040996160555301,lifeattiktok,20241119081148,https://lifeattiktok.com/search/7433040996160555301,2
7433327680773687602,jobs_bytedance,20250524024030,https://jobs.bytedance.com/en/position/7433327680773687602/detail?utm_source=Coatue+Management+job+board&utm_medium=getro.com&gh_src=Coatue+Management+job+board,1
7433332615988496694,lifeattiktok,20251116234827,https://lifeattiktok.com/search/7433332615988496694,1
7433361010947836211,jobs_bytedance,20250709174435,https://jobs.bytedance.com/en/position/7433361010947836211/detail,2
7433478485878049051,lifeattiktok,20241218141523,https://lifeattiktok.com/search/7433478485878049051?_rsc=q6nnv,1
7433495871805720843,lifeattiktok,20251028113150,https://lifeattiktok.com/search/7433495871805720843,1
7433521001281833270,lifeattiktok,20241218141523,https://lifeattiktok.com/search/7433521001281833270?_rsc=q6nnv,2
7433522915699771689,lifeattiktok,20241218141523,https://lifeattiktok.com/search/7433522915699771689?_rsc=q6nnv,2
7433566190062733578,lifeattiktok,20241122222621,https://lifeattiktok.com/search/7433566190062733578,1
7433626649473976588,lifeattiktok,20241217173039,https://lifeattiktok.com/search/7433626649473976588,2
7433734369329793299,lifeattiktok,20241218141523,https://lifeattiktok.com/search/7433734369329793299?_rsc=q6nnv,1
7433819592311523638,lifeattiktok,20260421225746,https://lifeattiktok.com/search/7433819592311523638,1
7433854332501526838,lifeattiktok,20241119183820,https://lifeattiktok.com/search/7433854332501526838,2
7433875266889713946,lifeattiktok,20250623185624,https://lifeattiktok.com/search/7433875266889713946,2
7433893446073354515,lifeattiktok,20241126212625,https://lifeattiktok.com/search/7433893446073354515,2
7433983871467505930,lifeattiktok,20250502152701,https://lifeattiktok.com/search/7433983871467505930,1
7433995341932693771,jobs_bytedance,20250513140153,https://jobs.bytedance.com/en/position/7433995341932693771/detail?utm_source=Coatue+Management+job+board&utm_medium=getro.com&gh_src=Coatue+Management+job+board,1
7434029939458017590,jobs_bytedance,20250519121224,https://jobs.bytedance.com/en/position/7434029939458017590/detail?utm_source=Technology+Crossover+Ventures+job+board&utm_medium=getro.com&gh_src=Technology+Crossover+Ventures+job+board,1
7434055760949217546,jobs_bytedance,20250513123553,https://jobs.bytedance.com/en/position/7434055760949217546/detail?utm_source=Coatue+Management+job+board&utm_medium=getro.com&gh_src=Coatue+Management+job+board,1
7434057626365544713,jobs_bytedance,20250513135822,https://jobs.bytedance.com/en/position/7434057626365544713/detail?utm_source=Coatue+Management+job+board&utm_medium=getro.com&gh_src=Coatue+Management+job+board,1
7434443043404728595,jobs_bytedance,20250524041820,https://jobs.bytedance.com/en/position/7434443043404728595/detail?utm_source=Coatue+Management+job+board&utm_medium=getro.com&gh_src=Coatue+Management+job+board,1
7434463610532088118,lifeattiktok,20251005070946,https://lifeattiktok.com/search/7434463610532088118,1
7434604458246818102,lifeattiktok,20250715224053,https://lifeattiktok.com/search/7434604458246818102?_rsc=1v7pv,3
7434625705482701068,lifeattiktok,20241216230532,https://lifeattiktok.com/search/7434625705482701068?_rsc=183cz,1
7434710098578196747,lifeattiktok,20250809024541,https://lifeattiktok.com/search/7434710098578196747,1
7434754968081877286,lifeattiktok,20260208200923,https://lifeattiktok.com/search/7434754968081877286,1
7434772259997337919,jobs_bytedance,20250513141433,https://jobs.bytedance.com/en/position/7434772259997337919/detail?utm_source=Coatue+Management+job+board&utm_medium=getro.com&gh_src=Coatue+Management+job+board,1
7435004160904431909,lifeattiktok,20250705024206,https://lifeattiktok.com/search/7435004160904431909?_rsc=1vey8,6
7435869002826975495,lifeattiktok,20250928100707,https://lifeattiktok.com/search/7435869002826975495,1
7435977777826285831,lifeattiktok,20241126180813,https://lifeattiktok.com/search/7435977777826285831,2
7436062355560515858,lifeattiktok,20241125060203,https://lifeattiktok.com/search/7436062355560515858,2
7436088509491218696,lifeattiktok,20241125023550,https://lifeattiktok.com/search/7436088509491218696,3
7436319579834943751,jobs_bytedance,20250524040503,https://jobs.bytedance.com/en/position/7436319579834943751/detail?utm_source=Coatue+Management+job+board&utm_medium=getro.com&gh_src=Coatue+Management+job+board,1
7436328387843754247,jobs_bytedance,20250524032151,https://jobs.bytedance.com/en/position/7436328387843754247/detail?utm_source=Coatue+Management+job+board&utm_medium=getro.com&gh_src=Coatue+Management+job+board,1
7436340374509242642,lifeattiktok,20241122174253,https://lifeattiktok.com/search/7436340374509242642,2
7436426910403823880,lifeattiktok,20241125105000,https://lifeattiktok.com/search/7436426910403823880,2
7436462929811425554,lifeattiktok,20250320075407,https://lifeattiktok.com/search/7436462929811425554?spread=5MWH5CQ&utm_source=apmseason,2
7436591959168321799,lifeattiktok,20250424100643,https://lifeattiktok.com/search/7436591959168321799?spread=5MWH5CQ&utm_source=Tech-Ladies,1
7436669075457378567,jobs_bytedance,20250524031653,https://jobs.bytedance.com/en/position/7436669075457378567/detail?utm_source=Coatue+Management+job+board&utm_medium=getro.com&gh_src=Coatue+Management+job+board,1
7436681116922792210,lifeattiktok,20241218141523,https://lifeattiktok.com/search/7436681116922792210?_rsc=q6nnv,1
7436709806934608135,lifeattiktok,20250403052459,https://lifeattiktok.com/search/7436709806934608135,3
7436760901828593938,jobs_bytedance,20250513141756,https://jobs.bytedance.com/en/position/7436760901828593938/detail?utm_source=Coatue+Management+job+board&utm_medium=getro.com&gh_src=Coatue+Management+job+board,1
7436764829149415687,lifeattiktok,20250118061442,https://lifeattiktok.com/search/7436764829149415687,1
7436881175421389063,lifeattiktok,20260710212808,https://lifeattiktok.com/search/7436881175421389063,1
7436928922527713554,lifeattiktok,20241217172942,https://lifeattiktok.com/search/7436928922527713554,2
7436945512665123090,lifeattiktok,20241217221925,https://lifeattiktok.com/search/7436945512665123090,2
7437416148804733202,lifeattiktok,20250118073957,https://lifeattiktok.com/search/7437416148804733202,1
7437498962322606343,lifeattiktok,20241125025351,https://lifeattiktok.com/search/7437498962322606343,2
7437617818889865479,lifeattiktok,20241216230530,https://lifeattiktok.com/search/7437617818889865479?_rsc=1oipm,1
7437622251749411090,lifeattiktok,20241119193518,https://lifeattiktok.com/search/7437622251749411090,2
7438506626346354952,jobs_bytedance,20250519120719,https://jobs.bytedance.com/en/position/7438506626346354952/detail?utm_source=Technology+Crossover+Ventures+job+board&utm_medium=getro.com&gh_src=Technology+Crossover+Ventures+job+board,1
7438580416946325778,lifeattiktok,20250206215707,https://lifeattiktok.com/search/7438580416946325778?spread=5MWH5CQ,1
7438581305317378312,lifeattiktok,20241119024606,https://lifeattiktok.com/search/7438581305317378312?_rsc=1cacp,1
7438744929566591239,lifeattiktok,20250605112456,https://lifeattiktok.com/search/7438744929566591239?spread=5MWH5CQ,1
7438814988906055943,lifeattiktok,20250320074910,https://lifeattiktok.com/search/7438814988906055943,1
7438930087254886664,jobs_bytedance,20250615114433,https://jobs.bytedance.com/en/position/7438930087254886664/detail?utm_source=Lead+Edge+Capital+job+board&utm_medium=getro.com&gh_src=Lead+Edge+Capital+job+board,1
7438937031902234887,lifeattiktok,20250908115032,https://lifeattiktok.com/search/7438937031902234887,1
7439050293742045447,lifeattiktok,20250118080920,https://lifeattiktok.com/search/7439050293742045447,1
7439262478187563272,jobs_bytedance,20250513125537,https://jobs.bytedance.com/en/position/7439262478187563272/detail?utm_source=Coatue+Management+job+board&utm_medium=getro.com&gh_src=Coatue+Management+job+board,1
7439498651313424647,jobs_bytedance,20250524030547,https://jobs.bytedance.com/en/position/7439498651313424647/detail?utm_source=Coatue+Management+job+board&utm_medium=getro.com&gh_src=Coatue+Management+job+board,1
7439605588713081106,jobs_bytedance,20250519115550,https://jobs.bytedance.com/en/position/7439605588713081106/detail?utm_source=Technology+Crossover+Ventures+job+board&utm_medium=getro.com&gh_src=Technology+Crossover+Ventures+job+board,1
7439625026339293458,lifeattiktok,20250118061219,https://lifeattiktok.com/search/7439625026339293458,1
7439787621796317458,lifeattiktok,20250306224048,https://lifeattiktok.com/search/7439787621796317458,2
7439894332188084498,lifeattiktok,20250602022124,https://lifeattiktok.com/search/7439894332188084498?gh_src=Tech%3ANYC+job+board,3
7440014379925555463,jobs_bytedance,20250519115449,https://jobs.bytedance.com/en/position/7440014379925555463/detail?utm_source=Technology+Crossover+Ventures+job+board&utm_medium=getro.com&gh_src=Technology+Crossover+Ventures+job+board,1
7440028879689992456,jobs_bytedance,20250524040833,https://jobs.bytedance.com/en/position/7440028879689992456/detail?utm_source=Coatue+Management+job+board&utm_medium=getro.com&gh_src=Coatue+Management+job+board,1
7440794873853135111,lifeattiktok,20250828211251,https://lifeattiktok.com/search/7440794873853135111,1
7441041621300627720,jobs_bytedance,20250513142148,https://jobs.bytedance.com/en/position/7441041621300627720/detail?utm_source=Coatue+Management+job+board&utm_medium=getro.com&gh_src=Coatue+Management+job+board,1
7441091068274116882,jobs_bytedance,20250513135747,https://jobs.bytedance.com/en/position/7441091068274116882/detail?utm_source=Coatue+Management+job+board&utm_medium=getro.com&gh_src=Coatue+Management+job+board,1
7441157304512891154,jobs_bytedance,20250513140845,https://jobs.bytedance.com/en/position/7441157304512891154/detail?utm_source=Coatue+Management+job+board&utm_medium=getro.com&gh_src=Coatue+Management+job+board,1
7441158369970358546,jobs_bytedance,20250615115725,https://jobs.bytedance.com/en/position/7441158369970358546/detail?utm_source=Lead+Edge+Capital+job+board&utm_medium=getro.com&gh_src=Lead+Edge+Capital+job+board,2
7441284709323671815,lifeattiktok,20241217214457,https://lifeattiktok.com/search/7441284709323671815,2
7441329062528600328,lifeattiktok,20241218114959,https://lifeattiktok.com/search/7441329062528600328,2
7441412763433715986,lifeattiktok,20250412081245,https://lifeattiktok.com/search/7441412763433715986,1
7441439773045197074,jobs_bytedance,20250524040335,https://jobs.bytedance.com/en/position/7441439773045197074/detail?utm_source=Coatue+Management+job+board&utm_medium=getro.com&gh_src=Coatue+Management+job+board,1
7441474205989832978,lifeattiktok,20250623185617,https://lifeattiktok.com/search/7441474205989832978?_rsc=1jhmi,4
7441477603230779656,lifeattiktok,20250821121936,https://lifeattiktok.com/search/7441477603230779656,1
7441481188101359879,jobs_bytedance,20250723060820,https://jobs.bytedance.com/en/position/7441481188101359879/detail,3
7441746083276130567,lifeattiktok,20251010094151,https://lifeattiktok.com/search/7441746083276130567,2
7441789894541986056,lifeattiktok,20250408234514,https://lifeattiktok.com/search/7441789894541986056,1
7441903397454891271,lifeattiktok,20250814005111,https://lifeattiktok.com/search/7441903397454891271,1
7441998130675337480,lifeattiktok,20241216230513,https://lifeattiktok.com/search/7441998130675337480?_rsc=zi8op,1
7442003914226288914,lifeattiktok,20241218141523,https://lifeattiktok.com/search/7442003914226288914?_rsc=q6nnv,1
7442300795141343496,jobs_bytedance,20250615113100,https://jobs.bytedance.com/en/position/7442300795141343496/detail?utm_source=Lead+Edge+Capital+job+board&utm_medium=getro.com&gh_src=Lead+Edge+Capital+job+board,2
7442528251434567943,lifeattiktok,20250725034023,https://lifeattiktok.com/search/7442528251434567943,3
7442537666115864839,lifeattiktok,20250624094254,https://lifeattiktok.com/search/7442537666115864839?_rsc=1rfdr,3
7442632352415729938,lifeattiktok,20250715224044,https://lifeattiktok.com/search/7442632352415729938,2
7443891104946473224,lifeattiktok,20241210173149,https://lifeattiktok.com/search/7443891104946473224,2
7443946351908210962,jobs_bytedance,20250216184646,https://jobs.bytedance.com/en/position/7443946351908210962/detail?utm_source=Technology+Crossover+Ventures+job+board&utm_medium=getro.com&gh_src=Technology+Crossover+Ventures+job+board,1
7444001815010707720,jobs_bytedance,20250524035831,https://jobs.bytedance.com/en/position/7444001815010707720/detail?utm_source=Coatue+Management+job+board&utm_medium=getro.com&gh_src=Coatue+Management+job+board,1
7444141194793371912,lifeattiktok,20250724171513,https://lifeattiktok.com/search/7444141194793371912,1
7444141636030859538,lifeattiktok,20250320074545,https://lifeattiktok.com/search/7444141636030859538?spread=5MWH5CQ,1
7444258806869657864,jobs_bytedance,20250615124509,https://jobs.bytedance.com/en/position/7444258806869657864/detail?utm_source=Lead+Edge+Capital+job+board&utm_medium=getro.com&gh_src=Lead+Edge+Capital+job+board,1
7444262315615013128,jobs_bytedance,20250615115357,https://jobs.bytedance.com/en/position/7444262315615013128/detail?utm_source=Lead+Edge+Capital+job+board&utm_medium=getro.com&gh_src=Lead+Edge+Capital+job+board,2
7444323993177753863,lifeattiktok,20260519175425,https://lifeattiktok.com/search/7444323993177753863?_rsc=1m3ql,1
7444425859099150599,lifeattiktok,20250411223129,https://lifeattiktok.com/search/7444425859099150599?_rsc=uxy8g,3
7444457959197509896,lifeattiktok,20260609060543,https://lifeattiktok.com/search/7444457959197509896?spread=5MWH5CQ&utm_source=selectfrom.work,4
7444459107472673031,lifeattiktok,20250510181318,https://lifeattiktok.com/search/7444459107472673031?_rsc=bo8e7,3
7444460609238944008,lifeattiktok,20260315115023,https://lifeattiktok.com/search/7444460609238944008?spread=5MWH5CQ,1
7444460615873743122,lifeattiktok,20251011183050,https://lifeattiktok.com/search/7444460615873743122,1
7444688225271433480,jobs_bytedance,20250519122118,https://jobs.bytedance.com/en/position/7444688225271433480/detail?utm_source=Technology+Crossover+Ventures+job+board&utm_medium=getro.com&gh_src=Technology+Crossover+Ventures+job+board,1
7444774195613387016,lifeattiktok,20241216230523,https://lifeattiktok.com/search/7444774195613387016?_rsc=1l9u2,1
7444829914681051399,jobs_bytedance,20250524034451,https://jobs.bytedance.com/en/position/7444829914681051399/detail?utm_source=Coatue+Management+job+board&utm_medium=getro.com&gh_src=Coatue+Management+job+board,1
7444846739872008455,lifeattiktok,20241218120655,https://lifeattiktok.com/search/7444846739872008455,2
7444881824008685842,lifeattiktok,20251117014350,https://lifeattiktok.com/search/7444881824008685842,1
7444911104436930834,lifeattiktok,20250609163236,https://lifeattiktok.com/search/7444911104436930834?_rsc=ptnuc,5
7444916555894425864,lifeattiktok,20250814132330,https://lifeattiktok.com/search/7444916555894425864,2
7445019935787944200,lifeattiktok,20241217192417,https://lifeattiktok.com/search/7445019935787944200,2
7445112996516694290,lifeattiktok,20250303073203,https://lifeattiktok.com/search/7445112996516694290?_rsc=rekdd,2
7445140924449097991,lifeattiktok,20250118062210,https://lifeattiktok.com/search/7445140924449097991,1
7445155879622691079,lifeattiktok,20241217074631,https://lifeattiktok.com/search/7445155879622691079,2
7445353425304570130,lifeattiktok,20241216230527,https://lifeattiktok.com/search/7445353425304570130?_rsc=duada,1
7445923831276325138,lifeattiktok,20251003184945,https://lifeattiktok.com/search/7445923831276325138,1
7446295559396821255,jobs_bytedance,20250513141131,https://jobs.bytedance.com/en/position/7446295559396821255/detail?utm_source=Coatue+Management+job+board&utm_medium=getro.com&gh_src=Coatue+Management+job+board,1
7446297140730824968,jobs_bytedance,20250519112944,https://jobs.bytedance.com/en/position/7446297140730824968/detail?utm_source=Technology+Crossover+Ventures+job+board&utm_medium=getro.com&gh_src=Technology+Crossover+Ventures+job+board,1
7446377988407462162,lifeattiktok,20241216230513,https://lifeattiktok.com/search/7446377988407462162?_rsc=zi8op,1
7446448573170829575,lifeattiktok,20250131134500,https://lifeattiktok.com/search/7446448573170829575,1
7446501693451864328,lifeattiktok,20250118081005,https://lifeattiktok.com/search/7446501693451864328,1
7446534921738389767,jobs_bytedance,20250513141829,https://jobs.bytedance.com/en/position/7446534921738389767/detail?utm_source=Coatue+Management+job+board&utm_medium=getro.com&gh_src=Coatue+Management+job+board,1
7446556172654332168,lifeattiktok,20250415204055,https://lifeattiktok.com/search/7446556172654332168,2
7446615758647380242,jobs_bytedance,20250622053959,https://jobs.bytedance.com/en/position/7446615758647380242/detail?utm_source=Coatue+Management+job+board&utm_medium=getro.com&gh_src=Coatue+Management+job+board,2
7446618656010651922,jobs_bytedance,20250622060113,https://jobs.bytedance.com/en/position/7446618656010651922/detail?utm_source=Coatue+Management+job+board&utm_medium=getro.com&gh_src=Coatue+Management+job+board,1
7446625029201086728,lifeattiktok,20250118062115,https://lifeattiktok.com/search/7446625029201086728,1
7446629156124035336,lifeattiktok,20250411223145,https://lifeattiktok.com/search/7446629156124035336?_rsc=14vta,2
7446644911258126599,lifeattiktok,20250408072833,https://lifeattiktok.com/search/7446644911258126599,1
7446650933402175752,lifeattiktok,20250118071107,https://lifeattiktok.com/search/7446650933402175752,1
7446707093421918471,jobs_bytedance,20250524025116,https://jobs.bytedance.com/en/position/7446707093421918471/detail?utm_source=Coatue+Management+job+board&utm_medium=getro.com&gh_src=Coatue+Management+job+board,1
7446827755226810631,lifeattiktok,20241216230523,https://lifeattiktok.com/search/7446827755226810631?_rsc=1l9u2,1
7446857395898403090,lifeattiktok,20250118063827,https://lifeattiktok.com/search/7446857395898403090,1
7446949843547490578,lifeattiktok,20250411223122,https://lifeattiktok.com/search/7446949843547490578?_rsc=1agbz,2
7447042353707763976,jobs_bytedance,20250622055517,https://jobs.bytedance.com/en/position/7447042353707763976/detail?utm_source=Coatue+Management+job+board&utm_medium=getro.com&gh_src=Coatue+Management+job+board,1
7447042388151126280,jobs_bytedance,20250615112615,https://jobs.bytedance.com/en/position/7447042388151126280/detail?utm_source=Lead+Edge+Capital+job+board&utm_medium=getro.com&gh_src=Lead+Edge+Capital+job+board,1
7447065540256925970,lifeattiktok,20250801014446,https://lifeattiktok.com/search/7447065540256925970,1
7447087727294368018,lifeattiktok,20250709181949,https://lifeattiktok.com/search/7447087727294368018,1
7447090718743251218,lifeattiktok,20250210084057,https://lifeattiktok.com/search/7447090718743251218?spread=5MWH5CQ,1
7447129697093585160,jobs_bytedance,20250513134744,https://jobs.bytedance.com/en/position/7447129697093585160/detail?utm_source=Coatue+Management+job+board&utm_medium=getro.com&gh_src=Coatue+Management+job+board,1
7447210908415985927,jobs_bytedance,20250524024837,https://jobs.bytedance.com/en/position/7447210908415985927/detail?utm_source=Coatue+Management+job+board&utm_medium=getro.com&gh_src=Coatue+Management+job+board,1
7447215694628292872,jobs_bytedance,20250216184310,https://jobs.bytedance.com/en/position/7447215694628292872/detail?utm_source=Technology+Crossover+Ventures+job+board&utm_medium=getro.com&gh_src=Technology+Crossover+Ventures+job+board,1
7447220866721630482,lifeattiktok,20241217023937,https://lifeattiktok.com/search/7447220866721630482,2
7447222467029190920,lifeattiktok,20250424085933,https://lifeattiktok.com/search/7447222467029190920?spread=5MWH5CQ&utm_source=Trust+and+Safety+Jobs,1
7447275251421055250,lifeattiktok,20250118074406,https://lifeattiktok.com/search/7447275251421055250,1
7447306055236978951,lifeattiktok,20250801002135,https://lifeattiktok.com/search/7447306055236978951,1
7447316446646405394,jobs_bytedance,20250615111820,https://jobs.bytedance.com/en/position/7447316446646405394/detail?utm_source=Lead+Edge+Capital+job+board&utm_medium=getro.com&gh_src=Lead+Edge+Capital+job+board,1
7447358002309302546,jobs_bytedance,20250513134548,https://jobs.bytedance.com/en/position/7447358002309302546/detail?utm_source=Coatue+Management+job+board&utm_medium=getro.com&gh_src=Coatue+Management+job+board,1
7447409312631179528,lifeattiktok,20250821161726,https://lifeattiktok.com/search/7447409312631179528,1
7447432301238372626,jobs_bytedance,20250524031000,https://jobs.bytedance.com/en/position/7447432301238372626/detail?utm_source=Coatue+Management+job+board&utm_medium=getro.com&gh_src=Coatue+Management+job+board,1
7447510969666160903,lifeattiktok,20241216230512,https://lifeattiktok.com/search/7447510969666160903?_rsc=zi8op,1
7447511086280050951,lifeattiktok,20250711200500,https://lifeattiktok.com/search/7447511086280050951,1
7447532139363305736,lifeattiktok,20241217023800,https://lifeattiktok.com/search/7447532139363305736,2
7447635929592580370,lifeattiktok,20250822045201,https://lifeattiktok.com/search/7447635929592580370,1
7447706774636939528,jobs_bytedance,20250524034747,https://jobs.bytedance.com/en/position/7447706774636939528/detail?utm_source=Coatue+Management+job+board&utm_medium=getro.com&gh_src=Coatue+Management+job+board,1
7447707012357605640,jobs_bytedance,20250519115825,https://jobs.bytedance.com/en/position/7447707012357605640/detail?utm_source=Technology+Crossover+Ventures+job+board&utm_medium=getro.com&gh_src=Technology+Crossover+Ventures+job+board,1
7447816908244306183,jobs_bytedance,20250519110311,https://jobs.bytedance.com/en/position/7447816908244306183/detail?utm_source=Technology+Crossover+Ventures+job+board&utm_medium=getro.com&gh_src=Technology+Crossover+Ventures+job+board,1
7447842449236904200,lifeattiktok,20241216230513,https://lifeattiktok.com/search/7447842449236904200?_rsc=zi8op,1
7447919340177901842,lifeattiktok,20250404083147,https://lifeattiktok.com/search/7447919340177901842,2
7448004899176270088,lifeattiktok,20250118065442,https://lifeattiktok.com/search/7448004899176270088,1
7448885304906664210,lifeattiktok,20250408113158,https://lifeattiktok.com/search/7448885304906664210,1
7448913525310933256,lifeattiktok,20250411223145,https://lifeattiktok.com/search/7448913525310933256?_rsc=14vta,2
7449032424871266578,jobs_bytedance,20250513125429,https://jobs.bytedance.com/en/position/7449032424871266578/detail?utm_source=Coatue+Management+job+board&utm_medium=getro.com&gh_src=Coatue+Management+job+board,1
7449045735644956935,lifeattiktok,20250429072651,https://lifeattiktok.com/search/7449045735644956935?_rsc=y0xka,3
7449072655222196487,lifeattiktok,20250314124954,https://lifeattiktok.com/search/7449072655222196487,1
7449102370011072776,lifeattiktok,20250314131724,https://lifeattiktok.com/search/7449102370011072776,1
7449110249875556616,lifeattiktok,20250429072652,https://lifeattiktok.com/search/7449110249875556616?_rsc=y0xka,1
7449209828407757074,jobs_bytedance,20250513141613,https://jobs.bytedance.com/en/position/7449209828407757074/detail?utm_source=Coatue+Management+job+board&utm_medium=getro.com&gh_src=Coatue+Management+job+board,1
7449210928695396616,jobs_bytedance,20250524034819,https://jobs.bytedance.com/en/position/7449210928695396616/detail?utm_source=Coatue+Management+job+board&utm_medium=getro.com&gh_src=Coatue+Management+job+board,1
7449265229547014418,lifeattiktok,20260506084636,https://lifeattiktok.com/search/7449265229547014418,2
7449425014406252808,jobs_bytedance,20250524031050,https://jobs.bytedance.com/en/position/7449425014406252808/detail?utm_source=Coatue+Management+job+board&utm_medium=getro.com&gh_src=Coatue+Management+job+board,1
7449447195910359304,lifeattiktok,20250801061721,https://lifeattiktok.com/search/7449447195910359304,1
7449497484236474642,jobs_bytedance,20250622050350,https://jobs.bytedance.com/en/position/7449497484236474642/detail?utm_source=Coatue+Management+job+board&utm_medium=getro.com&gh_src=Coatue+Management+job+board,1
7449582940881029384,jobs_bytedance,20250524022455,https://jobs.bytedance.com/en/position/7449582940881029384/detail?utm_source=Coatue+Management+job+board&utm_medium=getro.com&gh_src=Coatue+Management+job+board,1
7449610362947225863,jobs_bytedance,20250615110111,https://jobs.bytedance.com/en/position/7449610362947225863/detail?utm_source=Lead+Edge+Capital+job+board&utm_medium=getro.com&gh_src=Lead+Edge+Capital+job+board,1
7449633226606332168,lifeattiktok,20250814013851,https://lifeattiktok.com/search/7449633226606332168,1
7449872942818707720,lifeattiktok,20241220191120,https://lifeattiktok.com/search/7449872942818707720,1
7449964973168134407,jobs_bytedance,20250524032759,https://jobs.bytedance.com/en/position/7449964973168134407/detail?utm_source=Coatue+Management+job+board&utm_medium=getro.com&gh_src=Coatue+Management+job+board,1
7450303818107406600,jobs_bytedance,20250811043633,https://jobs.bytedance.com/en/position/7450303818107406600/detail?utm_source=Technology+Crossover+Ventures+job+board&utm_medium=getro.com&gh_src=Technology+Crossover+Ventures+job+board,1
7450436539387218184,lifeattiktok,20250520022920,https://lifeattiktok.com/search/7450436539387218184?utm_source=Trust+and+Safety+Jobs,1
7450443310945290514,jobs_bytedance,20250513122814,https://jobs.bytedance.com/en/position/7450443310945290514/detail?utm_source=Coatue+Management+job+board&utm_medium=getro.com&gh_src=Coatue+Management+job+board,1
7451529247749540114,jobs_bytedance,20250519120040,https://jobs.bytedance.com/en/position/7451529247749540114/detail?utm_source=Technology+Crossover+Ventures+job+board&utm_medium=getro.com&gh_src=Technology+Crossover+Ventures+job+board,1
7451721841275963656,lifeattiktok,20250809020015,https://lifeattiktok.com/search/7451721841275963656?spread=5MWH5CQ,1
7452316525766478088,jobs_bytedance,20250519113840,https://jobs.bytedance.com/en/position/7452316525766478088/detail?utm_source=Technology+Crossover+Ventures+job+board&utm_medium=getro.com&gh_src=Technology+Crossover+Ventures+job+board,1
7452836951864625426,lifeattiktok,20250118061549,https://lifeattiktok.com/search/7452836951864625426,1
7452973018244040978,jobs_bytedance,20250524040121,https://jobs.bytedance.com/en/position/7452973018244040978/detail?utm_source=Coatue+Management+job+board&utm_medium=getro.com&gh_src=Coatue+Management+job+board,1
7453122400990316818,lifeattiktok,20250429072711,https://lifeattiktok.com/search/7453122400990316818?_rsc=20eoy,1
7454065763520432392,lifeattiktok,20250908111012,https://lifeattiktok.com/search/7454065763520432392,1
7454148647224264967,lifeattiktok,20250929034551,https://lifeattiktok.com/search/7454148647224264967,1
7454190181354014983,jobs_bytedance,20250519110510,https://jobs.bytedance.com/en/position/7454190181354014983/detail?utm_source=Technology+Crossover+Ventures+job+board&utm_medium=getro.com&gh_src=Technology+Crossover+Ventures+job+board,2
7454318267118340370,lifeattiktok,20250907134159,https://lifeattiktok.com/search/7454318267118340370,1
7454730327220324626,jobs_bytedance,20250709180919,https://jobs.bytedance.com/en/position/7454730327220324626/detail,2
7454775040937314567,jobs_bytedance,20250709194314,https://jobs.bytedance.com/en/position/7454775040937314567/detail,2
7455164664520378642,lifeattiktok,20260506084632,https://lifeattiktok.com/search/7455164664520378642?_rsc=1m3ql,1
7455249854966778120,lifeattiktok,20250725013222,https://lifeattiktok.com/search/7455249854966778120,1
7455340896831310088,lifeattiktok,20250415153831,https://lifeattiktok.com/search/7455340896831310088,2
7455426212854466824,jobs_bytedance,20250709182151,https://jobs.bytedance.com/en/position/7455426212854466824/detail,2
7455439820421335314,jobs_bytedance,20250709151420,https://jobs.bytedance.com/en/position/7455439820421335314/detail,2
7455577487453194504,lifeattiktok,20250520034705,https://lifeattiktok.com/search/7455577487453194504,1
7456632598744762642,lifeattiktok,20250829141235,https://lifeattiktok.com/search/7456632598744762642,1
7456732677544331538,lifeattiktok,20250814140306,https://lifeattiktok.com/search/7456732677544331538,2
7456789547868965127,lifeattiktok,20250306094307,https://lifeattiktok.com/search/7456789547868965127,2
7456880700462565639,jobs_bytedance,20250715044237,https://jobs.bytedance.com/en/position/7456880700462565639/detail?utm_source=Coatue+Management+job+board&utm_medium=getro.com&gh_src=Coatue+Management+job+board,1
7457037969120528658,lifeattiktok,20250906171342,https://lifeattiktok.com/search/7457037969120528658,1
7457046759543359751,lifeattiktok,20250624094255,https://lifeattiktok.com/search/7457046759543359751?_rsc=1rfdr,3
7457083135429691655,jobs_bytedance,20250513124829,https://jobs.bytedance.com/en/position/7457083135429691655/detail?utm_source=Coatue+Management+job+board&utm_medium=getro.com&gh_src=Coatue+Management+job+board,1
7457110448408856850,jobs_bytedance,20250801011907,https://jobs.bytedance.com/en/position/7457110448408856850/detail,2
7457204027077298439,lifeattiktok,20250206232632,https://lifeattiktok.com/search/7457204027077298439,1
7457274634057615624,lifeattiktok,20260301115957,https://lifeattiktok.com/search/7457274634057615624,2
7457277387139565831,lifeattiktok,20250908115522,https://lifeattiktok.com/search/7457277387139565831,1
7457283785260894471,lifeattiktok,20250908124741,https://lifeattiktok.com/search/7457283785260894471,1
7457297287783631112,lifeattiktok,20250609163241,https://lifeattiktok.com/search/7457297287783631112,3
7457381693860382983,lifeattiktok,20250730035907,https://lifeattiktok.com/search/7457381693860382983,1
7457383467807803655,jobs_bytedance,20250513141719,https://jobs.bytedance.com/en/position/7457383467807803655/detail?utm_source=Coatue+Management+job+board&utm_medium=getro.com&gh_src=Coatue+Management+job+board,1
7457388049766123784,jobs_bytedance,20250729183634,https://jobs.bytedance.com/en/position/7457388049766123784/detail,2
7457392447321278738,jobs_bytedance,20250513135006,https://jobs.bytedance.com/en/position/7457392447321278738/detail?utm_source=Coatue+Management+job+board&utm_medium=getro.com&gh_src=Coatue+Management+job+board,1
7457447105146177800,jobs_bytedance,20250719204840,https://jobs.bytedance.com/en/position/7457447105146177800/detail,1
7457454519832561927,lifeattiktok,20250324202153,https://lifeattiktok.com/search/7457454519832561927?_rsc=1f7vm,2
7457470233961498887,jobs_bytedance,20250319130834,https://jobs.bytedance.com/en/position/7457470233961498887/detail?utm_source=Technology+Crossover+Ventures+job+board&utm_medium=getro.com&gh_src=Technology+Crossover+Ventures+job+board,1
7457694627207809287,jobs_bytedance,20250524032305,https://jobs.bytedance.com/en/position/7457694627207809287/detail?utm_source=Coatue+Management+job+board&utm_medium=getro.com&gh_src=Coatue+Management+job+board,1
7457694628118481160,jobs_bytedance,20250811051140,https://jobs.bytedance.com/en/position/7457694628118481160/detail?utm_source=Technology+Crossover+Ventures+job+board&utm_medium=getro.com&gh_src=Technology+Crossover+Ventures+job+board,1
7457738540101814536,jobs_bytedance,20250519105225,https://jobs.bytedance.com/en/position/7457738540101814536/detail?utm_source=Technology+Crossover+Ventures+job+board&utm_medium=getro.com&gh_src=Technology+Crossover+Ventures+job+board,1
7457739606067480839,lifeattiktok,20250813184643,https://lifeattiktok.com/search/7457739606067480839,1
7457750788099148040,jobs_bytedance,20250724205901,https://jobs.bytedance.com/en/position/7457750788099148040/detail,1
7457750810601244936,jobs_bytedance,20250513125611,https://jobs.bytedance.com/en/position/7457750810601244936/detail?utm_source=Coatue+Management+job+board&utm_medium=getro.com&gh_src=Coatue+Management+job+board,1
7457805070039255303,jobs_bytedance,20250513122300,https://jobs.bytedance.com/en/position/7457805070039255303/detail?utm_source=Coatue+Management+job+board&utm_medium=getro.com&gh_src=Coatue+Management+job+board,1
7457821060756113671,lifeattiktok,20250730011442,https://lifeattiktok.com/search/7457821060756113671,1
7457849248509888775,jobs_bytedance,20250729174341,https://jobs.bytedance.com/en/position/7457849248509888775/detail,1
7458020432551446802,jobs_bytedance,20250319130103,https://jobs.bytedance.com/en/position/7458020432551446802/detail?utm_source=Technology+Crossover+Ventures+job+board&utm_medium=getro.com&gh_src=Technology+Crossover+Ventures+job+board,1
7458045214491527442,lifeattiktok,20250830004640,https://lifeattiktok.com/search/7458045214491527442,1
7458062158477363464,lifeattiktok,20251117000837,https://lifeattiktok.com/search/7458062158477363464,1
7458755319625419015,jobs_bytedance,20250622052532,https://jobs.bytedance.com/en/position/7458755319625419015/detail?utm_source=Coatue+Management+job+board&utm_medium=getro.com&gh_src=Coatue+Management+job+board,1
7458790540117641490,jobs_bytedance,20250622061414,https://jobs.bytedance.com/en/position/7458790540117641490/detail?utm_source=Ellis+H-1B+job+board&utm_medium=getro.com&gh_src=Ellis+H-1B+job+board,3
7459276151720020232,lifeattiktok,20250729180021,https://lifeattiktok.com/search/7459276151720020232,1
7459325521403775250,jobs_bytedance,20250524031216,https://jobs.bytedance.com/en/position/7459325521403775250/detail?utm_source=Coatue+Management+job+board&utm_medium=getro.com&gh_src=Coatue+Management+job+board,2
7459327031001073938,lifeattiktok,20250829095639,https://lifeattiktok.com/search/7459327031001073938,1
7459337871456880914,lifeattiktok,20260114210848,https://lifeattiktok.com/search/7459337871456880914,1
7459400999615465735,jobs_bytedance,20250719154624,https://jobs.bytedance.com/en/position/7459400999615465735/detail,1
7459452694433876242,jobs_bytedance,20250319135755,https://jobs.bytedance.com/en/position/7459452694433876242/detail?utm_source=Technology+Crossover+Ventures+job+board&utm_medium=getro.com&gh_src=Technology+Crossover+Ventures+job+board,1
7459501632986106130,jobs_bytedance,20250513134318,https://jobs.bytedance.com/en/position/7459501632986106130/detail?utm_source=Coatue+Management+job+board&utm_medium=getro.com&gh_src=Coatue+Management+job+board,1
7459611546294569224,jobs_bytedance,20250811041109,https://jobs.bytedance.com/en/position/7459611546294569224/detail?utm_source=Technology+Crossover+Ventures+job+board&utm_medium=getro.com&gh_src=Technology+Crossover+Ventures+job+board,1
7459616965671471367,lifeattiktok,20250815011415,https://lifeattiktok.com/search/7459616965671471367?_rsc=101j0,3
7459623967083677960,lifeattiktok,20250815011419,https://lifeattiktok.com/search/7459623967083677960?_rsc=101j0,3
7459648948594542856,jobs_bytedance,20250519122434,https://jobs.bytedance.com/en/position/7459648948594542856/detail?utm_source=Technology+Crossover+Ventures+job+board&utm_medium=getro.com&gh_src=Technology+Crossover+Ventures+job+board,1
7459659561017084167,lifeattiktok,20250731012918,https://lifeattiktok.com/search/7459659561017084167,1
7460056375336438034,lifeattiktok,20250814021115,https://lifeattiktok.com/search/7460056375336438034,1
7460074471132432647,jobs_bytedance,20250719213711,https://jobs.bytedance.com/en/position/7460074471132432647/detail,2
7460215367958350087,lifeattiktok,20250829063404,https://lifeattiktok.com/search/7460215367958350087,1
7460237670796413202,lifeattiktok,20250729205612,https://lifeattiktok.com/search/7460237670796413202,1
7460246235066124551,lifeattiktok,20250424085507,https://lifeattiktok.com/search/7460246235066124551?spread=5MWH5CQ&utm_source=Trust+and+Safety+Jobs,1
7460294006968502536,lifeattiktok,20250320074228,https://lifeattiktok.com/search/7460294006968502536?utm_source=Compete+Jobs+Board+by+Klue,1
7460349093668587794,lifeattiktok,20250730223031,https://lifeattiktok.com/search/7460349093668587794,1
7460437943195404562,lifeattiktok,20250730032940,https://lifeattiktok.com/search/7460437943195404562,1
7460509656655120648,jobs_bytedance,20250729193838,https://jobs.bytedance.com/en/position/7460509656655120648/detail,2
7460584933112940807,lifeattiktok,20250729113743,https://lifeattiktok.com/search/7460584933112940807,1
7460593585173235976,lifeattiktok,20250730230323,https://lifeattiktok.com/search/7460593585173235976,1
7460637611653105928,lifeattiktok,20250730092702,https://lifeattiktok.com/search/7460637611653105928,1
7460829631332714759,lifeattiktok,20250730214901,https://lifeattiktok.com/search/7460829631332714759,1
7460848949767899399,lifeattiktok,20250730075322,https://lifeattiktok.com/search/7460848949767899399,1
7460986702582532359,lifeattiktok,20250506160240,https://lifeattiktok.com/search/7460986702582532359?_rsc=16c6u,2
7461096477626435858,lifeattiktok,20250730012628,https://lifeattiktok.com/search/7461096477626435858,1
7461119653986158866,lifeattiktok,20250730073510,https://lifeattiktok.com/search/7461119653986158866,1
7461813202695768327,lifeattiktok,20260726082729,https://lifeattiktok.com/search/7461813202695768327,1
7461813875965610258,lifeattiktok,20250520030800,https://lifeattiktok.com/search/7461813875965610258?utm_source=Trust+and+Safety+Jobs,1
7461813875966052626,lifeattiktok,20250520041806,https://lifeattiktok.com/search/7461813875966052626?utm_source=Trust+and+Safety+Jobs,1
7461816227049654546,jobs_bytedance,20250725093653,https://jobs.bytedance.com/en/position/7461816227049654546/detail,1
7461837515889133842,lifeattiktok,20250730225818,https://lifeattiktok.com/search/7461837515889133842,1
7461940666911688968,lifeattiktok,20250405102413,https://lifeattiktok.com/search/7461940666911688968,3
7461987475398232328,lifeattiktok,20250206234511,https://lifeattiktok.com/search/7461987475398232328,1
7462028422455216392,lifeattiktok,20250724164005,https://lifeattiktok.com/search/7462028422455216392,1
7462504174149110023,lifeattiktok,20250225220118,https://lifeattiktok.com/search/7462504174149110023?spread=5MWH5CQ,1
7462587458460436744,jobs_bytedance,20250731202322,https://jobs.bytedance.com/en/position/7462587458460436744/detail,2
7462635885054413063,jobs_bytedance,20250801085007,https://jobs.bytedance.com/en/position/7462635885054413063/detail,1
7462667177037613320,lifeattiktok,20251117000535,https://lifeattiktok.com/search/7462667177037613320,1
7462684919283845394,jobs_bytedance,20250519121551,https://jobs.bytedance.com/en/position/7462684919283845394/detail?utm_source=Technology+Crossover+Ventures+job+board&utm_medium=getro.com&gh_src=Technology+Crossover+Ventures+job+board,1
7462814942275422471,jobs_bytedance,20250519104801,https://jobs.bytedance.com/en/position/7462814942275422471/detail?utm_source=Technology+Crossover+Ventures+job+board&utm_medium=getro.com&gh_src=Technology+Crossover+Ventures+job+board,1
7462956773394204946,jobs_bytedance,20250622051906,https://jobs.bytedance.com/en/position/7462956773394204946/detail?utm_source=Coatue+Management+job+board&utm_medium=getro.com&gh_src=Coatue+Management+job+board,2
7463028468180797714,jobs_bytedance,20250615123223,https://jobs.bytedance.com/en/position/7463028468180797714/detail?utm_source=Lead+Edge+Capital+job+board&utm_medium=getro.com&gh_src=Lead+Edge+Capital+job+board,1
7463053576266418450,lifeattiktok,20250520024152,https://lifeattiktok.com/search/7463053576266418450?utm_source=Trust+and+Safety+Jobs,1
7463117953527154962,lifeattiktok,20250801055404,https://lifeattiktok.com/search/7463117953527154962,1
7463183219082086664,lifeattiktok,20250801012209,https://lifeattiktok.com/search/7463183219082086664,1
7463186807560161554,lifeattiktok,20250801071902,https://lifeattiktok.com/search/7463186807560161554,1
7463192315458488583,lifeattiktok,20250801005030,https://lifeattiktok.com/search/7463192315458488583,1
7463293367725787399,jobs_bytedance,20250513135044,https://jobs.bytedance.com/en/position/7463293367725787399/detail?utm_source=Coatue+Management+job+board&utm_medium=getro.com&gh_src=Coatue+Management+job+board,1
7463297208587946248,jobs_bytedance,20250801013205,https://jobs.bytedance.com/en/position/7463297208587946248/detail,1
7463306488632756487,lifeattiktok,20250307201320,https://lifeattiktok.com/search/7463306488632756487,2
7463325030739757320,lifeattiktok,20250801124708,https://lifeattiktok.com/search/7463325030739757320,1
7463634426171033864,jobs_bytedance,20250801004529,https://jobs.bytedance.com/en/position/7463634426171033864/detail,2
7464401541660723464,lifeattiktok,20250801091838,https://lifeattiktok.com/search/7464401541660723464,1
7464438430136371474,lifeattiktok,20250801064005,https://lifeattiktok.com/search/7464438430136371474,3
7464481070504806664,lifeattiktok,20250520042335,https://lifeattiktok.com/search/7464481070504806664?utm_source=Trust+and+Safety+Jobs,1
7464496413403547912,jobs_bytedance,20250615124632,https://jobs.bytedance.com/en/position/7464496413403547912/detail?utm_source=Lead+Edge+Capital+job+board&utm_medium=getro.com&gh_src=Lead+Edge+Capital+job+board,1
7464713928611203336,lifeattiktok,20250424090215,https://lifeattiktok.com/search/7464713928611203336,1
7464754719577213191,lifeattiktok,20250405072745,https://lifeattiktok.com/search/7464754719577213191?spread=5MWH5CQ,1
7464798457813190919,jobs_bytedance,20250513122954,https://jobs.bytedance.com/en/position/7464798457813190919/detail?utm_source=Coatue+Management+job+board&utm_medium=getro.com&gh_src=Coatue+Management+job+board,1
7464830082683685138,lifeattiktok,20250818084647,https://lifeattiktok.com/search/7464830082683685138,5
7464840510403479826,lifeattiktok,20250731214341,https://lifeattiktok.com/search/7464840510403479826,1
7464840513293912327,lifeattiktok,20250801012213,https://lifeattiktok.com/search/7464840513293912327,3
7464912895466735880,lifeattiktok,20250320091146,https://lifeattiktok.com/search/7464912895466735880?spread=5MWH5CQ,1
7464948206242515207,jobs_bytedance,20250524032343,https://jobs.bytedance.com/en/position/7464948206242515207/detail?utm_source=Coatue+Management+job+board&utm_medium=getro.com&gh_src=Coatue+Management+job+board,1
7465144001881573640,jobs_bytedance,20250814061132,https://jobs.bytedance.com/en/position/7465144001881573640/detail,2
7465407157211973895,lifeattiktok,20250821034031,https://lifeattiktok.com/search/7465407157211973895,1
7465422280048527634,jobs_bytedance,20250524024548,https://jobs.bytedance.com/en/position/7465422280048527634/detail?utm_source=Coatue+Management+job+board&utm_medium=getro.com&gh_src=Coatue+Management+job+board,1
7465770552432167176,lifeattiktok,20250817035329,https://lifeattiktok.com/search/7465770552432167176,2
7465791908712630546,lifeattiktok,20250313005901,https://lifeattiktok.com/search/7465791908712630546,2
7465792787729484039,lifeattiktok,20250907141134,https://lifeattiktok.com/search/7465792787729484039,1
7466015690841360658,lifeattiktok,20250801045001,https://lifeattiktok.com/search/7466015690841360658,1
7466202531250833672,jobs_bytedance,20250424231722,https://jobs.bytedance.com/en/position/7466202531250833672/detail?utm_source=Technology+Crossover+Ventures+job+board&utm_medium=getro.com&gh_src=Technology+Crossover+Ventures+job+board,2
7466230164960495880,jobs_bytedance,20250513135930,https://jobs.bytedance.com/en/position/7466230164960495880/detail?utm_source=Coatue+Management+job+board&utm_medium=getro.com&gh_src=Coatue+Management+job+board,2
7466545326493862162,lifeattiktok,20250928232234,https://lifeattiktok.com/search/7466545326493862162,1
7467102821428562183,jobs_bytedance,20250519114644,https://jobs.bytedance.com/en/position/7467102821428562183/detail?utm_source=Technology+Crossover+Ventures+job+board&utm_medium=getro.com&gh_src=Technology+Crossover+Ventures+job+board,2
7467206401364150536,lifeattiktok,20250813193818,https://lifeattiktok.com/search/7467206401364150536,1
7467349347282225416,lifeattiktok,20250411223118,https://lifeattiktok.com/search/7467349347282225416?_rsc=rekdd,2
7467388046025312519,lifeattiktok,20250821021633,https://lifeattiktok.com/search/7467388046025312519,1
7467392799278532871,lifeattiktok,20250520033210,https://lifeattiktok.com/search/7467392799278532871,1
7467396057833081096,lifeattiktok,20250821184519,https://lifeattiktok.com/search/7467396057833081096,1
7467423941154670855,jobs_bytedance,20250615123447,https://jobs.bytedance.com/en/position/7467423941154670855/detail?utm_source=Lead+Edge+Capital+job+board&utm_medium=getro.com&gh_src=Lead+Edge+Capital+job+board,1
7467431333296425223,jobs_bytedance,20250615110538,https://jobs.bytedance.com/en/position/7467431333296425223/detail?utm_source=Lead+Edge+Capital+job+board&utm_medium=getro.com&gh_src=Lead+Edge+Capital+job+board,2
7467446116645226760,lifeattiktok,20250813225433,https://lifeattiktok.com/search/7467446116645226760,1
7467568289461111048,lifeattiktok,20250403215107,https://lifeattiktok.com/search/7467568289461111048,3
7467677432067049735,jobs_bytedance,20250519115240,https://jobs.bytedance.com/en/position/7467677432067049735/detail?utm_source=Coatue+Management+job+board&utm_medium=getro.com&gh_src=Coatue+Management+job+board,1
7467692500158810375,lifeattiktok,20250821213037,https://lifeattiktok.com/search/7467692500158810375,1
7467695150505019655,lifeattiktok,20250814062943,https://lifeattiktok.com/search/7467695150505019655,1
7467873599120099591,lifeattiktok,20251016000021,https://lifeattiktok.com/search/7467873599120099591,1
7467884778932766994,jobs_bytedance,20250513132932,https://jobs.bytedance.com/en/position/7467884778932766994/detail?utm_source=Coatue+Management+job+board&utm_medium=getro.com&gh_src=Coatue+Management+job+board,1
7468075498552330503,lifeattiktok,20250320071543,https://lifeattiktok.com/search/7468075498552330503?utm_source=MIT+Sloan+Career+Development+Office+job+board&utm_medium=getro.com&gh_src=MIT+Sloan+Career+Development+Office+job+board,1
7468088617077967111,jobs_bytedance,20250519122722,https://jobs.bytedance.com/en/position/7468088617077967111/detail?utm_source=Technology+Crossover+Ventures+job+board&utm_medium=getro.com&gh_src=Technology+Crossover+Ventures+job+board,1
7468134246222317831,jobs_bytedance,20250813195438,https://jobs.bytedance.com/en/position/7468134246222317831/detail,3
7468143073425099026,lifeattiktok,20250814194444,https://lifeattiktok.com/search/7468143073425099026,1
7468149961335818504,lifeattiktok,20250828042753,https://lifeattiktok.com/search/7468149961335818504,1
7468217127611320583,lifeattiktok,20260515022124,https://lifeattiktok.com/search/7468217127611320583,1
7468217510451710216,lifeattiktok,20250813172450,https://lifeattiktok.com/search/7468217510451710216,1
7468242158295599368,lifeattiktok,20250801050446,https://lifeattiktok.com/search/7468242158295599368,1
7468255540239878407,lifeattiktok,20250814203758,https://lifeattiktok.com/search/7468255540239878407,1
7468328844181833991,jobs_bytedance,20250513130546,https://jobs.bytedance.com/en/position/7468328844181833991/detail?utm_source=Coatue+Management+job+board&utm_medium=getro.com&gh_src=Coatue+Management+job+board,1
7468367294805543175,lifeattiktok,20250814100819,https://lifeattiktok.com/search/7468367294805543175,1
7468437082718030098,lifeattiktok,20250623185624,https://lifeattiktok.com/search/7468437082718030098,2
7468515971307129096,lifeattiktok,20250907124053,https://lifeattiktok.com/search/7468515971307129096,1
7468547980115888402,lifeattiktok,20250814182449,https://lifeattiktok.com/search/7468547980115888402,1
7468550172303001874,jobs_bytedance,20250814105536,https://jobs.bytedance.com/en/position/7468550172303001874/detail,1
7468555985906780434,jobs_bytedance,20250813215602,https://jobs.bytedance.com/en/position/7468555985906780434/detail,1
7468556839681804562,jobs_bytedance,20250814075614,https://jobs.bytedance.com/en/position/7468556839681804562/detail,3
7468593661355280648,lifeattiktok,20250320072916,https://lifeattiktok.com/search/7468593661355280648?utm_source=MIT+Sloan+Career+Development+Office+job+board&utm_medium=getro.com&gh_src=MIT+Sloan+Career+Development+Office+job+board,1
7468653689385928968,lifeattiktok,20250814010558,https://lifeattiktok.com/search/7468653689385928968,1
7468769208353491218,lifeattiktok,20260315113958,https://lifeattiktok.com/search/7468769208353491218?spread=5MWH5CQ,1
7468807874878966023,lifeattiktok,20250814055724,https://lifeattiktok.com/search/7468807874878966023,1
7468812665692391688,jobs_bytedance,20250513123901,https://jobs.bytedance.com/en/position/7468812665692391688/detail?utm_source=Coatue+Management+job+board&utm_medium=getro.com&gh_src=Coatue+Management+job+board,1
7468825619943868679,lifeattiktok,20250814115256,https://lifeattiktok.com/search/7468825619943868679,1
7468927991718054162,lifeattiktok,20250828205709,https://lifeattiktok.com/search/7468927991718054162,1
7469616691187255559,lifeattiktok,20250814173627,https://lifeattiktok.com/search/7469616691187255559,1
7469730935862282514,jobs_bytedance,20250519121003,https://jobs.bytedance.com/en/position/7469730935862282514/detail?utm_source=Technology+Crossover+Ventures+job+board&utm_medium=getro.com&gh_src=Technology+Crossover+Ventures+job+board,1
7469817227894638856,lifeattiktok,20251005070849,https://lifeattiktok.com/search/7469817227894638856,1
7469890359100901640,lifeattiktok,20250414194552,https://lifeattiktok.com/search/7469890359100901640,2
7469918654824958216,lifeattiktok,20250814054138,https://lifeattiktok.com/search/7469918654824958216,1
7469932393169586440,lifeattiktok,20250814172824,https://lifeattiktok.com/search/7469932393169586440,1
7470053847172598024,lifeattiktok,20250410012124,https://lifeattiktok.com/search/7470053847172598024,1
7470065634655717650,lifeattiktok,20260609050533,https://lifeattiktok.com/search/7470065634655717650?spread=5MWH5CQ,1
7470092302019578120,lifeattiktok,20250814160931,https://lifeattiktok.com/search/7470092302019578120,1
7470196902521866504,jobs_bytedance,20250615124538,https://jobs.bytedance.com/en/position/7470196902521866504/detail?utm_source=Lead+Edge+Capital+job+board&utm_medium=getro.com&gh_src=Lead+Edge+Capital+job+board,2
7470224518596020498,jobs_bytedance,20250513125755,https://jobs.bytedance.com/en/position/7470224518596020498/detail?utm_source=Coatue+Management+job+board&utm_medium=getro.com&gh_src=Coatue+Management+job+board,1
7470232414914332935,jobs_bytedance,20250519114714,https://jobs.bytedance.com/en/position/7470232414914332935/detail?utm_source=Technology+Crossover+Ventures+job+board&utm_medium=getro.com&gh_src=Technology+Crossover+Ventures+job+board,1
7470232416969296146,jobs_bytedance,20250814025853,https://jobs.bytedance.com/en/position/7470232416969296146/detail,2
7470234912956696840,jobs_bytedance,20250813165116,https://jobs.bytedance.com/en/position/7470234912956696840/detail,1
7470254589868132616,jobs_bytedance,20250814022439,https://jobs.bytedance.com/en/position/7470254589868132616/detail,2
7470322803880708359,jobs_bytedance,20250814114912,https://jobs.bytedance.com/en/position/7470322803880708359/detail,2
7470360775543867666,jobs_bytedance,20250513131317,https://jobs.bytedance.com/en/position/7470360775543867666/detail?utm_source=Coatue+Management+job+board&utm_medium=getro.com&gh_src=Coatue+Management+job+board,1
7470369306052954376,lifeattiktok,20250821170954,https://lifeattiktok.com/search/7470369306052954376,1
7470403479480224007,lifeattiktok,20250814010918,https://lifeattiktok.com/search/7470403479480224007,1
7470408781836323090,lifeattiktok,20260315071924,https://lifeattiktok.com/search/7470408781836323090?spread=5MWH5CQ&utm_source=levels.fyi,1
7470411308999919890,lifeattiktok,20250501175335,https://lifeattiktok.com/search/7470411308999919890,2
7470413749330315527,lifeattiktok,20250813195237,https://lifeattiktok.com/search/7470413749330315527,1
7470563298955938056,lifeattiktok,20250321044708,https://lifeattiktok.com/search/7470563298955938056,2
7470594614774024466,lifeattiktok,20250404183537,https://lifeattiktok.com/search/7470594614774024466,2
7470691141190945042,lifeattiktok,20250311090202,https://lifeattiktok.com/search/7470691141190945042,2
7470750442256468231,lifeattiktok,20250821072629,https://lifeattiktok.com/search/7470750442256468231,1
7470811894086535431,lifeattiktok,20250821213829,https://lifeattiktok.com/search/7470811894086535431,1
7470856493589530898,lifeattiktok,20250801114642,https://lifeattiktok.com/search/7470856493589530898,1
7471010382401538322,lifeattiktok,20250821175122,https://lifeattiktok.com/search/7471010382401538322,1
7471144061152561415,jobs_bytedance,20250615110946,https://jobs.bytedance.com/en/position/7471144061152561415/detail?utm_source=Lead+Edge+Capital+job+board&utm_medium=getro.com&gh_src=Lead+Edge+Capital+job+board,1
7471165369022843143,jobs_bytedance,20250524023610,https://jobs.bytedance.com/en/position/7471165369022843143/detail?utm_source=Coatue+Management+job+board&utm_medium=getro.com&gh_src=Coatue+Management+job+board,1
7471165369193875730,jobs_bytedance,20250615120608,https://jobs.bytedance.com/en/position/7471165369193875730/detail?utm_source=Lead+Edge+Capital+job+board&utm_medium=getro.com&gh_src=Lead+Edge+Capital+job+board,2
7471329521590110472,lifeattiktok,20250317133022,https://lifeattiktok.com/search/7471329521590110472,2
7472215434990897416,lifeattiktok,20250821131412,https://lifeattiktok.com/search/7472215434990897416,1
7472346580181436679,jobs_bytedance,20250615113643,https://jobs.bytedance.com/en/position/7472346580181436679/detail?utm_source=Lead+Edge+Capital+job+board&utm_medium=getro.com&gh_src=Lead+Edge+Capital+job+board,1
7472397686169389330,lifeattiktok,20250821155626,https://lifeattiktok.com/search/7472397686169389330,1
7472458529434618130,lifeattiktok,20250821184812,https://lifeattiktok.com/search/7472458529434618130,1
7472459133247113480,lifeattiktok,20250821202155,https://lifeattiktok.com/search/7472459133247113480,1
7472468864007440658,lifeattiktok,20251011183239,https://lifeattiktok.com/search/7472468864007440658?utm_source=Simplify,2
7472468869685938439,lifeattiktok,20251011183056,https://lifeattiktok.com/search/7472468869685938439,1
7472486903355787528,lifeattiktok,20250821155331,https://lifeattiktok.com/search/7472486903355787528,1
7472489421964724487,lifeattiktok,20250821115155,https://lifeattiktok.com/search/7472489421964724487,1
7472532417904085255,lifeattiktok,20250420012902,https://lifeattiktok.com/search/7472532417904085255,2
7472602967054747922,lifeattiktok,20260421224412,https://lifeattiktok.com/search/7472602967054747922,1
7472668087378168071,jobs_bytedance,20250519113513,https://jobs.bytedance.com/en/position/7472668087378168071/detail?utm_source=Technology+Crossover+Ventures+job+board&utm_medium=getro.com&gh_src=Technology+Crossover+Ventures+job+board,1
7472817854204004616,lifeattiktok,20250404001335,https://lifeattiktok.com/search/7472817854204004616?spread=5MWH5CQ,1
7472822228641253640,lifeattiktok,20250415180236,https://lifeattiktok.com/search/7472822228641253640,2
7472846396270659847,lifeattiktok,20250907163911,https://lifeattiktok.com/search/7472846396270659847,1
7472896415632722184,lifeattiktok,20250424103033,https://lifeattiktok.com/search/7472896415632722184?utm_source=www.the79newsletter.com&utm_medium=referral&utm_campaign=did-xai-lie-about-grok-3,1
7472896923185121544,jobs_bytedance,20250513142036,https://jobs.bytedance.com/en/position/7472896923185121544/detail?utm_source=Coatue+Management+job+board&utm_medium=getro.com&gh_src=Coatue+Management+job+board,1
7472914956854429970,jobs_bytedance,20250519115212,https://jobs.bytedance.com/en/position/7472914956854429970/detail?utm_source=Lead+Edge+Capital+job+board&utm_medium=getro.com&gh_src=Lead+Edge+Capital+job+board,2
7472916061886515463,jobs_bytedance,20250524041618,https://jobs.bytedance.com/en/position/7472916061886515463/detail?utm_source=Coatue+Management+job+board&utm_medium=getro.com&gh_src=Coatue+Management+job+board,2
7472919425420052754,jobs_bytedance,20250519121302,https://jobs.bytedance.com/en/position/7472919425420052754/detail?utm_source=Lead+Edge+Capital+job+board&utm_medium=getro.com&gh_src=Lead+Edge+Capital+job+board,2
7472920270878116114,jobs_bytedance,20250524025248,https://jobs.bytedance.com/en/position/7472920270878116114/detail?utm_source=Coatue+Management+job+board&utm_medium=getro.com&gh_src=Coatue+Management+job+board,1
7472934401123584274,lifeattiktok,20250725033430,https://lifeattiktok.com/search/7472934401123584274,1
7472991757866567944,lifeattiktok,20250420115013,https://lifeattiktok.com/search/7472991757866567944,2
7472994873588058375,lifeattiktok,20251004063126,https://lifeattiktok.com/search/7472994873588058375,1
7472999733616953618,jobs_bytedance,20250519120356,https://jobs.bytedance.com/en/position/7472999733616953618/detail?utm_source=Technology+Crossover+Ventures+job+board&utm_medium=getro.com&gh_src=Technology+Crossover+Ventures+job+board,1
7473021069018237191,lifeattiktok,20260315110122,https://lifeattiktok.com/search/7473021069018237191?spread=5MWH5CQ,3
7473034838964259090,jobs_bytedance,20250524041639,https://jobs.bytedance.com/en/position/7473034838964259090/detail?utm_source=Coatue+Management+job+board&utm_medium=getro.com&gh_src=Coatue+Management+job+board,1
7473202359909304584,jobs_bytedance,20250615121112,https://jobs.bytedance.com/en/position/7473202359909304584/detail?utm_source=Lead+Edge+Capital+job+board&utm_medium=getro.com&gh_src=Lead+Edge+Capital+job+board,1
7473203615076354312,lifeattiktok,20250324193207,https://lifeattiktok.com/search/7473203615076354312?_rsc=16c6u,2
7473203615340136722,jobs_bytedance,20250622053429,https://jobs.bytedance.com/en/position/7473203615340136722/detail?utm_source=Coatue+Management+job+board&utm_medium=getro.com&gh_src=Coatue+Management+job+board,2
7473264084714113287,jobs_bytedance,20250723001216,https://jobs.bytedance.com/en/position/7473264084714113287/detail,1
7473300892659206407,lifeattiktok,20251011183241,https://lifeattiktok.com/search/7473300892659206407?utm_source=Simplify,1
7473326321289824520,lifeattiktok,20251016005216,https://lifeattiktok.com/search/7473326321289824520,1
7473328589401606408,lifeattiktok,20250809031234,https://lifeattiktok.com/search/7473328589401606408,5
7473331194626492680,lifeattiktok,20260315112118,https://lifeattiktok.com/search/7473331194626492680?spread=5MWH5CQ,6
7473334964256393479,lifeattiktok,20260506185324,https://lifeattiktok.com/search/7473334964256393479,2
7473337388929861906,lifeattiktok,20250705024051,https://lifeattiktok.com/search/7473337388929861906,1
7473342040157194514,lifeattiktok,20250705024207,https://lifeattiktok.com/search/7473342040157194514?_rsc=1vey8,5
7473364196650961170,lifeattiktok,20250829112530,https://lifeattiktok.com/search/7473364196650961170,1
7473393686266267912,jobs_bytedance,20250519114323,https://jobs.bytedance.com/en/position/7473393686266267912/detail?utm_source=Technology+Crossover+Ventures+job+board&utm_medium=getro.com&gh_src=Technology+Crossover+Ventures+job+board,1
7473405344409733394,lifeattiktok,20250829093256,https://lifeattiktok.com/search/7473405344409733394,1
7473594406558959890,lifeattiktok,20250303073223,https://lifeattiktok.com/search/7473594406558959890?_rsc=pyzdg,1
7473598219182065938,lifeattiktok,20250416044642,https://lifeattiktok.com/search/7473598219182065938,2
7473617585256401160,lifeattiktok,20250829002657,https://lifeattiktok.com/search/7473617585256401160,1
7473655062654142727,jobs_bytedance,20250513131951,https://jobs.bytedance.com/en/position/7473655062654142727/detail?utm_source=Coatue+Management+job+board&utm_medium=getro.com&gh_src=Coatue+Management+job+board,1
7473814804148062482,jobs_bytedance,20250513134241,https://jobs.bytedance.com/en/position/7473814804148062482/detail?utm_source=Coatue+Management+job+board&utm_medium=getro.com&gh_src=Coatue+Management+job+board,1
7473815027474434322,jobs_bytedance,20250615105526,https://jobs.bytedance.com/en/position/7473815027474434322/detail?utm_source=Lead+Edge+Capital+job+board&utm_medium=getro.com&gh_src=Lead+Edge+Capital+job+board,1
7473967395750938887,lifeattiktok,20250828175104,https://lifeattiktok.com/search/7473967395750938887,1
7473999820283529490,lifeattiktok,20250828092417,https://lifeattiktok.com/search/7473999820283529490,1
7474817095076350215,lifeattiktok,20250828233521,https://lifeattiktok.com/search/7474817095076350215,1
7474819476413155591,lifeattiktok,20250829172236,https://lifeattiktok.com/search/7474819476413155591,1
7474820022977431815,lifeattiktok,20251030102201,https://lifeattiktok.com/search/7474820022977431815?spread=128SD3R,2
7474821022249470216,lifeattiktok,20251030102220,https://lifeattiktok.com/search/7474821022249470216?spread=128SD3R,3
7474897106022205703,jobs_bytedance,20250519121653,https://jobs.bytedance.com/en/position/7474897106022205703/detail?utm_source=Technology+Crossover+Ventures+job+board&utm_medium=getro.com&gh_src=Technology+Crossover+Ventures+job+board,1
7474921930031384840,jobs_bytedance,20250615120714,https://jobs.bytedance.com/en/position/7474921930031384840/detail?utm_source=Lead+Edge+Capital+job+board&utm_medium=getro.com&gh_src=Lead+Edge+Capital+job+board,1
7474923792806283528,jobs_bytedance,20250513140918,https://jobs.bytedance.com/en/position/7474923792806283528/detail?utm_source=Coatue+Management+job+board&utm_medium=getro.com&gh_src=Coatue+Management+job+board,1
7474963943467878664,lifeattiktok,20250823032900,https://lifeattiktok.com/search/7474963943467878664?spread=5MWH5CQ&utm_source=levels.fyi,1
7474973388650432786,lifeattiktok,20260421234726,https://lifeattiktok.com/search/7474973388650432786,1
7475089379565259015,lifeattiktok,20250613134404,https://lifeattiktok.com/search/7475089379565259015?spread=5MWH5CQ,1
7475109850453559559,jobs_bytedance,20250615113343,https://jobs.bytedance.com/en/position/7475109850453559559/detail?utm_source=Lead+Edge+Capital+job+board&utm_medium=getro.com&gh_src=Lead+Edge+Capital+job+board,1
7475130354514020615,lifeattiktok,20251030102204,https://lifeattiktok.com/search/7475130354514020615?spread=128SD3R,1
7475153170865490183,lifeattiktok,20250908202726,https://lifeattiktok.com/search/7475153170865490183,1
7475217954280720658,lifeattiktok,20250226215642,https://lifeattiktok.com/search/7475217954280720658,2
7475217954281326866,jobs_bytedance,20250524025159,https://jobs.bytedance.com/en/position/7475217954281326866/detail?utm_source=Coatue+Management+job+board&utm_medium=getro.com&gh_src=Coatue+Management+job+board,1
7475252904493205768,jobs_bytedance,20250615112049,https://jobs.bytedance.com/en/position/7475252904493205768/detail?utm_source=Lead+Edge+Capital+job+board&utm_medium=getro.com&gh_src=Lead+Edge+Capital+job+board,1
7475321671245039879,lifeattiktok,20250506160240,https://lifeattiktok.com/search/7475321671245039879?_rsc=16c6u,2
7475329880101390610,lifeattiktok,20250406020709,https://lifeattiktok.com/search/7475329880101390610,2
7475330730153068818,lifeattiktok,20250829144213,https://lifeattiktok.com/search/7475330730153068818,1
7475359367719160071,lifeattiktok,20250406112526,https://lifeattiktok.com/search/7475359367719160071,2
7475362885625252114,lifeattiktok,20250303073207,https://lifeattiktok.com/search/7475362885625252114?_rsc=rekdd,1
7475367321700534535,lifeattiktok,20250828150523,https://lifeattiktok.com/search/7475367321700534535,1
7475406341461477639,lifeattiktok,20250830011304,https://lifeattiktok.com/search/7475406341461477639,1
7475409235393022215,lifeattiktok,20250829122401,https://lifeattiktok.com/search/7475409235393022215,1
7475426178994374919,lifeattiktok,20250829062913,https://lifeattiktok.com/search/7475426178994374919,1
7475432151909042440,lifeattiktok,20250228154033,https://lifeattiktok.com/search/7475432151909042440?spread=5MWH5CQ,1
7475476014311835912,lifeattiktok,20250828221150,https://lifeattiktok.com/search/7475476014311835912,1
7475480155910752519,lifeattiktok,20250705024207,https://lifeattiktok.com/search/7475480155910752519?_rsc=1vey8,4
7475483370308192519,lifeattiktok,20250304102841,https://lifeattiktok.com/search/7475483370308192519,2
7475486168176462088,lifeattiktok,20250307185113,https://lifeattiktok.com/search/7475486168176462088,2
7475507946153019655,lifeattiktok,20250725053959,https://lifeattiktok.com/search/7475507946153019655,1
7475518289738156306,lifeattiktok,20250613140038,https://lifeattiktok.com/search/7475518289738156306?utm_source=early-talent.diversifytech.com&utm_medium=referral&utm_campaign=student-edition-issue-202,1
7475527645810329874,lifeattiktok,20250303073207,https://lifeattiktok.com/search/7475527645810329874?_rsc=rekdd,1
7475560163546581266,lifeattiktok,20250617185038,https://lifeattiktok.com/search/7475560163546581266,1
7475578168724982034,lifeattiktok,20250519100710,https://lifeattiktok.com/search/7475578168724982034,1
7475583170420295943,lifeattiktok,20251114110045,https://lifeattiktok.com/search/7475583170420295943?spread=5MWH5CQ,2
7475592159815649554,jobs_bytedance,20250811043032,https://jobs.bytedance.com/en/position/7475592159815649554/detail?utm_source=Technology+Crossover+Ventures+job+board&utm_medium=getro.com&gh_src=Technology+Crossover+Ventures+job+board,2
7475598764213094664,lifeattiktok,20250829214403,https://lifeattiktok.com/search/7475598764213094664,1
7475607090779670802,lifeattiktok,20250324193207,https://lifeattiktok.com/search/7475607090779670802?_rsc=16c6u,2
7475609173297727762,lifeattiktok,20250324193207,https://lifeattiktok.com/search/7475609173297727762?_rsc=16c6u,2
7475612286737467656,jobs_bytedance,20250513132735,https://jobs.bytedance.com/en/position/7475612286737467656/detail?utm_source=Coatue+Management+job+board&utm_medium=getro.com&gh_src=Coatue+Management+job+board,1
7475648858237683986,lifeattiktok,20250829183825,https://lifeattiktok.com/search/7475648858237683986,1
7475650854226807047,lifeattiktok,20250829164147,https://lifeattiktok.com/search/7475650854226807047,1
7475690431487396103,lifeattiktok,20250504103354,https://lifeattiktok.com/search/7475690431487396103,1
7475694529799227655,lifeattiktok,20250828092005,https://lifeattiktok.com/search/7475694529799227655,1
7475694730652584200,lifeattiktok,20250419074738,https://lifeattiktok.com/search/7475694730652584200,1
7475700668889401608,lifeattiktok,20250829191152,https://lifeattiktok.com/search/7475700668889401608,1
7475758445267273992,lifeattiktok,20250907184147,https://lifeattiktok.com/search/7475758445267273992,1
7475760922939066631,lifeattiktok,20250414104253,https://lifeattiktok.com/search/7475760922939066631,2
7475764774890981640,lifeattiktok,20250408183739,https://lifeattiktok.com/search/7475764774890981640,1
7475933009477814546,jobs_bytedance,20250524030249,https://jobs.bytedance.com/en/position/7475933009477814546/detail?utm_source=Coatue+Management+job+board&utm_medium=getro.com&gh_src=Coatue+Management+job+board,1
7475940049264625928,jobs_bytedance,20250615120538,https://jobs.bytedance.com/en/position/7475940049264625928/detail?utm_source=Lead+Edge+Capital+job+board&utm_medium=getro.com&gh_src=Lead+Edge+Capital+job+board,1
7475946164497205512,lifeattiktok,20251003171634,https://lifeattiktok.com/search/7475946164497205512?spread=5MWH5CQ%5Cu0026ref%3Dlevels.fyi%5Cu0026src%3Dlevels.fyi%5Cu0026utm_source%3Dlevels.fyi,2
7475979281589831943,jobs_bytedance,20250513131833,https://jobs.bytedance.com/en/position/7475979281589831943/detail?utm_source=Coatue+Management+job+board&utm_medium=getro.com&gh_src=Coatue+Management+job+board,1
7476133371896498440,lifeattiktok,20250731194520,https://lifeattiktok.com/search/7476133371896498440,1
7476198668874762504,jobs_bytedance,20250622050944,https://jobs.bytedance.com/en/position/7476198668874762504/detail?utm_source=Technology+Crossover+Ventures+job+board&utm_medium=getro.com&gh_src=Technology+Crossover+Ventures+job+board,1
7476252480545474824,jobs_bytedance,20250615114921,https://jobs.bytedance.com/en/position/7476252480545474824/detail?utm_source=Lead+Edge+Capital+job+board&utm_medium=getro.com&gh_src=Lead+Edge+Capital+job+board,1
7476303915949787399,jobs_bytedance,20250519105658,https://jobs.bytedance.com/en/position/7476303915949787399/detail?utm_source=Technology+Crossover+Ventures+job+board&utm_medium=getro.com&gh_src=Technology+Crossover+Ventures+job+board,2
7476319043521169671,jobs_bytedance,20250519104335,https://jobs.bytedance.com/en/position/7476319043521169671/detail?utm_source=Technology+Crossover+Ventures+job+board&utm_medium=getro.com&gh_src=Technology+Crossover+Ventures+job+board,1
7476320752120563976,lifeattiktok,20250506160240,https://lifeattiktok.com/search/7476320752120563976?_rsc=16c6u,2
7476341885049637128,lifeattiktok,20250908093053,https://lifeattiktok.com/search/7476341885049637128,1
7476356273534732552,lifeattiktok,20250326192033,https://lifeattiktok.com/search/7476356273534732552,1
7476380408424384786,jobs_bytedance,20250524041851,https://jobs.bytedance.com/en/position/7476380408424384786/detail?utm_source=Coatue+Management+job+board&utm_medium=getro.com&gh_src=Coatue+Management+job+board,1
7476384592443263239,jobs_bytedance,20250524035545,https://jobs.bytedance.com/en/position/7476384592443263239/detail?utm_source=Coatue+Management+job+board&utm_medium=getro.com&gh_src=Coatue+Management+job+board,1
7476387040239782152,jobs_bytedance,20250524034603,https://jobs.bytedance.com/en/position/7476387040239782152/detail?utm_source=Coatue+Management+job+board&utm_medium=getro.com&gh_src=Coatue+Management+job+board,1
7476391089550395666,lifeattiktok,20250907184354,https://lifeattiktok.com/search/7476391089550395666,1
7476399586195245320,lifeattiktok,20250829092449,https://lifeattiktok.com/search/7476399586195245320,1
7476402080979241234,lifeattiktok,20250828223803,https://lifeattiktok.com/search/7476402080979241234,1
7476454166090746130,lifeattiktok,20260114201719,https://lifeattiktok.com/search/7476454166090746130,1
7476598354597923080,lifeattiktok,20250725132146,https://lifeattiktok.com/search/7476598354597923080,1
7476854644494485767,lifeattiktok,20250908154811,https://lifeattiktok.com/search/7476854644494485767,1
7477411371824400647,lifeattiktok,20250908001440,https://lifeattiktok.com/search/7477411371824400647,1
7477412526033619208,lifeattiktok,20250908052714,https://lifeattiktok.com/search/7477412526033619208,1
7477482936537090311,jobs_bytedance,20250519114056,https://jobs.bytedance.com/en/position/7477482936537090311/detail?utm_source=Technology+Crossover+Ventures+job+board&utm_medium=getro.com&gh_src=Technology+Crossover+Ventures+job+board,1
7477614274559379720,lifeattiktok,20250908012641,https://lifeattiktok.com/search/7477614274559379720,1
7477751142501697800,jobs_bytedance,20250519115754,https://jobs.bytedance.com/en/position/7477751142501697800/detail?utm_source=Lead+Edge+Capital+job+board&utm_medium=getro.com&gh_src=Lead+Edge+Capital+job+board,1
7477763963695941895,lifeattiktok,20250908072050,https://lifeattiktok.com/search/7477763963695941895,1
7477823729822812424,lifeattiktok,20250907150542,https://lifeattiktok.com/search/7477823729822812424,1
7477874831271397650,lifeattiktok,20250504210337,https://lifeattiktok.com/search/7477874831271397650,1
7477924098859157767,lifeattiktok,20250405150104,https://lifeattiktok.com/search/7477924098859157767?spread=5MWH5CQ&utm_source=Trust+and+Safety+Jobs,5
7478064445866363154,jobs_bytedance,20250513130258,https://jobs.bytedance.com/en/position/7478064445866363154/detail?utm_source=Coatue+Management+job+board&utm_medium=getro.com&gh_src=Coatue+Management+job+board,1
7478073106519853319,jobs_bytedance,20250524024623,https://jobs.bytedance.com/en/position/7478073106519853319/detail?utm_source=Coatue+Management+job+board&utm_medium=getro.com&gh_src=Coatue+Management+job+board,1
7478074679694723346,jobs_bytedance,20250615115805,https://jobs.bytedance.com/en/position/7478074679694723346/detail?utm_source=Lead+Edge+Capital+job+board&utm_medium=getro.com&gh_src=Lead+Edge+Capital+job+board,2
7478106032707848456,lifeattiktok,20250908122515,https://lifeattiktok.com/search/7478106032707848456,1
7478106048383387911,lifeattiktok,20260315104105,https://lifeattiktok.com/search/7478106048383387911?spread=5MWH5CQ,2
7478145121248512263,lifeattiktok,20250429072829,https://lifeattiktok.com/search/7478145121248512263?_rsc=5m079,1
7478152280879106322,jobs_bytedance,20250615122039,https://jobs.bytedance.com/en/position/7478152280879106322/detail?utm_source=Lead+Edge+Capital+job+board&utm_medium=getro.com&gh_src=Lead+Edge+Capital+job+board,1
7478174818136000776,lifeattiktok,20250920111247,https://lifeattiktok.com/search/7478174818136000776?utm_source=levels.fyi&spread=5MWH5CQ,2
7478220754275928338,lifeattiktok,20251118004351,https://lifeattiktok.com/search/7478220754275928338?utm_source=levels.fyi&spread=5MWH5CQ,2
7478221136875751687,lifeattiktok,20250908110059,https://lifeattiktok.com/search/7478221136875751687,1
7478221136976562450,jobs_bytedance,20250519112059,https://jobs.bytedance.com/en/position/7478221136976562450/detail?utm_source=Technology+Crossover+Ventures+job+board&utm_medium=getro.com&gh_src=Technology+Crossover+Ventures+job+board,2
7478234869640136978,jobs_bytedance,20250615111236,https://jobs.bytedance.com/en/position/7478234869640136978/detail?utm_source=Lead+Edge+Capital+job+board&utm_medium=getro.com&gh_src=Lead+Edge+Capital+job+board,1
7478236375940401415,jobs_bytedance,20250519112517,https://jobs.bytedance.com/en/position/7478236375940401415/detail?utm_source=Technology+Crossover+Ventures+job+board&utm_medium=getro.com&gh_src=Technology+Crossover+Ventures+job+board,1
7478251350842427655,lifeattiktok,20250729195141,https://lifeattiktok.com/search/7478251350842427655?utm_source=levels.fyi&spread=5MWH5CQ,1
7478281512959461640,lifeattiktok,20250917144137,https://lifeattiktok.com/search/7478281512959461640,1
7478599213392251154,lifeattiktok,20250820120146,https://lifeattiktok.com/search/7478599213392251154?utm_source=Simplify,3
7478634770701191431,lifeattiktok,20250920212125,https://lifeattiktok.com/search/7478634770701191431,1
7478665830973081874,jobs_bytedance,20250519110240,https://jobs.bytedance.com/en/position/7478665830973081874/detail?utm_source=Technology+Crossover+Ventures+job+board&utm_medium=getro.com&gh_src=Technology+Crossover+Ventures+job+board,1
7478732215992862984,lifeattiktok,20250426162414,https://lifeattiktok.com/search/7478732215992862984,3
7478948631715432722,jobs_bytedance,20250720180551,https://jobs.bytedance.com/en/position/7478948631715432722/detail,1
7479124922725157127,lifeattiktok,20251011183238,https://lifeattiktok.com/search/7479124922725157127?utm_source=Simplify,1
7479124923047741704,lifeattiktok,20250613133506,https://lifeattiktok.com/search/7479124923047741704?utm_source=www.interninsider.me&utm_medium=referral&utm_campaign=apply-35-new-internships-hackathon-with-100-000-in-prizes,3
7479128469718173970,lifeattiktok,20250520041250,https://lifeattiktok.com/search/7479128469718173970,1
7479129641305164040,lifeattiktok,20250520040409,https://lifeattiktok.com/search/7479129641305164040,1
7479130414049855752,lifeattiktok,20251011183059,https://lifeattiktok.com/search/7479130414049855752,1
7479131428598270216,lifeattiktok,20251011183239,https://lifeattiktok.com/search/7479131428598270216?utm_source=Simplify,2
7479131433425848583,lifeattiktok,20260315104557,https://lifeattiktok.com/search/7479131433425848583?spread=5MWH5CQ,1
7479135832759470354,lifeattiktok,20251011183055,https://lifeattiktok.com/search/7479135832759470354,1
7479136890973669640,lifeattiktok,20251011183134,https://lifeattiktok.com/search/7479136890973669640,1
7480009640764950791,lifeattiktok,20251024142454,https://lifeattiktok.com/search/7480009640764950791,2
7480062667106142471,jobs_bytedance,20250519121334,https://jobs.bytedance.com/en/position/7480062667106142471/detail?utm_source=Technology+Crossover+Ventures+job+board&utm_medium=getro.com&gh_src=Technology+Crossover+Ventures+job+board,1
7480293873518168338,jobs_bytedance,20250513124221,https://jobs.bytedance.com/en/position/7480293873518168338/detail?utm_source=Coatue+Management+job+board&utm_medium=getro.com&gh_src=Coatue+Management+job+board,1
7480296046954858770,jobs_bytedance,20250519120432,https://jobs.bytedance.com/en/position/7480296046954858770/detail?utm_source=Technology+Crossover+Ventures+job+board&utm_medium=getro.com&gh_src=Technology+Crossover+Ventures+job+board,1
7480303642893928711,jobs_bytedance,20250615115301,https://jobs.bytedance.com/en/position/7480303642893928711/detail?utm_source=Lead+Edge+Capital+job+board&utm_medium=getro.com&gh_src=Lead+Edge+Capital+job+board,1
7480440082086021384,jobs_bytedance,20250513125503,https://jobs.bytedance.com/en/position/7480440082086021384/detail?utm_source=Coatue+Management+job+board&utm_medium=getro.com&gh_src=Coatue+Management+job+board,1
7480444699225966855,jobs_bytedance,20250513133442,https://jobs.bytedance.com/en/position/7480444699225966855/detail?utm_source=Coatue+Management+job+board&utm_medium=getro.com&gh_src=Coatue+Management+job+board,1
7480560137469528338,lifeattiktok,20250520041426,https://lifeattiktok.com/search/7480560137469528338?utm_source=Trust+and+Safety+Jobs,1
7480683150084245778,lifeattiktok,20250520030234,https://lifeattiktok.com/search/7480683150084245778?spread=5MWH5CQ&utm_source=Trust+and+Safety+Jobs,2
7480719007667210503,lifeattiktok,20250414171820,https://lifeattiktok.com/search/7480719007667210503,2
7480734778133317896,jobs_bytedance,20250524035310,https://jobs.bytedance.com/en/position/7480734778133317896/detail?utm_source=Coatue+Management+job+board&utm_medium=getro.com&gh_src=Coatue+Management+job+board,1
7480746522909788424,jobs_bytedance,20250513132426,https://jobs.bytedance.com/en/position/7480746522909788424/detail?utm_source=Coatue+Management+job+board&utm_medium=getro.com&gh_src=Coatue+Management+job+board,1
7480749081696192776,jobs_bytedance,20250524032500,https://jobs.bytedance.com/en/position/7480749081696192776/detail?utm_source=Coatue+Management+job+board&utm_medium=getro.com&gh_src=Coatue+Management+job+board,2
7480758723422767367,jobs_bytedance,20250813165333,https://jobs.bytedance.com/en/position/7480758723422767367/detail,1
7480762421310392583,jobs_bytedance,20250702020506,https://jobs.bytedance.com/en/position/7480762421310392583/detail,2
7480762634351020295,jobs_bytedance,20250524033600,https://jobs.bytedance.com/en/position/7480762634351020295/detail?utm_source=Coatue+Management+job+board&utm_medium=getro.com&gh_src=Coatue+Management+job+board,1
7480764737299433735,jobs_bytedance,20250524041321,https://jobs.bytedance.com/en/position/7480764737299433735/detail?utm_source=Coatue+Management+job+board&utm_medium=getro.com&gh_src=Coatue+Management+job+board,1
7480779960623008018,lifeattiktok,20260902100929,https://lifeattiktok.com/search/7480779960623008018?utm_source=Simplify,2
7480823977766635784,lifeattiktok,20250404070618,https://lifeattiktok.com/search/7480823977766635784,3
7480870876894071048,lifeattiktok,20250821154304,https://lifeattiktok.com/search/7480870876894071048,1
7480946505630943496,jobs_bytedance,20250513141646,https://jobs.bytedance.com/en/position/7480946505630943496/detail?utm_source=Coatue+Management+job+board&utm_medium=getro.com&gh_src=Coatue+Management+job+board,1
7481065388328880402,lifeattiktok,20250506160240,https://lifeattiktok.com/search/7481065388328880402?_rsc=16c6u,2
7481085672389691656,lifeattiktok,20250414030158,https://lifeattiktok.com/search/7481085672389691656,2
7481173066262300936,lifeattiktok,20250611183829,https://lifeattiktok.com/search/7481173066262300936,2
7481201439488051474,lifeattiktok,20250323085905,https://lifeattiktok.com/search/7481201439488051474,1
7481253897567734034,lifeattiktok,20250624094255,https://lifeattiktok.com/search/7481253897567734034?_rsc=1rfdr,3
7481258751816485128,lifeattiktok,20250413130706,https://lifeattiktok.com/search/7481258751816485128,2
7481307240956610834,lifeattiktok,20250520031655,https://lifeattiktok.com/search/7481307240956610834?utm_source=Trust+and+Safety+Jobs,4
7481313788936603912,lifeattiktok,20250520033702,https://lifeattiktok.com/search/7481313788936603912?utm_source=Trust+and+Safety+Jobs,1
7481430750635723015,jobs_bytedance,20250524041749,https://jobs.bytedance.com/en/position/7481430750635723015/detail?utm_source=Coatue+Management+job+board&utm_medium=getro.com&gh_src=Coatue+Management+job+board,1
7481431143423428872,jobs_bytedance,20250519111741,https://jobs.bytedance.com/en/position/7481431143423428872/detail?utm_source=Technology+Crossover+Ventures+job+board&utm_medium=getro.com&gh_src=Technology+Crossover+Ventures+job+board,1
7481561019966572808,jobs_bytedance,20250524035443,https://jobs.bytedance.com/en/position/7481561019966572808/detail?utm_source=Coatue+Management+job+board&utm_medium=getro.com&gh_src=Coatue+Management+job+board,1
7481566106625394951,jobs_bytedance,20250519113912,https://jobs.bytedance.com/en/position/7481566106625394951/detail?utm_source=Technology+Crossover+Ventures+job+board&utm_medium=getro.com&gh_src=Technology+Crossover+Ventures+job+board,2
7481687949492586770,lifeattiktok,20250520041944,https://lifeattiktok.com/search/7481687949492586770,1
7481734328092870930,lifeattiktok,20250414000818,https://lifeattiktok.com/search/7481734328092870930,2
7481737762128185608,lifeattiktok,20250730091124,https://lifeattiktok.com/search/7481737762128185608,2
7481788705612155143,lifeattiktok,20250324193206,https://lifeattiktok.com/search/7481788705612155143?_rsc=16c6u,2
7481807242333817106,lifeattiktok,20250402072121,https://lifeattiktok.com/search/7481807242333817106?spread=5MWH5CQ,2
7482049544311851271,lifeattiktok,20250823032900,https://lifeattiktok.com/search/7482049544311851271?spread=5MWH5CQ&utm_source=levels.fyi,3
7482672609936312583,lifeattiktok,20250401164450,https://lifeattiktok.com/search/7482672609936312583,2
7482724555980818696,lifeattiktok,20250814162630,https://lifeattiktok.com/search/7482724555980818696,1
7482727144511867154,lifeattiktok,20250520031425,https://lifeattiktok.com/search/7482727144511867154?utm_source=Trust+and+Safety+Jobs,1
7482765959078512903,jobs_bytedance,20250814065812,https://jobs.bytedance.com/en/position/7482765959078512903/detail,1
7482772964774906119,jobs_bytedance,20250615112128,https://jobs.bytedance.com/en/position/7482772964774906119/detail?utm_source=Lead+Edge+Capital+job+board&utm_medium=getro.com&gh_src=Lead+Edge+Capital+job+board,2
7482782360410622216,lifeattiktok,20250920073235,https://lifeattiktok.com/search/7482782360410622216,1
7482791277445564679,lifeattiktok,20250920072723,https://lifeattiktok.com/search/7482791277445564679,1
7482821717053966599,lifeattiktok,20250705024014,https://lifeattiktok.com/search/7482821717053966599,1
7482821724595554567,lifeattiktok,20250324193207,https://lifeattiktok.com/search/7482821724595554567?_rsc=16c6u,2
7482856511887231239,lifeattiktok,20250324193206,https://lifeattiktok.com/search/7482856511887231239?_rsc=16c6u,2
7482882393796512008,lifeattiktok,20250920044518,https://lifeattiktok.com/search/7482882393796512008,1
7483007563593058567,lifeattiktok,20250928173243,https://lifeattiktok.com/search/7483007563593058567,1
7483020222241720594,jobs_bytedance,20250615121646,https://jobs.bytedance.com/en/position/7483020222241720594/detail?utm_source=Lead+Edge+Capital+job+board&utm_medium=getro.com&gh_src=Lead+Edge+Capital+job+board,1
7483147547218725138,lifeattiktok,20250613123724,https://lifeattiktok.com/search/7483147547218725138?utm_source=early-talent.diversifytech.com&utm_medium=referral&utm_campaign=student-edition-issue-206,1
7483219991187163400,jobs_bytedance,20250513133055,https://jobs.bytedance.com/en/position/7483219991187163400/detail?utm_source=Coatue+Management+job+board&utm_medium=getro.com&gh_src=Coatue+Management+job+board,1
7483231893144930567,lifeattiktok,20250911110441,https://lifeattiktok.com/search/7483231893144930567,3
7483235532836735250,lifeattiktok,20250908033154,https://lifeattiktok.com/search/7483235532836735250,1
7483236537493227784,jobs_bytedance,20250524041520,https://jobs.bytedance.com/en/position/7483236537493227784/detail?utm_source=Coatue+Management+job+board&utm_medium=getro.com&gh_src=Coatue+Management+job+board,2
7483236806600182024,jobs_bytedance,20250513141902,https://jobs.bytedance.com/en/position/7483236806600182024/detail?utm_source=Coatue+Management+job+board&utm_medium=getro.com&gh_src=Coatue+Management+job+board,1
7483256863162566930,jobs_bytedance,20250519123142,https://jobs.bytedance.com/en/position/7483256863162566930/detail?utm_source=Lead+Edge+Capital+job+board&utm_medium=getro.com&gh_src=Lead+Edge+Capital+job+board,1
7483269690681657618,jobs_bytedance,20250524035102,https://jobs.bytedance.com/en/position/7483269690681657618/detail?utm_source=Coatue+Management+job+board&utm_medium=getro.com&gh_src=Coatue+Management+job+board,1
7483271624758937874,jobs_bytedance,20250524033145,https://jobs.bytedance.com/en/position/7483271624758937874/detail?utm_source=Coatue+Management+job+board&utm_medium=getro.com&gh_src=Coatue+Management+job+board,2
7483279640896866567,jobs_bytedance,20250513131551,https://jobs.bytedance.com/en/position/7483279640896866567/detail?utm_source=Coatue+Management+job+board&utm_medium=getro.com&gh_src=Coatue+Management+job+board,1
7483319193816910088,lifeattiktok,20250324193206,https://lifeattiktok.com/search/7483319193816910088?_rsc=16c6u,2
7483343729630202130,lifeattiktok,20250829061748,https://lifeattiktok.com/search/7483343729630202130,1
7483344316989884679,lifeattiktok,20250829155913,https://lifeattiktok.com/search/7483344316989884679,1
7483403678607722759,jobs_bytedance,20250524030740,https://jobs.bytedance.com/en/position/7483403678607722759/detail?utm_source=Coatue+Management+job+board&utm_medium=getro.com&gh_src=Coatue+Management+job+board,1
7483450578430183687,lifeattiktok,20250506160240,https://lifeattiktok.com/search/7483450578430183687?_rsc=16c6u,2
7483485358525876488,jobs_bytedance,20250519111459,https://jobs.bytedance.com/en/position/7483485358525876488/detail?utm_source=Technology+Crossover+Ventures+job+board&utm_medium=getro.com&gh_src=Technology+Crossover+Ventures+job+board,1
7483533225161705746,lifeattiktok,20250627112954,https://lifeattiktok.com/search/7483533225161705746,1
7483552345931499784,lifeattiktok,20250928150431,https://lifeattiktok.com/search/7483552345931499784,1
7483573960875346184,lifeattiktok,20250520033928,https://lifeattiktok.com/search/7483573960875346184?utm_source=Trust+and+Safety+Jobs,1
7483595545916803346,lifeattiktok,20250609163241,https://lifeattiktok.com/search/7483595545916803346,3
7483595794231462152,lifeattiktok,20250429072651,https://lifeattiktok.com/search/7483595794231462152?_rsc=y0xka,3
7483673951592958215,jobs_bytedance,20250519120930,https://jobs.bytedance.com/en/position/7483673951592958215/detail?utm_source=Technology+Crossover+Ventures+job+board&utm_medium=getro.com&gh_src=Technology+Crossover+Ventures+job+board,1
7483682373432477959,jobs_bytedance,20250513125355,https://jobs.bytedance.com/en/position/7483682373432477959/detail?utm_source=Coatue+Management+job+board&utm_medium=getro.com&gh_src=Coatue+Management+job+board,1
7483748420286859527,lifeattiktok,20251214225545,https://lifeattiktok.com/search/7483748420286859527?spread=5MWH5CQ,2
7483763779495758098,jobs_bytedance,20250519120754,https://jobs.bytedance.com/en/position/7483763779495758098/detail?utm_source=Technology+Crossover+Ventures+job+board&utm_medium=getro.com&gh_src=Technology+Crossover+Ventures+job+board,3
7483781834812868882,jobs_bytedance,20250513140418,https://jobs.bytedance.com/en/position/7483781834812868882/detail?utm_source=Coatue+Management+job+board&utm_medium=getro.com&gh_src=Coatue+Management+job+board,1
7483796628760889608,jobs_bytedance,20250513130416,https://jobs.bytedance.com/en/position/7483796628760889608/detail?utm_source=Coatue+Management+job+board&utm_medium=getro.com&gh_src=Coatue+Management+job+board,1
7483946597417470215,lifeattiktok,20250424095112,https://lifeattiktok.com/search/7483946597417470215?spread=XKM9ZXE,1
7483980115049040136,jobs_bytedance,20250524041549,https://jobs.bytedance.com/en/position/7483980115049040136/detail?utm_source=Coatue+Management+job+board&utm_medium=getro.com&gh_src=Coatue+Management+job+board,1
7484029564059863303,lifeattiktok,20250928101521,https://lifeattiktok.com/search/7484029564059863303,1
7484110575813249298,jobs_bytedance,20250519122649,https://jobs.bytedance.com/en/position/7484110575813249298/detail?utm_source=Coatue+Management+job+board&utm_medium=getro.com&gh_src=Coatue+Management+job+board,1
7484144564481001735,lifeattiktok,20250928225344,https://lifeattiktok.com/search/7484144564481001735,1
7484165363631311112,lifeattiktok,20250418000208,https://lifeattiktok.com/search/7484165363631311112,2
7484166382997915922,jobs_bytedance,20250811050617,https://jobs.bytedance.com/en/position/7484166382997915922/detail?utm_source=Technology+Crossover+Ventures+job+board&utm_medium=getro.com&gh_src=Technology+Crossover+Ventures+job+board,1
7484166922637576456,lifeattiktok,20250415160105,https://lifeattiktok.com/search/7484166922637576456,2
7484170592070240530,lifeattiktok,20250928133754,https://lifeattiktok.com/search/7484170592070240530,1
7484193864749205767,jobs_bytedance,20250424232925,https://jobs.bytedance.com/en/position/7484193864749205767/detail?utm_source=Technology+Crossover+Ventures+job+board&utm_medium=getro.com&gh_src=Technology+Crossover+Ventures+job+board,1
7484200758633302279,jobs_bytedance,20250513132029,https://jobs.bytedance.com/en/position/7484200758633302279/detail?utm_source=Coatue+Management+job+board&utm_medium=getro.com&gh_src=Coatue+Management+job+board,1
7484336349509454087,jobs_bytedance,20250519120536,https://jobs.bytedance.com/en/position/7484336349509454087/detail?utm_source=Technology+Crossover+Ventures+job+board&utm_medium=getro.com&gh_src=Technology+Crossover+Ventures+job+board,2
7484337324823447816,jobs_bytedance,20250519105425,https://jobs.bytedance.com/en/position/7484337324823447816/detail?utm_source=www.the79newsletter.com&utm_medium=referral&utm_campaign=you-can-now-edit-images-with-grok-3,1
7484343699271747848,jobs_bytedance,20250519111402,https://jobs.bytedance.com/en/position/7484343699271747848/detail?utm_source=Lead+Edge+Capital+job+board&utm_medium=getro.com&gh_src=Lead+Edge+Capital+job+board,1
7484414512214034706,lifeattiktok,20250928171346,https://lifeattiktok.com/search/7484414512214034706,1
7485137803056351495,lifeattiktok,20250402093259,https://lifeattiktok.com/search/7485137803056351495?spread=5MWH5CQ,3
7485215395230550280,lifeattiktok,20250929140219,https://lifeattiktok.com/search/7485215395230550280,1
7485217006896220424,lifeattiktok,20250928122950,https://lifeattiktok.com/search/7485217006896220424,1
7485222998025586962,lifeattiktok,20250506160240,https://lifeattiktok.com/search/7485222998025586962?_rsc=16c6u,2
7485296594750441735,lifeattiktok,20251221201827,https://lifeattiktok.com/search/7485296594750441735,2
7485299414622783751,lifeattiktok,20250405180653,https://lifeattiktok.com/search/7485299414622783751,1
7485304674725349650,lifeattiktok,20250413215054,https://lifeattiktok.com/search/7485304674725349650,4
7485335383489005831,jobs_bytedance,20250519113626,https://jobs.bytedance.com/en/position/7485335383489005831/detail?utm_source=Technology+Crossover+Ventures+job+board&utm_medium=getro.com&gh_src=Technology+Crossover+Ventures+job+board,1
7485413541438195976,jobs_bytedance,20250615123124,https://jobs.bytedance.com/en/position/7485413541438195976/detail?utm_source=Lead+Edge+Capital+job+board&utm_medium=getro.com&gh_src=Lead+Edge+Capital+job+board,1
7485426875537508616,jobs_bytedance,20250513135152,https://jobs.bytedance.com/en/position/7485426875537508616/detail?utm_source=Coatue+Management+job+board&utm_medium=getro.com&gh_src=Coatue+Management+job+board,1
7485481507420801287,lifeattiktok,20250414042137,https://lifeattiktok.com/search/7485481507420801287,2
7485530390025144583,lifeattiktok,20250908113357,https://lifeattiktok.com/search/7485530390025144583,1
7485544304582445320,jobs_bytedance,20250524041715,https://jobs.bytedance.com/en/position/7485544304582445320/detail?utm_source=Coatue+Management+job+board&utm_medium=getro.com&gh_src=Coatue+Management+job+board,1
7485555273571633426,lifeattiktok,20250623185816,https://lifeattiktok.com/search/7485555273571633426,3
7485578453355317512,lifeattiktok,20250723215324,https://lifeattiktok.com/search/7485578453355317512,1
7485632032892373255,jobs_bytedance,20250513135227,https://jobs.bytedance.com/en/position/7485632032892373255/detail?utm_source=Coatue+Management+job+board&utm_medium=getro.com&gh_src=Coatue+Management+job+board,1
7485652384056920328,lifeattiktok,20250419064302,https://lifeattiktok.com/search/7485652384056920328,2
7485658563806726418,lifeattiktok,20250413134556,https://lifeattiktok.com/search/7485658563806726418,2
7485682709625932040,lifeattiktok,20250928100746,https://lifeattiktok.com/search/7485682709625932040,1
7485769843905906952,lifeattiktok,20250402074418,https://lifeattiktok.com/search/7485769843905906952?spread=5MWH5CQ,2
7485774470004508946,lifeattiktok,20250728213925,https://lifeattiktok.com/search/7485774470004508946,2
7485780793727256840,lifeattiktok,20251004013459,https://lifeattiktok.com/search/7485780793727256840,2
7485798069667219720,lifeattiktok,20250429072856,https://lifeattiktok.com/search/7485798069667219720?_rsc=u0jau,1
7485799163705264392,lifeattiktok,20250929090300,https://lifeattiktok.com/search/7485799163705264392,1
7485808976161671442,lifeattiktok,20250510181318,https://lifeattiktok.com/search/7485808976161671442?_rsc=bo8e7,1
7485820632652499207,lifeattiktok,20251117012550,https://lifeattiktok.com/search/7485820632652499207,1
7485825979316341000,lifeattiktok,20250929144833,https://lifeattiktok.com/search/7485825979316341000,1
7485842716401076498,jobs_bytedance,20250519123115,https://jobs.bytedance.com/en/position/7485842716401076498/detail?utm_source=Technology+Crossover+Ventures+job+board&utm_medium=getro.com&gh_src=Technology+Crossover+Ventures+job+board,1
7485994254700366088,jobs_bytedance,20250811052430,https://jobs.bytedance.com/en/position/7485994254700366088/detail?utm_source=Technology+Crossover+Ventures+job+board&utm_medium=getro.com&gh_src=Technology+Crossover+Ventures+job+board,1
7485996222769367303,lifeattiktok,20251004060155,https://lifeattiktok.com/search/7485996222769367303,1
7486004415868012807,lifeattiktok,20250809171655,https://lifeattiktok.com/search/7486004415868012807,1
7486010824227375368,jobs_bytedance,20250519123013,https://jobs.bytedance.com/en/position/7486010824227375368/detail?utm_source=Technology+Crossover+Ventures+job+board&utm_medium=getro.com&gh_src=Technology+Crossover+Ventures+job+board,1
7486017200882944263,jobs_bytedance,20250513134012,https://jobs.bytedance.com/en/position/7486017200882944263/detail?utm_source=Coatue+Management+job+board&utm_medium=getro.com&gh_src=Coatue+Management+job+board,1
7486036037745051911,jobs_bytedance,20250524025552,https://jobs.bytedance.com/en/position/7486036037745051911/detail?utm_source=Coatue+Management+job+board&utm_medium=getro.com&gh_src=Coatue+Management+job+board,1
7486047319998957832,jobs_bytedance,20250513120653,https://jobs.bytedance.com/en/position/7486047319998957832/detail?utm_source=Coatue+Management+job+board&utm_medium=getro.com&gh_src=Coatue+Management+job+board,1
7486104506301778183,lifeattiktok,20250929063153,https://lifeattiktok.com/search/7486104506301778183,1
7486286828016126215,lifeattiktok,20250715224044,https://lifeattiktok.com/search/7486286828016126215,2
7486292798992632071,lifeattiktok,20250809171637,https://lifeattiktok.com/search/7486292798992632071,1
7486336402779998471,lifeattiktok,20250520024237,https://lifeattiktok.com/search/7486336402779998471?utm_source=Trust+and+Safety+Jobs,1
7486345467094894856,jobs_bytedance,20250615121915,https://jobs.bytedance.com/en/position/7486345467094894856/detail?utm_source=Lead+Edge+Capital+job+board&utm_medium=getro.com&gh_src=Lead+Edge+Capital+job+board,1
7486352404767377682,jobs_bytedance,20250519122329,https://jobs.bytedance.com/en/position/7486352404767377682/detail?utm_source=Lead+Edge+Capital+job+board&utm_medium=getro.com&gh_src=Lead+Edge+Capital+job+board,1
7486356565486864648,jobs_bytedance,20250524032230,https://jobs.bytedance.com/en/position/7486356565486864648/detail?utm_source=Coatue+Management+job+board&utm_medium=getro.com&gh_src=Coatue+Management+job+board,1
7486368645729011975,lifeattiktok,20250506160240,https://lifeattiktok.com/search/7486368645729011975?_rsc=16c6u,4
7486397767871367432,jobs_bytedance,20250519112010,https://jobs.bytedance.com/en/position/7486397767871367432/detail?utm_source=Coatue+Management+job+board&utm_medium=getro.com&gh_src=Coatue+Management+job+board,1
7486413376110889234,jobs_bytedance,20250513140042,https://jobs.bytedance.com/en/position/7486413376110889234/detail?utm_source=Coatue+Management+job+board&utm_medium=getro.com&gh_src=Coatue+Management+job+board,1
7486520670365796626,lifeattiktok,20250419133045,https://lifeattiktok.com/search/7486520670365796626,4
7486556064496240904,lifeattiktok,20250510181318,https://lifeattiktok.com/search/7486556064496240904?_rsc=bo8e7,3
7486644542863804690,lifeattiktok,20250821193102,https://lifeattiktok.com/search/7486644542863804690,1
7486695834197788936,lifeattiktok,20250414010359,https://lifeattiktok.com/search/7486695834197788936,2
7486730778434308359,lifeattiktok,20250801060336,https://lifeattiktok.com/search/7486730778434308359,1
7486736702611753223,lifeattiktok,20251011183239,https://lifeattiktok.com/search/7486736702611753223?utm_source=Simplify,1
7486746963175753991,jobs_bytedance,20250615111336,https://jobs.bytedance.com/en/position/7486746963175753991/detail?utm_source=Lead+Edge+Capital+job+board&utm_medium=getro.com&gh_src=Lead+Edge+Capital+job+board,1
7486764097695975687,jobs_bytedance,20250524040229,https://jobs.bytedance.com/en/position/7486764097695975687/detail?utm_source=Coatue+Management+job+board&utm_medium=getro.com&gh_src=Coatue+Management+job+board,1
7486766623833098514,jobs_bytedance,20250524032422,https://jobs.bytedance.com/en/position/7486766623833098514/detail?utm_source=Coatue+Management+job+board&utm_medium=getro.com&gh_src=Coatue+Management+job+board,1
7486768996210804999,jobs_bytedance,20250424233650,https://jobs.bytedance.com/en/position/7486768996210804999/detail,1
7486769660169521426,jobs_bytedance,20250424234046,https://jobs.bytedance.com/en/position/7486769660169521426/detail,1
7486770795012704519,lifeattiktok,20250515134548,https://lifeattiktok.com/search/7486770795012704519?spread=5MWH5CQ,1
7486781881758419208,jobs_bytedance,20250519103712,https://jobs.bytedance.com/en/position/7486781881758419208/detail?utm_source=Technology+Crossover+Ventures+job+board&utm_medium=getro.com&gh_src=Technology+Crossover+Ventures+job+board,1
7487925305547573512,lifeattiktok,20250506160239,https://lifeattiktok.com/search/7487925305547573512?_rsc=16c6u,2
7487972130110753042,lifeattiktok,20250414085904,https://lifeattiktok.com/search/7487972130110753042,2
7488016562415356167,lifeattiktok,20250411223158,https://lifeattiktok.com/search/7488016562415356167?_rsc=1v7pv,2
7488024426916317448,lifeattiktok,20250520031825,https://lifeattiktok.com/search/7488024426916317448?spread=5MWH5CQ&utm_source=Compete+Jobs+Board+by+Klue,1
7488035645417195794,lifeattiktok,20250403073255,https://lifeattiktok.com/search/7488035645417195794,3
7488044779894622472,lifeattiktok,20250419153919,https://lifeattiktok.com/search/7488044779894622472,2
7488078729361623304,jobs_bytedance,20250524035341,https://jobs.bytedance.com/en/position/7488078729361623304/detail?utm_source=Coatue+Management+job+board&utm_medium=getro.com&gh_src=Coatue+Management+job+board,1
7488085993833613575,lifeattiktok,20251004040101,https://lifeattiktok.com/search/7488085993833613575,2
7488088713790359815,lifeattiktok,20251004074540,https://lifeattiktok.com/search/7488088713790359815,1
7488104692875872519,jobs_bytedance,20250811042403,https://jobs.bytedance.com/en/position/7488104692875872519/detail?utm_source=Technology+Crossover+Ventures+job+board&utm_medium=getro.com&gh_src=Technology+Crossover+Ventures+job+board,2
7488104692876331271,jobs_bytedance,20250811044948,https://jobs.bytedance.com/en/position/7488104692876331271/detail?utm_source=Technology+Crossover+Ventures+job+board&utm_medium=getro.com&gh_src=Technology+Crossover+Ventures+job+board,1
7488112636254488839,lifeattiktok,20251011183240,https://lifeattiktok.com/search/7488112636254488839?utm_source=Simplify,1
7488143689278605575,lifeattiktok,20250520034522,https://lifeattiktok.com/search/7488143689278605575?utm_source=Trust+and+Safety+Jobs,1
7488161942802024711,lifeattiktok,20260519175426,https://lifeattiktok.com/search/7488161942802024711?_rsc=1m3ql,1
7488188207721515272,lifeattiktok,20251004064250,https://lifeattiktok.com/search/7488188207721515272,1
7488218452222707976,lifeattiktok,20250705024207,https://lifeattiktok.com/search/7488218452222707976?_rsc=1vey8,4
7488270872744184082,lifeattiktok,20251020065525,https://lifeattiktok.com/search/7488270872744184082?utm_source=levels.fyi&spread=5MWH5CQ,2
7488274358000273671,jobs_bytedance,20250524030032,https://jobs.bytedance.com/en/position/7488274358000273671/detail?utm_source=Coatue+Management+job+board&utm_medium=getro.com&gh_src=Coatue+Management+job+board,1
7488297570076576018,jobs_bytedance,20250811040258,https://jobs.bytedance.com/en/position/7488297570076576018/detail?utm_source=Coatue+Management+job+board&utm_medium=getro.com&gh_src=Coatue+Management+job+board,1
7488331478720743688,lifeattiktok,20250416223503,https://lifeattiktok.com/search/7488331478720743688,2
7488333823240423687,lifeattiktok,20251003172428,https://lifeattiktok.com/search/7488333823240423687,1
7488367472962849031,jobs_bytedance,20250513130118,https://jobs.bytedance.com/en/position/7488367472962849031/detail?utm_source=Coatue+Management+job+board&utm_medium=getro.com&gh_src=Coatue+Management+job+board,1
7488387319268591890,lifeattiktok,20251005032028,https://lifeattiktok.com/search/7488387319268591890,1
7488387320191617298,lifeattiktok,20251005063349,https://lifeattiktok.com/search/7488387320191617298,1
7488399042070956296,lifeattiktok,20251003204151,https://lifeattiktok.com/search/7488399042070956296,1
7488411263112120594,lifeattiktok,20250520033626,https://lifeattiktok.com/search/7488411263112120594?utm_source=Trust+and+Safety+Jobs,1
7488414594332887304,lifeattiktok,20250418053402,https://lifeattiktok.com/search/7488414594332887304,2
7488461718772467986,jobs_bytedance,20250615124341,https://jobs.bytedance.com/en/position/7488461718772467986/detail?utm_source=Lead+Edge+Capital+job+board&utm_medium=getro.com&gh_src=Lead+Edge+Capital+job+board,1
7488465960664467720,lifeattiktok,20250429072855,https://lifeattiktok.com/search/7488465960664467720?_rsc=u0jau,1
7488561673332066568,jobs_bytedance,20250610013305,https://jobs.bytedance.com/en/position/7488561673332066568/detail,2
7488563410108909831,jobs_bytedance,20250524035617,https://jobs.bytedance.com/en/position/7488563410108909831/detail?utm_source=Coatue+Management+job+board&utm_medium=getro.com&gh_src=Coatue+Management+job+board,1
7488565182266312968,lifeattiktok,20250424094053,https://lifeattiktok.com/search/7488565182266312968?utm_source=www.the79newsletter.com&utm_medium=referral&utm_campaign=this-new-ai-startup-is-worth-32b-with-no-product,1
7488640155424278792,lifeattiktok,20251004032736,https://lifeattiktok.com/search/7488640155424278792,1
7488654679565322503,lifeattiktok,20251005040506,https://lifeattiktok.com/search/7488654679565322503,1
7488753108044220680,jobs_bytedance,20250524033307,https://jobs.bytedance.com/en/position/7488753108044220680/detail?utm_source=Coatue+Management+job+board&utm_medium=getro.com&gh_src=Coatue+Management+job+board,2
7488755420690008327,lifeattiktok,20250506160239,https://lifeattiktok.com/search/7488755420690008327?_rsc=16c6u,2
7488883963248904456,lifeattiktok,20251004232704,https://lifeattiktok.com/search/7488883963248904456,4
7488928429742016775,lifeattiktok,20250414234014,https://lifeattiktok.com/search/7488928429742016775,2
7488940472485054727,jobs_bytedance,20250519115649,https://jobs.bytedance.com/en/position/7488940472485054727/detail?utm_source=Lead+Edge+Capital+job+board&utm_medium=getro.com&gh_src=Lead+Edge+Capital+job+board,1
7488993030318868743,lifeattiktok,20251005050037,https://lifeattiktok.com/search/7488993030318868743,1
7489053703967262983,jobs_bytedance,20250524040050,https://jobs.bytedance.com/en/position/7489053703967262983/detail?utm_source=Coatue+Management+job+board&utm_medium=getro.com&gh_src=Coatue+Management+job+board,1
7489056231346194696,jobs_bytedance,20250513140558,https://jobs.bytedance.com/en/position/7489056231346194696/detail?utm_source=Coatue+Management+job+board&utm_medium=getro.com&gh_src=Coatue+Management+job+board,1
7489142780934097170,lifeattiktok,20250415165214,https://lifeattiktok.com/search/7489142780934097170,2
7489179198050535687,lifeattiktok,20250414055208,https://lifeattiktok.com/search/7489179198050535687,2
7489185620142262535,jobs_bytedance,20250524024427,https://jobs.bytedance.com/en/position/7489185620142262535/detail?utm_source=Coatue+Management+job+board&utm_medium=getro.com&gh_src=Coatue+Management+job+board,1
7489227463136168199,jobs_bytedance,20250811050545,https://jobs.bytedance.com/en/position/7489227463136168199/detail?utm_source=Coatue+Management+job+board&utm_medium=getro.com&gh_src=Coatue+Management+job+board,1
7490026222979975432,lifeattiktok,20250510181319,https://lifeattiktok.com/search/7490026222979975432?_rsc=bo8e7,1
7490569200500672786,lifeattiktok,20250420062912,https://lifeattiktok.com/search/7490569200500672786,2
7490605415693355272,lifeattiktok,20250415112253,https://lifeattiktok.com/search/7490605415693355272,2
7490612275221661959,jobs_bytedance,20250513134046,https://jobs.bytedance.com/en/position/7490612275221661959/detail?utm_source=Coatue+Management+job+board&utm_medium=getro.com&gh_src=Coatue+Management+job+board,1
7490612275846711559,jobs_bytedance,20250524035757,https://jobs.bytedance.com/en/position/7490612275846711559/detail?utm_source=Coatue+Management+job+board&utm_medium=getro.com&gh_src=Coatue+Management+job+board,2
7490634270157162770,lifeattiktok,20250422174007,https://lifeattiktok.com/search/7490634270157162770,1
7490666502631835912,jobs_bytedance,20250615124653,https://jobs.bytedance.com/en/position/7490666502631835912/detail?utm_source=Lead+Edge+Capital+job+board&utm_medium=getro.com&gh_src=Lead+Edge+Capital+job+board,1
7490674979542812936,jobs_bytedance,20250622060741,https://jobs.bytedance.com/en/position/7490674979542812936/detail?utm_source=Technology+Crossover+Ventures+job+board&utm_medium=getro.com&gh_src=Technology+Crossover+Ventures+job+board,1
7490678279776176402,jobs_bytedance,20250622050449,https://jobs.bytedance.com/en/position/7490678279776176402/detail?utm_source=Ellis+H-1B+job+board&utm_medium=getro.com&gh_src=Ellis+H-1B+job+board,1
7490694522369444103,jobs_bytedance,20250622060359,https://jobs.bytedance.com/en/position/7490694522369444103/detail?utm_source=Ellis+H-1B+job+board&utm_medium=getro.com&gh_src=Ellis+H-1B+job+board,1
7490697019905067282,jobs_bytedance,20250622052904,https://jobs.bytedance.com/en/position/7490697019905067282/detail?utm_source=Technology+Crossover+Ventures+job+board&utm_medium=getro.com&gh_src=Technology+Crossover+Ventures+job+board,1
7490697403106363656,jobs_bytedance,20250513140807,https://jobs.bytedance.com/en/position/7490697403106363656/detail?utm_source=Coatue+Management+job+board&utm_medium=getro.com&gh_src=Coatue+Management+job+board,1
7490703871112907026,jobs_bytedance,20250524023803,https://jobs.bytedance.com/en/position/7490703871112907026/detail?utm_source=Coatue+Management+job+board&utm_medium=getro.com&gh_src=Coatue+Management+job+board,1
7490811355910670600,jobs_bytedance,20250615115046,https://jobs.bytedance.com/en/position/7490811355910670600/detail?utm_source=Lead+Edge+Capital+job+board&utm_medium=getro.com&gh_src=Lead+Edge+Capital+job+board,2
7490828955697957128,lifeattiktok,20260315111104,https://lifeattiktok.com/search/7490828955697957128?utm_source=Getro.org+job+board&utm_medium=getro.com&gh_src=Getro.org+job+board,1
7490834099692800274,jobs_bytedance,20250615120822,https://jobs.bytedance.com/en/position/7490834099692800274/detail?utm_source=Lead+Edge+Capital+job+board&utm_medium=getro.com&gh_src=Lead+Edge+Capital+job+board,1
7490870251274537223,jobs_bytedance,20250622054726,https://jobs.bytedance.com/en/position/7490870251274537223/detail?utm_source=Lead+Edge+Capital+job+board&utm_medium=getro.com&gh_src=Lead+Edge+Capital+job+board,1
7490930569103313170,lifeattiktok,20250410204752,https://lifeattiktok.com/search/7490930569103313170?_rsc=1d97b,1
7490936724425394439,lifeattiktok,20250715224023,https://lifeattiktok.com/search/7490936724425394439,2
7490980927582963986,lifeattiktok,20250420192706,https://lifeattiktok.com/search/7490980927582963986,2
7490994029946095890,lifeattiktok,20251020171226,https://lifeattiktok.com/search/7490994029946095890?_rsc=1m3ql,1
7490997711966963986,lifeattiktok,20250417234012,https://lifeattiktok.com/search/7490997711966963986,2
7491005226523461906,lifeattiktok,20250420180833,https://lifeattiktok.com/search/7491005226523461906,2
7491017245025945874,jobs_bytedance,20250519104032,https://jobs.bytedance.com/en/position/7491017245025945874/detail?utm_source=Technology+Crossover+Ventures+job+board&utm_medium=getro.com&gh_src=Technology+Crossover+Ventures+job+board,1
7491033494333016327,jobs_bytedance,20250811052939,https://jobs.bytedance.com/en/position/7491033494333016327/detail?utm_source=Technology+Crossover+Ventures+job+board&utm_medium=getro.com&gh_src=Technology+Crossover+Ventures+job+board,1
7491127215610988818,lifeattiktok,20250624094254,https://lifeattiktok.com/search/7491127215610988818?_rsc=1rfdr,3
7491153576816150791,jobs_bytedance,20250524034852,https://jobs.bytedance.com/en/position/7491153576816150791/detail?utm_source=Coatue+Management+job+board&utm_medium=getro.com&gh_src=Coatue+Management+job+board,2
7491205925413767432,jobs_bytedance,20250524033023,https://jobs.bytedance.com/en/position/7491205925413767432/detail?utm_source=Coatue+Management+job+board&utm_medium=getro.com&gh_src=Coatue+Management+job+board,1
7491238130703059218,jobs_bytedance,20250524041449,https://jobs.bytedance.com/en/position/7491238130703059218/detail?utm_source=Coatue+Management+job+board&utm_medium=getro.com&gh_src=Coatue+Management+job+board,1
7491249736403044615,jobs_bytedance,20250519111904,https://jobs.bytedance.com/en/position/7491249736403044615/detail?utm_source=Technology+Crossover+Ventures+job+board&utm_medium=getro.com&gh_src=Technology+Crossover+Ventures+job+board,1
7491264840666745106,lifeattiktok,20250731215718,https://lifeattiktok.com/search/7491264840666745106,1
7491276060278180104,jobs_bytedance,20250524024948,https://jobs.bytedance.com/en/position/7491276060278180104/detail?utm_source=Coatue+Management+job+board&utm_medium=getro.com&gh_src=Coatue+Management+job+board,2
7491345410905770248,lifeattiktok,20250416113350,https://lifeattiktok.com/search/7491345410905770248,3
7491369930711042311,jobs_bytedance,20250513135633,https://jobs.bytedance.com/en/position/7491369930711042311/detail?utm_source=Coatue+Management+job+board&utm_medium=getro.com&gh_src=Coatue+Management+job+board,1
7491374011513358600,jobs_bytedance,20250513134203,https://jobs.bytedance.com/en/position/7491374011513358600/detail?utm_source=Coatue+Management+job+board&utm_medium=getro.com&gh_src=Coatue+Management+job+board,1
7491380426595223815,lifeattiktok,20250817035314,https://lifeattiktok.com/search/7491380426595223815,1
7491384136801732882,lifeattiktok,20250429142843,https://lifeattiktok.com/search/7491384136801732882,2
7491453601820002568,lifeattiktok,20250801152232,https://lifeattiktok.com/search/7491453601820002568,1
7491469599902468360,lifeattiktok,20250725054455,https://lifeattiktok.com/search/7491469599902468360,1
7491483577063803154,lifeattiktok,20250908124921,https://lifeattiktok.com/search/7491483577063803154?_rsc=1vrt0,3
7491515941097425159,jobs_bytedance,20250622055644,https://jobs.bytedance.com/en/position/7491515941097425159/detail?utm_source=Ellis+H-1B+job+board&utm_medium=getro.com&gh_src=Ellis+H-1B+job+board,2
7491516486952257800,jobs_bytedance,20250622053329,https://jobs.bytedance.com/en/position/7491516486952257800/detail?utm_source=Ellis+H-1B+job+board&utm_medium=getro.com&gh_src=Ellis+H-1B+job+board,1
7491566446489897223,lifeattiktok,20250510183633,https://lifeattiktok.com/search/7491566446489897223,2
7491600999855393042,lifeattiktok,20250520023247,https://lifeattiktok.com/search/7491600999855393042?utm_source=Trust+and+Safety+Jobs,1
7491630177207060743,jobs_bytedance,20250615110814,https://jobs.bytedance.com/en/position/7491630177207060743/detail?utm_source=Lead+Edge+Capital+job+board&utm_medium=getro.com&gh_src=Lead+Edge+Capital+job+board,1
7491633767770818834,jobs_bytedance,20250513122420,https://jobs.bytedance.com/en/position/7491633767770818834/detail?utm_source=Coatue+Management+job+board&utm_medium=getro.com&gh_src=Coatue+Management+job+board,1
7491715167282301202,lifeattiktok,20250502000401,https://lifeattiktok.com/search/7491715167282301202,2
7491715208978106642,lifeattiktok,20250815025923,https://lifeattiktok.com/search/7491715208978106642,1
7491726420784777480,jobs_bytedance,20250519110427,https://jobs.bytedance.com/en/position/7491726420784777480/detail?utm_source=Technology+Crossover+Ventures+job+board&utm_medium=getro.com&gh_src=Technology+Crossover+Ventures+job+board,2
7491734957637257480,jobs_bytedance,20250519115310,https://jobs.bytedance.com/en/position/7491734957637257480/detail?utm_source=Technology+Crossover+Ventures+job+board&utm_medium=getro.com&gh_src=Technology+Crossover+Ventures+job+board,1
7491735778470758663,jobs_bytedance,20250622053802,https://jobs.bytedance.com/en/position/7491735778470758663/detail?utm_source=Ellis+H-1B+job+board&utm_medium=getro.com&gh_src=Ellis+H-1B+job+board,1
7491779899817412882,jobs_bytedance,20250513140226,https://jobs.bytedance.com/en/position/7491779899817412882/detail?utm_source=Coatue+Management+job+board&utm_medium=getro.com&gh_src=Coatue+Management+job+board,1
7491788864043174162,lifeattiktok,20260315105334,https://lifeattiktok.com/search/7491788864043174162?spread=5MWH5CQ,2
7491789730808531207,lifeattiktok,20250705024207,https://lifeattiktok.com/search/7491789730808531207?_rsc=1vey8,4
7491803326197008647,lifeattiktok,20250624094254,https://lifeattiktok.com/search/7491803326197008647?_rsc=1rfdr,3
7491814251666409735,lifeattiktok,20250624094254,https://lifeattiktok.com/search/7491814251666409735?_rsc=1rfdr,3
7491933821141010696,lifeattiktok,20250520042554,https://lifeattiktok.com/search/7491933821141010696?utm_source=Trust+and+Safety+Jobs,1
7491966720955189522,lifeattiktok,20250623185816,https://lifeattiktok.com/search/7491966720955189522,3
7491984473370888455,lifeattiktok,20250908211239,https://lifeattiktok.com/search/7491984473370888455,1
7491997161938274578,jobs_bytedance,20250524040535,https://jobs.bytedance.com/en/position/7491997161938274578/detail?utm_source=Coatue+Management+job+board&utm_medium=getro.com&gh_src=Coatue+Management+job+board,1
7492056567074081031,lifeattiktok,20250430212959,https://lifeattiktok.com/search/7492056567074081031,2
7492160887931980039,jobs_bytedance,20250622061522,https://jobs.bytedance.com/en/position/7492160887931980039/detail?utm_source=Lead+Edge+Capital+job+board&utm_medium=getro.com&gh_src=Lead+Edge+Capital+job+board,1
7492164042917824786,lifeattiktok,20260114211425,https://lifeattiktok.com/search/7492164042917824786,1
7493026006668757256,jobs_bytedance,20250622045400,https://jobs.bytedance.com/en/position/7493026006668757256/detail?utm_source=Lead+Edge+Capital+job+board&utm_medium=getro.com&gh_src=Lead+Edge+Capital+job+board,1
7493035573222164743,lifeattiktok,20250815034817,https://lifeattiktok.com/search/7493035573222164743,1
7493102855240747271,lifeattiktok,20250713113641,https://lifeattiktok.com/search/7493102855240747271,1
7493207075939453191,lifeattiktok,20250511153341,https://lifeattiktok.com/search/7493207075939453191,1
7493263182527154450,jobs_bytedance,20250622051106,https://jobs.bytedance.com/en/position/7493263182527154450/detail?utm_source=Coatue+Management+job+board&utm_medium=getro.com&gh_src=Coatue+Management+job+board,1
7493570781823174930,jobs_bytedance,20250622060046,https://jobs.bytedance.com/en/position/7493570781823174930/detail?utm_source=Coatue+Management+job+board&utm_medium=getro.com&gh_src=Coatue+Management+job+board,2
7493589488166668551,lifeattiktok,20250430234702,https://lifeattiktok.com/search/7493589488166668551,2
7493637387404609799,lifeattiktok,20250809075425,https://lifeattiktok.com/search/7493637387404609799,1
7493662518214101256,jobs_bytedance,20250622053556,https://jobs.bytedance.com/en/position/7493662518214101256/detail?utm_source=Coatue+Management+job+board&utm_medium=getro.com&gh_src=Coatue+Management+job+board,1
7493761221012064520,lifeattiktok,20260330043913,https://lifeattiktok.com/search/7493761221012064520?utm_source=bandana,1
7493784800312232200,jobs_bytedance,20250622054945,https://jobs.bytedance.com/en/position/7493784800312232200/detail?utm_source=Coatue+Management+job+board&utm_medium=getro.com&gh_src=Coatue+Management+job+board,1
7494013381456939272,jobs_bytedance,20250622054603,https://jobs.bytedance.com/en/position/7494013381456939272/detail?utm_source=Coatue+Management+job+board&utm_medium=getro.com&gh_src=Coatue+Management+job+board,1
7494015764621330696,jobs_bytedance,20250724203233,https://jobs.bytedance.com/en/position/7494015764621330696/detail,1
7494107382160804114,jobs_bytedance,20250622050917,https://jobs.bytedance.com/en/position/7494107382160804114/detail?utm_source=Technology+Crossover+Ventures+job+board&utm_medium=getro.com&gh_src=Technology+Crossover+Ventures+job+board,2
7494134428059814152,lifeattiktok,20251025225858,https://lifeattiktok.com/search/7494134428059814152?spread=5MWH5CQ,2
7494194255369652488,jobs_bytedance,20250622053901,https://jobs.bytedance.com/en/position/7494194255369652488/detail?utm_source=Coatue+Management+job+board&utm_medium=getro.com&gh_src=Coatue+Management+job+board,1
7494237371140212999,jobs_bytedance,20250622060456,https://jobs.bytedance.com/en/position/7494237371140212999/detail?utm_source=Coatue+Management+job+board&utm_medium=getro.com&gh_src=Coatue+Management+job+board,1
7494366115235186962,jobs_bytedance,20250622053528,https://jobs.bytedance.com/en/position/7494366115235186962/detail?utm_source=Coatue+Management+job+board&utm_medium=getro.com&gh_src=Coatue+Management+job+board,1
7494401471385487623,jobs_bytedance,20250622053156,https://jobs.bytedance.com/en/position/7494401471385487623/detail?utm_source=Technology+Crossover+Ventures+job+board&utm_medium=getro.com&gh_src=Technology+Crossover+Ventures+job+board,1
7494744273582360840,jobs_bytedance,20250622053732,https://jobs.bytedance.com/en/position/7494744273582360840/detail?utm_source=Technology+Crossover+Ventures+job+board&utm_medium=getro.com&gh_src=Technology+Crossover+Ventures+job+board,2
7495624549862476050,lifeattiktok,20260315111736,https://lifeattiktok.com/search/7495624549862476050,1
7495865714927716626,lifeattiktok,20250715224030,https://lifeattiktok.com/search/7495865714927716626,2
7495869430037186834,lifeattiktok,20250815034515,https://lifeattiktok.com/search/7495869430037186834,1
7495893359026882824,lifeattiktok,20250908234931,https://lifeattiktok.com/search/7495893359026882824,1
7495924776609040647,lifeattiktok,20250613121850,https://lifeattiktok.com/search/7495924776609040647,1
7495947594273048840,lifeattiktok,20250613134029,https://lifeattiktok.com/search/7495947594273048840,1
7495948582265587976,lifeattiktok,20250613141102,https://lifeattiktok.com/search/7495948582265587976,1
7495952248355342600,lifeattiktok,20250613142842,https://lifeattiktok.com/search/7495952248355342600,1
7495963754467887378,jobs_bytedance,20250622061306,https://jobs.bytedance.com/en/position/7495963754467887378/detail?utm_source=Coatue+Management+job+board&utm_medium=getro.com&gh_src=Coatue+Management+job+board,1
7495994506509666578,lifeattiktok,20250731210820,https://lifeattiktok.com/search/7495994506509666578,1
7496346723846424839,lifeattiktok,20260615205938,https://lifeattiktok.com/search/7496346723846424839?_rsc=1m3ql,1
7496385626196740359,jobs_bytedance,20250622052325,https://jobs.bytedance.com/en/position/7496385626196740359/detail?utm_source=Technology+Crossover+Ventures+job+board&utm_medium=getro.com&gh_src=Technology+Crossover+Ventures+job+board,1
7496471477853669650,lifeattiktok,20250907185513,https://lifeattiktok.com/search/7496471477853669650,1
7496613400622991624,jobs_bytedance,20250615114301,https://jobs.bytedance.com/en/position/7496613400622991624/detail?utm_source=Lead+Edge+Capital+job+board&utm_medium=getro.com&gh_src=Lead+Edge+Capital+job+board,1
7496616715774609682,lifeattiktok,20250506013847,https://lifeattiktok.com/search/7496616715774609682,2
7496617400869030152,lifeattiktok,20250903122503,https://lifeattiktok.com/search/7496617400869030152,1
7496617903296547079,lifeattiktok,20250609163241,https://lifeattiktok.com/search/7496617903296547079,3
7496793939844860167,jobs_bytedance,20250622061219,https://jobs.bytedance.com/en/position/7496793939844860167/detail?utm_source=Technology+Crossover+Ventures+job+board&utm_medium=getro.com&gh_src=Technology+Crossover+Ventures+job+board,1
7496897110484568328,jobs_bytedance,20250622055109,https://jobs.bytedance.com/en/position/7496897110484568328/detail?utm_source=Coatue+Management+job+board&utm_medium=getro.com&gh_src=Coatue+Management+job+board,1
7496906529137625351,lifeattiktok,20250809024647,https://lifeattiktok.com/search/7496906529137625351,1
7497055787492690194,lifeattiktok,20250814021140,https://lifeattiktok.com/search/7497055787492690194,1
7497064855187867922,lifeattiktok,20250715224224,https://lifeattiktok.com/search/7497064855187867922,2
7497067801049549063,lifeattiktok,20250912173111,https://lifeattiktok.com/search/7497067801049549063,3
7497150879667226887,lifeattiktok,20251004034950,https://lifeattiktok.com/search/7497150879667226887,1
7497202281911224584,lifeattiktok,20250724191744,https://lifeattiktok.com/search/7497202281911224584,1
7497248623022426375,lifeattiktok,20250520042446,https://lifeattiktok.com/search/7497248623022426375?spread=5MWH5CQ,1
7497502686234708242,lifeattiktok,20260315110028,https://lifeattiktok.com/search/7497502686234708242?spread=5MWH5CQ,7
7498269719226403080,jobs_bytedance,20250622054915,https://jobs.bytedance.com/en/position/7498269719226403080/detail?utm_source=Coatue+Management+job+board&utm_medium=getro.com&gh_src=Coatue+Management+job+board,2
7498298455598647559,jobs_bytedance,20250622055137,https://jobs.bytedance.com/en/position/7498298455598647559/detail?utm_source=Technology+Crossover+Ventures+job+board&utm_medium=getro.com&gh_src=Technology+Crossover+Ventures+job+board,1
7498580957202368776,lifeattiktok,20250817154435,https://lifeattiktok.com/search/7498580957202368776,1
7498712559039088914,lifeattiktok,20250506090805,https://lifeattiktok.com/search/7498712559039088914,1
7498759904288049426,lifeattiktok,20250822003344,https://lifeattiktok.com/search/7498759904288049426,1
7498914631534053650,lifeattiktok,20260315110220,https://lifeattiktok.com/search/7498914631534053650?spread=5MWH5CQ,3
7498920793628674311,lifeattiktok,20250729195141,https://lifeattiktok.com/search/7498920793628674311?utm_source=levels.fyi&spread=5MWH5CQ,5
7498956895740414226,jobs_bytedance,20250622051752,https://jobs.bytedance.com/en/position/7498956895740414226/detail?utm_source=Coatue+Management+job+board&utm_medium=getro.com&gh_src=Coatue+Management+job+board,1
7499027013367531784,lifeattiktok,20250820231742,https://lifeattiktok.com/search/7499027013367531784,3
7499229649517119751,lifeattiktok,20250613130409,https://lifeattiktok.com/search/7499229649517119751?spread=G1DWUPV&utm_source=Trust+and+Safety+Jobs,1
7499499188528138504,lifeattiktok,20250506160115,https://lifeattiktok.com/search/7499499188528138504?_rsc=ptnuc,1
7499631716416932103,jobs_bytedance,20250615121544,https://jobs.bytedance.com/en/position/7499631716416932103/detail?utm_source=Lead+Edge+Capital+job+board&utm_medium=getro.com&gh_src=Lead+Edge+Capital+job+board,1
7499631963624884498,jobs_bytedance,20250622061013,https://jobs.bytedance.com/en/position/7499631963624884498/detail?utm_source=Technology+Crossover+Ventures+job+board&utm_medium=getro.com&gh_src=Technology+Crossover+Ventures+job+board,1
7499641201977723143,jobs_bytedance,20250622045329,https://jobs.bytedance.com/en/position/7499641201977723143/detail?utm_source=Coatue+Management+job+board&utm_medium=getro.com&gh_src=Coatue+Management+job+board,1
7499688149388921106,jobs_bytedance,20250622051651,https://jobs.bytedance.com/en/position/7499688149388921106/detail?utm_source=Technology+Crossover+Ventures+job+board&utm_medium=getro.com&gh_src=Technology+Crossover+Ventures+job+board,1
7499689149813950727,lifeattiktok,20260902100650,https://lifeattiktok.com/search/7499689149813950727?utm_source=Simplify,7
7499690158976583944,jobs_bytedance,20250622055014,https://jobs.bytedance.com/en/position/7499690158976583944/detail?utm_source=Technology+Crossover+Ventures+job+board&utm_medium=getro.com&gh_src=Technology+Crossover+Ventures+job+board,1
7500428744429193480,lifeattiktok,20260315104859,https://lifeattiktok.com/search/7500428744429193480?spread=5MWH5CQ,2
7500599151689795847,jobs_bytedance,20250622045544,https://jobs.bytedance.com/en/position/7500599151689795847/detail?utm_source=Coatue+Management+job+board&utm_medium=getro.com&gh_src=Coatue+Management+job+board,1
7501059451529971976,jobs_bytedance,20250622053458,https://jobs.bytedance.com/en/position/7501059451529971976/detail?utm_source=Technology+Crossover+Ventures+job+board&utm_medium=getro.com&gh_src=Technology+Crossover+Ventures+job+board,1
7501176776053328146,jobs_bytedance,20250811053320,https://jobs.bytedance.com/en/position/7501176776053328146/detail?utm_source=Technology+Crossover+Ventures+job+board&utm_medium=getro.com&gh_src=Technology+Crossover+Ventures+job+board,1
7501318989956811015,jobs_bytedance,20250622043926,https://jobs.bytedance.com/en/position/7501318989956811015/detail?utm_source=Technology+Crossover+Ventures+job+board&utm_medium=getro.com&gh_src=Technology+Crossover+Ventures+job+board,1
7501324475255654674,jobs_bytedance,20250622053930,https://jobs.bytedance.com/en/position/7501324475255654674/detail?utm_source=Technology+Crossover+Ventures+job+board&utm_medium=getro.com&gh_src=Technology+Crossover+Ventures+job+board,1
7501327968448629000,lifeattiktok,20250730003412,https://lifeattiktok.com/search/7501327968448629000,1
7501648158083221767,jobs_bytedance,20250622053229,https://jobs.bytedance.com/en/position/7501648158083221767/detail?utm_source=Coatue+Management+job+board&utm_medium=getro.com&gh_src=Coatue+Management+job+board,2
7501681834120841480,jobs_bytedance,20250622051722,https://jobs.bytedance.com/en/position/7501681834120841480/detail?utm_source=Coatue+Management+job+board&utm_medium=getro.com&gh_src=Coatue+Management+job+board,1
7501831222696921351,lifeattiktok,20250613124523,https://lifeattiktok.com/search/7501831222696921351?spread=G1DWUPV&utm_source=Trust+and+Safety+Jobs,1
7501869600612288776,jobs_bytedance,20250811041326,https://jobs.bytedance.com/en/position/7501869600612288776/detail?utm_source=Coatue+Management+job+board&utm_medium=getro.com&gh_src=Coatue+Management+job+board,1
7501887881750038791,jobs_bytedance,20250715044132,https://jobs.bytedance.com/en/position/7501887881750038791/detail?utm_source=Lead+Edge+Capital+job+board&utm_medium=getro.com&gh_src=Lead+Edge+Capital+job+board,1
7501887881750497543,jobs_bytedance,20250715044415,https://jobs.bytedance.com/en/position/7501887881750497543/detail?utm_source=Lead+Edge+Capital+job+board&utm_medium=getro.com&gh_src=Lead+Edge+Capital+job+board,1
7501917518531217672,jobs_bytedance,20250811041856,https://jobs.bytedance.com/en/position/7501917518531217672/detail?utm_source=Technology+Crossover+Ventures+job+board&utm_medium=getro.com&gh_src=Technology+Crossover+Ventures+job+board,2
7502194880484559111,jobs_bytedance,20250811051531,https://jobs.bytedance.com/en/position/7502194880484559111/detail?utm_source=Coatue+Management+job+board&utm_medium=getro.com&gh_src=Coatue+Management+job+board,1
7502205462529247495,jobs_bytedance,20250811041028,https://jobs.bytedance.com/en/position/7502205462529247495/detail?utm_source=Coatue+Management+job+board&utm_medium=getro.com&gh_src=Coatue+Management+job+board,1
7502209813055047944,jobs_bytedance,20250811050845,https://jobs.bytedance.com/en/position/7502209813055047944/detail?utm_source=Coatue+Management+job+board&utm_medium=getro.com&gh_src=Coatue+Management+job+board,1
7502227236544743687,jobs_bytedance,20250811052331,https://jobs.bytedance.com/en/position/7502227236544743687/detail?utm_source=Coatue+Management+job+board&utm_medium=getro.com&gh_src=Coatue+Management+job+board,2
7502227236561619207,jobs_bytedance,20250715035902,https://jobs.bytedance.com/en/position/7502227236561619207/detail?utm_source=Lead+Edge+Capital+job+board&utm_medium=getro.com&gh_src=Lead+Edge+Capital+job+board,1
7502389963713022226,lifeattiktok,20260724033205,https://lifeattiktok.com/search/7502389963713022226,2
7502548661231225096,lifeattiktok,20250722201417,https://lifeattiktok.com/search/7502548661231225096,1
7502569508034201874,lifeattiktok,20250815033025,https://lifeattiktok.com/search/7502569508034201874,3
7502569508218734866,lifeattiktok,20250815034340,https://lifeattiktok.com/search/7502569508218734866,3
7503457878998567176,lifeattiktok,20250809033707,https://lifeattiktok.com/search/7503457878998567176,1
7503747635393349895,jobs_bytedance,20250715034525,https://jobs.bytedance.com/en/position/7503747635393349895/detail?utm_source=Lead+Edge+Capital+job+board&utm_medium=getro.com&gh_src=Lead+Edge+Capital+job+board,1
7503767456424315144,lifeattiktok,20251113204411,https://lifeattiktok.com/search/7503767456424315144?spread=5MWH5CQ,1
7503773330702649618,lifeattiktok,20250623185816,https://lifeattiktok.com/search/7503773330702649618,3
7503790749315287304,lifeattiktok,20250623185816,https://lifeattiktok.com/search/7503790749315287304,3
7503807927951100168,jobs_bytedance,20250811043228,https://jobs.bytedance.com/en/position/7503807927951100168/detail?utm_source=Technology+Crossover+Ventures+job+board&utm_medium=getro.com&gh_src=Technology+Crossover+Ventures+job+board,1
7503825170084645128,lifeattiktok,20251001064203,https://lifeattiktok.com/search/7503825170084645128?spread=5MWH5CQ&utm_source=levels.fyi,1
7503920502492612882,jobs_bytedance,20250715042223,https://jobs.bytedance.com/en/position/7503920502492612882/detail?utm_source=Lead+Edge+Capital+job+board&utm_medium=getro.com&gh_src=Lead+Edge+Capital+job+board,1
7503937477310302472,lifeattiktok,20250821204136,https://lifeattiktok.com/search/7503937477310302472,1
7503990958355286290,jobs_bytedance,20250811045039,https://jobs.bytedance.com/en/position/7503990958355286290/detail?utm_source=Technology+Crossover+Ventures+job+board&utm_medium=getro.com&gh_src=Technology+Crossover+Ventures+job+board,1
7504022851575695624,jobs_bytedance,20250811044033,https://jobs.bytedance.com/en/position/7504022851575695624/detail?utm_source=Coatue+Management+job+board&utm_medium=getro.com&gh_src=Coatue+Management+job+board,1
7504387224270063879,jobs_bytedance,20250811043540,https://jobs.bytedance.com/en/position/7504387224270063879/detail?utm_source=Coatue+Management+job+board&utm_medium=getro.com&gh_src=Coatue+Management+job+board,2
7504395968431933704,jobs_bytedance,20250811044636,https://jobs.bytedance.com/en/position/7504395968431933704/detail?utm_source=Coatue+Management+job+board&utm_medium=getro.com&gh_src=Coatue+Management+job+board,1
7504405323755800850,jobs_bytedance,20250715031924,https://jobs.bytedance.com/en/position/7504405323755800850/detail?utm_source=Lead+Edge+Capital+job+board&utm_medium=getro.com&gh_src=Lead+Edge+Capital+job+board,1
7504586560873466119,lifeattiktok,20250724120840,https://lifeattiktok.com/search/7504586560873466119,1
7504608468785088776,lifeattiktok,20250908124813,https://lifeattiktok.com/search/7504608468785088776,1
7504944571706493192,jobs_bytedance,20250715035001,https://jobs.bytedance.com/en/position/7504944571706493192/detail?utm_source=Lead+Edge+Capital+job+board&utm_medium=getro.com&gh_src=Lead+Edge+Capital+job+board,1
7505024589257689352,lifeattiktok,20251005004226,https://lifeattiktok.com/search/7505024589257689352,1
7505844737518094600,jobs_bytedance,20250811041611,https://jobs.bytedance.com/en/position/7505844737518094600/detail?utm_source=Coatue+Management+job+board&utm_medium=getro.com&gh_src=Coatue+Management+job+board,1
7505957739861346578,jobs_bytedance,20250715033059,https://jobs.bytedance.com/en/position/7505957739861346578/detail?utm_source=Technology+Crossover+Ventures+job+board&utm_medium=getro.com&gh_src=Technology+Crossover+Ventures+job+board,1
7506026132496943367,lifeattiktok,20250801013335,https://lifeattiktok.com/search/7506026132496943367,1
7506153678529710344,lifeattiktok,20250829121443,https://lifeattiktok.com/search/7506153678529710344,1
7506206981087185160,lifeattiktok,20250908170738,https://lifeattiktok.com/search/7506206981087185160,1
7506431408451373320,jobs_bytedance,20250811045728,https://jobs.bytedance.com/en/position/7506431408451373320/detail?utm_source=Coatue+Management+job+board&utm_medium=getro.com&gh_src=Coatue+Management+job+board,1
7506473284170107144,lifeattiktok,20260708133234,https://lifeattiktok.com/search/7506473284170107144?_rsc=1m3ql,1
7506477567181129992,lifeattiktok,20250828190210,https://lifeattiktok.com/search/7506477567181129992,1
7506531781879236871,lifeattiktok,20250613131146,https://lifeattiktok.com/search/7506531781879236871?utm_source=Getro.org+job+board&utm_medium=getro.com&gh_src=Getro.org+job+board,1
7506692794820856082,lifeattiktok,20251003233137,https://lifeattiktok.com/search/7506692794820856082,1
7506743388773222664,jobs_bytedance,20250715033500,https://jobs.bytedance.com/en/position/7506743388773222664/detail?utm_source=Lead+Edge+Capital+job+board&utm_medium=getro.com&gh_src=Lead+Edge+Capital+job+board,1
7506973845451213074,lifeattiktok,20250715224032,https://lifeattiktok.com/search/7506973845451213074,2
7506978292895353106,lifeattiktok,20250715224032,https://lifeattiktok.com/search/7506978292895353106,2
7506980961301825800,lifeattiktok,20250602022437,https://lifeattiktok.com/search/7506980961301825800?gh_src=Tech%3ANYC+job+board,3
7506998463540857095,jobs_bytedance,20250702020705,https://jobs.bytedance.com/en/position/7506998463540857095/detail,1
7507007343654504712,jobs_bytedance,20250702025845,https://jobs.bytedance.com/en/position/7507007343654504712/detail,2
7507010415102363912,jobs_bytedance,20250811050414,https://jobs.bytedance.com/en/position/7507010415102363912/detail?utm_source=Coatue+Management+job+board&utm_medium=getro.com&gh_src=Coatue+Management+job+board,1
7507012740722166023,jobs_bytedance,20250702020415,https://jobs.bytedance.com/en/position/7507012740722166023/detail,1
7507378416502360327,lifeattiktok,20250602023139,https://lifeattiktok.com/search/7507378416502360327?gh_src=Tech%3ANYC+job+board,3
7507388155302185223,lifeattiktok,20250705024206,https://lifeattiktok.com/search/7507388155302185223?_rsc=1vey8,4
7507391162978945288,lifeattiktok,20250624094255,https://lifeattiktok.com/search/7507391162978945288?_rsc=1rfdr,3
7507458422520105234,lifeattiktok,20250801162942,https://lifeattiktok.com/search/7507458422520105234,1
7507569869987023111,lifeattiktok,20260422030017,https://lifeattiktok.com/search/7507569869987023111,2
7507672562479253768,jobs_bytedance,20250811042325,https://jobs.bytedance.com/en/position/7507672562479253768/detail?utm_source=Coatue+Management+job+board&utm_medium=getro.com&gh_src=Coatue+Management+job+board,1
7507725985496713479,lifeattiktok,20250815005229,https://lifeattiktok.com/search/7507725985496713479,2
7507866337907263752,jobs_bytedance,20250811042807,https://jobs.bytedance.com/en/position/7507866337907263752/detail?utm_source=Technology+Crossover+Ventures+job+board&utm_medium=getro.com&gh_src=Technology+Crossover+Ventures+job+board,2
7508576509507995912,lifeattiktok,20250829121655,https://lifeattiktok.com/search/7508576509507995912,1
7508582189618153746,jobs_bytedance,20250811043448,https://jobs.bytedance.com/en/position/7508582189618153746/detail?utm_source=Lead+Edge+Capital+job+board&utm_medium=getro.com&gh_src=Lead+Edge+Capital+job+board,1
7508582538832660744,jobs_bytedance,20250811051111,https://jobs.bytedance.com/en/position/7508582538832660744/detail?utm_source=Technology+Crossover+Ventures+job+board&utm_medium=getro.com&gh_src=Technology+Crossover+Ventures+job+board,1
7508711419824392456,jobs_bytedance,20250811050717,https://jobs.bytedance.com/en/position/7508711419824392456/detail?utm_source=Technology+Crossover+Ventures+job+board&utm_medium=getro.com&gh_src=Technology+Crossover+Ventures+job+board,1
7508727792475162887,jobs_bytedance,20250715032047,https://jobs.bytedance.com/en/position/7508727792475162887/detail?utm_source=Lead+Edge+Capital+job+board&utm_medium=getro.com&gh_src=Lead+Edge+Capital+job+board,1
7508754376715258120,lifeattiktok,20260724033158,https://lifeattiktok.com/search/7508754376715258120?_rsc=1m3ql,1
7508757770762832136,lifeattiktok,20250715224047,https://lifeattiktok.com/search/7508757770762832136,2
7508757771219929362,lifeattiktok,20250922141159,https://lifeattiktok.com/search/7508757771219929362?_rsc=1y1fq,4
7508980767339710728,lifeattiktok,20251020184114,https://lifeattiktok.com/search/7508980767339710728,2
7509006007180740871,lifeattiktok,20251101150833,https://lifeattiktok.com/search/7509006007180740871?,2
7509059644356020498,lifeattiktok,20250624094255,https://lifeattiktok.com/search/7509059644356020498?_rsc=1rfdr,3
7509118481443932423,lifeattiktok,20250613134327,https://lifeattiktok.com/search/7509118481443932423?utm_source=Getro.org+job+board&utm_medium=getro.com&gh_src=Getro.org+job+board,1
7509138207247468808,jobs_bytedance,20250811044256,https://jobs.bytedance.com/en/position/7509138207247468808/detail?utm_source=Coatue+Management+job+board&utm_medium=getro.com&gh_src=Coatue+Management+job+board,1
7509178583303080200,lifeattiktok,20250623185617,https://lifeattiktok.com/search/7509178583303080200?_rsc=1jhmi,4
7509263561258027272,jobs_bytedance,20250811044730,https://jobs.bytedance.com/en/position/7509263561258027272/detail?utm_source=Coatue+Management+job+board&utm_medium=getro.com&gh_src=Coatue+Management+job+board,1
7509517187235219719,lifeattiktok,20250715224042,https://lifeattiktok.com/search/7509517187235219719,2
7509580587104553234,jobs_bytedance,20250715044958,https://jobs.bytedance.com/en/position/7509580587104553234/detail?utm_source=Lead+Edge+Capital+job+board&utm_medium=getro.com&gh_src=Lead+Edge+Capital+job+board,1
7509583645973530898,lifeattiktok,20250715224032,https://lifeattiktok.com/search/7509583645973530898,2
7509594839392209159,lifeattiktok,20250908122612,https://lifeattiktok.com/search/7509594839392209159,1
7509596067455338770,lifeattiktok,20260511101229,https://lifeattiktok.com/search/7509596067455338770?_rsc=1m3ql,2
7509596738886895880,lifeattiktok,20250609163241,https://lifeattiktok.com/search/7509596738886895880,3
7509656508516632850,lifeattiktok,20250713110013,https://lifeattiktok.com/search/7509656508516632850?utm_source=Trust+and+Safety+Jobs,1
7509656512421726482,lifeattiktok,20250715224054,https://lifeattiktok.com/search/7509656512421726482?_rsc=1v7pv,3
7509685066483271943,jobs_bytedance,20250811041824,https://jobs.bytedance.com/en/position/7509685066483271943/detail?utm_source=Technology+Crossover+Ventures+job+board&utm_medium=getro.com&gh_src=Technology+Crossover+Ventures+job+board,2
7509714961495820552,lifeattiktok,20250815034542,https://lifeattiktok.com/search/7509714961495820552,1
7509968481773881608,lifeattiktok,20250928073538,https://lifeattiktok.com/search/7509968481773881608,1
7510058310882085127,lifeattiktok,20251011183238,https://lifeattiktok.com/search/7510058310882085127?utm_source=Simplify,2
7510118192195455239,lifeattiktok,20250623185624,https://lifeattiktok.com/search/7510118192195455239,2
7510166267267270930,lifeattiktok,20260121220326,https://lifeattiktok.com/search/7510166267267270930?_rsc=1m3ql,1
7510181090754152711,lifeattiktok,20250715224042,https://lifeattiktok.com/search/7510181090754152711,2
7510289792857409800,jobs_bytedance,20250715045836,https://jobs.bytedance.com/en/position/7510289792857409800/detail?utm_source=Lead+Edge+Capital+job+board&utm_medium=getro.com&gh_src=Lead+Edge+Capital+job+board,1
7510331708786329864,lifeattiktok,20250613133840,https://lifeattiktok.com/search/7510331708786329864?utm_source=Tech%3ANYC+job+board&utm_medium=getro.com&gh_src=Tech%3ANYC+job+board,2
7510477905798187272,lifeattiktok,20250904195005,https://lifeattiktok.com/search/7510477905798187272?_rsc=pyzdg,1
7511123891936610567,lifeattiktok,20250814191018,https://lifeattiktok.com/search/7511123891936610567,1
7511169922450868488,lifeattiktok,20250916173850,https://lifeattiktok.com/search/7511169922450868488,1
7511195805853436178,lifeattiktok,20250623185624,https://lifeattiktok.com/search/7511195805853436178,2
7511219747548711186,lifeattiktok,20250828173234,https://lifeattiktok.com/search/7511219747548711186,1
7511330313155840274,lifeattiktok,20250623185624,https://lifeattiktok.com/search/7511330313155840274,2
7511406098537040135,lifeattiktok,20250814170432,https://lifeattiktok.com/search/7511406098537040135,1
7511411957259061511,lifeattiktok,20260902100318,https://lifeattiktok.com/search/7511411957259061511?utm_source=Simplify,1
7511508807894583560,jobs_bytedance,20250715044103,https://jobs.bytedance.com/en/position/7511508807894583560/detail?utm_source=Lead+Edge+Capital+job+board&utm_medium=getro.com&gh_src=Lead+Edge+Capital+job+board,1
7511515855907457288,lifeattiktok,20250705024207,https://lifeattiktok.com/search/7511515855907457288?_rsc=1vey8,4
7511567551575492871,lifeattiktok,20250705024206,https://lifeattiktok.com/search/7511567551575492871?_rsc=1vey8,4
7511567551576000775,lifeattiktok,20251011183053,https://lifeattiktok.com/search/7511567551576000775,1
7511636835782166791,lifeattiktok,20250609163241,https://lifeattiktok.com/search/7511636835782166791,3
7511642766838958344,lifeattiktok,20250730170622,https://lifeattiktok.com/search/7511642766838958344,1
7511657050104285458,lifeattiktok,20250609163241,https://lifeattiktok.com/search/7511657050104285458,1
7511760284630501640,lifeattiktok,20250801125732,https://lifeattiktok.com/search/7511760284630501640,1
7511788662902180114,lifeattiktok,20250709165959,https://lifeattiktok.com/search/7511788662902180114,1
7512009948395129096,jobs_bytedance,20250811043513,https://jobs.bytedance.com/en/position/7512009948395129096/detail?utm_source=Technology+Crossover+Ventures+job+board&utm_medium=getro.com&gh_src=Technology+Crossover+Ventures+job+board,1
7512033549752699154,lifeattiktok,20250624194952,https://lifeattiktok.com/search/7512033549752699154,2
7512125695558306055,lifeattiktok,20250715224030,https://lifeattiktok.com/search/7512125695558306055,2
7512152748788812050,jobs_bytedance,20250811042837,https://jobs.bytedance.com/en/position/7512152748788812050/detail?utm_source=Coatue+Management+job+board&utm_medium=getro.com&gh_src=Coatue+Management+job+board,1
7512155750678006023,jobs_bytedance,20250811051833,https://jobs.bytedance.com/en/position/7512155750678006023/detail?utm_source=Coatue+Management+job+board&utm_medium=getro.com&gh_src=Coatue+Management+job+board,1
7512226522683001095,jobs_bytedance,20250811045340,https://jobs.bytedance.com/en/position/7512226522683001095/detail?utm_source=Coatue+Management+job+board&utm_medium=getro.com&gh_src=Coatue+Management+job+board,2
7512250698504915208,jobs_bytedance,20250811053120,https://jobs.bytedance.com/en/position/7512250698504915208/detail?utm_source=Technology+Crossover+Ventures+job+board&utm_medium=getro.com&gh_src=Technology+Crossover+Ventures+job+board,1
7512251083403479314,jobs_bytedance,20250811043325,https://jobs.bytedance.com/en/position/7512251083403479314/detail?utm_source=Coatue+Management+job+board&utm_medium=getro.com&gh_src=Coatue+Management+job+board,1
7512251085848332562,jobs_bytedance,20250811045801,https://jobs.bytedance.com/en/position/7512251085848332562/detail?utm_source=Coatue+Management+job+board&utm_medium=getro.com&gh_src=Coatue+Management+job+board,1
7512276686160431378,lifeattiktok,20250817035338,https://lifeattiktok.com/search/7512276686160431378,1
7512387064216029447,jobs_bytedance,20250715043059,https://jobs.bytedance.com/en/position/7512387064216029447/detail?utm_source=Lead+Edge+Capital+job+board&utm_medium=getro.com&gh_src=Lead+Edge+Capital+job+board,1
7512423400439924999,lifeattiktok,20250609163241,https://lifeattiktok.com/search/7512423400439924999,3
7512594378289006866,jobs_bytedance,20250811051403,https://jobs.bytedance.com/en/position/7512594378289006866/detail?utm_source=Technology+Crossover+Ventures+job+board&utm_medium=getro.com&gh_src=Technology+Crossover+Ventures+job+board,1
7512870330457934088,jobs_bytedance,20250811043820,https://jobs.bytedance.com/en/position/7512870330457934088/detail?utm_source=Coatue+Management+job+board&utm_medium=getro.com&gh_src=Coatue+Management+job+board,1
7512883741308569874,jobs_bytedance,20250811051459,https://jobs.bytedance.com/en/position/7512883741308569874/detail?utm_source=Coatue+Management+job+board&utm_medium=getro.com&gh_src=Coatue+Management+job+board,1
7512902886977882376,lifeattiktok,20250613124153,https://lifeattiktok.com/search/7512902886977882376?utm_source=Getro.org+job+board&utm_medium=getro.com&gh_src=Getro.org+job+board,1
7512909814331623698,jobs_bytedance,20250811050915,https://jobs.bytedance.com/en/position/7512909814331623698/detail?utm_source=Technology+Crossover+Ventures+job+board&utm_medium=getro.com&gh_src=Technology+Crossover+Ventures+job+board,1
7512912777276557575,jobs_bytedance,20250811052911,https://jobs.bytedance.com/en/position/7512912777276557575/detail?utm_source=Coatue+Management+job+board&utm_medium=getro.com&gh_src=Coatue+Management+job+board,1
7512917548033329426,jobs_bytedance,20250811041754,https://jobs.bytedance.com/en/position/7512917548033329426/detail?utm_source=Coatue+Management+job+board&utm_medium=getro.com&gh_src=Coatue+Management+job+board,1
7512957659860470024,jobs_bytedance,20250811042000,https://jobs.bytedance.com/en/position/7512957659860470024/detail?utm_source=Lead+Edge+Capital+job+board&utm_medium=getro.com&gh_src=Lead+Edge+Capital+job+board,1
7512964326459558151,jobs_bytedance,20250811053241,https://jobs.bytedance.com/en/position/7512964326459558151/detail?utm_source=Coatue+Management+job+board&utm_medium=getro.com&gh_src=Coatue+Management+job+board,1
7512964866854357255,jobs_bytedance,20250811050346,https://jobs.bytedance.com/en/position/7512964866854357255/detail?utm_source=Technology+Crossover+Ventures+job+board&utm_medium=getro.com&gh_src=Technology+Crossover+Ventures+job+board,1
7513774072133650706,jobs_bytedance,20250811045159,https://jobs.bytedance.com/en/position/7513774072133650706/detail?utm_source=Coatue+Management+job+board&utm_medium=getro.com&gh_src=Coatue+Management+job+board,2
7513782019860973831,jobs_bytedance,20250811042641,https://jobs.bytedance.com/en/position/7513782019860973831/detail?utm_source=Coatue+Management+job+board&utm_medium=getro.com&gh_src=Coatue+Management+job+board,3
7513839235012577543,lifeattiktok,20250908151858,https://lifeattiktok.com/search/7513839235012577543,1
7513870540504860936,lifeattiktok,20260308002215,https://lifeattiktok.com/search/7513870540504860936,2
7514003738744228114,lifeattiktok,20250817035250,https://lifeattiktok.com/search/7514003738744228114,1
7514157460153895175,lifeattiktok,20250722075712,https://lifeattiktok.com/search/7514157460153895175?spread=5MWH5CQ,5
7514238872357095698,lifeattiktok,20250908102551,https://lifeattiktok.com/search/7514238872357095698?spread=5MWH5CQ&utm_source=levels.fyi,1
7514274557768927496,lifeattiktok,20250809031634,https://lifeattiktok.com/search/7514274557768927496,1
7514326489912936722,lifeattiktok,20250624094237,https://lifeattiktok.com/search/7514326489912936722,2
7514357878427453704,lifeattiktok,20250713103719,https://lifeattiktok.com/search/7514357878427453704?spread=XKM9ZXE,1
7514359006698424584,lifeattiktok,20250908114626,https://lifeattiktok.com/search/7514359006698424584,1
7514374599611451655,jobs_bytedance,20250811052117,https://jobs.bytedance.com/en/position/7514374599611451655/detail?utm_source=Lead+Edge+Capital+job+board&utm_medium=getro.com&gh_src=Lead+Edge+Capital+job+board,1
7514409970298554632,lifeattiktok,20250715224230,https://lifeattiktok.com/search/7514409970298554632,2
7514422422654454024,lifeattiktok,20250715224225,https://lifeattiktok.com/search/7514422422654454024,2
7514428819470829842,lifeattiktok,20251011183056,https://lifeattiktok.com/search/7514428819470829842,1
7514451011822569735,lifeattiktok,20250722023413,https://lifeattiktok.com/search/7514451011822569735?spread=5MWH5CQ,1
7514457200946039047,lifeattiktok,20250909172359,https://lifeattiktok.com/search/7514457200946039047,3
7514461073719560456,lifeattiktok,20250916082931,https://lifeattiktok.com/search/7514461073719560456,3
7514566439812024594,lifeattiktok,20250805122942,https://lifeattiktok.com/search/7514566439812024594,1
7514610879120394514,lifeattiktok,20251003223943,https://lifeattiktok.com/search/7514610879120394514,1
7514688054986361106,lifeattiktok,20250624094255,https://lifeattiktok.com/search/7514688054986361106?_rsc=1rfdr,3
7514790608042117383,lifeattiktok,20250725050544,https://lifeattiktok.com/search/7514790608042117383,1
7514842976109365512,lifeattiktok,20260902100913,https://lifeattiktok.com/search/7514842976109365512?utm_source=Simplify,3
7514874516125714706,lifeattiktok,20250715224023,https://lifeattiktok.com/search/7514874516125714706,2
7515006698575382802,lifeattiktok,20260315114155,https://lifeattiktok.com/search/7515006698575382802?spread=5MWH5CQ,1
7515039939298412818,lifeattiktok,20250623185624,https://lifeattiktok.com/search/7515039939298412818,2
7515045655958751496,lifeattiktok,20250829131852,https://lifeattiktok.com/search/7515045655958751496,1
7515104750654048519,jobs_bytedance,20250811043726,https://jobs.bytedance.com/en/position/7515104750654048519/detail?utm_source=Coatue+Management+job+board&utm_medium=getro.com&gh_src=Coatue+Management+job+board,1
7515177041836574983,lifeattiktok,20250615160103,https://lifeattiktok.com/search/7515177041836574983,1
7515178347435067666,lifeattiktok,20251011183103,https://lifeattiktok.com/search/7515178347435067666,1
7515179882550184199,lifeattiktok,20250908115810,https://lifeattiktok.com/search/7515179882550184199,1
7515179893097777426,lifeattiktok,20260315104253,https://lifeattiktok.com/search/7515179893097777426?spread=5MWH5CQ,2
7515196252662958344,lifeattiktok,20250723183857,https://lifeattiktok.com/search/7515196252662958344,1
7515196252663269640,lifeattiktok,20250908120331,https://lifeattiktok.com/search/7515196252663269640,1
7515264559302052103,lifeattiktok,20250623185624,https://lifeattiktok.com/search/7515264559302052103,2
7515277586445322503,lifeattiktok,20260226165856,https://lifeattiktok.com/search/7515277586445322503?_rsc=1m3ql,2
7515277954348501255,lifeattiktok,20251222001440,https://lifeattiktok.com/search/7515277954348501255?utm_source=Simplify,1
7515279401207548168,lifeattiktok,20260315071926,https://lifeattiktok.com/search/7515279401207548168?utm_source=levels.fyi&spread=5MWH5CQ,3
7515280815460403474,lifeattiktok,20250817035607,https://lifeattiktok.com/search/7515280815460403474,1
7515346656969312520,lifeattiktok,20250907113615,https://lifeattiktok.com/search/7515346656969312520,3
7515373260231198983,lifeattiktok,20250713111934,https://lifeattiktok.com/search/7515373260231198983,1
7515440059584350482,lifeattiktok,20260115094826,https://lifeattiktok.com/search/7515440059584350482,1
7515541796736698632,lifeattiktok,20250730230304,https://lifeattiktok.com/search/7515541796736698632,1
7515568044521834770,jobs_bytedance,20250811052400,https://jobs.bytedance.com/en/position/7515568044521834770/detail?utm_source=Coatue+Management+job+board&utm_medium=getro.com&gh_src=Coatue+Management+job+board,2
7515571512419338514,jobs_bytedance,20250719154348,https://jobs.bytedance.com/en/position/7515571512419338514/detail,1
7515574615440361736,jobs_bytedance,20250719184955,https://jobs.bytedance.com/en/position/7515574615440361736/detail,1
7515908698011601159,jobs_bytedance,20250811053106,https://jobs.bytedance.com/en/position/7515908698011601159/detail?utm_source=Coatue+Management+job+board&utm_medium=getro.com&gh_src=Coatue+Management+job+board,1
7516006918402951432,lifeattiktok,20250822211118,https://lifeattiktok.com/search/7516006918402951432,1
7516416711106545928,jobs_bytedance,20250811053228,https://jobs.bytedance.com/en/position/7516416711106545928/detail?utm_source=Coatue+Management+job+board&utm_medium=getro.com&gh_src=Coatue+Management+job+board,1
7516559748398221586,lifeattiktok,20250917144140,https://lifeattiktok.com/search/7516559748398221586,1
7516608912255928583,lifeattiktok,20251002124449,https://lifeattiktok.com/search/7516608912255928583,2
7516653837511346450,lifeattiktok,20260315071924,https://lifeattiktok.com/search/7516653837511346450?spread=5MWH5CQ&utm_source=levels.fyi,2
7516657604077521170,jobs_bytedance,20250811040510,https://jobs.bytedance.com/en/position/7516657604077521170/detail?utm_source=Lead+Edge+Capital+job+board&utm_medium=getro.com&gh_src=Lead+Edge+Capital+job+board,1
7516737514695985426,lifeattiktok,20251015234729,https://lifeattiktok.com/search/7516737514695985426,1
7516773825325877511,lifeattiktok,20250715224224,https://lifeattiktok.com/search/7516773825325877511,2
7516777796728211719,lifeattiktok,20260519175424,https://lifeattiktok.com/search/7516777796728211719?_rsc=1m3ql,1
7516779214890633480,lifeattiktok,20250715224222,https://lifeattiktok.com/search/7516779214890633480,2
7516797026799454482,jobs_bytedance,20250801032437,https://jobs.bytedance.com/en/position/7516797026799454482/detail,1
7516992674584463623,lifeattiktok,20250829102433,https://lifeattiktok.com/search/7516992674584463623,1
7517015172159179015,lifeattiktok,20251009232528,https://lifeattiktok.com/search/7517015172159179015/?spread=PC7CRAD,2
7517054705072982279,lifeattiktok,20250801035121,https://lifeattiktok.com/search/7517054705072982279,1
7517089024092326162,lifeattiktok,20250828162726,https://lifeattiktok.com/search/7517089024092326162,1
7517099008936397064,lifeattiktok,20260225210658,https://lifeattiktok.com/search/7517099008936397064?_rsc=1m3ql,2
7517106896071903496,lifeattiktok,20260203211022,https://lifeattiktok.com/search/7517106896071903496,2
7517107684337748242,lifeattiktok,20260105154840,https://lifeattiktok.com/search/7517107684337748242,2
7517118243007727879,lifeattiktok,20250709185347,https://lifeattiktok.com/search/7517118243007727879,1
7517129382390040839,lifeattiktok,20250623185816,https://lifeattiktok.com/search/7517129382390040839,3
7517211885814761736,lifeattiktok,20250715224042,https://lifeattiktok.com/search/7517211885814761736,2
7517308903714703634,lifeattiktok,20250801200650,https://lifeattiktok.com/search/7517308903714703634,1
7517405715918653704,lifeattiktok,20250823110600,https://lifeattiktok.com/search/7517405715918653704,2
7517483148529617159,jobs_bytedance,20250811051733,https://jobs.bytedance.com/en/position/7517483148529617159/detail?utm_source=Lead+Edge+Capital+job+board&utm_medium=getro.com&gh_src=Lead+Edge+Capital+job+board,2
7517498619738966279,jobs_bytedance,20250811053001,https://jobs.bytedance.com/en/position/7517498619738966279/detail?utm_source=Lead+Edge+Capital+job+board&utm_medium=getro.com&gh_src=Lead+Edge+Capital+job+board,1
7517506152906869000,lifeattiktok,20250623185624,https://lifeattiktok.com/search/7517506152906869000,2
7517561285057448210,jobs_bytedance,20250811042141,https://jobs.bytedance.com/en/position/7517561285057448210/detail?utm_source=Coatue+Management+job+board&utm_medium=getro.com&gh_src=Coatue+Management+job+board,1
7517563142509218056,jobs_bytedance,20250709183044,https://jobs.bytedance.com/en/position/7517563142509218056/detail,1
7517590395186891015,lifeattiktok,20250821072852,https://lifeattiktok.com/search/7517590395186891015,1
7517816746398976263,lifeattiktok,20250715224030,https://lifeattiktok.com/search/7517816746398976263,2
7517867546189449490,lifeattiktok,20250814072722,https://lifeattiktok.com/search/7517867546189449490,1
7518066181262985480,jobs_bytedance,20250811040943,https://jobs.bytedance.com/en/position/7518066181262985480/detail?utm_source=Technology+Crossover+Ventures+job+board&utm_medium=getro.com&gh_src=Technology+Crossover+Ventures+job+board,1
7518079574086879506,lifeattiktok,20250710145022,https://lifeattiktok.com/search/7518079574086879506,1
7518967178726590727,lifeattiktok,20250624094254,https://lifeattiktok.com/search/7518967178726590727?_rsc=1rfdr,3
7519026211398945031,lifeattiktok,20260421224119,https://lifeattiktok.com/search/7519026211398945031,1
7519180401023437063,lifeattiktok,20260609062031,https://lifeattiktok.com/search/7519180401023437063,1
7519234084704782600,lifeattiktok,20250813131856,https://lifeattiktok.com/search/7519234084704782600,2
7519241729582516487,lifeattiktok,20251011183100,https://lifeattiktok.com/search/7519241729582516487,1
7519247984258566408,lifeattiktok,20250830104442,https://lifeattiktok.com/search/7519247984258566408?utm_source=Simplify,2
7519262357639432455,jobs_bytedance,20250709155439,https://jobs.bytedance.com/en/position/7519262357639432455/detail,1
7519262358553184530,jobs_bytedance,20250811050040,https://jobs.bytedance.com/en/position/7519262358553184530/detail?utm_source=Coatue+Management+job+board&utm_medium=getro.com&gh_src=Coatue+Management+job+board,1
7519285693375531272,lifeattiktok,20260114202859,https://lifeattiktok.com/search/7519285693375531272,1
7519295316832651527,lifeattiktok,20250921023546,https://lifeattiktok.com/search/7519295316832651527,1
7519374782376511762,lifeattiktok,20250908024149,https://lifeattiktok.com/search/7519374782376511762,1
7519393719540664584,lifeattiktok,20260130000617,https://lifeattiktok.com/search/7519393719540664584,2
7519417994524690706,jobs_bytedance,20250811052558,https://jobs.bytedance.com/en/position/7519417994524690706/detail?utm_source=Coatue+Management+job+board&utm_medium=getro.com&gh_src=Coatue+Management+job+board,1
7519419014071290120,jobs_bytedance,20250811052652,https://jobs.bytedance.com/en/position/7519419014071290120/detail?utm_source=Technology+Crossover+Ventures+job+board&utm_medium=getro.com&gh_src=Technology+Crossover+Ventures+job+board,1
7519469615870511378,lifeattiktok,20250715224508,https://lifeattiktok.com/search/7519469615870511378,2
7519515381204617479,lifeattiktok,20251209103639,https://lifeattiktok.com/search/7519515381204617479,1
7519526712318757127,lifeattiktok,20251016010526,https://lifeattiktok.com/search/7519526712318757127,1
7519573086363257095,jobs_bytedance,20250811053202,https://jobs.bytedance.com/en/position/7519573086363257095/detail?utm_source=Technology+Crossover+Ventures+job+board&utm_medium=getro.com&gh_src=Technology+Crossover+Ventures+job+board,1
7519766495683053832,lifeattiktok,20251011183049,https://lifeattiktok.com/search/7519766495683053832,1
7519794799856404754,lifeattiktok,20250715224039,https://lifeattiktok.com/search/7519794799856404754?_rsc=ptnuc,3
7519827085650413842,lifeattiktok,20250907212810,https://lifeattiktok.com/search/7519827085650413842,1
7519944756408142088,lifeattiktok,20250908155715,https://lifeattiktok.com/search/7519944756408142088,1
7520078377458501895,jobs_bytedance,20250811045623,https://jobs.bytedance.com/en/position/7520078377458501895/detail?utm_source=Lead+Edge+Capital+job+board&utm_medium=getro.com&gh_src=Lead+Edge+Capital+job+board,1
7520347626878650642,lifeattiktok,20250801011819,https://lifeattiktok.com/search/7520347626878650642,1
7520347642150406418,lifeattiktok,20250729181005,https://lifeattiktok.com/search/7520347642150406418,1
7520412938869377288,lifeattiktok,20250908120341,https://lifeattiktok.com/search/7520412938869377288,1
7520483246275807495,lifeattiktok,20250715224047,https://lifeattiktok.com/search/7520483246275807495,2
7520483923131123975,lifeattiktok,20250908232004,https://lifeattiktok.com/search/7520483923131123975,1
7520494692112353543,lifeattiktok,20260121220325,https://lifeattiktok.com/search/7520494692112353543?_rsc=1m3ql,2
7520507884314036487,jobs_bytedance,20250811045833,https://jobs.bytedance.com/en/position/7520507884314036487/detail?utm_source=Technology+Crossover+Ventures+job+board&utm_medium=getro.com&gh_src=Technology+Crossover+Ventures+job+board,1
7520735531425712391,jobs_bytedance,20250709171534,https://jobs.bytedance.com/en/position/7520735531425712391/detail,1
7520735845365696775,jobs_bytedance,20250811040717,https://jobs.bytedance.com/en/position/7520735845365696775/detail?utm_source=Coatue+Management+job+board&utm_medium=getro.com&gh_src=Coatue+Management+job+board,1
7520747868434254087,lifeattiktok,20251003191233,https://lifeattiktok.com/search/7520747868434254087,1
7520754386068228359,jobs_bytedance,20250811041928,https://jobs.bytedance.com/en/position/7520754386068228359/detail?utm_source=Coatue+Management+job+board&utm_medium=getro.com&gh_src=Coatue+Management+job+board,1
7521563190921660680,lifeattiktok,20260208201234,https://lifeattiktok.com/search/7521563190921660680,1
7521564012048664840,lifeattiktok,20260208200147,https://lifeattiktok.com/search/7521564012048664840,1
7521572662414510343,jobs_bytedance,20250725160500,https://jobs.bytedance.com/en/position/7521572662414510343/detail,3
7521587445897644296,lifeattiktok,20250729214241,https://lifeattiktok.com/search/7521587445897644296,1
7521811018597058824,lifeattiktok,20250715224046,https://lifeattiktok.com/search/7521811018597058824,2
7521815117459589384,lifeattiktok,20260609052148,https://lifeattiktok.com/search/7521815117459589384,1
7521884803566930184,lifeattiktok,20260130115621,https://lifeattiktok.com/search/7521884803566930184,1
7521987177107589384,lifeattiktok,20250715224046,https://lifeattiktok.com/search/7521987177107589384,2
7521989957533567239,lifeattiktok,20250709181333,https://lifeattiktok.com/search/7521989957533567239,1
7521991431822362888,lifeattiktok,20260305122958,https://lifeattiktok.com/search/7521991431822362888,2
7522053306886637831,jobs_bytedance,20250811043102,https://jobs.bytedance.com/en/position/7522053306886637831/detail?utm_source=Coatue+Management+job+board&utm_medium=getro.com&gh_src=Coatue+Management+job+board,1
7522056697868585234,lifeattiktok,20250715224053,https://lifeattiktok.com/search/7522056697868585234?_rsc=1v7pv,3
7522112768167495944,lifeattiktok,20250726141047,https://lifeattiktok.com/search/7522112768167495944,2
7522128744691337479,lifeattiktok,20250709191516,https://lifeattiktok.com/search/7522128744691337479,1
7522128754338236690,lifeattiktok,20250709182352,https://lifeattiktok.com/search/7522128754338236690,1
7522187498048571666,lifeattiktok,20250709184418,https://lifeattiktok.com/search/7522187498048571666,1
7522187992103602450,lifeattiktok,20250715224046,https://lifeattiktok.com/search/7522187992103602450,2
7522208504255891719,lifeattiktok,20260208192315,https://lifeattiktok.com/search/7522208504255891719,1
7522248563204589832,lifeattiktok,20250801045249,https://lifeattiktok.com/search/7522248563204589832,1
7522311031932324104,lifeattiktok,20250709174907,https://lifeattiktok.com/search/7522311031932324104,1
7522331655249266952,lifeattiktok,20250715224027,https://lifeattiktok.com/search/7522331655249266952?_rsc=rekdd,2
7522357143548234002,lifeattiktok,20260609061331,https://lifeattiktok.com/search/7522357143548234002,1
7522607642449168648,lifeattiktok,20250715224032,https://lifeattiktok.com/search/7522607642449168648,2
7522676371953846536,lifeattiktok,20250709161141,https://lifeattiktok.com/search/7522676371953846536,1
7522732246081882386,jobs_bytedance,20250721195450,https://jobs.bytedance.com/en/position/7522732246081882386/detail,1
7522742153819670792,jobs_bytedance,20250811053050,https://jobs.bytedance.com/en/position/7522742153819670792/detail?utm_source=Coatue+Management+job+board&utm_medium=getro.com&gh_src=Coatue+Management+job+board,3
7522747954311596295,lifeattiktok,20260315071924,https://lifeattiktok.com/search/7522747954311596295?utm_source=levels.fyi&spread=5MWH5CQ,1
7522749092751313160,lifeattiktok,20250709153934,https://lifeattiktok.com/search/7522749092751313160,1
7522779702328707336,lifeattiktok,20250828011032,https://lifeattiktok.com/search/7522779702328707336,1
7522796367154039048,lifeattiktok,20260301075243,https://lifeattiktok.com/search/7522796367154039048,2
7522814274769029394,lifeattiktok,20250715224023,https://lifeattiktok.com/search/7522814274769029394,2
7522819476649134343,lifeattiktok,20250908125842,https://lifeattiktok.com/search/7522819476649134343,1
7522860445116958984,lifeattiktok,20251016011843,https://lifeattiktok.com/search/7522860445116958984,1
7522886490017220871,lifeattiktok,20250922141158,https://lifeattiktok.com/search/7522886490017220871?_rsc=1y1fq,3
7522889591839492370,lifeattiktok,20260315105854,https://lifeattiktok.com/search/7522889591839492370,1
7522956730276628744,lifeattiktok,20250908131040,https://lifeattiktok.com/search/7522956730276628744,1
7522958868125927688,lifeattiktok,20250908114250,https://lifeattiktok.com/search/7522958868125927688,1
7522963223982049543,lifeattiktok,20250908131410,https://lifeattiktok.com/search/7522963223982049543,1
7523000308013648136,lifeattiktok,20260208201311,https://lifeattiktok.com/search/7523000308013648136,1
7523025827413281042,lifeattiktok,20250921054342,https://lifeattiktok.com/search/7523025827413281042,1
7523051316605651208,lifeattiktok,20250908074046,https://lifeattiktok.com/search/7523051316605651208,1
7523069817790138632,jobs_bytedance,20250811044411,https://jobs.bytedance.com/en/position/7523069817790138632/detail?utm_source=Lead+Edge+Capital+job+board&utm_medium=getro.com&gh_src=Lead+Edge+Capital+job+board,1
7523099481480808722,lifeattiktok,20250709161329,https://lifeattiktok.com/search/7523099481480808722,1
7523114605607504146,lifeattiktok,20250730224500,https://lifeattiktok.com/search/7523114605607504146,1
7523144222812408071,lifeattiktok,20250813175213,https://lifeattiktok.com/search/7523144222812408071,2
7523144586891708690,lifeattiktok,20251209103110,https://lifeattiktok.com/search/7523144586891708690,1
7523186049288358162,lifeattiktok,20251209112700,https://lifeattiktok.com/search/7523186049288358162,1
7523230134557575432,lifeattiktok,20250709175903,https://lifeattiktok.com/search/7523230134557575432,1
7523988537001625863,lifeattiktok,20250709165743,https://lifeattiktok.com/search/7523988537001625863,1
7524135775660280072,lifeattiktok,20251030102217,https://lifeattiktok.com/search/7524135775660280072?spread=128SD3R,1
7524230072594106632,lifeattiktok,20250717171242,https://lifeattiktok.com/search/7524230072594106632,1
7524305675574184200,lifeattiktok,20250808112857,https://lifeattiktok.com/search/7524305675574184200,1
7524322727423985928,lifeattiktok,20250908115642,https://lifeattiktok.com/search/7524322727423985928,1
7524371562063268103,lifeattiktok,20260902100930,https://lifeattiktok.com/search/7524371562063268103?utm_source=Simplify,2
7524379987383109895,lifeattiktok,20250822195003,https://lifeattiktok.com/search/7524379987383109895,1
7524385969069132039,lifeattiktok,20250715224023,https://lifeattiktok.com/search/7524385969069132039,2
7524405141678082312,lifeattiktok,20251016004558,https://lifeattiktok.com/search/7524405141678082312,1
7524450749414443272,lifeattiktok,20250815034839,https://lifeattiktok.com/search/7524450749414443272,1
7524472641445431560,lifeattiktok,20250809030452,https://lifeattiktok.com/search/7524472641445431560?spread=XKM9ZXE,1
7524493755979974919,lifeattiktok,20250908131820,https://lifeattiktok.com/search/7524493755979974919,1
7524515038481123602,lifeattiktok,20250829090625,https://lifeattiktok.com/search/7524515038481123602,1
7524646122422454535,lifeattiktok,20250715224046,https://lifeattiktok.com/search/7524646122422454535,2
7524688200997193992,lifeattiktok,20250716040354,https://lifeattiktok.com/search/7524688200997193992,2
7524747979971414279,lifeattiktok,20250929130627,https://lifeattiktok.com/search/7524747979971414279,1
7524762207654676743,lifeattiktok,20260421221839,https://lifeattiktok.com/search/7524762207654676743,1
7524804526831520007,lifeattiktok,20251209114258,https://lifeattiktok.com/search/7524804526831520007,1
7524888518025611538,lifeattiktok,20250813112037,https://lifeattiktok.com/search/7524888518025611538?spread=5MWH5CQ,2
7524893321484618002,lifeattiktok,20251016002639,https://lifeattiktok.com/search/7524893321484618002,1
7524995353033246984,lifeattiktok,20260315071924,https://lifeattiktok.com/search/7524995353033246984?spread=5MWH5CQ&utm_source=levels.fyi,1
7525051446451882248,lifeattiktok,20251016001115,https://lifeattiktok.com/search/7525051446451882248,1
7525127505239345416,lifeattiktok,20250805123019,https://lifeattiktok.com/search/7525127505239345416,1
7525197480997652754,lifeattiktok,20250715224046,https://lifeattiktok.com/search/7525197480997652754,2
7525241680116812039,lifeattiktok,20250715224032,https://lifeattiktok.com/search/7525241680116812039,2
7525281664706316551,lifeattiktok,20250929003321,https://lifeattiktok.com/search/7525281664706316551,1
7525312396123801874,lifeattiktok,20250821215721,https://lifeattiktok.com/search/7525312396123801874,1
7525329448096418066,lifeattiktok,20250822143354,https://lifeattiktok.com/search/7525329448096418066,1
7525329770676963602,jobs_bytedance,20250801060545,https://jobs.bytedance.com/en/position/7525329770676963602/detail,1
7525354976962087176,lifeattiktok,20250715224044,https://lifeattiktok.com/search/7525354976962087176,2
7525475973303765255,lifeattiktok,20250715224042,https://lifeattiktok.com/search/7525475973303765255,2
7525475976990820626,lifeattiktok,20250715224044,https://lifeattiktok.com/search/7525475976990820626,2
7525508398332741896,lifeattiktok,20250730204910,https://lifeattiktok.com/search/7525508398332741896,1
7525625860951755026,lifeattiktok,20250804191720,https://lifeattiktok.com/search/7525625860951755026?spread=XKM9ZXE,3
7525635858708646152,lifeattiktok,20250730050012,https://lifeattiktok.com/search/7525635858708646152,1
7525646713755879688,jobs_bytedance,20250730084746,https://jobs.bytedance.com/en/position/7525646713755879688/detail,1
7525650208522193159,lifeattiktok,20260315071924,https://lifeattiktok.com/search/7525650208522193159?spread=5MWH5CQ&utm_source=levels.fyi,4
7525709276149942536,lifeattiktok,20250817004927,https://lifeattiktok.com/search/7525709276149942536,2
7525776208664267016,lifeattiktok,20250715224044,https://lifeattiktok.com/search/7525776208664267016,2
7526748563377441032,jobs_bytedance,20250719111017,https://jobs.bytedance.com/en/position/7526748563377441032/detail,1
7526749559332210962,jobs_bytedance,20250729172253,https://jobs.bytedance.com/en/position/7526749559332210962/detail,1
7526752338687478024,jobs_bytedance,20250730122014,https://jobs.bytedance.com/en/position/7526752338687478024/detail,1
7526815846402296072,lifeattiktok,20251030102212,https://lifeattiktok.com/search/7526815846402296072?spread=128SD3R,1
7526880675715614984,lifeattiktok,20250813205152,https://lifeattiktok.com/search/7526880675715614984,1
7526971530934651154,lifeattiktok,20250715224042,https://lifeattiktok.com/search/7526971530934651154,2
7526984622191495442,lifeattiktok,20250730043630,https://lifeattiktok.com/search/7526984622191495442,1
7526985259864787218,lifeattiktok,20250731015243,https://lifeattiktok.com/search/7526985259864787218,1
7527047159402252552,lifeattiktok,20250731015304,https://lifeattiktok.com/search/7527047159402252552,1
7527053584627730696,lifeattiktok,20250730185622,https://lifeattiktok.com/search/7527053584627730696,1
7527065936093858055,lifeattiktok,20260515011654,https://lifeattiktok.com/search/7527065936093858055?spread=5MWH5CQ,4
7527077153591675154,lifeattiktok,20250830184500,https://lifeattiktok.com/search/7527077153591675154?utm_source=Simplify,2
7527224509554247943,lifeattiktok,20250730223837,https://lifeattiktok.com/search/7527224509554247943,1
7527228303833434386,lifeattiktok,20250908133159,https://lifeattiktok.com/search/7527228303833434386,1
7527254549692139784,lifeattiktok,20251001064203,https://lifeattiktok.com/search/7527254549692139784?spread=5MWH5CQ&utm_source=levels.fyi,1
7527262637568084242,lifeattiktok,20250729202431,https://lifeattiktok.com/search/7527262637568084242,1
7527282718218373384,jobs_bytedance,20250719195744,https://jobs.bytedance.com/en/position/7527282718218373384/detail,1
7527300268272273682,lifeattiktok,20250730061309,https://lifeattiktok.com/search/7527300268272273682,1
7527317535634344199,lifeattiktok,20250730005025,https://lifeattiktok.com/search/7527317535634344199,1
7527320645437753607,lifeattiktok,20250730194643,https://lifeattiktok.com/search/7527320645437753607,1
7527339996412676359,lifeattiktok,20250729225754,https://lifeattiktok.com/search/7527339996412676359,1
7527360750626048274,lifeattiktok,20250730130857,https://lifeattiktok.com/search/7527360750626048274,1
7527426391449864466,jobs_bytedance,20250719142537,https://jobs.bytedance.com/en/position/7527426391449864466/detail,1
7527435038762895624,lifeattiktok,20250730034006,https://lifeattiktok.com/search/7527435038762895624,1
7527439871503239431,lifeattiktok,20250730162151,https://lifeattiktok.com/search/7527439871503239431,1
7527441329384147208,lifeattiktok,20260902100912,https://lifeattiktok.com/search/7527441329384147208?utm_source=Simplify,2
7527441329384524040,lifeattiktok,20250730190629,https://lifeattiktok.com/search/7527441329384524040,1
7527447282699897096,lifeattiktok,20250730182422,https://lifeattiktok.com/search/7527447282699897096,1
7527527250784553223,lifeattiktok,20250730070432,https://lifeattiktok.com/search/7527527250784553223,1
7527537751081502984,lifeattiktok,20250813221238,https://lifeattiktok.com/search/7527537751081502984,2
7527540868824598802,lifeattiktok,20250813124218,https://lifeattiktok.com/search/7527540868824598802,2
7527542174457301256,lifeattiktok,20250813112232,https://lifeattiktok.com/search/7527542174457301256?_rsc=pyzdg,2
7527577172346046728,jobs_bytedance,20250730082757,https://jobs.bytedance.com/en/position/7527577172346046728/detail,1
7527582397938223367,lifeattiktok,20251011183052,https://lifeattiktok.com/search/7527582397938223367,1
7527585101065652498,lifeattiktok,20250731223631,https://lifeattiktok.com/search/7527585101065652498,1
7527589557336869138,lifeattiktok,20250829163511,https://lifeattiktok.com/search/7527589557336869138?utm_source=Simplify,2
7527589796526754066,lifeattiktok,20250821083616,https://lifeattiktok.com/search/7527589796526754066?utm_source=Simplify,2
7527589875165563143,lifeattiktok,20250830204503,https://lifeattiktok.com/search/7527589875165563143?utm_source=Simplify,2
7527609404540389650,lifeattiktok,20250821185256,https://lifeattiktok.com/search/7527609404540389650?utm_source=Simplify,2
7527613337334188306,lifeattiktok,20250821022516,https://lifeattiktok.com/search/7527613337334188306?utm_source=Simplify,2
7527613764964272402,jobs_bytedance,20250730175536,https://jobs.bytedance.com/en/position/7527613764964272402/detail,1
7527614432525306130,lifeattiktok,20250731194447,https://lifeattiktok.com/search/7527614432525306130,1
7527615375778416914,lifeattiktok,20251227135950,https://lifeattiktok.com/search/7527615375778416914?utm_source=github-vansh-ouckah,5
7527617772696750344,lifeattiktok,20250730071414,https://lifeattiktok.com/search/7527617772696750344,1
7527618094643759367,lifeattiktok,20250731211951,https://lifeattiktok.com/search/7527618094643759367,1
7527618943449909522,lifeattiktok,20260506185317,https://lifeattiktok.com/search/7527618943449909522?_rsc=1m3ql,3
7527619667939690760,lifeattiktok,20250730170530,https://lifeattiktok.com/search/7527619667939690760,1
7527623776876742920,lifeattiktok,20250730163928,https://lifeattiktok.com/search/7527623776876742920,1
7527637874427087122,lifeattiktok,20250908160355,https://lifeattiktok.com/search/7527637874427087122,1
7527648921498470664,lifeattiktok,20250730201206,https://lifeattiktok.com/search/7527648921498470664,1
7527669240678762760,lifeattiktok,20250730181301,https://lifeattiktok.com/search/7527669240678762760,1
7527678842316998919,jobs_bytedance,20250801052256,https://jobs.bytedance.com/en/position/7527678842316998919/detail,1
7527692667053607176,lifeattiktok,20250731012934,https://lifeattiktok.com/search/7527692667053607176,1
7527717062337480967,lifeattiktok,20250801103716,https://lifeattiktok.com/search/7527717062337480967,1
7527718412081367303,lifeattiktok,20250730040927,https://lifeattiktok.com/search/7527718412081367303,1
7527728988115716359,lifeattiktok,20250730112649,https://lifeattiktok.com/search/7527728988115716359,1
7527742991508539666,jobs_bytedance,20250730085212,https://jobs.bytedance.com/en/position/7527742991508539666/detail,1
7527769686600763655,lifeattiktok,20250729175517,https://lifeattiktok.com/search/7527769686600763655,1
7527770175530289416,jobs_bytedance,20250730155419,https://jobs.bytedance.com/en/position/7527770175530289416/detail,1
7527795087155218696,jobs_bytedance,20250730072924,https://jobs.bytedance.com/en/position/7527795087155218696/detail,1
7527806247661078802,lifeattiktok,20250725043421,https://lifeattiktok.com/search/7527806247661078802,1
7527891274823010567,lifeattiktok,20250730115510,https://lifeattiktok.com/search/7527891274823010567,1
7527892852135971090,lifeattiktok,20250813112258,https://lifeattiktok.com/search/7527892852135971090?_rsc=jxgm5,2
7527892852240599303,lifeattiktok,20250731014024,https://lifeattiktok.com/search/7527892852240599303,1
7527893599385192722,jobs_bytedance,20250729143137,https://jobs.bytedance.com/en/position/7527893599385192722/detail,1
7527896896427559186,lifeattiktok,20250730160056,https://lifeattiktok.com/search/7527896896427559186,1
7527896898062780679,lifeattiktok,20250729194005,https://lifeattiktok.com/search/7527896898062780679,1
7527896898063141127,lifeattiktok,20250729154017,https://lifeattiktok.com/search/7527896898063141127,1
7527947602576574728,jobs_bytedance,20250730080157,https://jobs.bytedance.com/en/position/7527947602576574728/detail,1
7527959658947135762,lifeattiktok,20250730024003,https://lifeattiktok.com/search/7527959658947135762,1
7527960197890541831,lifeattiktok,20250908121549,https://lifeattiktok.com/search/7527960197890541831,1
7527992045127862536,lifeattiktok,20250801034116,https://lifeattiktok.com/search/7527992045127862536,1
7527999348673153287,jobs_bytedance,20250730003545,https://jobs.bytedance.com/en/position/7527999348673153287/detail,1
7528008428532746503,lifeattiktok,20250731013648,https://lifeattiktok.com/search/7528008428532746503,1
7528066206520297735,lifeattiktok,20250730165157,https://lifeattiktok.com/search/7528066206520297735,1
7528073564075854087,lifeattiktok,20250730011459,https://lifeattiktok.com/search/7528073564075854087,1
7528117295609071879,lifeattiktok,20250729181228,https://lifeattiktok.com/search/7528117295609071879,1
7528117949829204232,lifeattiktok,20250731014809,https://lifeattiktok.com/search/7528117949829204232,1
7528147265903839496,jobs_bytedance,20250729203855,https://jobs.bytedance.com/en/position/7528147265903839496/detail,1
7528155559007209736,lifeattiktok,20250729224220,https://lifeattiktok.com/search/7528155559007209736,1
7528166891883071762,lifeattiktok,20250730015132,https://lifeattiktok.com/search/7528166891883071762,1
7528167846833621256,lifeattiktok,20250731014215,https://lifeattiktok.com/search/7528167846833621256,1
7528179172326852871,lifeattiktok,20250908124917,https://lifeattiktok.com/search/7528179172326852871?_rsc=1vrt0,3
7528179637231945992,lifeattiktok,20250828211202,https://lifeattiktok.com/search/7528179637231945992,1
7528189731298740488,lifeattiktok,20250915070003,https://lifeattiktok.com/search/7528189731298740488,3
7528196025854380306,jobs_bytedance,20250813184215,https://jobs.bytedance.com/en/position/7528196025854380306/detail,1
7528230133908834568,lifeattiktok,20250730170748,https://lifeattiktok.com/search/7528230133908834568,1
7528248664097507591,lifeattiktok,20250729203214,https://lifeattiktok.com/search/7528248664097507591,1
7528291861556300040,lifeattiktok,20250731212821,https://lifeattiktok.com/search/7528291861556300040,1
7528292002076379400,lifeattiktok,20250729075028,https://lifeattiktok.com/search/7528292002076379400,1
7528296690399496455,lifeattiktok,20250731205759,https://lifeattiktok.com/search/7528296690399496455,1
7528296691155077383,lifeattiktok,20250801193000,https://lifeattiktok.com/search/7528296691155077383,1
7528319088850897160,lifeattiktok,20250801172942,https://lifeattiktok.com/search/7528319088850897160,1
7528324857865652498,lifeattiktok,20250731020246,https://lifeattiktok.com/search/7528324857865652498,1
7528327100231633170,lifeattiktok,20250730082923,https://lifeattiktok.com/search/7528327100231633170,1
7528332249889294610,lifeattiktok,20250729232200,https://lifeattiktok.com/search/7528332249889294610,1
7528341819433404679,lifeattiktok,20250730102058,https://lifeattiktok.com/search/7528341819433404679,1
7528342143501732103,lifeattiktok,20250730071856,https://lifeattiktok.com/search/7528342143501732103,1
7528351880806009106,lifeattiktok,20250730040251,https://lifeattiktok.com/search/7528351880806009106,1
7528372058973145352,lifeattiktok,20250730164525,https://lifeattiktok.com/search/7528372058973145352,1
7528372066027374855,lifeattiktok,20250730052352,https://lifeattiktok.com/search/7528372066027374855,1
7528379961965070600,lifeattiktok,20250730051023,https://lifeattiktok.com/search/7528379961965070600,1
7528453410165623047,lifeattiktok,20250730074427,https://lifeattiktok.com/search/7528453410165623047,1
7528482488382621970,lifeattiktok,20250801164202,https://lifeattiktok.com/search/7528482488382621970,1
7528964116267256072,lifeattiktok,20250731230644,https://lifeattiktok.com/search/7528964116267256072,1
7529133048115235079,lifeattiktok,20250730100232,https://lifeattiktok.com/search/7529133048115235079,1
7529153261905316114,lifeattiktok,20250729183626,https://lifeattiktok.com/search/7529153261905316114,1
7529351580988033298,jobs_bytedance,20250730101052,https://jobs.bytedance.com/en/position/7529351580988033298/detail,1
7529355300529473799,lifeattiktok,20250729095459,https://lifeattiktok.com/search/7529355300529473799,1
7529424756505757970,jobs_bytedance,20250801105345,https://jobs.bytedance.com/en/position/7529424756505757970/detail,1
7529424969047263495,jobs_bytedance,20250801023537,https://jobs.bytedance.com/en/position/7529424969047263495/detail,1
7529433033671280904,jobs_bytedance,20250814052514,https://jobs.bytedance.com/en/position/7529433033671280904/detail,1
7529435164473886983,jobs_bytedance,20250801080739,https://jobs.bytedance.com/en/position/7529435164473886983/detail,1
7529435764310083858,jobs_bytedance,20250801021422,https://jobs.bytedance.com/en/position/7529435764310083858/detail,1
7529436402371545352,jobs_bytedance,20250801001827,https://jobs.bytedance.com/en/position/7529436402371545352/detail,1
7529436734779640072,jobs_bytedance,20250801061006,https://jobs.bytedance.com/en/position/7529436734779640072/detail,1
7529437895875774728,jobs_bytedance,20250731200205,https://jobs.bytedance.com/en/position/7529437895875774728/detail,1
7529438932757547271,jobs_bytedance,20250801132847,https://jobs.bytedance.com/en/position/7529438932757547271/detail,1
7529439209288157458,lifeattiktok,20250801041814,https://lifeattiktok.com/search/7529439209288157458,1
7529441705998371079,lifeattiktok,20250801091230,https://lifeattiktok.com/search/7529441705998371079,1
7529442962141514002,lifeattiktok,20250801073755,https://lifeattiktok.com/search/7529442962141514002,1
7529444119317498120,lifeattiktok,20250801192613,https://lifeattiktok.com/search/7529444119317498120,1
7529448380603615495,jobs_bytedance,20250729141843,https://jobs.bytedance.com/en/position/7529448380603615495/detail,1
7529448398338033928,jobs_bytedance,20250801033229,https://jobs.bytedance.com/en/position/7529448398338033928/detail,1
7529474348652382472,lifeattiktok,20250729171744,https://lifeattiktok.com/search/7529474348652382472,1
7529509444780214535,lifeattiktok,20250730091351,https://lifeattiktok.com/search/7529509444780214535,1
7529533402908002578,lifeattiktok,20250801123552,https://lifeattiktok.com/search/7529533402908002578,1
7529575583991499016,lifeattiktok,20250821134304,https://lifeattiktok.com/search/7529575583991499016,2
7529641896000751890,lifeattiktok,20250801100645,https://lifeattiktok.com/search/7529641896000751890,1
7529661012351420690,jobs_bytedance,20250731213314,https://jobs.bytedance.com/en/position/7529661012351420690/detail,1
7529663530619324679,jobs_bytedance,20250731224340,https://jobs.bytedance.com/en/position/7529663530619324679/detail,1
7529785395409864978,lifeattiktok,20260506185315,https://lifeattiktok.com/search/7529785395409864978?_rsc=1m3ql,2
7529788137754659090,lifeattiktok,20250801052918,https://lifeattiktok.com/search/7529788137754659090,1
7529793322623502600,lifeattiktok,20250801043327,https://lifeattiktok.com/search/7529793322623502600,1
7529793363122702600,lifeattiktok,20250801062034,https://lifeattiktok.com/search/7529793363122702600,1
7529798718955358472,lifeattiktok,20260619180323,https://lifeattiktok.com/search/7529798718955358472?_rsc=1m3ql,2
7529803551935400210,lifeattiktok,20250731222424,https://lifeattiktok.com/search/7529803551935400210,1
7529806085818124562,lifeattiktok,20250731202953,https://lifeattiktok.com/search/7529806085818124562,1
7529813930433153287,lifeattiktok,20250801114525,https://lifeattiktok.com/search/7529813930433153287,1
7529828959078271239,lifeattiktok,20250801190539,https://lifeattiktok.com/search/7529828959078271239,1
7529837862532811026,lifeattiktok,20250801131208,https://lifeattiktok.com/search/7529837862532811026,1
7529846838952184082,lifeattiktok,20250908085124,https://lifeattiktok.com/search/7529846838952184082,1
7529854306331609352,jobs_bytedance,20250731235904,https://jobs.bytedance.com/en/position/7529854306331609352/detail,1
7529896750870481160,lifeattiktok,20250801050348,https://lifeattiktok.com/search/7529896750870481160,1
7529914654036248840,lifeattiktok,20250908132046,https://lifeattiktok.com/search/7529914654036248840,1
7529942794146121991,lifeattiktok,20251209104950,https://lifeattiktok.com/search/7529942794146121991,1
7529956169709701383,lifeattiktok,20250801032500,https://lifeattiktok.com/search/7529956169709701383,1
7529996927507499272,lifeattiktok,20250814113739,https://lifeattiktok.com/search/7529996927507499272,2
7529997825732577543,lifeattiktok,20250801102941,https://lifeattiktok.com/search/7529997825732577543,1
7530001756907931922,lifeattiktok,20250801014615,https://lifeattiktok.com/search/7530001756907931922,1
7530003479109044488,lifeattiktok,20250801052523,https://lifeattiktok.com/search/7530003479109044488,1
7530027625667987730,lifeattiktok,20250801091757,https://lifeattiktok.com/search/7530027625667987730,1
7530123565145147655,lifeattiktok,20250922141158,https://lifeattiktok.com/search/7530123565145147655?_rsc=1y1fq,3
7530130565371250951,jobs_bytedance,20250731234627,https://jobs.bytedance.com/en/position/7530130565371250951/detail,1
7530286323479972114,lifeattiktok,20250801064443,https://lifeattiktok.com/search/7530286323479972114,1
7530301431917185287,lifeattiktok,20250801021915,https://lifeattiktok.com/search/7530301431917185287,1
7530344852765296904,lifeattiktok,20251016003343,https://lifeattiktok.com/search/7530344852765296904,1
7530350943830296850,lifeattiktok,20250801152504,https://lifeattiktok.com/search/7530350943830296850,1
7530352346321799431,lifeattiktok,20250801071302,https://lifeattiktok.com/search/7530352346321799431,1
7530352346322028807,lifeattiktok,20250801210758,https://lifeattiktok.com/search/7530352346322028807,1
7530356992188942599,lifeattiktok,20250801104602,https://lifeattiktok.com/search/7530356992188942599,1
7530379071436933394,lifeattiktok,20260112010254,https://lifeattiktok.com/search/7530379071436933394,2
7530389941411940615,lifeattiktok,20250731211153,https://lifeattiktok.com/search/7530389941411940615,1
7530389941412137223,lifeattiktok,20250801092851,https://lifeattiktok.com/search/7530389941412137223,1
7530390505324087559,lifeattiktok,20250801052513,https://lifeattiktok.com/search/7530390505324087559,1
7530402262691498248,lifeattiktok,20250801063048,https://lifeattiktok.com/search/7530402262691498248,1
7530420073258092808,lifeattiktok,20250809031552,https://lifeattiktok.com/search/7530420073258092808?spread=XKM9ZXE,1
7530432176208726279,lifeattiktok,20250801210144,https://lifeattiktok.com/search/7530432176208726279,1
7530474543971371271,lifeattiktok,20250801182554,https://lifeattiktok.com/search/7530474543971371271,1
7530513185797359880,lifeattiktok,20260902100621,https://lifeattiktok.com/search/7530513185797359880?utm_source=Simplify,2
7530522365064743175,lifeattiktok,20250801154722,https://lifeattiktok.com/search/7530522365064743175,1
7530522445167708424,lifeattiktok,20250801023203,https://lifeattiktok.com/search/7530522445167708424,1
7530530378768550152,jobs_bytedance,20250801052054,https://jobs.bytedance.com/en/position/7530530378768550152/detail,1
7530544428538235144,lifeattiktok,20260506185315,https://lifeattiktok.com/search/7530544428538235144?_rsc=1m3ql,2
7530548779231267080,lifeattiktok,20250731224648,https://lifeattiktok.com/search/7530548779231267080,1
7530551881640560904,lifeattiktok,20250801210821,https://lifeattiktok.com/search/7530551881640560904,1
7530553125037705479,lifeattiktok,20250908004659,https://lifeattiktok.com/search/7530553125037705479,1
7530557300432947474,lifeattiktok,20250801160008,https://lifeattiktok.com/search/7530557300432947474,1
7530558287583217938,lifeattiktok,20250801054353,https://lifeattiktok.com/search/7530558287583217938,1
7530560015720319250,lifeattiktok,20250801031428,https://lifeattiktok.com/search/7530560015720319250,1
7530564837836605704,lifeattiktok,20250801030941,https://lifeattiktok.com/search/7530564837836605704,1
7530565058259618055,lifeattiktok,20250731211807,https://lifeattiktok.com/search/7530565058259618055,1
7530577031588972818,lifeattiktok,20250801204922,https://lifeattiktok.com/search/7530577031588972818,1
7530587261105883410,lifeattiktok,20250801055113,https://lifeattiktok.com/search/7530587261105883410,1
7530587421126265095,lifeattiktok,20260208210044,https://lifeattiktok.com/search/7530587421126265095,1
7530593272768432391,jobs_bytedance,20250801020352,https://jobs.bytedance.com/en/position/7530593272768432391/detail,1
7530594800179005714,jobs_bytedance,20250801035713,https://jobs.bytedance.com/en/position/7530594800179005714/detail,1
7530601359373977863,jobs_bytedance,20250801082944,https://jobs.bytedance.com/en/position/7530601359373977863/detail,1
7530609308984707336,lifeattiktok,20250731205939,https://lifeattiktok.com/search/7530609308984707336,1
7530625969200924936,lifeattiktok,20250731203451,https://lifeattiktok.com/search/7530625969200924936,1
7530635826352556306,lifeattiktok,20250801065626,https://lifeattiktok.com/search/7530635826352556306,1
7530638513848584466,lifeattiktok,20250801150144,https://lifeattiktok.com/search/7530638513848584466,1
7530643987058051335,jobs_bytedance,20250801002528,https://jobs.bytedance.com/en/position/7530643987058051335/detail,1
7530646380378196242,lifeattiktok,20250813112258,https://lifeattiktok.com/search/7530646380378196242?_rsc=jxgm5,2
7530654487871113479,lifeattiktok,20250801063038,https://lifeattiktok.com/search/7530654487871113479,1
7530654747376961810,lifeattiktok,20250731221208,https://lifeattiktok.com/search/7530654747376961810,1
7530661078881536274,lifeattiktok,20250801031937,https://lifeattiktok.com/search/7530661078881536274,1
7530663121578035463,lifeattiktok,20250801002223,https://lifeattiktok.com/search/7530663121578035463,1
7530669699354577160,lifeattiktok,20250801153841,https://lifeattiktok.com/search/7530669699354577160,1
7530671155453495570,lifeattiktok,20250801053151,https://lifeattiktok.com/search/7530671155453495570,1
7530679101751052552,lifeattiktok,20250801071932,https://lifeattiktok.com/search/7530679101751052552,1
7530687476277545224,lifeattiktok,20250731204206,https://lifeattiktok.com/search/7530687476277545224,1
7530700056707680520,lifeattiktok,20250801164540,https://lifeattiktok.com/search/7530700056707680520,1
7530709041648503048,lifeattiktok,20251202071356,https://lifeattiktok.com/search/7530709041648503048?spread=5MWH5CQ,3
7530728287904844050,lifeattiktok,20260609061541,https://lifeattiktok.com/search/7530728287904844050?spread=5MWH5CQ&utm_source=selectfrom.work,3
7530752375372466439,lifeattiktok,20260103171823,https://lifeattiktok.com/search/7530752375372466439?_rsc=1m3ql,3
7530759729113680135,lifeattiktok,20260115013340,https://lifeattiktok.com/search/7530759729113680135,2
7530759738491226386,lifeattiktok,20260103171823,https://lifeattiktok.com/search/7530759738491226386?_rsc=1m3ql,2
7530765464767826184,lifeattiktok,20251123162525,https://lifeattiktok.com/search/7530765464767826184?utm_source=Simplify,2
7530765470187866386,lifeattiktok,20250801150421,https://lifeattiktok.com/search/7530765470187866386,1
7530765471130683666,lifeattiktok,20250731200925,https://lifeattiktok.com/search/7530765471130683666,1
7530770310150392072,lifeattiktok,20250801032233,https://lifeattiktok.com/search/7530770310150392072,1
7530770310342379783,lifeattiktok,20250731233718,https://lifeattiktok.com/search/7530770310342379783,1
7530771170938865928,lifeattiktok,20260113123440,https://lifeattiktok.com/search/7530771170938865928,2
7530772847212644616,lifeattiktok,20260710212811,https://lifeattiktok.com/search/7530772847212644616,1
7530775582141892882,lifeattiktok,20250801033451,https://lifeattiktok.com/search/7530775582141892882,1
7530776023969909000,lifeattiktok,20250801102720,https://lifeattiktok.com/search/7530776023969909000,1
7530846269200877842,lifeattiktok,20250801165136,https://lifeattiktok.com/search/7530846269200877842,1
7530848902367791378,lifeattiktok,20250813125009,https://lifeattiktok.com/search/7530848902367791378,2
7530854094295156999,jobs_bytedance,20250801213835,https://jobs.bytedance.com/en/position/7530854094295156999/detail,1
7530861005548767496,lifeattiktok,20250801024423,https://lifeattiktok.com/search/7530861005548767496,1
7530861008044181767,lifeattiktok,20250801124010,https://lifeattiktok.com/search/7530861008044181767,1
7530862586574096658,lifeattiktok,20250801043136,https://lifeattiktok.com/search/7530862586574096658,1
7530864651635575058,lifeattiktok,20251111225036,https://lifeattiktok.com/search/7530864651635575058?utm_source=levels.fyi&spread=5MWH5CQ,2
7530867677587687687,lifeattiktok,20250801081947,https://lifeattiktok.com/search/7530867677587687687,1
7530868912565586184,lifeattiktok,20250801102102,https://lifeattiktok.com/search/7530868912565586184,1
7530870992785525010,lifeattiktok,20250731234636,https://lifeattiktok.com/search/7530870992785525010,1
7530878938978584840,jobs_bytedance,20250801082434,https://jobs.bytedance.com/en/position/7530878938978584840/detail,1
7530885056641501458,lifeattiktok,20250801115923,https://lifeattiktok.com/search/7530885056641501458,1
7530885289750677778,lifeattiktok,20250731203806,https://lifeattiktok.com/search/7530885289750677778,1
7530886488156227847,lifeattiktok,20250731223510,https://lifeattiktok.com/search/7530886488156227847,1
7530891009901185298,lifeattiktok,20250731234528,https://lifeattiktok.com/search/7530891009901185298,1
7530892412957231378,jobs_bytedance,20250801022235,https://jobs.bytedance.com/en/position/7530892412957231378/detail,1
7530893325454428423,lifeattiktok,20250801012457,https://lifeattiktok.com/search/7530893325454428423,1
7530895739720288520,lifeattiktok,20250801031505,https://lifeattiktok.com/search/7530895739720288520,1
7530897599810259208,jobs_bytedance,20250801053717,https://jobs.bytedance.com/en/position/7530897599810259208/detail,1
7530897600477808914,lifeattiktok,20260111044218,https://lifeattiktok.com/search/7530897600477808914?_rsc=1m3ql,2
7530898899486984466,jobs_bytedance,20250731204918,https://jobs.bytedance.com/en/position/7530898899486984466/detail,1
7530899288109746450,lifeattiktok,20250908102551,https://lifeattiktok.com/search/7530899288109746450?spread=5MWH5CQ&utm_source=levels.fyi,2
7530902155621845266,jobs_bytedance,20250801161200,https://jobs.bytedance.com/en/position/7530902155621845266/detail,1
7530907400542128402,lifeattiktok,20250731213500,https://lifeattiktok.com/search/7530907400542128402,1
7530908430165772552,jobs_bytedance,20250731205622,https://jobs.bytedance.com/en/position/7530908430165772552/detail,1
7530911055994128647,jobs_bytedance,20250801094755,https://jobs.bytedance.com/en/position/7530911055994128647/detail,1
7530916762100435208,lifeattiktok,20250801154548,https://lifeattiktok.com/search/7530916762100435208,1
7530919342977452295,lifeattiktok,20250801003825,https://lifeattiktok.com/search/7530919342977452295,1
7530920432154741010,jobs_bytedance,20250801004950,https://jobs.bytedance.com/en/position/7530920432154741010/detail,1
7530923612875704594,lifeattiktok,20250801185718,https://lifeattiktok.com/search/7530923612875704594,1
7530923845474584850,lifeattiktok,20250801115609,https://lifeattiktok.com/search/7530923845474584850,1
7530924060991129864,lifeattiktok,20250801110357,https://lifeattiktok.com/search/7530924060991129864,1
7530924255426709768,lifeattiktok,20250801221326,https://lifeattiktok.com/search/7530924255426709768,1
7530924721442162962,lifeattiktok,20250801160039,https://lifeattiktok.com/search/7530924721442162962,1
7530926044292401416,lifeattiktok,20250922141158,https://lifeattiktok.com/search/7530926044292401416?_rsc=1y1fq,3
7530933554366040338,lifeattiktok,20250731233048,https://lifeattiktok.com/search/7530933554366040338,1
7530937799190792455,lifeattiktok,20250801114555,https://lifeattiktok.com/search/7530937799190792455,1
7530937883080263943,jobs_bytedance,20250731231720,https://jobs.bytedance.com/en/position/7530937883080263943/detail,1
7530938809447270674,lifeattiktok,20250801074306,https://lifeattiktok.com/search/7530938809447270674,1
7530939386125551890,jobs_bytedance,20250801134646,https://jobs.bytedance.com/en/position/7530939386125551890/detail,1
7530940847085406472,lifeattiktok,20250801171452,https://lifeattiktok.com/search/7530940847085406472,1
7530942692562520328,lifeattiktok,20250801045158,https://lifeattiktok.com/search/7530942692562520328,1
7530947798385527047,jobs_bytedance,20250801034116,https://jobs.bytedance.com/en/position/7530947798385527047/detail,1
7530949546168879378,jobs_bytedance,20250801183208,https://jobs.bytedance.com/en/position/7530949546168879378/detail,1
7530950345036564744,lifeattiktok,20250801051838,https://lifeattiktok.com/search/7530950345036564744,1
7530952054316910866,jobs_bytedance,20250801050151,https://jobs.bytedance.com/en/position/7530952054316910866/detail,1
7530953795803941127,jobs_bytedance,20250731233341,https://jobs.bytedance.com/en/position/7530953795803941127/detail,1
7530955214620346642,lifeattiktok,20250801085524,https://lifeattiktok.com/search/7530955214620346642,1
7530956078936148242,lifeattiktok,20250801050826,https://lifeattiktok.com/search/7530956078936148242,1
7530956400816720136,lifeattiktok,20250801083813,https://lifeattiktok.com/search/7530956400816720136,1
7530957295765850386,lifeattiktok,20250801080238,https://lifeattiktok.com/search/7530957295765850386,1
7530957296097134855,lifeattiktok,20250731235334,https://lifeattiktok.com/search/7530957296097134855,1
7530979903942265095,jobs_bytedance,20250801004052,https://jobs.bytedance.com/en/position/7530979903942265095/detail,1
7530979904054790407,lifeattiktok,20260515014852,https://lifeattiktok.com/search/7530979904054790407?spread=XKM9ZXE,2
7530979904155683079,lifeattiktok,20250801152316,https://lifeattiktok.com/search/7530979904155683079,1
7530983679197513991,jobs_bytedance,20250801004126,https://jobs.bytedance.com/en/position/7530983679197513991/detail,1
7530992287947278610,jobs_bytedance,20250801174153,https://jobs.bytedance.com/en/position/7530992287947278610/detail,1
7530994605405604104,lifeattiktok,20251003171634,https://lifeattiktok.com/search/7530994605405604104?spread=5MWH5CQ%5Cu0026ref%3Dlevels.fyi%5Cu0026src%3Dlevels.fyi%5Cu0026utm_source%3Dlevels.fyi,2
7531002656581716242,lifeattiktok,20251016004638,https://lifeattiktok.com/search/7531002656581716242,1
7531008051147507976,lifeattiktok,20260422030010,https://lifeattiktok.com/search/7531008051147507976?_rsc=1m3ql,2
7531034549237713170,lifeattiktok,20250801014247,https://lifeattiktok.com/search/7531034549237713170,1
7531102192955230472,lifeattiktok,20250801135418,https://lifeattiktok.com/search/7531102192955230472,1
7531106131181127954,lifeattiktok,20250801080658,https://lifeattiktok.com/search/7531106131181127954,1
7531119098610616594,lifeattiktok,20250801062259,https://lifeattiktok.com/search/7531119098610616594,1
7531125528737646866,lifeattiktok,20250814023451,https://lifeattiktok.com/search/7531125528737646866,2
7531144814789183762,jobs_bytedance,20250801083214,https://jobs.bytedance.com/en/position/7531144814789183762/detail,1
7531158600791705874,lifeattiktok,20250801065335,https://lifeattiktok.com/search/7531158600791705874,1
7531158608336242962,lifeattiktok,20251125145417,https://lifeattiktok.com/search/7531158608336242962,2
7531161909594507528,lifeattiktok,20250817035417,https://lifeattiktok.com/search/7531161909594507528,1
7531161909615593735,lifeattiktok,20250817035432,https://lifeattiktok.com/search/7531161909615593735,1
7531164305472358663,lifeattiktok,20250817035452,https://lifeattiktok.com/search/7531164305472358663,1
7531164307980749063,lifeattiktok,20250801055054,https://lifeattiktok.com/search/7531164307980749063,1
7531175534148045063,lifeattiktok,20250817035443,https://lifeattiktok.com/search/7531175534148045063,1
7531233542526437640,jobs_bytedance,20250801000246,https://jobs.bytedance.com/en/position/7531233542526437640/detail,1
7531618789852580114,jobs_bytedance,20250801014149,https://jobs.bytedance.com/en/position/7531618789852580114/detail,1
7531673648638232839,lifeattiktok,20250801092125,https://lifeattiktok.com/search/7531673648638232839,1
7531673648911370514,lifeattiktok,20250731221721,https://lifeattiktok.com/search/7531673648911370514,1
7531673940323420434,lifeattiktok,20250801094314,https://lifeattiktok.com/search/7531673940323420434,1
7531673940324190482,lifeattiktok,20250801034543,https://lifeattiktok.com/search/7531673940324190482,1
7531675350661646610,lifeattiktok,20250813112127,https://lifeattiktok.com/search/7531675350661646610?_rsc=ptnuc,2
7531678120946239751,lifeattiktok,20250801053915,https://lifeattiktok.com/search/7531678120946239751,1
7531678122157623560,lifeattiktok,20250801020316,https://lifeattiktok.com/search/7531678122157623560,1
7531679443716589831,lifeattiktok,20250801083453,https://lifeattiktok.com/search/7531679443716589831,1
7531683890512562440,lifeattiktok,20250815034426,https://lifeattiktok.com/search/7531683890512562440?_rsc=16c6u,2
7531687680808913160,lifeattiktok,20250801091906,https://lifeattiktok.com/search/7531687680808913160,1
7531689400276535559,lifeattiktok,20250801124820,https://lifeattiktok.com/search/7531689400276535559,1
7531690102730803463,lifeattiktok,20250801154421,https://lifeattiktok.com/search/7531690102730803463,1
7531694520855021831,lifeattiktok,20250801203826,https://lifeattiktok.com/search/7531694520855021831,1
7531701262510344456,lifeattiktok,20250801055446,https://lifeattiktok.com/search/7531701262510344456,1
7531709006790052114,lifeattiktok,20250801040042,https://lifeattiktok.com/search/7531709006790052114,1
7531714599947815175,lifeattiktok,20250801141326,https://lifeattiktok.com/search/7531714599947815175,1
7531716084228278536,lifeattiktok,20251020171226,https://lifeattiktok.com/search/7531716084228278536?_rsc=1m3ql,4
7531722631180142866,lifeattiktok,20250801035903,https://lifeattiktok.com/search/7531722631180142866,1
7531722631180585234,lifeattiktok,20250801095915,https://lifeattiktok.com/search/7531722631180585234,1
7531725997906184466,lifeattiktok,20260619180322,https://lifeattiktok.com/search/7531725997906184466?_rsc=1m3ql,3
7531726920771717384,lifeattiktok,20250801075027,https://lifeattiktok.com/search/7531726920771717384,1
7531728877581191442,lifeattiktok,20250801070500,https://lifeattiktok.com/search/7531728877581191442,1
7531730450876860680,lifeattiktok,20251018083507,https://lifeattiktok.com/search/7531730450876860680?spread=5MWH5CQ&utm_source=levels.fyi,2
7531731301621106952,lifeattiktok,20250801142503,https://lifeattiktok.com/search/7531731301621106952,1
7531731322260769031,lifeattiktok,20250801042557,https://lifeattiktok.com/search/7531731322260769031,1
7531731901447735559,lifeattiktok,20250731205900,https://lifeattiktok.com/search/7531731901447735559,1
7531731901448947975,lifeattiktok,20251003171634,https://lifeattiktok.com/search/7531731901448947975?spread=5MWH5CQ%5Cu0026ref%3Dlevels.fyi%5Cu0026src%3Dlevels.fyi%5Cu0026utm_source%3Dlevels.fyi,2
7531731901713074439,lifeattiktok,20250801114346,https://lifeattiktok.com/search/7531731901713074439,1
7531731902501177607,lifeattiktok,20250801211756,https://lifeattiktok.com/search/7531731902501177607,1
7531736308369312007,lifeattiktok,20250801165427,https://lifeattiktok.com/search/7531736308369312007,1
7531736710506678546,lifeattiktok,20250801095801,https://lifeattiktok.com/search/7531736710506678546,1
7531736712172308754,lifeattiktok,20250801211246,https://lifeattiktok.com/search/7531736712172308754,1
7531736712244201735,lifeattiktok,20250731232923,https://lifeattiktok.com/search/7531736712244201735,1
7531736718752827655,lifeattiktok,20250801204338,https://lifeattiktok.com/search/7531736718752827655,1
7531736718753646855,lifeattiktok,20250801200532,https://lifeattiktok.com/search/7531736718753646855,1
7531737953237305618,lifeattiktok,20250801131503,https://lifeattiktok.com/search/7531737953237305618,1
7531740438266317063,lifeattiktok,20250731225240,https://lifeattiktok.com/search/7531740438266317063,1
7531742281800927496,lifeattiktok,20250801111408,https://lifeattiktok.com/search/7531742281800927496,1
7531743690163980552,lifeattiktok,20250801090652,https://lifeattiktok.com/search/7531743690163980552,1
7531744596456573192,lifeattiktok,20250801050737,https://lifeattiktok.com/search/7531744596456573192,1
7531745852018706706,lifeattiktok,20250801053157,https://lifeattiktok.com/search/7531745852018706706,1
7531941984614795527,lifeattiktok,20250801115709,https://lifeattiktok.com/search/7531941984614795527,1
7531951730708285714,lifeattiktok,20250801025359,https://lifeattiktok.com/search/7531951730708285714,1
7531957077511588103,lifeattiktok,20250815091544,https://lifeattiktok.com/search/7531957077511588103,2
7531966943134730514,jobs_bytedance,20250801145129,https://jobs.bytedance.com/en/position/7531966943134730514/detail,1
7531974200334453010,jobs_bytedance,20250731233916,https://jobs.bytedance.com/en/position/7531974200334453010/detail,1
7531975926205352210,lifeattiktok,20250801202420,https://lifeattiktok.com/search/7531975926205352210,1
7531977237572192519,jobs_bytedance,20250801080653,https://jobs.bytedance.com/en/position/7531977237572192519/detail,1
7531978749144647943,jobs_bytedance,20250731203051,https://jobs.bytedance.com/en/position/7531978749144647943/detail,1
7531979092709214471,jobs_bytedance,20250801114607,https://jobs.bytedance.com/en/position/7531979092709214471/detail,1
7531983487470110984,lifeattiktok,20250801043429,https://lifeattiktok.com/search/7531983487470110984,1
7531991763930827016,lifeattiktok,20250731231916,https://lifeattiktok.com/search/7531991763930827016,1
7531999126562130194,lifeattiktok,20250908022148,https://lifeattiktok.com/search/7531999126562130194,1
7532002369376520466,lifeattiktok,20250731232329,https://lifeattiktok.com/search/7532002369376520466,1
7532003755413702919,lifeattiktok,20250801062232,https://lifeattiktok.com/search/7532003755413702919,1
7532004520819034376,lifeattiktok,20250801145547,https://lifeattiktok.com/search/7532004520819034376,1
7532006305218447623,lifeattiktok,20250801071936,https://lifeattiktok.com/search/7532006305218447623,1
7532009088536889607,lifeattiktok,20251004063252,https://lifeattiktok.com/search/7532009088536889607,1
7532009150009755911,lifeattiktok,20250801211155,https://lifeattiktok.com/search/7532009150009755911,1
7532009495959521554,lifeattiktok,20250801014934,https://lifeattiktok.com/search/7532009495959521554,1
7532011065635588370,lifeattiktok,20250801154812,https://lifeattiktok.com/search/7532011065635588370,1
7532013244916435207,lifeattiktok,20251003171634,https://lifeattiktok.com/search/7532013244916435207?spread=5MWH5CQ%5Cu0026ref%3Dlevels.fyi%5Cu0026src%3Dlevels.fyi%5Cu0026utm_source%3Dlevels.fyi,3
7532018362201786632,lifeattiktok,20250801103531,https://lifeattiktok.com/search/7532018362201786632,1
7532020817963600135,lifeattiktok,20250801084347,https://lifeattiktok.com/search/7532020817963600135,1
7532021448631601416,lifeattiktok,20250801090756,https://lifeattiktok.com/search/7532021448631601416,1
7532021573718018312,lifeattiktok,20251011183053,https://lifeattiktok.com/search/7532021573718018312,1
7532027352008837394,lifeattiktok,20251003171637,https://lifeattiktok.com/search/7532027352008837394?spread=5MWH5CQ&utm_source=levels.fyi,3
7532030112306202888,lifeattiktok,20250731212240,https://lifeattiktok.com/search/7532030112306202888,1
7532032206370654472,jobs_bytedance,20250801091726,https://jobs.bytedance.com/en/position/7532032206370654472/detail,1
7532033090181515527,jobs_bytedance,20250801111435,https://jobs.bytedance.com/en/position/7532033090181515527/detail,1
7532041143002843399,lifeattiktok,20250801035839,https://lifeattiktok.com/search/7532041143002843399,1
7532053029811390728,jobs_bytedance,20250801044030,https://jobs.bytedance.com/en/position/7532053029811390728/detail,1
7532061018778159368,jobs_bytedance,20250801113503,https://jobs.bytedance.com/en/position/7532061018778159368/detail,1
7532068915875973383,lifeattiktok,20250801212945,https://lifeattiktok.com/search/7532068915875973383,1
7532069091214362888,lifeattiktok,20250801005657,https://lifeattiktok.com/search/7532069091214362888,1
7532069808561981714,lifeattiktok,20250801195121,https://lifeattiktok.com/search/7532069808561981714,1
7532069808562374930,lifeattiktok,20250801210725,https://lifeattiktok.com/search/7532069808562374930,1
7532070152650197266,lifeattiktok,20250801085720,https://lifeattiktok.com/search/7532070152650197266,1
7532071220980959495,lifeattiktok,20250815034425,https://lifeattiktok.com/search/7532071220980959495?_rsc=16c6u,3
7532072880160147730,lifeattiktok,20250801062824,https://lifeattiktok.com/search/7532072880160147730,1
7532073373783853320,lifeattiktok,20250801210737,https://lifeattiktok.com/search/7532073373783853320,1
7532111716513368327,lifeattiktok,20250813112325,https://lifeattiktok.com/search/7532111716513368327?_rsc=19g5c,2
7532120261425006856,lifeattiktok,20250801154426,https://lifeattiktok.com/search/7532120261425006856,1
7532121024382781704,lifeattiktok,20250801020315,https://lifeattiktok.com/search/7532121024382781704,1
7532121986488994055,lifeattiktok,20250813112126,https://lifeattiktok.com/search/7532121986488994055?_rsc=ptnuc,2
7532122183015975186,lifeattiktok,20250801141210,https://lifeattiktok.com/search/7532122183015975186,1
7532122183729219858,lifeattiktok,20250801045746,https://lifeattiktok.com/search/7532122183729219858,1
7532122879539251474,lifeattiktok,20250801075019,https://lifeattiktok.com/search/7532122879539251474,1
7532123012494051592,lifeattiktok,20250801122929,https://lifeattiktok.com/search/7532123012494051592,1
7532182374135040263,lifeattiktok,20250801214952,https://lifeattiktok.com/search/7532182374135040263,1
7532183663443839250,lifeattiktok,20250908102551,https://lifeattiktok.com/search/7532183663443839250?utm_source=levels.fyi&spread=5MWH5CQ,2
7532184150112635144,lifeattiktok,20250814001928,https://lifeattiktok.com/search/7532184150112635144,3
7532187133094054162,lifeattiktok,20250908164646,https://lifeattiktok.com/search/7532187133094054162,1
7532194295143532807,lifeattiktok,20250801003121,https://lifeattiktok.com/search/7532194295143532807,1
7532194296440965383,lifeattiktok,20250907130318,https://lifeattiktok.com/search/7532194296440965383,1
7532202165545388295,jobs_bytedance,20250801033013,https://jobs.bytedance.com/en/position/7532202165545388295/detail,1
7532216894792222994,lifeattiktok,20260710181115,https://lifeattiktok.com/search/7532216894792222994?spread=5MWH5CQ,3
7532228795757037842,lifeattiktok,20250801052412,https://lifeattiktok.com/search/7532228795757037842,1
7532235099938441490,lifeattiktok,20250801083817,https://lifeattiktok.com/search/7532235099938441490,1
7532237822393436434,lifeattiktok,20250801102415,https://lifeattiktok.com/search/7532237822393436434,1
7532238337198622983,lifeattiktok,20250908121035,https://lifeattiktok.com/search/7532238337198622983,1
7532238677780138247,lifeattiktok,20250801214450,https://lifeattiktok.com/search/7532238677780138247,1
7532240517976721671,lifeattiktok,20251017080250,https://lifeattiktok.com/search/7532240517976721671,2
7532247736243865864,lifeattiktok,20260105014504,https://lifeattiktok.com/search/7532247736243865864?spread=5MWH5CQ,5
7532254890627696903,lifeattiktok,20260114211751,https://lifeattiktok.com/search/7532254890627696903?utm_source=newsletter.interninsider.me&utm_medium=referral&utm_campaign=100-summer-2026-internships-released-this-week,2
7532267134924867847,lifeattiktok,20260208195940,https://lifeattiktok.com/search/7532267134924867847,3
7532272949161593096,lifeattiktok,20260225210737,https://lifeattiktok.com/search/7532272949161593096?_rsc=1m3ql,2
7532279656999127314,lifeattiktok,20260902100325,https://lifeattiktok.com/search/7532279656999127314?utm_source=Simplify,2
7532281787985840392,lifeattiktok,20260902100321,https://lifeattiktok.com/search/7532281787985840392?utm_source=Simplify,2
7532287836311144711,lifeattiktok,20250910235412,https://lifeattiktok.com/search/7532287836311144711?spread=5MWH5CQ,3
7532305400672127239,lifeattiktok,20260129194228,https://lifeattiktok.com/search/7532305400672127239,1
7532309511244728584,lifeattiktok,20250814021101,https://lifeattiktok.com/search/7532309511244728584,2
7532331624621426951,lifeattiktok,20260619180322,https://lifeattiktok.com/search/7532331624621426951?_rsc=1m3ql,2
7532332633632917767,lifeattiktok,20250801022303,https://lifeattiktok.com/search/7532332633632917767,1
7532335993703549202,lifeattiktok,20250801145430,https://lifeattiktok.com/search/7532335993703549202,1
7532336595883591943,lifeattiktok,20260817160756,https://lifeattiktok.com/search/7532336595883591943,2
7532337827700230407,lifeattiktok,20250801063104,https://lifeattiktok.com/search/7532337827700230407,1
7532340993791002887,lifeattiktok,20250801110642,https://lifeattiktok.com/search/7532340993791002887,1
7532341407769348359,lifeattiktok,20250801133537,https://lifeattiktok.com/search/7532341407769348359,1
7532342282029975815,lifeattiktok,20250801075724,https://lifeattiktok.com/search/7532342282029975815,1
7532345074345642258,lifeattiktok,20250731230116,https://lifeattiktok.com/search/7532345074345642258,1
7532349111480273159,lifeattiktok,20251211192855,https://lifeattiktok.com/search/7532349111480273159?spread=5MWH5CQ&utm_source=Simplify,3
7532351099798882568,lifeattiktok,20251011183049,https://lifeattiktok.com/search/7532351099798882568,1
7532363726756202770,lifeattiktok,20250801041805,https://lifeattiktok.com/search/7532363726756202770,1
7532386808648665352,lifeattiktok,20250907095127,https://lifeattiktok.com/search/7532386808648665352,2
7532387524292364552,lifeattiktok,20250903071833,https://lifeattiktok.com/search/7532387524292364552,2
7532390182411405586,lifeattiktok,20251016010004,https://lifeattiktok.com/search/7532390182411405586,1
7532398040058513671,lifeattiktok,20250731233009,https://lifeattiktok.com/search/7532398040058513671,1
7532398199429613842,lifeattiktok,20260121220325,https://lifeattiktok.com/search/7532398199429613842?_rsc=1m3ql,2
7532399896344463624,lifeattiktok,20251114064822,https://lifeattiktok.com/search/7532399896344463624?spread=5MWH5CQ,2
7532403966370760968,lifeattiktok,20260619180330,https://lifeattiktok.com/search/7532403966370760968,2
7532406261142538514,lifeattiktok,20250831102010,https://lifeattiktok.com/search/7532406261142538514?utm_source=Simplify,2
7532428753344710930,lifeattiktok,20250801073448,https://lifeattiktok.com/search/7532428753344710930,1
7532433801260517640,lifeattiktok,20250801004845,https://lifeattiktok.com/search/7532433801260517640,1
7532434992555903239,lifeattiktok,20250801220328,https://lifeattiktok.com/search/7532434992555903239,1
7532435181467453704,lifeattiktok,20260217074338,https://lifeattiktok.com/search/7532435181467453704,2
7532436539684702471,lifeattiktok,20260609063317,https://lifeattiktok.com/search/7532436539684702471?utm_source=early-talent.diversifytech.com&utm_medium=referral&utm_campaign=student-edition-issue-223,3
7532444719809628424,lifeattiktok,20250823141851,https://lifeattiktok.com/search/7532444719809628424?utm_source=Simplify,2
7532451878320408840,lifeattiktok,20260315104208,https://lifeattiktok.com/search/7532451878320408840?spread=5MWH5CQ&utm_source=thedeepview&utm_medium=newsletter&utm_campaign=openai-caves-to-ads-it-ll-be-fine,1
7532457296103295239,lifeattiktok,20250817035347,https://lifeattiktok.com/search/7532457296103295239,1
7532460740410738952,lifeattiktok,20250826032149,https://lifeattiktok.com/search/7532460740410738952,2
7532464949135313159,lifeattiktok,20250823031609,https://lifeattiktok.com/search/7532464949135313159,2
7532494912476104978,lifeattiktok,20260202140316,https://lifeattiktok.com/search/7532494912476104978,2
7532496222876616978,lifeattiktok,20251016002425,https://lifeattiktok.com/search/7532496222876616978,1
7532508151880567048,lifeattiktok,20260210164010,https://lifeattiktok.com/search/7532508151880567048?spread=5MWH5CQ,3
7532564024822614280,lifeattiktok,20251011183049,https://lifeattiktok.com/search/7532564024822614280,1
7532582984265812231,lifeattiktok,20250822020738,https://lifeattiktok.com/search/7532582984265812231,2
7532588321273301255,lifeattiktok,20250928084607,https://lifeattiktok.com/search/7532588321273301255,1
7532591857751787783,lifeattiktok,20250821080348,https://lifeattiktok.com/search/7532591857751787783,1
7532604203891247367,lifeattiktok,20250823151141,https://lifeattiktok.com/search/7532604203891247367,2
7532611737456970002,lifeattiktok,20260228190950,https://lifeattiktok.com/search/7532611737456970002,2
7532626300897937682,lifeattiktok,20250817035545,https://lifeattiktok.com/search/7532626300897937682,1
7532626353242786055,lifeattiktok,20250817035602,https://lifeattiktok.com/search/7532626353242786055,1
7532626482364909842,lifeattiktok,20260103171823,https://lifeattiktok.com/search/7532626482364909842?_rsc=1m3ql,3
7532626984539539719,lifeattiktok,20250817035250,https://lifeattiktok.com/search/7532626984539539719,1
7532627066714753288,lifeattiktok,20250817035528,https://lifeattiktok.com/search/7532627066714753288,1
7532627069594224903,lifeattiktok,20250817035542,https://lifeattiktok.com/search/7532627069594224903,1
7532627070011230482,lifeattiktok,20260315110728,https://lifeattiktok.com/search/7532627070011230482?utm_source=early-talent.diversifytech.com&utm_medium=referral&utm_campaign=student-edition-issue-235,2
7532627070011771154,lifeattiktok,20250817035300,https://lifeattiktok.com/search/7532627070011771154,1
7532629934058178824,lifeattiktok,20250817035314,https://lifeattiktok.com/search/7532629934058178824,1
7532629935045232903,lifeattiktok,20250817035505,https://lifeattiktok.com/search/7532629935045232903,1
7532629935644002578,lifeattiktok,20250817035545,https://lifeattiktok.com/search/7532629935644002578,1
7532631803707263240,lifeattiktok,20250817035301,https://lifeattiktok.com/search/7532631803707263240,1
7532631803707738376,lifeattiktok,20250817035314,https://lifeattiktok.com/search/7532631803707738376,2
7532636004482844936,jobs_bytedance,20250813191258,https://jobs.bytedance.com/en/position/7532636004482844936/detail,1
7532637022230939911,jobs_bytedance,20250814072628,https://jobs.bytedance.com/en/position/7532637022230939911/detail,1
7532640666636437767,lifeattiktok,20250908191007,https://lifeattiktok.com/search/7532640666636437767?spread=5MWH5CQ,1
7532666812300855570,lifeattiktok,20250908123921,https://lifeattiktok.com/search/7532666812300855570,1
7532726241255180562,lifeattiktok,20250817035518,https://lifeattiktok.com/search/7532726241255180562,1
7532735339883710728,lifeattiktok,20250822023004,https://lifeattiktok.com/search/7532735339883710728?utm_source=Simplify,2
7532737135130216712,lifeattiktok,20250820191937,https://lifeattiktok.com/search/7532737135130216712?utm_source=Simplify,2
7532747012510386440,lifeattiktok,20250817035558,https://lifeattiktok.com/search/7532747012510386440,1
7532747264248301842,lifeattiktok,20250817035444,https://lifeattiktok.com/search/7532747264248301842,1
7532747359991859463,lifeattiktok,20250827095735,https://lifeattiktok.com/search/7532747359991859463,2
7532748736225904903,lifeattiktok,20250829193053,https://lifeattiktok.com/search/7532748736225904903?utm_source=Simplify,2
7532750976021973256,lifeattiktok,20250826030220,https://lifeattiktok.com/search/7532750976021973256,2
7532751373918652679,lifeattiktok,20250817035443,https://lifeattiktok.com/search/7532751373918652679,1
7532752999941949703,lifeattiktok,20250822114757,https://lifeattiktok.com/search/7532752999941949703,2
7532756507083950354,lifeattiktok,20250823155426,https://lifeattiktok.com/search/7532756507083950354?utm_source=Simplify,2
7532756766799644946,lifeattiktok,20250820123701,https://lifeattiktok.com/search/7532756766799644946?utm_source=Simplify,2
7532758054421530887,lifeattiktok,20250821072944,https://lifeattiktok.com/search/7532758054421530887?utm_source=Simplify,3
7532759383232858376,lifeattiktok,20250821230922,https://lifeattiktok.com/search/7532759383232858376,2
7532812450681489682,lifeattiktok,20260902100326,https://lifeattiktok.com/search/7532812450681489682?utm_source=Simplify,2
7532812459514562824,lifeattiktok,20251003171637,https://lifeattiktok.com/search/7532812459514562824?spread=5MWH5CQ&utm_source=levels.fyi,2
7532814138180241682,lifeattiktok,20260506185317,https://lifeattiktok.com/search/7532814138180241682?_rsc=1m3ql,1
7532815853353863432,lifeattiktok,20260902100322,https://lifeattiktok.com/search/7532815853353863432?utm_source=Simplify,3
7532821738473064711,lifeattiktok,20250813132817,https://lifeattiktok.com/search/7532821738473064711,2
7532830217401338119,lifeattiktok,20260515020750,https://lifeattiktok.com/search/7532830217401338119?spread=5MWH5CQ,3
7532864203293247752,lifeattiktok,20250909234823,https://lifeattiktok.com/search/7532864203293247752,2
7532868033884702994,lifeattiktok,20250906174233,https://lifeattiktok.com/search/7532868033884702994,2
7532876733516040455,lifeattiktok,20250831110301,https://lifeattiktok.com/search/7532876733516040455?utm_source=Simplify,2
7532876734105848072,lifeattiktok,20250814054212,https://lifeattiktok.com/search/7532876734105848072,1
7532914913515292946,lifeattiktok,20260114192939,https://lifeattiktok.com/search/7532914913515292946,1
7532963302877563143,lifeattiktok,20250920062140,https://lifeattiktok.com/search/7532963302877563143,1
7532999154101487890,lifeattiktok,20251015234127,https://lifeattiktok.com/search/7532999154101487890,1
7533003732948617480,lifeattiktok,20260506184926,https://lifeattiktok.com/search/7533003732948617480?spread=5MWH5CQ,4
7533010433386809607,lifeattiktok,20250904074457,https://lifeattiktok.com/search/7533010433386809607,2
7533019095227648263,lifeattiktok,20250821164902,https://lifeattiktok.com/search/7533019095227648263,2
7533020328604649746,lifeattiktok,20250916044950,https://lifeattiktok.com/search/7533020328604649746,2
7533023896800495890,lifeattiktok,20250831020040,https://lifeattiktok.com/search/7533023896800495890,2
7533023909790501138,lifeattiktok,20251016001652,https://lifeattiktok.com/search/7533023909790501138,2
7533029768360724744,lifeattiktok,20251016010209,https://lifeattiktok.com/search/7533029768360724744,1
7533029779479791890,lifeattiktok,20250926032518,https://lifeattiktok.com/search/7533029779479791890?spread=XKM9ZXE,3
7533031179462101255,lifeattiktok,20250814094516,https://lifeattiktok.com/search/7533031179462101255,1
7533035030336538887,lifeattiktok,20250820162313,https://lifeattiktok.com/search/7533035030336538887,3
7533074079042095368,lifeattiktok,20260902100326,https://lifeattiktok.com/search/7533074079042095368?utm_source=Simplify,1
7533074646040889608,lifeattiktok,20260902100321,https://lifeattiktok.com/search/7533074646040889608?utm_source=Simplify,1
7533083363810330887,lifeattiktok,20260226165833,https://lifeattiktok.com/search/7533083363810330887?_rsc=1m3ql,1
7533086912362596626,lifeattiktok,20250814025129,https://lifeattiktok.com/search/7533086912362596626,2
7533094529978976520,lifeattiktok,20260114204924,https://lifeattiktok.com/search/7533094529978976520?utm_source=newsletter.interninsider.me&utm_medium=referral&utm_campaign=just-dropped-50-internships-openai-nvidia-hackathon,4
7533095458232584466,lifeattiktok,20250823232917,https://lifeattiktok.com/search/7533095458232584466?utm_source=Simplify,2
7533096848266709266,lifeattiktok,20250819191306,https://lifeattiktok.com/search/7533096848266709266?_rsc=1e325,3
7533096917765802258,lifeattiktok,20250819173508,https://lifeattiktok.com/search/7533096917765802258?utm_source=Simplify,2
7533103422570203400,lifeattiktok,20250831210833,https://lifeattiktok.com/search/7533103422570203400?utm_source=Simplify,2
7533103422804232455,lifeattiktok,20250824044241,https://lifeattiktok.com/search/7533103422804232455,2
7533103422821828872,lifeattiktok,20260902100318,https://lifeattiktok.com/search/7533103422821828872?utm_source=Simplify,2
7533103822098532626,lifeattiktok,20260609060708,https://lifeattiktok.com/search/7533103822098532626,1
7533106620768012562,lifeattiktok,20250817035535,https://lifeattiktok.com/search/7533106620768012562,1
7533106667609917703,lifeattiktok,20250820001129,https://lifeattiktok.com/search/7533106667609917703?utm_source=Simplify,2
7533107403265624338,lifeattiktok,20250821090646,https://lifeattiktok.com/search/7533107403265624338?utm_source=Simplify,2
7533113811977554183,lifeattiktok,20250826012846,https://lifeattiktok.com/search/7533113811977554183,2
7533114979626109191,lifeattiktok,20250820170302,https://lifeattiktok.com/search/7533114979626109191,2
7533117357264111890,lifeattiktok,20251117010247,https://lifeattiktok.com/search/7533117357264111890?spread=5MWH5CQ,3
7533124077981370631,lifeattiktok,20250825195156,https://lifeattiktok.com/search/7533124077981370631?utm_source=Simplify,2
7533124079211399432,lifeattiktok,20260306000817,https://lifeattiktok.com/search/7533124079211399432,2
7533125274016221448,lifeattiktok,20250820095629,https://lifeattiktok.com/search/7533125274016221448,3
7533130219693115655,lifeattiktok,20251022025308,https://lifeattiktok.com/search/7533130219693115655?spread=5MWH5CQ,4
7533130221324994823,lifeattiktok,20250820140634,https://lifeattiktok.com/search/7533130221324994823,2
7533130855972702472,lifeattiktok,20250823031556,https://lifeattiktok.com/search/7533130855972702472?utm_source=Simplify,3
7533132837038819591,lifeattiktok,20250829193226,https://lifeattiktok.com/search/7533132837038819591,2
7533134867878922504,lifeattiktok,20250823193916,https://lifeattiktok.com/search/7533134867878922504?utm_source=Simplify,2
7533135081482324231,lifeattiktok,20250904132653,https://lifeattiktok.com/search/7533135081482324231?utm_source=Simplify,2
7533136806755617031,lifeattiktok,20250825042126,https://lifeattiktok.com/search/7533136806755617031?utm_source=Simplify,2
7533137637281384712,lifeattiktok,20250825174050,https://lifeattiktok.com/search/7533137637281384712,2
7533137639197853960,lifeattiktok,20250829174513,https://lifeattiktok.com/search/7533137639197853960?utm_source=Simplify,2
7533137928836778247,lifeattiktok,20251230085453,https://lifeattiktok.com/search/7533137928836778247?spread=5MWH5CQ,3
7533145457216899336,lifeattiktok,20250813124646,https://lifeattiktok.com/search/7533145457216899336,2
7533145462880127240,lifeattiktok,20260120001131,https://lifeattiktok.com/search/7533145462880127240?spread=5MWH5CQ,1
7533154379143973128,lifeattiktok,20250910061904,https://lifeattiktok.com/search/7533154379143973128,2
7533183490184923400,lifeattiktok,20260114211930,https://lifeattiktok.com/search/7533183490184923400,1
7533196615177324818,lifeattiktok,20250815034425,https://lifeattiktok.com/search/7533196615177324818?_rsc=16c6u,4
7533243315292031250,lifeattiktok,20250809030336,https://lifeattiktok.com/search/7533243315292031250,1
7533248755841485063,lifeattiktok,20260902100319,https://lifeattiktok.com/search/7533248755841485063?utm_source=Simplify,1
7533251224087464199,lifeattiktok,20250830065129,https://lifeattiktok.com/search/7533251224087464199?utm_source=Simplify,2
7533256188446148872,lifeattiktok,20260315105611,https://lifeattiktok.com/search/7533256188446148872,2
7533256628356991240,lifeattiktok,20250908050057,https://lifeattiktok.com/search/7533256628356991240,2
7533277622298953991,lifeattiktok,20250830111125,https://lifeattiktok.com/search/7533277622298953991?utm_source=Simplify,2
7533277623380740370,lifeattiktok,20250903114347,https://lifeattiktok.com/search/7533277623380740370,2
7533278507406182674,lifeattiktok,20250817035453,https://lifeattiktok.com/search/7533278507406182674,1
7533278507767761170,lifeattiktok,20250822103715,https://lifeattiktok.com/search/7533278507767761170,2
7533292447687493896,lifeattiktok,20260515023149,https://lifeattiktok.com/search/7533292447687493896?spread=5MWH5CQ&utm_source=selectfrom.work,1
7533292448483920136,lifeattiktok,20260515022220,https://lifeattiktok.com/search/7533292448483920136?spread=5MWH5CQ&utm_source=selectfrom.work,1
7533295344253143314,lifeattiktok,20250820205629,https://lifeattiktok.com/search/7533295344253143314?utm_source=Simplify,2
7533295761208559890,lifeattiktok,20251021145006,https://lifeattiktok.com/search/7533295761208559890?spread=5MWH5CQ,3
7533297873255385352,lifeattiktok,20250908082253,https://lifeattiktok.com/search/7533297873255385352,2
7533302395993426183,lifeattiktok,20250819234240,https://lifeattiktok.com/search/7533302395993426183?utm_source=Simplify,2
7533326705823779090,lifeattiktok,20250830143828,https://lifeattiktok.com/search/7533326705823779090?utm_source=Simplify,3
7533351749085989128,lifeattiktok,20250814025134,https://lifeattiktok.com/search/7533351749085989128,2
7533371534829095175,lifeattiktok,20260225210659,https://lifeattiktok.com/search/7533371534829095175?_rsc=1m3ql,1
7533377192370194706,lifeattiktok,20251111225036,https://lifeattiktok.com/search/7533377192370194706?utm_source=levels.fyi&spread=5MWH5CQ,1
7533377193083177234,lifeattiktok,20260103171824,https://lifeattiktok.com/search/7533377193083177234?_rsc=1m3ql,1
7533379024174237970,lifeattiktok,20250920111247,https://lifeattiktok.com/search/7533379024174237970?utm_source=levels.fyi&spread=5MWH5CQ,1
7533387057666754834,lifeattiktok,20260225210659,https://lifeattiktok.com/search/7533387057666754834?_rsc=1m3ql,3
7533387057667934482,lifeattiktok,20250823120315,https://lifeattiktok.com/search/7533387057667934482,2
7533388869200333074,lifeattiktok,20251003171637,https://lifeattiktok.com/search/7533388869200333074?spread=5MWH5CQ&utm_source=levels.fyi,5
7533404377287280903,lifeattiktok,20250828064803,https://lifeattiktok.com/search/7533404377287280903,2
7533404385150470408,lifeattiktok,20250822183651,https://lifeattiktok.com/search/7533404385150470408,2
7533416449727432968,lifeattiktok,20251024013325,https://lifeattiktok.com/search/7533416449727432968?spread=5MWH5CQ,1
7533433249885128967,lifeattiktok,20250820061749,https://lifeattiktok.com/search/7533433249885128967,3
7533447277043206408,lifeattiktok,20250821004436,https://lifeattiktok.com/search/7533447277043206408?utm_source=Simplify,2
7533452888360061202,lifeattiktok,20250903080400,https://lifeattiktok.com/search/7533452888360061202,2
7533460936096631047,lifeattiktok,20250820184201,https://lifeattiktok.com/search/7533460936096631047?utm_source=Simplify,3
7533471551095933192,lifeattiktok,20250826125111,https://lifeattiktok.com/search/7533471551095933192,2
7533474834463508743,lifeattiktok,20250817035445,https://lifeattiktok.com/search/7533474834463508743,1
7533480928821610759,lifeattiktok,20250813121857,https://lifeattiktok.com/search/7533480928821610759,2
7533482613907081480,lifeattiktok,20250821091602,https://lifeattiktok.com/search/7533482613907081480,2
7533484041950546194,lifeattiktok,20250907170039,https://lifeattiktok.com/search/7533484041950546194,1
7533507946605873416,lifeattiktok,20250924120622,https://lifeattiktok.com/search/7533507946605873416?spread=5MWH5CQ,4
7533509326340049159,lifeattiktok,20250823032900,https://lifeattiktok.com/search/7533509326340049159?utm_source=levels.fyi&spread=5MWH5CQ,1
7533509940511312136,lifeattiktok,20251023195855,https://lifeattiktok.com/search/7533509940511312136,2
7533511155060279559,lifeattiktok,20251117005847,https://lifeattiktok.com/search/7533511155060279559?spread=5MWH5CQ&utm_source=Trust+and+Safety+Jobs,1
7533517945307089159,lifeattiktok,20250817035449,https://lifeattiktok.com/search/7533517945307089159,1
7533543586774173970,lifeattiktok,20250908074155,https://lifeattiktok.com/search/7533543586774173970,2
7533593992182532370,lifeattiktok,20250915140824,https://lifeattiktok.com/search/7533593992182532370,2
7533607359470848264,lifeattiktok,20260515010558,https://lifeattiktok.com/search/7533607359470848264?spread=5MWH5CQ,3
7533607364466526482,lifeattiktok,20260114205702,https://lifeattiktok.com/search/7533607364466526482,1
7533612220728707335,lifeattiktok,20251209103507,https://lifeattiktok.com/search/7533612220728707335,1
7533617198151452936,lifeattiktok,20250907223610,https://lifeattiktok.com/search/7533617198151452936,1
7533618933593540882,lifeattiktok,20250814172844,https://lifeattiktok.com/search/7533618933593540882,1
7533624334928414994,lifeattiktok,20251016001740,https://lifeattiktok.com/search/7533624334928414994,1
7533648837132421384,lifeattiktok,20260114202317,https://lifeattiktok.com/search/7533648837132421384,1
7533653012498303239,lifeattiktok,20251003201326,https://lifeattiktok.com/search/7533653012498303239,1
7533653044933626130,lifeattiktok,20250908022157,https://lifeattiktok.com/search/7533653044933626130,1
7533673691735361799,lifeattiktok,20250821055828,https://lifeattiktok.com/search/7533673691735361799,2
7533676360347207944,lifeattiktok,20250915053102,https://lifeattiktok.com/search/7533676360347207944,2
7533685770852059410,jobs_bytedance,20250814025620,https://jobs.bytedance.com/en/position/7533685770852059410/detail,1
7533712039580993799,lifeattiktok,20260421222534,https://lifeattiktok.com/search/7533712039580993799?spread=5MWH5CQ,1
7533712518582503687,lifeattiktok,20251123103500,https://lifeattiktok.com/search/7533712518582503687?spread=5MWH5CQ&utm_source=Simplify,3
7533719102990190866,lifeattiktok,20250817035453,https://lifeattiktok.com/search/7533719102990190866,1
7533723396988864786,lifeattiktok,20250908170644,https://lifeattiktok.com/search/7533723396988864786,1
7533726054554503442,lifeattiktok,20260114192648,https://lifeattiktok.com/search/7533726054554503442?utm_source=newsletter.interninsider.me&utm_medium=referral&utm_campaign=just-dropped-50-internships-openai-nvidia-hackathon,5
7533728329376811272,lifeattiktok,20250907140116,https://lifeattiktok.com/search/7533728329376811272,1
7533733894363252999,lifeattiktok,20251005001705,https://lifeattiktok.com/search/7533733894363252999,1
7533739605041645832,lifeattiktok,20260902100933,https://lifeattiktok.com/search/7533739605041645832?utm_source=Simplify,4
7533742270916905223,lifeattiktok,20260902100935,https://lifeattiktok.com/search/7533742270916905223?utm_source=Simplify,2
7533745453742000402,lifeattiktok,20260315071927,https://lifeattiktok.com/search/7533745453742000402?spread=5MWH5CQ&utm_source=levels.fyi,3
7533746937851857159,lifeattiktok,20260902100934,https://lifeattiktok.com/search/7533746937851857159?utm_source=Simplify,2
7533748742635456776,lifeattiktok,20251005015410,https://lifeattiktok.com/search/7533748742635456776,1
7533767426492860679,lifeattiktok,20251005065158,https://lifeattiktok.com/search/7533767426492860679,1
7533770205199386887,lifeattiktok,20250827152037,https://lifeattiktok.com/search/7533770205199386887?utm_source=Simplify,2
7533770966762064136,lifeattiktok,20250814160012,https://lifeattiktok.com/search/7533770966762064136,1
7533782486234007816,lifeattiktok,20251011183054,https://lifeattiktok.com/search/7533782486234007816,1
7533783305126365448,lifeattiktok,20250821064123,https://lifeattiktok.com/search/7533783305126365448?utm_source=Simplify,3
7533795446322383111,lifeattiktok,20251024095241,https://lifeattiktok.com/search/7533795446322383111?spread=5MWH5CQ,3
7533903394441873682,lifeattiktok,20260515011755,https://lifeattiktok.com/search/7533903394441873682?spread=5MWH5CQ,5
7533907343470840072,lifeattiktok,20251011183237,https://lifeattiktok.com/search/7533907343470840072?utm_source=Simplify,2
7533923467012344071,lifeattiktok,20250816125631,https://lifeattiktok.com/search/7533923467012344071,2
7533924293513464071,lifeattiktok,20250821104038,https://lifeattiktok.com/search/7533924293513464071?utm_source=Simplify,2
7533924309006960903,lifeattiktok,20251030102151,https://lifeattiktok.com/search/7533924309006960903?spread=128SD3R,1
7533925369424316680,lifeattiktok,20251016004910,https://lifeattiktok.com/search/7533925369424316680,1
7533926061685016839,lifeattiktok,20260114192122,https://lifeattiktok.com/search/7533926061685016839,1
7533930515775113479,lifeattiktok,20251016005923,https://lifeattiktok.com/search/7533930515775113479,1
7534226100340590855,lifeattiktok,20260515021207,https://lifeattiktok.com/search/7534226100340590855,1
7534237016561813768,lifeattiktok,20250815113201,https://lifeattiktok.com/search/7534237016561813768,2
7534535543939778823,lifeattiktok,20260114192535,https://lifeattiktok.com/search/7534535543939778823,1
7534536157456058632,lifeattiktok,20250821151932,https://lifeattiktok.com/search/7534536157456058632?utm_source=Simplify,2
7534626087721240839,lifeattiktok,20250824051503,https://lifeattiktok.com/search/7534626087721240839,2
7534626306991016199,lifeattiktok,20250820134026,https://lifeattiktok.com/search/7534626306991016199?utm_source=Simplify,3
7534626464240994568,lifeattiktok,20250821011637,https://lifeattiktok.com/search/7534626464240994568,2
7534641634584185095,lifeattiktok,20251124041323,https://lifeattiktok.com/search/7534641634584185095?utm_source=Simplify&spread=5MWH5CQ,2
7534641735767738631,lifeattiktok,20250814145421,https://lifeattiktok.com/search/7534641735767738631,1
7534677906761779464,lifeattiktok,20251016002044,https://lifeattiktok.com/search/7534677906761779464,1
7534717939942377735,lifeattiktok,20250822100402,https://lifeattiktok.com/search/7534717939942377735,2
7534724698866059538,lifeattiktok,20260515014442,https://lifeattiktok.com/search/7534724698866059538,1
7534728189815752978,lifeattiktok,20250820091431,https://lifeattiktok.com/search/7534728189815752978,3
7534753139578325256,lifeattiktok,20250902053800,https://lifeattiktok.com/search/7534753139578325256,3
7534761681911908615,lifeattiktok,20251023050214,https://lifeattiktok.com/search/7534761681911908615?spread=5MWH5CQ,1
7534767099475478802,lifeattiktok,20251004110300,https://lifeattiktok.com/search/7534767099475478802,1
7534793633532479751,lifeattiktok,20260112225529,https://lifeattiktok.com/search/7534793633532479751?spread=5MWH5CQ,3
7534794210978187527,lifeattiktok,20260319172508,https://lifeattiktok.com/search/7534794210978187527?spread=5MWH5CQ,2
7534797131279976722,lifeattiktok,20260114203709,https://lifeattiktok.com/search/7534797131279976722,1
7534800139048175880,lifeattiktok,20250821002036,https://lifeattiktok.com/search/7534800139048175880,2
7534801099577215250,lifeattiktok,20250811170515,https://lifeattiktok.com/search/7534801099577215250,1
7534803858175576327,lifeattiktok,20260515022432,https://lifeattiktok.com/search/7534803858175576327?spread=5MWH5CQ&utm_source=selectfrom.work,3
7534816689659218184,lifeattiktok,20250814084907,https://lifeattiktok.com/search/7534816689659218184,1
7534817408415861000,lifeattiktok,20260515012420,https://lifeattiktok.com/search/7534817408415861000?spread=5MWH5CQ&utm_source=selectfrom.work,4
7534818364393654535,lifeattiktok,20260114191115,https://lifeattiktok.com/search/7534818364393654535?utm_source=newsletter.interninsider.me&utm_medium=referral&utm_campaign=100-summer-2026-internships-released-this-week,6
7534832642707097874,lifeattiktok,20250822063503,https://lifeattiktok.com/search/7534832642707097874,1
7534851658053830930,lifeattiktok,20250822063037,https://lifeattiktok.com/search/7534851658053830930,2
7534852684386617618,lifeattiktok,20260515023519,https://lifeattiktok.com/search/7534852684386617618?spread=5MWH5CQ,3
7534855949620119815,lifeattiktok,20260421233356,https://lifeattiktok.com/search/7534855949620119815?spread=5MWH5CQ,3
7534876494804388103,lifeattiktok,20260609052349,https://lifeattiktok.com/search/7534876494804388103?utm_source=early-talent.diversifytech.com&utm_medium=referral&utm_campaign=student-edition-issue-223,3
7534878965941766408,lifeattiktok,20251011183054,https://lifeattiktok.com/search/7534878965941766408,1
7534915593318140167,lifeattiktok,20260306122523,https://lifeattiktok.com/search/7534915593318140167?utm_source=levels.fyi&spread=5MWH5CQ,1
7534966101852539144,lifeattiktok,20260902100322,https://lifeattiktok.com/search/7534966101852539144?utm_source=Simplify,1
7534981143928998151,lifeattiktok,20260422030017,https://lifeattiktok.com/search/7534981143928998151,2
7534982208201984274,lifeattiktok,20260619180322,https://lifeattiktok.com/search/7534982208201984274?_rsc=1m3ql,2
7535013932776327432,lifeattiktok,20250814125131,https://lifeattiktok.com/search/7535013932776327432,1
7535042386088151304,lifeattiktok,20251016002512,https://lifeattiktok.com/search/7535042386088151304,1
7535138913175111944,lifeattiktok,20251011183237,https://lifeattiktok.com/search/7535138913175111944?utm_source=Simplify,2
7535139620498278663,lifeattiktok,20250813235711,https://lifeattiktok.com/search/7535139620498278663,1
7535141242318178568,lifeattiktok,20250813204644,https://lifeattiktok.com/search/7535141242318178568,1
7535141242318506248,lifeattiktok,20251103023730,https://lifeattiktok.com/search/7535141242318506248?utm_source=greenjobs.beehiiv.com&utm_medium=newsletter&utm_campaign=250-green-climate-jobs-edf-climate-corps-internships,7
7535142230873950472,lifeattiktok,20250813213136,https://lifeattiktok.com/search/7535142230873950472,1
7535143917377816850,lifeattiktok,20250813190918,https://lifeattiktok.com/search/7535143917377816850,1
7535156407059106066,lifeattiktok,20250811170516,https://lifeattiktok.com/search/7535156407059106066,1
7535159557922048274,jobs_bytedance,20250814033545,https://jobs.bytedance.com/en/position/7535159557922048274/detail,1
7535161796786751751,lifeattiktok,20250815225757,https://lifeattiktok.com/search/7535161796786751751,2
7535177693803202824,lifeattiktok,20260226165857,https://lifeattiktok.com/search/7535177693803202824?_rsc=1m3ql,3
7535205332496582920,lifeattiktok,20250815032925,https://lifeattiktok.com/search/7535205332496582920,3
7535209688213686536,lifeattiktok,20250815013228,https://lifeattiktok.com/search/7535209688213686536,3
7535211530868017415,lifeattiktok,20250814163809,https://lifeattiktok.com/search/7535211530868017415,1
7535215880826538247,lifeattiktok,20260103171847,https://lifeattiktok.com/search/7535215880826538247?_rsc=1m3ql,2
7535215880842791176,lifeattiktok,20250817035408,https://lifeattiktok.com/search/7535215880842791176,1
7535220808265681159,lifeattiktok,20250817035400,https://lifeattiktok.com/search/7535220808265681159,1
7535220827098302738,lifeattiktok,20260114211136,https://lifeattiktok.com/search/7535220827098302738?utm_source=newsletter.interninsider.me&utm_medium=referral&utm_campaign=100-summer-2026-internships-released-this-week,5
7535233874957551879,lifeattiktok,20250817183529,https://lifeattiktok.com/search/7535233874957551879,1
7535234137146444040,lifeattiktok,20250820171020,https://lifeattiktok.com/search/7535234137146444040?utm_source=Simplify,2
7535234137167612167,jobs_bytedance,20250814080443,https://jobs.bytedance.com/en/position/7535234137167612167/detail,1
7535236062285891847,jobs_bytedance,20250814124251,https://jobs.bytedance.com/en/position/7535236062285891847/detail,1
7535238327160637703,lifeattiktok,20250813185709,https://lifeattiktok.com/search/7535238327160637703,1
7535239293659941138,jobs_bytedance,20250814131048,https://jobs.bytedance.com/en/position/7535239293659941138/detail,1
7535240425562818824,jobs_bytedance,20250814043408,https://jobs.bytedance.com/en/position/7535240425562818824/detail,1
7535250563068528903,lifeattiktok,20260609063227,https://lifeattiktok.com/search/7535250563068528903?utm_source=early-talent.diversifytech.com&utm_medium=referral&utm_campaign=student-edition-issue-223,2
7535250563514059016,lifeattiktok,20250822164931,https://lifeattiktok.com/search/7535250563514059016?utm_source=Simplify,2
7535258965904656647,lifeattiktok,20250813211339,https://lifeattiktok.com/search/7535258965904656647,1
7535302756963567880,lifeattiktok,20260306122523,https://lifeattiktok.com/search/7535302756963567880?spread=5MWH5CQ&utm_source=levels.fyi,1
7535321209305008391,lifeattiktok,20250908124917,https://lifeattiktok.com/search/7535321209305008391?_rsc=1vrt0,3
7535359973058038024,lifeattiktok,20250911041153,https://lifeattiktok.com/search/7535359973058038024,3
7535396503751772423,lifeattiktok,20260226013357,https://lifeattiktok.com/search/7535396503751772423,2
7535471480898160914,lifeattiktok,20250821072637,https://lifeattiktok.com/search/7535471480898160914,1
7535479282253203730,lifeattiktok,20250814202317,https://lifeattiktok.com/search/7535479282253203730,1
7535507709606054162,lifeattiktok,20250814174246,https://lifeattiktok.com/search/7535507709606054162,1
7535508165191043336,lifeattiktok,20250814073710,https://lifeattiktok.com/search/7535508165191043336,1
7535509881782208786,lifeattiktok,20250813212448,https://lifeattiktok.com/search/7535509881782208786,1
7535519592984217864,lifeattiktok,20250814190328,https://lifeattiktok.com/search/7535519592984217864,1
7535522229851310354,lifeattiktok,20250813232104,https://lifeattiktok.com/search/7535522229851310354,1
7535528357414570248,lifeattiktok,20260609052822,https://lifeattiktok.com/search/7535528357414570248?spread=5MWH5CQ&utm_source=selectfrom.work,2
7535531509818951944,lifeattiktok,20251003201117,https://lifeattiktok.com/search/7535531509818951944,1
7535554741796014344,lifeattiktok,20260609060250,https://lifeattiktok.com/search/7535554741796014344,1
7535557954553481479,lifeattiktok,20250825202238,https://lifeattiktok.com/search/7535557954553481479,2
7535558887354992904,lifeattiktok,20250813191351,https://lifeattiktok.com/search/7535558887354992904,1
7535580386719992082,jobs_bytedance,20250814063245,https://jobs.bytedance.com/en/position/7535580386719992082/detail,1
7535589188009625863,lifeattiktok,20250814041944,https://lifeattiktok.com/search/7535589188009625863,1
7535598027533863175,lifeattiktok,20250814071857,https://lifeattiktok.com/search/7535598027533863175,2
7535598395500628232,jobs_bytedance,20250814193605,https://jobs.bytedance.com/en/position/7535598395500628232/detail,1
7535599554659010834,lifeattiktok,20250817035419,https://lifeattiktok.com/search/7535599554659010834,1
7535601047362029831,lifeattiktok,20250817035438,https://lifeattiktok.com/search/7535601047362029831,1
7535601047907567890,jobs_bytedance,20250813194648,https://jobs.bytedance.com/en/position/7535601047907567890/detail,1
7535606471191824647,lifeattiktok,20250814031300,https://lifeattiktok.com/search/7535606471191824647,1
7535607378248550674,lifeattiktok,20250908115407,https://lifeattiktok.com/search/7535607378248550674?utm_source=www.interninsider.me&utm_medium=referral&utm_campaign=just-dropped-45-new-tech-business-internships-advanced-hackathon,3
7535609157736745234,jobs_bytedance,20250814013551,https://jobs.bytedance.com/en/position/7535609157736745234/detail,1
7535614851931834642,jobs_bytedance,20250814043612,https://jobs.bytedance.com/en/position/7535614851931834642/detail,1
7535617494221048082,lifeattiktok,20250821122028,https://lifeattiktok.com/search/7535617494221048082?utm_source=Simplify,2
7535617836455545106,jobs_bytedance,20250814002032,https://jobs.bytedance.com/en/position/7535617836455545106/detail,1
7535620364752390408,lifeattiktok,20250814195034,https://lifeattiktok.com/search/7535620364752390408,1
7535622052284680466,lifeattiktok,20250814163814,https://lifeattiktok.com/search/7535622052284680466,1
7535622462303373575,lifeattiktok,20250813211939,https://lifeattiktok.com/search/7535622462303373575,1
7535622462303553799,lifeattiktok,20250814023959,https://lifeattiktok.com/search/7535622462303553799,1
7535623487194253575,lifeattiktok,20250814050938,https://lifeattiktok.com/search/7535623487194253575,1
7535623487906482439,jobs_bytedance,20250813220949,https://jobs.bytedance.com/en/position/7535623487906482439/detail,1
7535625837594396936,jobs_bytedance,20250813213636,https://jobs.bytedance.com/en/position/7535625837594396936/detail,1
7535626321956882695,jobs_bytedance,20250814122301,https://jobs.bytedance.com/en/position/7535626321956882695/detail,1
7535629350952552711,jobs_bytedance,20250813205740,https://jobs.bytedance.com/en/position/7535629350952552711/detail,1
7535631703797713170,jobs_bytedance,20250814175053,https://jobs.bytedance.com/en/position/7535631703797713170/detail,1
7535638120210286856,lifeattiktok,20250814055637,https://lifeattiktok.com/search/7535638120210286856,1
7535646140345272584,jobs_bytedance,20250814135253,https://jobs.bytedance.com/en/position/7535646140345272584/detail,1
7535699096511809799,lifeattiktok,20250814122014,https://lifeattiktok.com/search/7535699096511809799,1
7535701869734725895,lifeattiktok,20250819164324,https://lifeattiktok.com/search/7535701869734725895,2
7535707031698163975,jobs_bytedance,20250814020037,https://jobs.bytedance.com/en/position/7535707031698163975/detail,1
7535721208764877063,lifeattiktok,20250814211736,https://lifeattiktok.com/search/7535721208764877063,1
7535738211260696840,lifeattiktok,20250814143202,https://lifeattiktok.com/search/7535738211260696840,1
7535738211361802503,lifeattiktok,20250813204757,https://lifeattiktok.com/search/7535738211361802503,1
7535743686236948744,lifeattiktok,20250814212728,https://lifeattiktok.com/search/7535743686236948744,1
7535744264476707080,lifeattiktok,20250814113353,https://lifeattiktok.com/search/7535744264476707080,1
7535757699587721480,lifeattiktok,20250814040017,https://lifeattiktok.com/search/7535757699587721480,1
7535758661652072711,lifeattiktok,20250814043518,https://lifeattiktok.com/search/7535758661652072711,2
7535760171340400914,lifeattiktok,20250814144711,https://lifeattiktok.com/search/7535760171340400914,1
7535764561032169735,lifeattiktok,20250814155245,https://lifeattiktok.com/search/7535764561032169735,1
7535783419583580434,lifeattiktok,20250814205809,https://lifeattiktok.com/search/7535783419583580434,1
7535797405469919495,lifeattiktok,20250814113001,https://lifeattiktok.com/search/7535797405469919495,1
7535797410251360519,lifeattiktok,20251004070626,https://lifeattiktok.com/search/7535797410251360519,1
7535814755094317319,lifeattiktok,20250814003219,https://lifeattiktok.com/search/7535814755094317319,1
7535820782757366023,jobs_bytedance,20250813230916,https://jobs.bytedance.com/en/position/7535820782757366023/detail,1
7535823111595641095,lifeattiktok,20250815063322,https://lifeattiktok.com/search/7535823111595641095,2
7535871317771634952,lifeattiktok,20250821084618,https://lifeattiktok.com/search/7535871317771634952,1
7535874271214618887,lifeattiktok,20250829060411,https://lifeattiktok.com/search/7535874271214618887,1
7535878227698780423,jobs_bytedance,20250814131923,https://jobs.bytedance.com/en/position/7535878227698780423/detail,1
7535880188522498322,jobs_bytedance,20250814024256,https://jobs.bytedance.com/en/position/7535880188522498322/detail,1
7535885692901181703,jobs_bytedance,20250814040540,https://jobs.bytedance.com/en/position/7535885692901181703/detail,1
7535894288053487880,jobs_bytedance,20250814045056,https://jobs.bytedance.com/en/position/7535894288053487880/detail,1
7535895316429080840,jobs_bytedance,20250814112005,https://jobs.bytedance.com/en/position/7535895316429080840/detail,1
7535904054079146247,jobs_bytedance,20250814010946,https://jobs.bytedance.com/en/position/7535904054079146247/detail,1
7535915473150675208,lifeattiktok,20250814092745,https://lifeattiktok.com/search/7535915473150675208,1
7535919991884990727,lifeattiktok,20250814022353,https://lifeattiktok.com/search/7535919991884990727,1
7535930249152022792,lifeattiktok,20250813182105,https://lifeattiktok.com/search/7535930249152022792,1
7535939007722883346,jobs_bytedance,20250813205705,https://jobs.bytedance.com/en/position/7535939007722883346/detail,1
7535952147193612551,jobs_bytedance,20250813193131,https://jobs.bytedance.com/en/position/7535952147193612551/detail,1
7535952148070402311,lifeattiktok,20250813203908,https://lifeattiktok.com/search/7535952148070402311,1
7535952262514903303,lifeattiktok,20250813203251,https://lifeattiktok.com/search/7535952262514903303,1
7535953226727835922,jobs_bytedance,20250813204335,https://jobs.bytedance.com/en/position/7535953226727835922/detail,1
7535954056104773895,lifeattiktok,20250814164836,https://lifeattiktok.com/search/7535954056104773895,1
7535954500705044744,lifeattiktok,20250813193446,https://lifeattiktok.com/search/7535954500705044744,1
7535955647230445842,lifeattiktok,20250814101733,https://lifeattiktok.com/search/7535955647230445842,1
7535957617782147336,jobs_bytedance,20250813222008,https://jobs.bytedance.com/en/position/7535957617782147336/detail,1
7535964884862093576,lifeattiktok,20250814130936,https://lifeattiktok.com/search/7535964884862093576,1
7535967735609854226,lifeattiktok,20250814195251,https://lifeattiktok.com/search/7535967735609854226,1
7535969620957301010,lifeattiktok,20250814041625,https://lifeattiktok.com/search/7535969620957301010,1
7535969860427680008,jobs_bytedance,20250814025901,https://jobs.bytedance.com/en/position/7535969860427680008/detail,1
7535970119663847688,jobs_bytedance,20250814144427,https://jobs.bytedance.com/en/position/7535970119663847688/detail,1
7535970119664208136,lifeattiktok,20250814194441,https://lifeattiktok.com/search/7535970119664208136,1
7535971095381575943,lifeattiktok,20250813201256,https://lifeattiktok.com/search/7535971095381575943,1
7535972632790681874,jobs_bytedance,20250814071814,https://jobs.bytedance.com/en/position/7535972632790681874/detail,1
7535972870166677778,jobs_bytedance,20250814115838,https://jobs.bytedance.com/en/position/7535972870166677778/detail,1
7535976277507000584,lifeattiktok,20250814144320,https://lifeattiktok.com/search/7535976277507000584,1
7535977481171683592,jobs_bytedance,20250813190618,https://jobs.bytedance.com/en/position/7535977481171683592/detail,1
7535979221731412242,lifeattiktok,20250814124203,https://lifeattiktok.com/search/7535979221731412242,1
7536000924142749970,lifeattiktok,20250813180506,https://lifeattiktok.com/search/7536000924142749970,1
7536027172781705490,lifeattiktok,20250813190335,https://lifeattiktok.com/search/7536027172781705490,1
7536034223640168711,lifeattiktok,20250815034425,https://lifeattiktok.com/search/7536034223640168711?_rsc=16c6u,2
7536036423725173010,lifeattiktok,20250814041047,https://lifeattiktok.com/search/7536036423725173010,1
7536056434480400648,jobs_bytedance,20250814204122,https://jobs.bytedance.com/en/position/7536056434480400648/detail,1
7536059319257172232,lifeattiktok,20250813165401,https://lifeattiktok.com/search/7536059319257172232,1
7536059830286944520,lifeattiktok,20250813200720,https://lifeattiktok.com/search/7536059830286944520,1
7536063188309215495,lifeattiktok,20250814030954,https://lifeattiktok.com/search/7536063188309215495,1
7536063226775439624,lifeattiktok,20250814091927,https://lifeattiktok.com/search/7536063226775439624,1
7536066838859516178,lifeattiktok,20250814161843,https://lifeattiktok.com/search/7536066838859516178,1
7536071475981093138,lifeattiktok,20250814135822,https://lifeattiktok.com/search/7536071475981093138,2
7536073691614382343,jobs_bytedance,20250814034107,https://jobs.bytedance.com/en/position/7536073691614382343/detail,1
7536082204842445063,lifeattiktok,20250814114403,https://lifeattiktok.com/search/7536082204842445063,2
7536082204863580423,lifeattiktok,20250814214147,https://lifeattiktok.com/search/7536082204863580423,1
7536105296076425480,lifeattiktok,20250814013244,https://lifeattiktok.com/search/7536105296076425480,1
7536106306949761288,jobs_bytedance,20250814155249,https://jobs.bytedance.com/en/position/7536106306949761288/detail,1
7536110154921543943,jobs_bytedance,20250814095551,https://jobs.bytedance.com/en/position/7536110154921543943/detail,1
7536118774174501128,lifeattiktok,20250922141158,https://lifeattiktok.com/search/7536118774174501128?_rsc=1y1fq,3
7536143109916428552,lifeattiktok,20250814194706,https://lifeattiktok.com/search/7536143109916428552,1
7536162432877267208,jobs_bytedance,20250814140731,https://jobs.bytedance.com/en/position/7536162432877267208/detail,1
7536163431986514183,lifeattiktok,20250814074451,https://lifeattiktok.com/search/7536163431986514183,2
7536170318411745543,lifeattiktok,20260619180330,https://lifeattiktok.com/search/7536170318411745543,3
7536174904292165895,lifeattiktok,20250813194446,https://lifeattiktok.com/search/7536174904292165895,1
7536194922488580370,lifeattiktok,20250813220426,https://lifeattiktok.com/search/7536194922488580370,1
7536219537423845639,lifeattiktok,20250814173842,https://lifeattiktok.com/search/7536219537423845639,1
7536255223284025608,lifeattiktok,20250813183038,https://lifeattiktok.com/search/7536255223284025608,1
7536267335963855122,lifeattiktok,20250814193755,https://lifeattiktok.com/search/7536267335963855122,1
7536271482021021970,jobs_bytedance,20250813173039,https://jobs.bytedance.com/en/position/7536271482021021970/detail,1
7536272294525847826,lifeattiktok,20250814105643,https://lifeattiktok.com/search/7536272294525847826,1
7536272435440716040,jobs_bytedance,20250814123502,https://jobs.bytedance.com/en/position/7536272435440716040/detail,1
7536272619940317458,jobs_bytedance,20250814084618,https://jobs.bytedance.com/en/position/7536272619940317458/detail,1
7536282669077055751,lifeattiktok,20250814173104,https://lifeattiktok.com/search/7536282669077055751,1
7536282991459354898,lifeattiktok,20250814093117,https://lifeattiktok.com/search/7536282991459354898,1
7536282992093235464,lifeattiktok,20250814213308,https://lifeattiktok.com/search/7536282992093235464,1
7536284814594427144,jobs_bytedance,20250814075058,https://jobs.bytedance.com/en/position/7536284814594427144/detail,1
7536285233633904903,lifeattiktok,20250813213418,https://lifeattiktok.com/search/7536285233633904903,1
7536285794765129992,lifeattiktok,20250814064429,https://lifeattiktok.com/search/7536285794765129992,1
7536307775551965447,lifeattiktok,20250814110937,https://lifeattiktok.com/search/7536307775551965447,1
7536323523712583954,lifeattiktok,20250821032141,https://lifeattiktok.com/search/7536323523712583954?utm_source=Simplify,2
7536334561249970450,lifeattiktok,20250814054430,https://lifeattiktok.com/search/7536334561249970450,1
7536340749630327058,lifeattiktok,20250821214903,https://lifeattiktok.com/search/7536340749630327058,1
7536343738811320583,lifeattiktok,20250814064438,https://lifeattiktok.com/search/7536343738811320583,1
7536348540806711570,lifeattiktok,20250814050116,https://lifeattiktok.com/search/7536348540806711570,1
7536356589390301458,lifeattiktok,20251003171634,https://lifeattiktok.com/search/7536356589390301458?spread=5MWH5CQ%5Cu0026ref%3Dlevels.fyi%5Cu0026src%3Dlevels.fyi%5Cu0026utm_source%3Dlevels.fyi,3
7536465656788502792,lifeattiktok,20250814031827,https://lifeattiktok.com/search/7536465656788502792,1
7536872771830204690,lifeattiktok,20250814182523,https://lifeattiktok.com/search/7536872771830204690,1
7537121382015076626,jobs_bytedance,20250814010732,https://jobs.bytedance.com/en/position/7537121382015076626/detail,1
7537198396617525512,jobs_bytedance,20250814172809,https://jobs.bytedance.com/en/position/7537198396617525512/detail,1
7537202419835980040,lifeattiktok,20250814023351,https://lifeattiktok.com/search/7537202419835980040,2
7537241632550127880,lifeattiktok,20250813205159,https://lifeattiktok.com/search/7537241632550127880,1
7537244549992417543,lifeattiktok,20250814122528,https://lifeattiktok.com/search/7537244549992417543,1
7537253469402401031,lifeattiktok,20250814124202,https://lifeattiktok.com/search/7537253469402401031,1
7537267561811396872,lifeattiktok,20250813170107,https://lifeattiktok.com/search/7537267561811396872,1
7537273328131557639,lifeattiktok,20250907074750,https://lifeattiktok.com/search/7537273328131557639,1
7537295800641849608,lifeattiktok,20250814111052,https://lifeattiktok.com/search/7537295800641849608,1
7537313990549621000,lifeattiktok,20250813180949,https://lifeattiktok.com/search/7537313990549621000,1
7537319718816237831,lifeattiktok,20250814181005,https://lifeattiktok.com/search/7537319718816237831,1
7537338412572985608,lifeattiktok,20250813133517,https://lifeattiktok.com/search/7537338412572985608,2
7537339148751931666,lifeattiktok,20250814080916,https://lifeattiktok.com/search/7537339148751931666,1
7537366616570284295,lifeattiktok,20260710212811,https://lifeattiktok.com/search/7537366616570284295,1
7537378020802939143,lifeattiktok,20250814065951,https://lifeattiktok.com/search/7537378020802939143,1
7537387126649391368,lifeattiktok,20260609050924,https://lifeattiktok.com/search/7537387126649391368,1
7537405111104194823,lifeattiktok,20250814111454,https://lifeattiktok.com/search/7537405111104194823,1
7537489406471604498,lifeattiktok,20260902100355,https://lifeattiktok.com/search/7537489406471604498?utm_source=Simplify,1
7537491011187902727,lifeattiktok,20260515022649,https://lifeattiktok.com/search/7537491011187902727?spread=5MWH5CQ,4
7537493362585979154,lifeattiktok,20260511212943,https://lifeattiktok.com/search/7537493362585979154?spread=5MWH5CQ,3
7537530610248943890,lifeattiktok,20250814143840,https://lifeattiktok.com/search/7537530610248943890,1
7537539005443115271,jobs_bytedance,20250814195405,https://jobs.bytedance.com/en/position/7537539005443115271/detail,1
7537576008980547848,lifeattiktok,20250814040715,https://lifeattiktok.com/search/7537576008980547848,1
7537576695710566664,lifeattiktok,20250821024936,https://lifeattiktok.com/search/7537576695710566664,1
7537591422469179666,lifeattiktok,20250908000640,https://lifeattiktok.com/search/7537591422469179666,1
7537613786477381895,jobs_bytedance,20250814081725,https://jobs.bytedance.com/en/position/7537613786477381895/detail,1
7537627771758102802,lifeattiktok,20250814134953,https://lifeattiktok.com/search/7537627771758102802,1
7537648349147859207,lifeattiktok,20250908122104,https://lifeattiktok.com/search/7537648349147859207,1
7537691728314485010,lifeattiktok,20250929115344,https://lifeattiktok.com/search/7537691728314485010,1
7537760530178853138,lifeattiktok,20251016001606,https://lifeattiktok.com/search/7537760530178853138,1
7537772369399417106,lifeattiktok,20250821194021,https://lifeattiktok.com/search/7537772369399417106,1
7537845175428729095,lifeattiktok,20250821170334,https://lifeattiktok.com/search/7537845175428729095,1
7537919455499094280,lifeattiktok,20250821004300,https://lifeattiktok.com/search/7537919455499094280,1
7537989253386733831,lifeattiktok,20250908031706,https://lifeattiktok.com/search/7537989253386733831,1
7538065288156809479,lifeattiktok,20260114210258,https://lifeattiktok.com/search/7538065288156809479?utm_source=newsletter.interninsider.me&utm_medium=referral&utm_campaign=just-dropped-50-internships-openai-nvidia-hackathon,4
7538067880584153362,lifeattiktok,20251011183238,https://lifeattiktok.com/search/7538067880584153362?utm_source=Simplify,2
7538129755129432327,lifeattiktok,20250821051238,https://lifeattiktok.com/search/7538129755129432327,1
7538166176267421959,lifeattiktok,20251015233501,https://lifeattiktok.com/search/7538166176267421959,1
7538213896365689096,lifeattiktok,20250817035314,https://lifeattiktok.com/search/7538213896365689096,1
7538258169378801938,lifeattiktok,20250815135825,https://lifeattiktok.com/search/7538258169378801938,1
7538285732869130503,lifeattiktok,20250821214203,https://lifeattiktok.com/search/7538285732869130503,1
7538301580093720840,lifeattiktok,20260506185316,https://lifeattiktok.com/search/7538301580093720840?_rsc=1m3ql,5
7538304000404244743,lifeattiktok,20251026141519,https://lifeattiktok.com/search/7538304000404244743?spread=5MWH5CQ,4
7538304108715198727,lifeattiktok,20250913201758,https://lifeattiktok.com/search/7538304108715198727?spread=5MWH5CQ,3
7538307729329277202,lifeattiktok,20260113002535,https://lifeattiktok.com/search/7538307729329277202?spread=5MWH5CQ,4
7538314547103762696,lifeattiktok,20250821050312,https://lifeattiktok.com/search/7538314547103762696?utm_source=Simplify,3
7538318336657606930,lifeattiktok,20251204051640,https://lifeattiktok.com/search/7538318336657606930?utm_source=Simplify,2
7538319953965287698,lifeattiktok,20250821170455,https://lifeattiktok.com/search/7538319953965287698,1
7538320612860446994,lifeattiktok,20250817035315,https://lifeattiktok.com/search/7538320612860446994,1
7538325343598741767,lifeattiktok,20250817035315,https://lifeattiktok.com/search/7538325343598741767,1
7538325771954637074,lifeattiktok,20260902100930,https://lifeattiktok.com/search/7538325771954637074?utm_source=Simplify,2
7538343387038468370,lifeattiktok,20250821115203,https://lifeattiktok.com/search/7538343387038468370,1
7538379338141485320,lifeattiktok,20250821115318,https://lifeattiktok.com/search/7538379338141485320,1
7538379338766403847,lifeattiktok,20250821051954,https://lifeattiktok.com/search/7538379338766403847,1
7538380070097701128,lifeattiktok,20250821211041,https://lifeattiktok.com/search/7538380070097701128,1
7538397304139745554,lifeattiktok,20250821114922,https://lifeattiktok.com/search/7538397304139745554,1
7538481979043039496,lifeattiktok,20250821175141,https://lifeattiktok.com/search/7538481979043039496,1
7538495412894976264,lifeattiktok,20250908125339,https://lifeattiktok.com/search/7538495412894976264?utm_source=www.interninsider.me&utm_medium=referral&utm_campaign=just-released-45-internships-a-36-hour-hackathon,3
7538499752448903432,lifeattiktok,20250821185505,https://lifeattiktok.com/search/7538499752448903432,1
7538500921422383367,lifeattiktok,20250821072022,https://lifeattiktok.com/search/7538500921422383367,1
7538523774527932690,lifeattiktok,20250821153110,https://lifeattiktok.com/search/7538523774527932690,1
7538529661288286471,lifeattiktok,20250821102256,https://lifeattiktok.com/search/7538529661288286471,1
7538551640845109511,lifeattiktok,20250821121932,https://lifeattiktok.com/search/7538551640845109511,1
7538571774872013063,lifeattiktok,20250821084920,https://lifeattiktok.com/search/7538571774872013063,1
7538571931517159698,lifeattiktok,20250821142311,https://lifeattiktok.com/search/7538571931517159698,1
7538575293381462279,lifeattiktok,20250821121028,https://lifeattiktok.com/search/7538575293381462279,1
7538616667044907271,lifeattiktok,20250821172637,https://lifeattiktok.com/search/7538616667044907271,1
7538623915905288466,lifeattiktok,20250821033502,https://lifeattiktok.com/search/7538623915905288466,1
7538625092726180103,lifeattiktok,20250821161814,https://lifeattiktok.com/search/7538625092726180103,1
7538630419958630674,lifeattiktok,20250821061114,https://lifeattiktok.com/search/7538630419958630674,1
7538687113601272082,lifeattiktok,20250821110903,https://lifeattiktok.com/search/7538687113601272082,1
7538703585607190792,lifeattiktok,20250821122742,https://lifeattiktok.com/search/7538703585607190792,1
7538709260742887687,lifeattiktok,20250821184112,https://lifeattiktok.com/search/7538709260742887687,1
7538738038362786066,lifeattiktok,20250821101725,https://lifeattiktok.com/search/7538738038362786066,1
7538739616565299474,lifeattiktok,20260422030017,https://lifeattiktok.com/search/7538739616565299474,2
7538746518527101202,lifeattiktok,20250821141343,https://lifeattiktok.com/search/7538746518527101202,1
7538753894388025607,lifeattiktok,20250821153050,https://lifeattiktok.com/search/7538753894388025607,1
7538771740936358162,lifeattiktok,20251016012231,https://lifeattiktok.com/search/7538771740936358162,1
7538795781584259346,lifeattiktok,20250821020653,https://lifeattiktok.com/search/7538795781584259346,1
7538801369751243016,lifeattiktok,20250821170422,https://lifeattiktok.com/search/7538801369751243016,1
7538828742874122504,lifeattiktok,20250821195656,https://lifeattiktok.com/search/7538828742874122504,1
7538835271232653576,lifeattiktok,20250821204213,https://lifeattiktok.com/search/7538835271232653576,1
7538835271233997064,lifeattiktok,20250821214208,https://lifeattiktok.com/search/7538835271233997064,1
7538836736014403858,lifeattiktok,20250821184421,https://lifeattiktok.com/search/7538836736014403858,1
7538836736034687239,lifeattiktok,20250821074737,https://lifeattiktok.com/search/7538836736034687239,1
7538843829304117512,lifeattiktok,20250821200454,https://lifeattiktok.com/search/7538843829304117512,1
7538845346568358162,lifeattiktok,20250821065901,https://lifeattiktok.com/search/7538845346568358162,1
7538878376309557511,lifeattiktok,20250821080843,https://lifeattiktok.com/search/7538878376309557511,1
7538893258701818119,lifeattiktok,20250903021115,https://lifeattiktok.com/search/7538893258701818119?utm_source=Simplify,2
7538896279595338002,lifeattiktok,20250821043149,https://lifeattiktok.com/search/7538896279595338002,1
7538896306908252434,lifeattiktok,20250821215457,https://lifeattiktok.com/search/7538896306908252434,1
7538903496654407943,lifeattiktok,20250821081417,https://lifeattiktok.com/search/7538903496654407943,1
7538934102780512520,lifeattiktok,20250830001552,https://lifeattiktok.com/search/7538934102780512520,1
7538943251353553160,lifeattiktok,20250821081001,https://lifeattiktok.com/search/7538943251353553160,1
7538948353619888402,lifeattiktok,20260902100318,https://lifeattiktok.com/search/7538948353619888402?utm_source=Simplify,2
7538953858287323410,lifeattiktok,20250821095053,https://lifeattiktok.com/search/7538953858287323410,1
7538954193542383890,lifeattiktok,20250821071948,https://lifeattiktok.com/search/7538954193542383890,1
7538954193542727954,lifeattiktok,20250821054351,https://lifeattiktok.com/search/7538954193542727954,1
7539075002492455175,lifeattiktok,20250821043641,https://lifeattiktok.com/search/7539075002492455175,1
7539799898469058823,lifeattiktok,20250821185746,https://lifeattiktok.com/search/7539799898469058823,1
7539806948645882130,lifeattiktok,20250821120012,https://lifeattiktok.com/search/7539806948645882130,1
7539854088262371592,lifeattiktok,20250821080145,https://lifeattiktok.com/search/7539854088262371592,1
7539864873631893778,lifeattiktok,20250821210626,https://lifeattiktok.com/search/7539864873631893778,1
7539867492211820818,lifeattiktok,20250821150332,https://lifeattiktok.com/search/7539867492211820818,1
7539872466832623890,lifeattiktok,20250821172935,https://lifeattiktok.com/search/7539872466832623890,1
7539884432196241671,lifeattiktok,20250821181701,https://lifeattiktok.com/search/7539884432196241671,1
7539911203503917330,lifeattiktok,20250821145133,https://lifeattiktok.com/search/7539911203503917330,1
7539921736679983367,lifeattiktok,20250821120901,https://lifeattiktok.com/search/7539921736679983367,1
7539922732143954183,lifeattiktok,20251015235919,https://lifeattiktok.com/search/7539922732143954183,1
7539926056862943495,lifeattiktok,20250821202011,https://lifeattiktok.com/search/7539926056862943495,1
7539948367481751816,lifeattiktok,20250821195515,https://lifeattiktok.com/search/7539948367481751816,1
7539962300909078791,lifeattiktok,20250821195405,https://lifeattiktok.com/search/7539962300909078791,1
7539967373501122834,lifeattiktok,20250821043857,https://lifeattiktok.com/search/7539967373501122834,1
7539975953020766471,lifeattiktok,20250821031904,https://lifeattiktok.com/search/7539975953020766471,1
7540010625628997895,lifeattiktok,20250821121206,https://lifeattiktok.com/search/7540010625628997895,1
7540031168227625224,lifeattiktok,20250821102710,https://lifeattiktok.com/search/7540031168227625224,1
7540050913652033800,lifeattiktok,20250908113058,https://lifeattiktok.com/search/7540050913652033800?spread=XKM9ZXE,1
7540063663148747026,lifeattiktok,20250821103502,https://lifeattiktok.com/search/7540063663148747026,1
7540118348412668168,lifeattiktok,20250821060701,https://lifeattiktok.com/search/7540118348412668168,1
7540136762255051016,lifeattiktok,20251015232912,https://lifeattiktok.com/search/7540136762255051016,1
7540152295620544776,lifeattiktok,20250821174414,https://lifeattiktok.com/search/7540152295620544776,1
7540212286516283655,lifeattiktok,20260226165833,https://lifeattiktok.com/search/7540212286516283655?_rsc=1m3ql,3
7540218009802590471,lifeattiktok,20250821045621,https://lifeattiktok.com/search/7540218009802590471,1
7540262977703774471,lifeattiktok,20260114211858,https://lifeattiktok.com/search/7540262977703774471,1
7540270284247681287,lifeattiktok,20260114200458,https://lifeattiktok.com/search/7540270284247681287,1
7540508448272189703,lifeattiktok,20250908225331,https://lifeattiktok.com/search/7540508448272189703,1
7540583325774891282,lifeattiktok,20260114190057,https://lifeattiktok.com/search/7540583325774891282,1
7540587473467115783,lifeattiktok,20250922141158,https://lifeattiktok.com/search/7540587473467115783?_rsc=1y1fq,3
7540718347169892626,lifeattiktok,20251015233324,https://lifeattiktok.com/search/7540718347169892626,1
7540798268650211592,lifeattiktok,20250828145840,https://lifeattiktok.com/search/7540798268650211592,1
7540823148805032210,lifeattiktok,20250901195228,https://lifeattiktok.com/search/7540823148805032210?utm_source=Simplify,2
7540823204350527752,lifeattiktok,20250918052250,https://lifeattiktok.com/search/7540823204350527752?utm_source=Simplify,2
7540836922060589320,lifeattiktok,20250828160033,https://lifeattiktok.com/search/7540836922060589320,1
7540857159211911431,lifeattiktok,20250829194529,https://lifeattiktok.com/search/7540857159211911431,1
7540876774696798482,lifeattiktok,20250828152532,https://lifeattiktok.com/search/7540876774696798482,1
7540901150327032082,lifeattiktok,20250829192340,https://lifeattiktok.com/search/7540901150327032082,1
7540952353860716807,lifeattiktok,20250829223722,https://lifeattiktok.com/search/7540952353860716807,1
7540984784756033810,lifeattiktok,20260109020800,https://lifeattiktok.com/search/7540984784756033810,1
7541083326154918162,lifeattiktok,20251004212757,https://lifeattiktok.com/search/7541083326154918162,1
7541096326982027538,lifeattiktok,20251016000939,https://lifeattiktok.com/search/7541096326982027538,1
7541147724641470728,lifeattiktok,20250828115948,https://lifeattiktok.com/search/7541147724641470728,1
7541195980872501511,lifeattiktok,20250828183034,https://lifeattiktok.com/search/7541195980872501511,1
7541228535394928903,lifeattiktok,20250830005710,https://lifeattiktok.com/search/7541228535394928903,1
7541311190677326087,lifeattiktok,20250829221200,https://lifeattiktok.com/search/7541311190677326087,1
7541313773111019784,lifeattiktok,20250829154151,https://lifeattiktok.com/search/7541313773111019784,1
7541313773132777746,lifeattiktok,20250830000136,https://lifeattiktok.com/search/7541313773132777746,1
7541328701435480327,lifeattiktok,20250907212836,https://lifeattiktok.com/search/7541328701435480327,1
7541328806267783432,lifeattiktok,20250828224829,https://lifeattiktok.com/search/7541328806267783432,1
7541330350216726802,lifeattiktok,20260225210700,https://lifeattiktok.com/search/7541330350216726802?_rsc=1m3ql,1
7541333326264092946,lifeattiktok,20250829163732,https://lifeattiktok.com/search/7541333326264092946,1
7541361127956285703,lifeattiktok,20260114203440,https://lifeattiktok.com/search/7541361127956285703,1
7541392879479228679,lifeattiktok,20250828211646,https://lifeattiktok.com/search/7541392879479228679,1
7541512774477728008,lifeattiktok,20250829084642,https://lifeattiktok.com/search/7541512774477728008,1
7541512820980418824,lifeattiktok,20250828212859,https://lifeattiktok.com/search/7541512820980418824,1
7541516408564992264,lifeattiktok,20250828191927,https://lifeattiktok.com/search/7541516408564992264,1
7541646999775365383,lifeattiktok,20250908124949,https://lifeattiktok.com/search/7541646999775365383,3
7541647002095880455,lifeattiktok,20250828173149,https://lifeattiktok.com/search/7541647002095880455,1
7541652568851269895,lifeattiktok,20250908124925,https://lifeattiktok.com/search/7541652568851269895?_rsc=1wrds,3
7541652569928616210,lifeattiktok,20250904195005,https://lifeattiktok.com/search/7541652569928616210?_rsc=pyzdg,1
7541656536768104712,lifeattiktok,20250904195005,https://lifeattiktok.com/search/7541656536768104712?_rsc=pyzdg,2
7542083891809634568,lifeattiktok,20250829135622,https://lifeattiktok.com/search/7542083891809634568,1
7542093395569690887,lifeattiktok,20250829112439,https://lifeattiktok.com/search/7542093395569690887,1
7542359937256982791,lifeattiktok,20250830011321,https://lifeattiktok.com/search/7542359937256982791,1
7542362042540558610,lifeattiktok,20250829051713,https://lifeattiktok.com/search/7542362042540558610,1
7542469638828886290,lifeattiktok,20250829161639,https://lifeattiktok.com/search/7542469638828886290,1
7542538151857293586,lifeattiktok,20250830011347,https://lifeattiktok.com/search/7542538151857293586,1
7542570828296325383,lifeattiktok,20251003171637,https://lifeattiktok.com/search/7542570828296325383?spread=5MWH5CQ&utm_source=levels.fyi,3
7542584919815325960,lifeattiktok,20260225210659,https://lifeattiktok.com/search/7542584919815325960?_rsc=1m3ql,2
7542592700550678791,lifeattiktok,20250828234721,https://lifeattiktok.com/search/7542592700550678791,1
7542594441245624584,lifeattiktok,20250828164100,https://lifeattiktok.com/search/7542594441245624584,1
7542646748470003976,lifeattiktok,20250829151418,https://lifeattiktok.com/search/7542646748470003976,1
7542714368766396680,lifeattiktok,20250829182625,https://lifeattiktok.com/search/7542714368766396680,1
7542755890714429703,lifeattiktok,20250828224405,https://lifeattiktok.com/search/7542755890714429703,1
7542790797884967176,lifeattiktok,20250828203149,https://lifeattiktok.com/search/7542790797884967176,1
7542792359999883527,lifeattiktok,20250828093942,https://lifeattiktok.com/search/7542792359999883527,1
7542796141802572040,lifeattiktok,20250829132851,https://lifeattiktok.com/search/7542796141802572040,1
7542810173011675400,lifeattiktok,20250828205532,https://lifeattiktok.com/search/7542810173011675400,1
7542812610615085330,lifeattiktok,20250828152453,https://lifeattiktok.com/search/7542812610615085330,1
7542812610615593234,lifeattiktok,20250829195910,https://lifeattiktok.com/search/7542812610615593234,1
7542823421601417479,lifeattiktok,20250829013843,https://lifeattiktok.com/search/7542823421601417479,1
7542825010006935826,lifeattiktok,20250828235133,https://lifeattiktok.com/search/7542825010006935826,1
7542832612239919378,lifeattiktok,20250829135819,https://lifeattiktok.com/search/7542832612239919378,1
7542833727027857682,lifeattiktok,20250829195055,https://lifeattiktok.com/search/7542833727027857682,1
7542835197198108935,lifeattiktok,20260114191846,https://lifeattiktok.com/search/7542835197198108935,1
7542846003968330002,lifeattiktok,20250829042849,https://lifeattiktok.com/search/7542846003968330002,1
7542876962247690503,lifeattiktok,20250829052459,https://lifeattiktok.com/search/7542876962247690503,1
7542878248091519240,lifeattiktok,20250829173843,https://lifeattiktok.com/search/7542878248091519240,1
7542880652569364744,lifeattiktok,20250828134156,https://lifeattiktok.com/search/7542880652569364744,1
7542882496158288136,lifeattiktok,20250829180139,https://lifeattiktok.com/search/7542882496158288136,1
7542889828112173320,lifeattiktok,20250828042324,https://lifeattiktok.com/search/7542889828112173320,1
7542890237799336200,lifeattiktok,20250828062605,https://lifeattiktok.com/search/7542890237799336200,1
7542899130381732103,lifeattiktok,20250828210915,https://lifeattiktok.com/search/7542899130381732103,1
7542916962571258120,lifeattiktok,20250829141037,https://lifeattiktok.com/search/7542916962571258120,1
7543107311117650183,lifeattiktok,20250829141042,https://lifeattiktok.com/search/7543107311117650183,1
7543114224130689287,lifeattiktok,20251117010805,https://lifeattiktok.com/search/7543114224130689287,1
7543122134575794440,lifeattiktok,20250829055518,https://lifeattiktok.com/search/7543122134575794440,1
7543296595908479240,lifeattiktok,20250831235452,https://lifeattiktok.com/search/7543296595908479240?gh_src=Tech%3ANYC+job+board,2
7543326735086536968,lifeattiktok,20250912193257,https://lifeattiktok.com/search/7543326735086536968,3
7543398010026838280,lifeattiktok,20250908144746,https://lifeattiktok.com/search/7543398010026838280,1
7543420658085185799,lifeattiktok,20260114194342,https://lifeattiktok.com/search/7543420658085185799?utm_source=newsletter.interninsider.me&utm_medium=referral&utm_campaign=just-released-over-40-new-internships-women-in-ai-hackathon,4
7543739160449337608,lifeattiktok,20251103052541,https://lifeattiktok.com/search/7543739160449337608?spread=5MWH5CQ,2
7543848881622452487,lifeattiktok,20250907221032,https://lifeattiktok.com/search/7543848881622452487,1
7543914957513312530,lifeattiktok,20250909002242,https://lifeattiktok.com/search/7543914957513312530,1
7543925259307010312,lifeattiktok,20250907224545,https://lifeattiktok.com/search/7543925259307010312,1
7543927573417265426,lifeattiktok,20250908100126,https://lifeattiktok.com/search/7543927573417265426,1
7543940778277882119,lifeattiktok,20250908033147,https://lifeattiktok.com/search/7543940778277882119,1
7544046879211620626,lifeattiktok,20251003212716,https://lifeattiktok.com/search/7544046879211620626,1
7544056698366232839,lifeattiktok,20250907235555,https://lifeattiktok.com/search/7544056698366232839,1
7544065848908318983,lifeattiktok,20250908125236,https://lifeattiktok.com/search/7544065848908318983,1
7544082428291041554,lifeattiktok,20251001064203,https://lifeattiktok.com/search/7544082428291041554?spread=5MWH5CQ&utm_source=levels.fyi,2
7544084757333199122,lifeattiktok,20250908002321,https://lifeattiktok.com/search/7544084757333199122,1
7544085062250154258,lifeattiktok,20250907190422,https://lifeattiktok.com/search/7544085062250154258,1
7544086503410485522,lifeattiktok,20250908043827,https://lifeattiktok.com/search/7544086503410485522,1
7544086503410682130,lifeattiktok,20250908082237,https://lifeattiktok.com/search/7544086503410682130,1
7544087604330039570,lifeattiktok,20250908044315,https://lifeattiktok.com/search/7544087604330039570,1
7544096131766389000,lifeattiktok,20250908030518,https://lifeattiktok.com/search/7544096131766389000,1
7544114735785658642,lifeattiktok,20250908051153,https://lifeattiktok.com/search/7544114735785658642,1
7544114735811709191,lifeattiktok,20250908080625,https://lifeattiktok.com/search/7544114735811709191,1
7544115021937527047,lifeattiktok,20250908220217,https://lifeattiktok.com/search/7544115021937527047,1
7544139637230110984,lifeattiktok,20250907183319,https://lifeattiktok.com/search/7544139637230110984,1
7544141810042702087,lifeattiktok,20250908000109,https://lifeattiktok.com/search/7544141810042702087,1
7544142909584656658,lifeattiktok,20250908104818,https://lifeattiktok.com/search/7544142909584656658,1
7544146412490934535,lifeattiktok,20250907223022,https://lifeattiktok.com/search/7544146412490934535,1
7544146412491163911,lifeattiktok,20250908122543,https://lifeattiktok.com/search/7544146412491163911,1
7544147442612455688,lifeattiktok,20250908160707,https://lifeattiktok.com/search/7544147442612455688,1
7544149141841398024,lifeattiktok,20251016004351,https://lifeattiktok.com/search/7544149141841398024,1
7544150366742497554,lifeattiktok,20250908123318,https://lifeattiktok.com/search/7544150366742497554,1
7544689408454478098,lifeattiktok,20250909005242,https://lifeattiktok.com/search/7544689408454478098,1
7544960997808146695,lifeattiktok,20250908071320,https://lifeattiktok.com/search/7544960997808146695,1
7544991766861515015,lifeattiktok,20250908044616,https://lifeattiktok.com/search/7544991766861515015,1
7544991913780578568,lifeattiktok,20250908032040,https://lifeattiktok.com/search/7544991913780578568,1
7545091411244157202,lifeattiktok,20250908111702,https://lifeattiktok.com/search/7545091411244157202,1
7545146673924950279,lifeattiktok,20250907224329,https://lifeattiktok.com/search/7545146673924950279,1
7545225552739780882,lifeattiktok,20250907200123,https://lifeattiktok.com/search/7545225552739780882,1
7545336023779215634,lifeattiktok,20250908082437,https://lifeattiktok.com/search/7545336023779215634,1
7545338131505039623,lifeattiktok,20251002144720,https://lifeattiktok.com/search/7545338131505039623?spread=5MWH5CQ,2
7545367803567999240,lifeattiktok,20250908132944,https://lifeattiktok.com/search/7545367803567999240,1
7545374306726660359,lifeattiktok,20250908144321,https://lifeattiktok.com/search/7545374306726660359,1
7545377871142619399,lifeattiktok,20250907190725,https://lifeattiktok.com/search/7545377871142619399,1
7545385711894546706,lifeattiktok,20250908230442,https://lifeattiktok.com/search/7545385711894546706,1
7545425342337911048,lifeattiktok,20250907223359,https://lifeattiktok.com/search/7545425342337911048,1
7545431098924304648,lifeattiktok,20250908172533,https://lifeattiktok.com/search/7545431098924304648,1
7545483860378650887,lifeattiktok,20250907220610,https://lifeattiktok.com/search/7545483860378650887,1
7545503495006406919,lifeattiktok,20250907165443,https://lifeattiktok.com/search/7545503495006406919,1
7545546623285709064,lifeattiktok,20250908232346,https://lifeattiktok.com/search/7545546623285709064,1
7545560260807788818,lifeattiktok,20260306002511,https://lifeattiktok.com/search/7545560260807788818,2
7545561366468462855,lifeattiktok,20250908171459,https://lifeattiktok.com/search/7545561366468462855,1
7545578837918206216,lifeattiktok,20250907223907,https://lifeattiktok.com/search/7545578837918206216,1
7545589383261767954,lifeattiktok,20250907222034,https://lifeattiktok.com/search/7545589383261767954,1
7545589852957247752,lifeattiktok,20250908033337,https://lifeattiktok.com/search/7545589852957247752,1
7545616906431678727,lifeattiktok,20250908034547,https://lifeattiktok.com/search/7545616906431678727,1
7545714308614883602,lifeattiktok,20251117005630,https://lifeattiktok.com/search/7545714308614883602,1
7545793887983454471,lifeattiktok,20250908032934,https://lifeattiktok.com/search/7545793887983454471,1
7545799990024554759,lifeattiktok,20250909004548,https://lifeattiktok.com/search/7545799990024554759,1
7545832525399656711,lifeattiktok,20251016001435,https://lifeattiktok.com/search/7545832525399656711,1
7546019543127804167,lifeattiktok,20251011183058,https://lifeattiktok.com/search/7546019543127804167,1
7546336514033764626,lifeattiktok,20260902100325,https://lifeattiktok.com/search/7546336514033764626?utm_source=Simplify,1
7546449050544032008,lifeattiktok,20250922141157,https://lifeattiktok.com/search/7546449050544032008?_rsc=1y1fq,3
7546480442279594258,lifeattiktok,20251011183104,https://lifeattiktok.com/search/7546480442279594258,1
7546565903572830471,lifeattiktok,20251209111453,https://lifeattiktok.com/search/7546565903572830471,1
7546701395496667399,lifeattiktok,20250929033604,https://lifeattiktok.com/search/7546701395496667399,1
7546705692590819602,lifeattiktok,20251015233410,https://lifeattiktok.com/search/7546705692590819602,1
7546726994756651282,lifeattiktok,20251011183047,https://lifeattiktok.com/search/7546726994756651282,1
7546735459566799111,lifeattiktok,20260113180047,https://lifeattiktok.com/search/7546735459566799111,2
7546743361374980359,lifeattiktok,20260112180740,https://lifeattiktok.com/search/7546743361374980359,2
7546747649119602962,lifeattiktok,20251015232249,https://lifeattiktok.com/search/7546747649119602962?utm_source=Tech%3ANYC+job+board&utm_medium=getro.com&gh_src=Tech%3ANYC+job+board,1
7546752403678169362,lifeattiktok,20251015233810,https://lifeattiktok.com/search/7546752403678169362,1
7547370946877901063,lifeattiktok,20250920021019,https://lifeattiktok.com/search/7547370946877901063,1
7547455054472694023,lifeattiktok,20250928200452,https://lifeattiktok.com/search/7547455054472694023,1
7547455762814896391,lifeattiktok,20250929054946,https://lifeattiktok.com/search/7547455762814896391,1
7547765259139025170,lifeattiktok,20250922141157,https://lifeattiktok.com/search/7547765259139025170?_rsc=1y1fq,3
7547820324465674503,lifeattiktok,20251117003422,https://lifeattiktok.com/search/7547820324465674503,1
7547822812507343122,lifeattiktok,20251117004132,https://lifeattiktok.com/search/7547822812507343122,1
7547874300750825736,lifeattiktok,20251016004518,https://lifeattiktok.com/search/7547874300750825736,1
7547992547182086407,lifeattiktok,20251016005643,https://lifeattiktok.com/search/7547992547182086407,1
7548040191861393672,lifeattiktok,20251011183050,https://lifeattiktok.com/search/7548040191861393672,1
7548044239008647442,lifeattiktok,20260114201442,https://lifeattiktok.com/search/7548044239008647442,1
7548102572256938247,lifeattiktok,20251001234735,https://lifeattiktok.com/search/7548102572256938247,3
7548183795784222984,lifeattiktok,20250922035718,https://lifeattiktok.com/search/7548183795784222984,1
7548286590054992135,lifeattiktok,20250921033509,https://lifeattiktok.com/search/7548286590054992135,1
7548303794150279431,lifeattiktok,20250920224406,https://lifeattiktok.com/search/7548303794150279431,1
7548488470755690759,lifeattiktok,20251027084906,https://lifeattiktok.com/search/7548488470755690759,2
7548586133308524807,lifeattiktok,20250920000419,https://lifeattiktok.com/search/7548586133308524807,1
7548586133572208903,lifeattiktok,20250920093333,https://lifeattiktok.com/search/7548586133572208903,1
7548681359578155282,lifeattiktok,20250921031119,https://lifeattiktok.com/search/7548681359578155282,1
7548785970020124946,lifeattiktok,20251011183057,https://lifeattiktok.com/search/7548785970020124946,1
7548812717307037970,lifeattiktok,20260114201831,https://lifeattiktok.com/search/7548812717307037970,1
7548909197187844360,lifeattiktok,20251022113948,https://lifeattiktok.com/search/7548909197187844360,2
7548965194279012616,lifeattiktok,20250920221926,https://lifeattiktok.com/search/7548965194279012616,1
7548968891328006418,lifeattiktok,20250921060322,https://lifeattiktok.com/search/7548968891328006418,1
7548975695407319304,lifeattiktok,20251015235346,https://lifeattiktok.com/search/7548975695407319304,1
7549070768300591367,lifeattiktok,20250920065021,https://lifeattiktok.com/search/7549070768300591367,1
7549326779380730130,lifeattiktok,20250919235326,https://lifeattiktok.com/search/7549326779380730130,1
7549345723381467400,lifeattiktok,20260609061045,https://lifeattiktok.com/search/7549345723381467400,1
7549357947320797448,lifeattiktok,20250922141157,https://lifeattiktok.com/search/7549357947320797448?_rsc=1y1fq,3
7549455772666988818,lifeattiktok,20250921011617,https://lifeattiktok.com/search/7549455772666988818,1
7549821188689135890,lifeattiktok,20250922141157,https://lifeattiktok.com/search/7549821188689135890?_rsc=1y1fq,3
7549823493438392584,lifeattiktok,20250920232737,https://lifeattiktok.com/search/7549823493438392584,1
7550142206574545160,lifeattiktok,20250921034155,https://lifeattiktok.com/search/7550142206574545160,1
7550199559432276242,lifeattiktok,20250920155700,https://lifeattiktok.com/search/7550199559432276242,1
7550241074758928658,lifeattiktok,20250920081135,https://lifeattiktok.com/search/7550241074758928658,1
7550241803702847762,lifeattiktok,20250929111609,https://lifeattiktok.com/search/7550241803702847762,1
7550246755356952840,lifeattiktok,20250920154949,https://lifeattiktok.com/search/7550246755356952840,1
7550247603330369810,lifeattiktok,20250919222525,https://lifeattiktok.com/search/7550247603330369810,1
7550286118604966152,lifeattiktok,20250920013922,https://lifeattiktok.com/search/7550286118604966152,1
7550298460433041672,lifeattiktok,20250920030141,https://lifeattiktok.com/search/7550298460433041672,1
7550316692452624648,lifeattiktok,20250920081358,https://lifeattiktok.com/search/7550316692452624648,1
7550325265348905224,lifeattiktok,20250921044938,https://lifeattiktok.com/search/7550325265348905224,1
7550337927508199688,lifeattiktok,20250919225746,https://lifeattiktok.com/search/7550337927508199688,1
7550558072105044231,lifeattiktok,20250921061003,https://lifeattiktok.com/search/7550558072105044231,1
7550565934059243784,lifeattiktok,20250921035144,https://lifeattiktok.com/search/7550565934059243784,1
7550570642559600904,lifeattiktok,20250920213316,https://lifeattiktok.com/search/7550570642559600904,1
7550613309499394322,lifeattiktok,20250920225750,https://lifeattiktok.com/search/7550613309499394322,1
7550627286904310034,lifeattiktok,20250918123304,https://lifeattiktok.com/search/7550627286904310034,1
7550670753504872722,lifeattiktok,20250929010834,https://lifeattiktok.com/search/7550670753504872722,1
7550683490686863623,lifeattiktok,20260114194021,https://lifeattiktok.com/search/7550683490686863623,1
7550763298204731666,lifeattiktok,20250922141157,https://lifeattiktok.com/search/7550763298204731666?_rsc=1y1fq,3
7550790814831511815,lifeattiktok,20260104120828,https://lifeattiktok.com/search/7550790814831511815,2
7550872544346949895,lifeattiktok,20260114211318,https://lifeattiktok.com/search/7550872544346949895,1
7550949634471201031,lifeattiktok,20250928133850,https://lifeattiktok.com/search/7550949634471201031,1
7550950550511421703,lifeattiktok,20250928172636,https://lifeattiktok.com/search/7550950550511421703,1
7551144402438441234,lifeattiktok,20250922141157,https://lifeattiktok.com/search/7551144402438441234?_rsc=1y1fq,3
7551156727774120210,lifeattiktok,20260421231137,https://lifeattiktok.com/search/7551156727774120210,1
7551533863102089490,lifeattiktok,20251015233642,https://lifeattiktok.com/search/7551533863102089490?spread=XKM9ZXE,1
7551545194593290504,lifeattiktok,20250929050530,https://lifeattiktok.com/search/7551545194593290504,1
7551554567801047304,lifeattiktok,20260519211329,https://lifeattiktok.com/search/7551554567801047304?utm_source=bandana,2
7551574702218627335,lifeattiktok,20250929002403,https://lifeattiktok.com/search/7551574702218627335,1
7551577279320557832,lifeattiktok,20251005050529,https://lifeattiktok.com/search/7551577279320557832,1
7551586670366181639,lifeattiktok,20251117002910,https://lifeattiktok.com/search/7551586670366181639,1
7551588636535572754,lifeattiktok,20251004142333,https://lifeattiktok.com/search/7551588636535572754,1
7551590804033800466,lifeattiktok,20251004150554,https://lifeattiktok.com/search/7551590804033800466,1
7551590804570999047,lifeattiktok,20250929013057,https://lifeattiktok.com/search/7551590804570999047,1
7551595988507674888,lifeattiktok,20250929060217,https://lifeattiktok.com/search/7551595988507674888,1
7551595990982527250,lifeattiktok,20250929122420,https://lifeattiktok.com/search/7551595990982527250,1
7551705406859610386,lifeattiktok,20250928100301,https://lifeattiktok.com/search/7551705406859610386,1
7551730859776084242,lifeattiktok,20250929125357,https://lifeattiktok.com/search/7551730859776084242,1
7551770208336791816,lifeattiktok,20250929103624,https://lifeattiktok.com/search/7551770208336791816,1
7551870172760770824,lifeattiktok,20260615205941,https://lifeattiktok.com/search/7551870172760770824?_rsc=1m3ql,2
7551911857762896146,lifeattiktok,20250928134504,https://lifeattiktok.com/search/7551911857762896146,1
7551914894279608583,lifeattiktok,20251011183235,https://lifeattiktok.com/search/7551914894279608583?utm_source=Simplify,2
7551946654916987143,lifeattiktok,20260330043913,https://lifeattiktok.com/search/7551946654916987143?utm_source=bandana,1
7552734613891156232,lifeattiktok,20250928160215,https://lifeattiktok.com/search/7552734613891156232,1
7552743336973650184,lifeattiktok,20251004093939,https://lifeattiktok.com/search/7552743336973650184,1
7552744684599331079,lifeattiktok,20250929042727,https://lifeattiktok.com/search/7552744684599331079,1
7552753449945205000,lifeattiktok,20251025195447,https://lifeattiktok.com/search/7552753449945205000?spread=5MWH5CQ,1
7552830592397117704,lifeattiktok,20250928185355,https://lifeattiktok.com/search/7552830592397117704,1
7552883765052803335,lifeattiktok,20250928063024,https://lifeattiktok.com/search/7552883765052803335,1
7552906417335044370,lifeattiktok,20250928085408,https://lifeattiktok.com/search/7552906417335044370,1
7552911160912169223,lifeattiktok,20250928231049,https://lifeattiktok.com/search/7552911160912169223,1
7552915940180150535,lifeattiktok,20250929092658,https://lifeattiktok.com/search/7552915940180150535,1
7552959832609966343,lifeattiktok,20250928193148,https://lifeattiktok.com/search/7552959832609966343,1
7552972859305265415,lifeattiktok,20251011183236,https://lifeattiktok.com/search/7552972859305265415?utm_source=Simplify,2
7552974163100043527,lifeattiktok,20250928103454,https://lifeattiktok.com/search/7552974163100043527,1
7553020962615773447,lifeattiktok,20250929082701,https://lifeattiktok.com/search/7553020962615773447,1
7553055988711868690,lifeattiktok,20250929053257,https://lifeattiktok.com/search/7553055988711868690,1
7553149906053302546,lifeattiktok,20250929110928,https://lifeattiktok.com/search/7553149906053302546,1
7553161334104459528,lifeattiktok,20250929023705,https://lifeattiktok.com/search/7553161334104459528,1
7553175919394638087,lifeattiktok,20250929025952,https://lifeattiktok.com/search/7553175919394638087,1
7553180770287241490,lifeattiktok,20250928180403,https://lifeattiktok.com/search/7553180770287241490,1
7553187214310656274,lifeattiktok,20250928095606,https://lifeattiktok.com/search/7553187214310656274,1
7553193925771757832,lifeattiktok,20250929105611,https://lifeattiktok.com/search/7553193925771757832,1
7553207270986074386,lifeattiktok,20250928123124,https://lifeattiktok.com/search/7553207270986074386,1
7553208536190716167,lifeattiktok,20250929145049,https://lifeattiktok.com/search/7553208536190716167,1
7553213021033302279,lifeattiktok,20250929104205,https://lifeattiktok.com/search/7553213021033302279,1
7553275286339504392,lifeattiktok,20250928151553,https://lifeattiktok.com/search/7553275286339504392,1
7553291663260813576,lifeattiktok,20250929140412,https://lifeattiktok.com/search/7553291663260813576,1
7553316363885103368,lifeattiktok,20250929050403,https://lifeattiktok.com/search/7553316363885103368,1
7553321473487538440,lifeattiktok,20250929120205,https://lifeattiktok.com/search/7553321473487538440,1
7553329183243143432,lifeattiktok,20251005035527,https://lifeattiktok.com/search/7553329183243143432,1
7553409083094911250,lifeattiktok,20250929122903,https://lifeattiktok.com/search/7553409083094911250,1
7553434302518003976,lifeattiktok,20251011183236,https://lifeattiktok.com/search/7553434302518003976?utm_source=Simplify,2
7553491193785633031,lifeattiktok,20250928081815,https://lifeattiktok.com/search/7553491193785633031,1
7553531426836236562,lifeattiktok,20250929025339,https://lifeattiktok.com/search/7553531426836236562,1
7553621130499918087,lifeattiktok,20251003173049,https://lifeattiktok.com/search/7553621130499918087,1
7553646782182836498,lifeattiktok,20260121220324,https://lifeattiktok.com/search/7553646782182836498?_rsc=1m3ql,1
7553658306654734599,lifeattiktok,20251003230934,https://lifeattiktok.com/search/7553658306654734599,1
7553776897322191111,lifeattiktok,20260902100935,https://lifeattiktok.com/search/7553776897322191111?utm_source=Simplify,1
7553833208288561415,lifeattiktok,20251003132743,https://lifeattiktok.com/search/7553833208288561415,1
7553882083882797330,lifeattiktok,20251004042415,https://lifeattiktok.com/search/7553882083882797330,1
7553986552411900167,lifeattiktok,20251004235003,https://lifeattiktok.com/search/7553986552411900167,1
7554065207470737671,lifeattiktok,20251003222709,https://lifeattiktok.com/search/7554065207470737671,1
7554065210282330375,lifeattiktok,20251004070253,https://lifeattiktok.com/search/7554065210282330375,1
7554068070034573576,lifeattiktok,20260114192855,https://lifeattiktok.com/search/7554068070034573576,1
7554086295992436999,lifeattiktok,20260902100928,https://lifeattiktok.com/search/7554086295992436999?utm_source=Simplify,1
7554110961176987911,lifeattiktok,20251004152836,https://lifeattiktok.com/search/7554110961176987911,1
7554211010796095752,lifeattiktok,20251004105942,https://lifeattiktok.com/search/7554211010796095752,1
7554270591412341010,lifeattiktok,20251004112411,https://lifeattiktok.com/search/7554270591412341010,1
7554280876458035464,lifeattiktok,20251004055832,https://lifeattiktok.com/search/7554280876458035464,1
7554345328645622023,lifeattiktok,20251004104109,https://lifeattiktok.com/search/7554345328645622023,1
7554345329266854162,lifeattiktok,20251117004712,https://lifeattiktok.com/search/7554345329266854162?spread=XKM9ZXE,2
7554393050828474642,lifeattiktok,20251004120712,https://lifeattiktok.com/search/7554393050828474642,1
7554393050874022151,lifeattiktok,20251004004955,https://lifeattiktok.com/search/7554393050874022151,1
7554453231532951815,lifeattiktok,20251002024517,https://lifeattiktok.com/search/7554453231532951815?gh_src=Tech%3ANYC+job+board,3
7554499357380692232,lifeattiktok,20260108175051,https://lifeattiktok.com/search/7554499357380692232?spread=5MWH5CQ,1
7554539645969123602,lifeattiktok,20251005000734,https://lifeattiktok.com/search/7554539645969123602,1
7554542061111478536,lifeattiktok,20260225210657,https://lifeattiktok.com/search/7554542061111478536?_rsc=1m3ql,2
7554547008415025415,lifeattiktok,20251004200813,https://lifeattiktok.com/search/7554547008415025415,1
7554547009617709330,lifeattiktok,20251003183057,https://lifeattiktok.com/search/7554547009617709330,1
7554551752353450248,lifeattiktok,20251003152209,https://lifeattiktok.com/search/7554551752353450248,1
7554554345858713874,lifeattiktok,20251005005045,https://lifeattiktok.com/search/7554554345858713874,1
7554778527813732616,lifeattiktok,20251003232417,https://lifeattiktok.com/search/7554778527813732616,1
7555401384993310984,lifeattiktok,20260114211823,https://lifeattiktok.com/search/7555401384993310984,1
7555408965947181330,lifeattiktok,20251003213828,https://lifeattiktok.com/search/7555408965947181330,1
7555474293124942098,lifeattiktok,20251003191938,https://lifeattiktok.com/search/7555474293124942098,1
7555477891568781586,lifeattiktok,20251004034806,https://lifeattiktok.com/search/7555477891568781586,1
7555533943804020999,lifeattiktok,20251004125000,https://lifeattiktok.com/search/7555533943804020999,1
7555536328973486344,lifeattiktok,20251005010513,https://lifeattiktok.com/search/7555536328973486344,1
7555575750196594952,lifeattiktok,20251003175234,https://lifeattiktok.com/search/7555575750196594952,1
7555576192603851026,lifeattiktok,20251004070550,https://lifeattiktok.com/search/7555576192603851026,1
7555579843799566599,lifeattiktok,20251004101433,https://lifeattiktok.com/search/7555579843799566599,1
7555616329621883143,lifeattiktok,20251003221351,https://lifeattiktok.com/search/7555616329621883143,1
7555639037490120968,lifeattiktok,20251004123343,https://lifeattiktok.com/search/7555639037490120968,1
7555639735994714375,lifeattiktok,20251004095358,https://lifeattiktok.com/search/7555639735994714375,1
7555642356369279240,lifeattiktok,20251004144725,https://lifeattiktok.com/search/7555642356369279240,1
7555649617507207431,lifeattiktok,20251004113531,https://lifeattiktok.com/search/7555649617507207431,1
7555654150546950418,lifeattiktok,20251004103931,https://lifeattiktok.com/search/7555654150546950418,1
7555660874145843474,lifeattiktok,20251003210446,https://lifeattiktok.com/search/7555660874145843474,1
7555662396733458706,lifeattiktok,20251005001951,https://lifeattiktok.com/search/7555662396733458706,1
7555663558845319442,lifeattiktok,20251004143550,https://lifeattiktok.com/search/7555663558845319442,1
7555665235991185671,lifeattiktok,20251005033822,https://lifeattiktok.com/search/7555665235991185671,1
7555695411248498951,lifeattiktok,20251003132152,https://lifeattiktok.com/search/7555695411248498951,1
7555697389064538376,lifeattiktok,20251005031625,https://lifeattiktok.com/search/7555697389064538376,1
7555698538001942802,lifeattiktok,20251004092231,https://lifeattiktok.com/search/7555698538001942802,1
7555727118706968850,lifeattiktok,20251005021804,https://lifeattiktok.com/search/7555727118706968850,1
7555748250617612562,lifeattiktok,20251004013210,https://lifeattiktok.com/search/7555748250617612562,1
7555771254684092680,lifeattiktok,20251003204141,https://lifeattiktok.com/search/7555771254684092680,1
7555790679546022152,lifeattiktok,20251003151315,https://lifeattiktok.com/search/7555790679546022152,1
7555837752493230354,lifeattiktok,20251005030315,https://lifeattiktok.com/search/7555837752493230354,1
7555859892927088904,lifeattiktok,20251004221151,https://lifeattiktok.com/search/7555859892927088904,1
7555879501742278920,lifeattiktok,20251005063627,https://lifeattiktok.com/search/7555879501742278920,1
7555884580067313927,lifeattiktok,20251005033724,https://lifeattiktok.com/search/7555884580067313927,1
7555897524908067090,lifeattiktok,20251004150544,https://lifeattiktok.com/search/7555897524908067090,1
7555903620249159944,lifeattiktok,20251003212305,https://lifeattiktok.com/search/7555903620249159944,1
7555914543966701831,lifeattiktok,20251004172404,https://lifeattiktok.com/search/7555914543966701831,1
7555920372707150098,lifeattiktok,20251005044530,https://lifeattiktok.com/search/7555920372707150098,1
7555921078751037703,lifeattiktok,20251004110134,https://lifeattiktok.com/search/7555921078751037703,1
7555921342177233159,lifeattiktok,20251003142605,https://lifeattiktok.com/search/7555921342177233159,1
7555939930678806791,lifeattiktok,20251004165407,https://lifeattiktok.com/search/7555939930678806791,1
7555940184710318344,lifeattiktok,20251209102043,https://lifeattiktok.com/search/7555940184710318344?utm_source=Getro.org+job+board&utm_medium=getro.com&gh_src=Getro.org+job+board,2
7555942457093343506,lifeattiktok,20251004140817,https://lifeattiktok.com/search/7555942457093343506,1
7555965288337525010,lifeattiktok,20251005044448,https://lifeattiktok.com/search/7555965288337525010,1
7556134088492239112,lifeattiktok,20251005061953,https://lifeattiktok.com/search/7556134088492239112,1
7556169572320856327,lifeattiktok,20251004061156,https://lifeattiktok.com/search/7556169572320856327,1
7556206788404988168,lifeattiktok,20251004145523,https://lifeattiktok.com/search/7556206788404988168,1
7556212898403223816,lifeattiktok,20251101055813,https://lifeattiktok.com/search/7556212898403223816?utm_source=greenjobs.beehiiv.com&utm_medium=newsletter&utm_campaign=250-green-climate-jobs-edf-climate-corps-internships,2
7556514442126608658,lifeattiktok,20260223074609,https://lifeattiktok.com/search/7556514442126608658,2
7556667429771790599,lifeattiktok,20260609051441,https://lifeattiktok.com/search/7556667429771790599,2
7556678418675337479,lifeattiktok,20260114193518,https://lifeattiktok.com/search/7556678418675337479,1
7558194751557404936,lifeattiktok,20251025130219,https://lifeattiktok.com/search/7558194751557404936,2
7558624728593271048,lifeattiktok,20260203093632,https://lifeattiktok.com/search/7558624728593271048,1
7558637853871261960,lifeattiktok,20251209115207,https://lifeattiktok.com/search/7558637853871261960?utm_source=Getro.org+job+board&utm_medium=getro.com&gh_src=Getro.org+job+board,2
7558738982529943826,lifeattiktok,20251209112439,https://lifeattiktok.com/search/7558738982529943826?spread=5MWH5CQ&utm_source=Trust+and+Safety+Jobs,1
7558800248178510098,lifeattiktok,20251117001824,https://lifeattiktok.com/search/7558800248178510098,1
7558867592766949650,lifeattiktok,20260615210142,https://lifeattiktok.com/search/7558867592766949650,1
7559026733786548488,lifeattiktok,20260116160428,https://lifeattiktok.com/search/7559026733786548488,1
7559311409135175943,lifeattiktok,20251115082958,https://lifeattiktok.com/search/7559311409135175943,2
7559487394932590856,lifeattiktok,20260415175519,https://lifeattiktok.com/search/7559487394932590856,1
7559582336288770312,lifeattiktok,20260318170640,https://lifeattiktok.com/search/7559582336288770312,1
7559685811000609032,lifeattiktok,20251209101129,https://lifeattiktok.com/search/7559685811000609032?utm_source=Getro.org+job+board&utm_medium=getro.com&gh_src=Getro.org+job+board,1
7559731427425257746,lifeattiktok,20260710181115,https://lifeattiktok.com/search/7559731427425257746,1
7559809302165981458,lifeattiktok,20260304155018,https://lifeattiktok.com/search/7559809302165981458,2
7560597018509412615,lifeattiktok,20251025095259,https://lifeattiktok.com/search/7560597018509412615,2
7560617774373538066,lifeattiktok,20251209101027,https://lifeattiktok.com/search/7560617774373538066,1
7560835687420889397,lifeattiktok,20251030093413,https://lifeattiktok.com/search/7560835687420889397?utm_source=joraau&utm_campaign=joraau&utm_medium=organic,1
7561941583777941813,lifeattiktok,20260627011503,https://lifeattiktok.com/search/7561941583777941813?utm_source=Simplify,2
7563243159486449973,lifeattiktok,20260710212811,https://lifeattiktok.com/search/7563243159486449973,1
7563610843182221573,lifeattiktok,20260112212200,https://lifeattiktok.com/search/7563610843182221573,1
7563707071401773365,lifeattiktok,20260130184615,https://lifeattiktok.com/search/7563707071401773365,1
7563732631320070405,lifeattiktok,20260902100351,https://lifeattiktok.com/search/7563732631320070405?utm_source=Simplify,1
7564088059246512389,lifeattiktok,20260114194609,https://lifeattiktok.com/search/7564088059246512389?spread=5MWH5CQ&utm_source=Trust+and+Safety+Jobs,1
7564337321658386693,lifeattiktok,20260121220323,https://lifeattiktok.com/search/7564337321658386693?_rsc=1m3ql,1
7564819593578957061,lifeattiktok,20260311020426,https://lifeattiktok.com/search/7564819593578957061,2
7564977224643512629,lifeattiktok,20260130100021,https://lifeattiktok.com/search/7564977224643512629,1
7565627995149633797,lifeattiktok,20260817160756,https://lifeattiktok.com/search/7565627995149633797,2
7565722302072342789,lifeattiktok,20251209111628,https://lifeattiktok.com/search/7565722302072342789,1
7566097021079931141,lifeattiktok,20260120224106,https://lifeattiktok.com/search/7566097021079931141,1
7566386852330244405,lifeattiktok,20260208193515,https://lifeattiktok.com/search/7566386852330244405,1
7566579536287713541,lifeattiktok,20260422030010,https://lifeattiktok.com/search/7566579536287713541?_rsc=1m3ql,1
7567448557734578437,lifeattiktok,20251117012255,https://lifeattiktok.com/search/7567448557734578437,1
7568226426202540341,lifeattiktok,20251117013943,https://lifeattiktok.com/search/7568226426202540341,1
7568323478786394373,lifeattiktok,20260615205939,https://lifeattiktok.com/search/7568323478786394373?_rsc=1m3ql,2
7568856449286981893,lifeattiktok,20260301150542,https://lifeattiktok.com/search/7568856449286981893,2
7568931684455319813,lifeattiktok,20260819124021,https://lifeattiktok.com/search/7568931684455319813,1
7568983281238313221,lifeattiktok,20260228125554,https://lifeattiktok.com/search/7568983281238313221,2
7569052216902338869,lifeattiktok,20260130115542,https://lifeattiktok.com/search/7569052216902338869,1
7569745540639344901,lifeattiktok,20260114204850,https://lifeattiktok.com/search/7569745540639344901,1
7569766938340690229,lifeattiktok,20260902100350,https://lifeattiktok.com/search/7569766938340690229?utm_source=Simplify,1
7569767150333856053,lifeattiktok,20260902100350,https://lifeattiktok.com/search/7569767150333856053?utm_source=Simplify,1
7569795917156321589,lifeattiktok,20251209114013,https://lifeattiktok.com/search/7569795917156321589,1
7569971468879628549,lifeattiktok,20251209112946,https://lifeattiktok.com/search/7569971468879628549,1
7571369888846956853,lifeattiktok,20260112212143,https://lifeattiktok.com/search/7571369888846956853,1
7571424312043292933,lifeattiktok,20260114204421,https://lifeattiktok.com/search/7571424312043292933,1
7572186837932951813,lifeattiktok,20260114202355,https://lifeattiktok.com/search/7572186837932951813,1
7572358528171510069,lifeattiktok,20260902100649,https://lifeattiktok.com/search/7572358528171510069?utm_source=Simplify,1
7572594562450180357,lifeattiktok,20260114193118,https://lifeattiktok.com/search/7572594562450180357,1
7572665884037826869,lifeattiktok,20260902100646,https://lifeattiktok.com/search/7572665884037826869?utm_source=Simplify,1
7573738070189869365,lifeattiktok,20260208191700,https://lifeattiktok.com/search/7573738070189869365,1
7573954231881910533,lifeattiktok,20260114210045,https://lifeattiktok.com/search/7573954231881910533,1
7573984180993444149,lifeattiktok,20251224152852,https://lifeattiktok.com/search/7573984180993444149,1
7574012646993660165,lifeattiktok,20260208205956,https://lifeattiktok.com/search/7574012646993660165,1
7574148661151156485,lifeattiktok,20260902100319,https://lifeattiktok.com/search/7574148661151156485?utm_source=Simplify,1
7574456395710728501,lifeattiktok,20260114210225,https://lifeattiktok.com/search/7574456395710728501,1
7574639430376556805,lifeattiktok,20260114203558,https://lifeattiktok.com/search/7574639430376556805,1
7574875673761040693,lifeattiktok,20251209105512,https://lifeattiktok.com/search/7574875673761040693,1
7575296281283938613,lifeattiktok,20260902100349,https://lifeattiktok.com/search/7575296281283938613?utm_source=Simplify,1
7576559103433132293,lifeattiktok,20260129040626,https://lifeattiktok.com/search/7576559103433132293,1
7576597060629154053,lifeattiktok,20260515010244,https://lifeattiktok.com/search/7576597060629154053,1
7576601313002146101,lifeattiktok,20260515023545,https://lifeattiktok.com/search/7576601313002146101,1
7576604677780015365,lifeattiktok,20260515013703,https://lifeattiktok.com/search/7576604677780015365,1
7576860468322961717,lifeattiktok,20260112212334,https://lifeattiktok.com/search/7576860468322961717,1
7576864559529658629,lifeattiktok,20260112211905,https://lifeattiktok.com/search/7576864559529658629,1
7577181506348615989,lifeattiktok,20260106203634,https://lifeattiktok.com/search/7577181506348615989?spread=5MWH5CQ,1
7578893767736789253,lifeattiktok,20260422000259,https://lifeattiktok.com/search/7578893767736789253?utm_source=Trust+and+Safety+Jobs,2
7579404042251192629,lifeattiktok,20260515015406,https://lifeattiktok.com/search/7579404042251192629,1
7579588996705290549,lifeattiktok,20260506185147,https://lifeattiktok.com/search/7579588996705290549,2
7579713028616734981,lifeattiktok,20260114202037,https://lifeattiktok.com/search/7579713028616734981,1
7579755056091908405,lifeattiktok,20260105082601,https://lifeattiktok.com/search/7579755056091908405,2
7579837197955434757,lifeattiktok,20260130100324,https://lifeattiktok.com/search/7579837197955434757,1
7579975285465581829,lifeattiktok,20260515014801,https://lifeattiktok.com/search/7579975285465581829,1
7580310357531822341,lifeattiktok,20260120224544,https://lifeattiktok.com/search/7580310357531822341,1
7580653816966957365,lifeattiktok,20260310042732,https://lifeattiktok.com/search/7580653816966957365,2
7580654694347852085,lifeattiktok,20260111212514,https://lifeattiktok.com/search/7580654694347852085,2
7580654942558980405,lifeattiktok,20260130043553,https://lifeattiktok.com/search/7580654942558980405,2
7580654947643541765,lifeattiktok,20260113014101,https://lifeattiktok.com/search/7580654947643541765,2
7581683901534751029,lifeattiktok,20260506185147,https://lifeattiktok.com/search/7581683901534751029,2
7582013793297123589,lifeattiktok,20260309031859,https://lifeattiktok.com/search/7582013793297123589,2
7582152132208429365,lifeattiktok,20260506185315,https://lifeattiktok.com/search/7582152132208429365?_rsc=1m3ql,1
7582628953110874421,lifeattiktok,20260515014120,https://lifeattiktok.com/search/7582628953110874421,1
7582723632221718837,lifeattiktok,20260114205855,https://lifeattiktok.com/search/7582723632221718837?spread=XKM9ZXE,1
7582799918795737349,lifeattiktok,20260615205936,https://lifeattiktok.com/search/7582799918795737349?_rsc=1m3ql,1
7582800615631390981,lifeattiktok,20260615205936,https://lifeattiktok.com/search/7582800615631390981?_rsc=1m3ql,1
7583141608302987525,lifeattiktok,20260902100333,https://lifeattiktok.com/search/7583141608302987525?utm_source=Simplify,1
7583988651312695557,lifeattiktok,20260204222558,https://lifeattiktok.com/search/7583988651312695557,2
7584045090361952565,lifeattiktok,20260208202811,https://lifeattiktok.com/search/7584045090361952565,1
7584045532713486645,lifeattiktok,20260208205255,https://lifeattiktok.com/search/7584045532713486645,1
7584121077547239685,lifeattiktok,20260203214814,https://lifeattiktok.com/search/7584121077547239685,2
7584179082162653445,lifeattiktok,20260506185316,https://lifeattiktok.com/search/7584179082162653445?_rsc=1m3ql,3
7584522934515714357,lifeattiktok,20260902100335,https://lifeattiktok.com/search/7584522934515714357?utm_source=Simplify,2
7585114089765947701,lifeattiktok,20260219075558,https://lifeattiktok.com/search/7585114089765947701,1
7585195885773064453,lifeattiktok,20260207235247,https://lifeattiktok.com/search/7585195885773064453?spread=5MWH5CQ,1
7586023715353004341,lifeattiktok,20260515015732,https://lifeattiktok.com/search/7586023715353004341,1
7586547258435389749,lifeattiktok,20260515005927,https://lifeattiktok.com/search/7586547258435389749,1
7586586702671431941,lifeattiktok,20260515015141,https://lifeattiktok.com/search/7586586702671431941,1
7586702384279177477,lifeattiktok,20260120225050,https://lifeattiktok.com/search/7586702384279177477,1
7586919482171148597,lifeattiktok,20260208201535,https://lifeattiktok.com/search/7586919482171148597,1
7587096436127680773,lifeattiktok,20260902100349,https://lifeattiktok.com/search/7587096436127680773?utm_source=Simplify,1
7587167518168729909,lifeattiktok,20260208201347,https://lifeattiktok.com/search/7587167518168729909,1
7587311484217280773,lifeattiktok,20260120225631,https://lifeattiktok.com/search/7587311484217280773,1
7587373745629006133,lifeattiktok,20260515022525,https://lifeattiktok.com/search/7587373745629006133,1
7589175138322024709,lifeattiktok,20260109185354,https://lifeattiktok.com/search/7589175138322024709,2
7589216791264577797,lifeattiktok,20260511101235,https://lifeattiktok.com/search/7589216791264577797,2
7589236811970054405,lifeattiktok,20260515021234,https://lifeattiktok.com/search/7589236811970054405,1
7589499857627498757,lifeattiktok,20260216230921,https://lifeattiktok.com/search/7589499857627498757,2
7589500133147773237,lifeattiktok,20260902100355,https://lifeattiktok.com/search/7589500133147773237?utm_source=Simplify,1
7589618559078418741,lifeattiktok,20260724033205,https://lifeattiktok.com/search/7589618559078418741,2
7591818099248367925,lifeattiktok,20260515010518,https://lifeattiktok.com/search/7591818099248367925,1
7591820752581347589,lifeattiktok,20260515014522,https://lifeattiktok.com/search/7591820752581347589,1
7591947799615260933,lifeattiktok,20260902100929,https://lifeattiktok.com/search/7591947799615260933?utm_source=Simplify,3
7592014594232142085,lifeattiktok,20260112024339,https://lifeattiktok.com/search/7592014594232142085?utm_source=Simplify,1
7592115237932337413,lifeattiktok,20260515023632,https://lifeattiktok.com/search/7592115237932337413,1
7592636709283236101,lifeattiktok,20260208203902,https://lifeattiktok.com/search/7592636709283236101,1
7592818424885496117,lifeattiktok,20260220170246,https://lifeattiktok.com/search/7592818424885496117,2
7592919959140501765,lifeattiktok,20260201155157,https://lifeattiktok.com/search/7592919959140501765,1
7593091304680163637,lifeattiktok,20260609061632,https://lifeattiktok.com/search/7593091304680163637,1
7593156568547084549,lifeattiktok,20260315112459,https://lifeattiktok.com/search/7593156568547084549,1
7593280552969898245,lifeattiktok,20260422030017,https://lifeattiktok.com/search/7593280552969898245,2
7593336269709068549,lifeattiktok,20260121220323,https://lifeattiktok.com/search/7593336269709068549?_rsc=1m3ql,1
7593337662973774085,lifeattiktok,20260114203051,https://lifeattiktok.com/search/7593337662973774085,1
7594328845282543925,lifeattiktok,20260309162441,https://lifeattiktok.com/search/7594328845282543925,2
7594362449834281221,lifeattiktok,20260218200535,https://lifeattiktok.com/search/7594362449834281221,2
7594494213741693237,lifeattiktok,20260515015510,https://lifeattiktok.com/search/7594494213741693237,1
7594646816516852021,lifeattiktok,20260609060008,https://lifeattiktok.com/search/7594646816516852021?spread=5MWH5CQ,1
7594694345997388085,lifeattiktok,20260307210450,https://lifeattiktok.com/search/7594694345997388085,2
7594884244959398197,lifeattiktok,20260201084952,https://lifeattiktok.com/search/7594884244959398197,1
7594895259798325557,lifeattiktok,20260422030009,https://lifeattiktok.com/search/7594895259798325557?_rsc=1m3ql,1
7595158450729552181,lifeattiktok,20260515022459,https://lifeattiktok.com/search/7595158450729552181,1
7595207546911787317,lifeattiktok,20260228150924,https://lifeattiktok.com/search/7595207546911787317,2
7595295180933187845,lifeattiktok,20260208203739,https://lifeattiktok.com/search/7595295180933187845?spread=XKM9ZXE,1
7595305817516165381,lifeattiktok,20260902100654,https://lifeattiktok.com/search/7595305817516165381?utm_source=Simplify,1
7595306554946193717,lifeattiktok,20260902100650,https://lifeattiktok.com/search/7595306554946193717?utm_source=Simplify,2
7595323263724407093,lifeattiktok,20260315111420,https://lifeattiktok.com/search/7595323263724407093,1
7595340771562621189,lifeattiktok,20260315071927,https://lifeattiktok.com/search/7595340771562621189?utm_source=levels.fyi&spread=5MWH5CQ,1
7595344466313529653,lifeattiktok,20260609051241,https://lifeattiktok.com/search/7595344466313529653,2
7595384596352698629,lifeattiktok,20260309065336,https://lifeattiktok.com/search/7595384596352698629,2
7595478117132486917,lifeattiktok,20260204031631,https://lifeattiktok.com/search/7595478117132486917,2
7595507388230568245,lifeattiktok,20260208205559,https://lifeattiktok.com/search/7595507388230568245,1
7595672941112314117,lifeattiktok,20260225210700,https://lifeattiktok.com/search/7595672941112314117?_rsc=1m3ql,1
7595692218011322677,lifeattiktok,20260203101720,https://lifeattiktok.com/search/7595692218011322677,1
7595882041935055157,lifeattiktok,20260208204814,https://lifeattiktok.com/search/7595882041935055157,2
7596036102984681733,lifeattiktok,20260225210736,https://lifeattiktok.com/search/7596036102984681733?_rsc=1m3ql,1
7596141169135847733,lifeattiktok,20260130123326,https://lifeattiktok.com/search/7596141169135847733,1
7596150377198815493,lifeattiktok,20260130100417,https://lifeattiktok.com/search/7596150377198815493,1
7596727889644407093,lifeattiktok,20260121220411,https://lifeattiktok.com/search/7596727889644407093?_rsc=1m3ql,1
7597037927245154565,lifeattiktok,20260130032634,https://lifeattiktok.com/search/7597037927245154565,2
7597330372545087797,lifeattiktok,20260511101229,https://lifeattiktok.com/search/7597330372545087797?_rsc=1m3ql,1
7597562701782599941,lifeattiktok,20260208210210,https://lifeattiktok.com/search/7597562701782599941,1
7597885058355349813,lifeattiktok,20260208204030,https://lifeattiktok.com/search/7597885058355349813,1
7598083304205617461,lifeattiktok,20260515010043,https://lifeattiktok.com/search/7598083304205617461,1
7598386500537092357,lifeattiktok,20260515012621,https://lifeattiktok.com/search/7598386500537092357,1
7598406022924126517,lifeattiktok,20260226165857,https://lifeattiktok.com/search/7598406022924126517?_rsc=1m3ql,1
7598643737229838597,lifeattiktok,20260306040506,https://lifeattiktok.com/search/7598643737229838597,2
7598849238706735365,lifeattiktok,20260902100337,https://lifeattiktok.com/search/7598849238706735365?utm_source=Simplify,2
7599663005456664837,lifeattiktok,20260506185147,https://lifeattiktok.com/search/7599663005456664837,2
7599780302646954245,lifeattiktok,20260226165832,https://lifeattiktok.com/search/7599780302646954245?_rsc=1m3ql,1
7599841401208031541,lifeattiktok,20260218033218,https://lifeattiktok.com/search/7599841401208031541,1
7599903301778950405,lifeattiktok,20260515015302,https://lifeattiktok.com/search/7599903301778950405,1
7600002352690612485,lifeattiktok,20260315105138,https://lifeattiktok.com/search/7600002352690612485,1
7600124783334983989,lifeattiktok,20260315111150,https://lifeattiktok.com/search/7600124783334983989,1
7600292878637943045,lifeattiktok,20260415175754,https://lifeattiktok.com/search/7600292878637943045,1
7600475462762826037,lifeattiktok,20260519211329,https://lifeattiktok.com/search/7600475462762826037?utm_source=bandana,1
7600494764903893301,lifeattiktok,20260317211655,https://lifeattiktok.com/search/7600494764903893301,1
7600517104210938165,lifeattiktok,20260519175424,https://lifeattiktok.com/search/7600517104210938165?_rsc=1m3ql,1
7600535181632457013,lifeattiktok,20260902100613,https://lifeattiktok.com/search/7600535181632457013?utm_source=Simplify,1
7600536394771564853,lifeattiktok,20260425073228,https://lifeattiktok.com/search/7600536394771564853?utm_source=Simplify,2
7600539262199974197,lifeattiktok,20260315105518,https://lifeattiktok.com/search/7600539262199974197,1
7600547425322256693,lifeattiktok,20260515012232,https://lifeattiktok.com/search/7600547425322256693,1
7600558971164870917,lifeattiktok,20260329155835,https://lifeattiktok.com/search/7600558971164870917?utm_source=Simplify,1
7600724640411683125,lifeattiktok,20260708133205,https://lifeattiktok.com/search/7600724640411683125?_rsc=1v3au,1
7600754933952743733,lifeattiktok,20260515005136,https://lifeattiktok.com/search/7600754933952743733,1
7600809806840449333,lifeattiktok,20260515020235,https://lifeattiktok.com/search/7600809806840449333,1
7600814256192014645,lifeattiktok,20260515015849,https://lifeattiktok.com/search/7600814256192014645,1
7601277952123603253,lifeattiktok,20260226205125,https://lifeattiktok.com/search/7601277952123603253,2
7602207110731057461,lifeattiktok,20260515022055,https://lifeattiktok.com/search/7602207110731057461,1
7602321797007329589,lifeattiktok,20260708133205,https://lifeattiktok.com/search/7602321797007329589?_rsc=1v3au,2
7602378133784643845,lifeattiktok,20260415175745,https://lifeattiktok.com/search/7602378133784643845,1
7602502480300280117,lifeattiktok,20260515020625,https://lifeattiktok.com/search/7602502480300280117,1
7602596392940259589,lifeattiktok,20260303172157,https://lifeattiktok.com/search/7602596392940259589,2
7602639582339238149,lifeattiktok,20260421225050,https://lifeattiktok.com/search/7602639582339238149?spread=5MWH5CQ&utm_source=Trust+and+Safety+Jobs,1
7602639994192283957,lifeattiktok,20260421231334,https://lifeattiktok.com/search/7602639994192283957?spread=5MWH5CQ&utm_source=Trust+and+Safety+Jobs,1
7602639994319358261,lifeattiktok,20260315111127,https://lifeattiktok.com/search/7602639994319358261?spread=5MWH5CQ&utm_source=Trust+and+Safety+Jobs,1
7602692688617752885,lifeattiktok,20260227141315,https://lifeattiktok.com/search/7602692688617752885,2
7602699537740892469,lifeattiktok,20260226201632,https://lifeattiktok.com/search/7602699537740892469,2
7603086882485864709,lifeattiktok,20260315105545,https://lifeattiktok.com/search/7603086882485864709,1
7603102902031157509,lifeattiktok,20260315110927,https://lifeattiktok.com/search/7603102902031157509,1
7603112343200680197,lifeattiktok,20260315105922,https://lifeattiktok.com/search/7603112343200680197,1
7603115690855762181,lifeattiktok,20260315105705,https://lifeattiktok.com/search/7603115690855762181,1
7603151370340485381,lifeattiktok,20260226165857,https://lifeattiktok.com/search/7603151370340485381?_rsc=1m3ql,2
7603317198921074997,lifeattiktok,20260519211139,https://lifeattiktok.com/search/7603317198921074997?utm_source=bandana,1
7603317923455273221,lifeattiktok,20260515023644,https://lifeattiktok.com/search/7603317923455273221,1
7603320652758698293,lifeattiktok,20260506185316,https://lifeattiktok.com/search/7603320652758698293?_rsc=1m3ql,1
7603879407275444533,lifeattiktok,20260421221158,https://lifeattiktok.com/search/7603879407275444533,1
7603921873697196293,lifeattiktok,20260422000517,https://lifeattiktok.com/search/7603921873697196293,1
7604781288859748661,lifeattiktok,20260506185324,https://lifeattiktok.com/search/7604781288859748661,2
7605165402553944325,lifeattiktok,20260421233803,https://lifeattiktok.com/search/7605165402553944325?spread=5MWH5CQ&utm_source=Trust+and+Safety+Jobs,1
7605285317163387189,lifeattiktok,20260519175425,https://lifeattiktok.com/search/7605285317163387189?_rsc=1m3ql,1
7605353124442343733,lifeattiktok,20260710212806,https://lifeattiktok.com/search/7605353124442343733,1
7605436552185399605,lifeattiktok,20260408060306,https://lifeattiktok.com/search/7605436552185399605,1
7605475214691928373,lifeattiktok,20260515023608,https://lifeattiktok.com/search/7605475214691928373?utm_source=early-talent.diversifytech.com&utm_medium=referral&utm_campaign=student-edition-issue-246,1
7605659841294518581,lifeattiktok,20260315114918,https://lifeattiktok.com/search/7605659841294518581,1
7605996823695116597,lifeattiktok,20260315112433,https://lifeattiktok.com/search/7605996823695116597,1
7606135424729368885,lifeattiktok,20260506185147,https://lifeattiktok.com/search/7606135424729368885,2
7607493509502732549,lifeattiktok,20260305113852,https://lifeattiktok.com/search/7607493509502732549,2
7607589832285899061,lifeattiktok,20260226165856,https://lifeattiktok.com/search/7607589832285899061?_rsc=1m3ql,1
7607703021669337397,lifeattiktok,20260421225530,https://lifeattiktok.com/search/7607703021669337397,1
7607953968303982901,lifeattiktok,20260515020424,https://lifeattiktok.com/search/7607953968303982901?spread=XKM9ZXE&utm_source=vibehackers.io&utm_medium=referral&utm_campaign=vibehackers_apply,1
7609019984313452805,lifeattiktok,20260425073235,https://lifeattiktok.com/search/7609019984313452805?utm_source=Simplify,3
7609047550392191237,lifeattiktok,20260515014356,https://lifeattiktok.com/search/7609047550392191237,2
7610200965827807493,lifeattiktok,20260519175424,https://lifeattiktok.com/search/7610200965827807493?_rsc=1m3ql,1
7610233267577030917,lifeattiktok,20260304160544,https://lifeattiktok.com/search/7610233267577030917,2
7610363345191962933,lifeattiktok,20260515021550,https://lifeattiktok.com/search/7610363345191962933,1
7610829534909679877,lifeattiktok,20260515012724,https://lifeattiktok.com/search/7610829534909679877,1
7611016928481298693,lifeattiktok,20260315114046,https://lifeattiktok.com/search/7611016928481298693,1
7611026837016201477,lifeattiktok,20260515022314,https://lifeattiktok.com/search/7611026837016201477,1
7611027854739294517,lifeattiktok,20260515013914,https://lifeattiktok.com/search/7611027854739294517,1
7611343656792344885,lifeattiktok,20260315111317,https://lifeattiktok.com/search/7611343656792344885,1
7611430843576191237,lifeattiktok,20260619180332,https://lifeattiktok.com/search/7611430843576191237,2
7611590228230687029,lifeattiktok,20260515023621,https://lifeattiktok.com/search/7611590228230687029,1
7611820476337899781,lifeattiktok,20260413220938,https://lifeattiktok.com/search/7611820476337899781?spread=5MWH5CQ,1
7611950589973186821,lifeattiktok,20260421224631,https://lifeattiktok.com/search/7611950589973186821?spread=5MWH5CQ&utm_source=Trust+and+Safety+Jobs,1
7612547552476285189,lifeattiktok,20260421224022,https://lifeattiktok.com/search/7612547552476285189,1
7612603871816354053,lifeattiktok,20260422030017,https://lifeattiktok.com/search/7612603871816354053,2
7612776124318632197,lifeattiktok,20260421235538,https://lifeattiktok.com/search/7612776124318632197,1
7613191081590294789,lifeattiktok,20260415180026,https://lifeattiktok.com/search/7613191081590294789,1
7613222246648252677,lifeattiktok,20260515012549,https://lifeattiktok.com/search/7613222246648252677?utm_source=early-talent.diversifytech.com&utm_medium=referral&utm_campaign=student-edition-issue-246,1
7613464199235438901,lifeattiktok,20260421233942,https://lifeattiktok.com/search/7613464199235438901,1
7613563421813033269,lifeattiktok,20260324080038,https://lifeattiktok.com/search/7613563421813033269,1
7613563495740852485,lifeattiktok,20260515013939,https://lifeattiktok.com/search/7613563495740852485,1
7613569281146947893,lifeattiktok,20260902100319,https://lifeattiktok.com/search/7613569281146947893?utm_source=Simplify,1
7613587198434855173,lifeattiktok,20260515022151,https://lifeattiktok.com/search/7613587198434855173?utm_medium=email&utm_source=hs_email,2
7614262671299529013,lifeattiktok,20260421234638,https://lifeattiktok.com/search/7614262671299529013,1
7615075191941794101,lifeattiktok,20260421220153,https://lifeattiktok.com/search/7615075191941794101,1
7615200699101792565,lifeattiktok,20260515020357,https://lifeattiktok.com/search/7615200699101792565,1
7615451587969173813,lifeattiktok,20260720154906,https://lifeattiktok.com/search/7615451587969173813,1
7616071047978322181,lifeattiktok,20260421235020,https://lifeattiktok.com/search/7616071047978322181,1
7616106067765070133,lifeattiktok,20260515021901,https://lifeattiktok.com/search/7616106067765070133?spread=XKM9ZXE,1
7616196460171069701,lifeattiktok,20260515013101,https://lifeattiktok.com/search/7616196460171069701,1
7616680007864731957,lifeattiktok,20260515020452,https://lifeattiktok.com/search/7616680007864731957,1
7617988028681980213,lifeattiktok,20260515013729,https://lifeattiktok.com/search/7617988028681980213,1
7618124649465481525,lifeattiktok,20260506084630,https://lifeattiktok.com/search/7618124649465481525?_rsc=1m3ql,1
7618330582761785605,lifeattiktok,20260422030017,https://lifeattiktok.com/search/7618330582761785605,2
7618673899701799221,lifeattiktok,20260615205939,https://lifeattiktok.com/search/7618673899701799221?_rsc=1m3ql,1
7619081961436924213,lifeattiktok,20260615205938,https://lifeattiktok.com/search/7619081961436924213?_rsc=1m3ql,1
7620521322171664645,lifeattiktok,20260409160046,https://lifeattiktok.com/search/7620521322171664645,1
7620569902743406901,lifeattiktok,20260902100347,https://lifeattiktok.com/search/7620569902743406901?utm_source=Simplify,1
7620775575152462085,lifeattiktok,20260515023246,https://lifeattiktok.com/search/7620775575152462085,1
7621229467767376181,lifeattiktok,20260515011358,https://lifeattiktok.com/search/7621229467767376181,1
7621299118434961669,lifeattiktok,20260425073228,https://lifeattiktok.com/search/7621299118434961669?utm_source=Simplify,1
7621339091455871285,lifeattiktok,20260421231011,https://lifeattiktok.com/search/7621339091455871285,1
7621478498095335733,lifeattiktok,20260515020552,https://lifeattiktok.com/search/7621478498095335733,1
7621483588517726469,lifeattiktok,20260515015646,https://lifeattiktok.com/search/7621483588517726469,1
7621693567735810357,lifeattiktok,20260615205938,https://lifeattiktok.com/search/7621693567735810357?_rsc=1m3ql,1
7621699366710446389,lifeattiktok,20260615205936,https://lifeattiktok.com/search/7621699366710446389?_rsc=1m3ql,1
7621829063973472517,lifeattiktok,20260515023708,https://lifeattiktok.com/search/7621829063973472517,1
7623154260240255237,lifeattiktok,20260515013639,https://lifeattiktok.com/search/7623154260240255237?spread=XKM9ZXE,1
7623166673809770757,lifeattiktok,20260515005530,https://lifeattiktok.com/search/7623166673809770757,1
7623247457581140277,lifeattiktok,20260506084631,https://lifeattiktok.com/search/7623247457581140277?_rsc=1m3ql,1
7623278738259593525,lifeattiktok,20260615205938,https://lifeattiktok.com/search/7623278738259593525?_rsc=1m3ql,1
7623293300594149637,lifeattiktok,20260615205939,https://lifeattiktok.com/search/7623293300594149637?_rsc=1m3ql,1
7623442583347267893,lifeattiktok,20260708133243,https://lifeattiktok.com/search/7623442583347267893,2
7623465908673202485,lifeattiktok,20260615205936,https://lifeattiktok.com/search/7623465908673202485?_rsc=1m3ql,1
7623523061015136565,lifeattiktok,20260415175804,https://lifeattiktok.com/search/7623523061015136565,1
7623733872967059765,lifeattiktok,20260515014003,https://lifeattiktok.com/search/7623733872967059765,1
7623838710577989893,lifeattiktok,20260515010353,https://lifeattiktok.com/search/7623838710577989893,1
7623873788948089093,lifeattiktok,20260515011623,https://lifeattiktok.com/search/7623873788948089093,1
7623959020277991685,lifeattiktok,20260609054021,https://lifeattiktok.com/search/7623959020277991685,1
7624226452934379781,lifeattiktok,20260422030008,https://lifeattiktok.com/search/7624226452934379781?_rsc=1m3ql,1
7624284785283746053,lifeattiktok,20260506185324,https://lifeattiktok.com/search/7624284785283746053,3
7624475564505860357,lifeattiktok,20260515020947,https://lifeattiktok.com/search/7624475564505860357,1
7625569494388017413,lifeattiktok,20260422030008,https://lifeattiktok.com/search/7625569494388017413?_rsc=1m3ql,1
7625737306751813893,lifeattiktok,20260519211139,https://lifeattiktok.com/search/7625737306751813893?utm_source=bandana,1
7625928030560700725,lifeattiktok,20260515011933,https://lifeattiktok.com/search/7625928030560700725,1
7625929879091300613,lifeattiktok,20260515012001,https://lifeattiktok.com/search/7625929879091300613,1
7625930920206272773,lifeattiktok,20260515014028,https://lifeattiktok.com/search/7625930920206272773,1
7626184811367483653,lifeattiktok,20260710212812,https://lifeattiktok.com/search/7626184811367483653,1
7626306561301612805,lifeattiktok,20260506084630,https://lifeattiktok.com/search/7626306561301612805?_rsc=1m3ql,1
7626378781549414709,lifeattiktok,20260720154906,https://lifeattiktok.com/search/7626378781549414709,1
7626592103511001397,lifeattiktok,20260515011725,https://lifeattiktok.com/search/7626592103511001397,1
7626895406677707061,lifeattiktok,20260515023454,https://lifeattiktok.com/search/7626895406677707061,1
7626898982108039477,lifeattiktok,20260515013823,https://lifeattiktok.com/search/7626898982108039477,1
7627060308124830005,lifeattiktok,20260515012827,https://lifeattiktok.com/search/7627060308124830005,1
7627084698107824437,lifeattiktok,20260515012117,https://lifeattiktok.com/search/7627084698107824437,1
7627269344636864821,lifeattiktok,20260506084636,https://lifeattiktok.com/search/7627269344636864821,2
7628304546007320837,lifeattiktok,20260515013256,https://lifeattiktok.com/search/7628304546007320837,1
7628352960953207045,lifeattiktok,20260515021454,https://lifeattiktok.com/search/7628352960953207045,1
7628548754983733557,lifeattiktok,20260511101228,https://lifeattiktok.com/search/7628548754983733557?_rsc=1m3ql,1
7628874607467809029,lifeattiktok,20260506084636,https://lifeattiktok.com/search/7628874607467809029,2
7628994830705871157,lifeattiktok,20260902100349,https://lifeattiktok.com/search/7628994830705871157?utm_source=Simplify,1
7629187524074342709,lifeattiktok,20260609053817,https://lifeattiktok.com/search/7629187524074342709,1
7629211025884154165,lifeattiktok,20260811034440,https://lifeattiktok.com/search/7629211025884154165,2
7629446562023819525,lifeattiktok,20260710212811,https://lifeattiktok.com/search/7629446562023819525,1
7629500062003218741,lifeattiktok,20260425073228,https://lifeattiktok.com/search/7629500062003218741?utm_source=Simplify,1
7629632305942432053,lifeattiktok,20260902100932,https://lifeattiktok.com/search/7629632305942432053?utm_source=Simplify,1
7629781193366554933,lifeattiktok,20260609061423,https://lifeattiktok.com/search/7629781193366554933?spread=G1DWUPV,1
7630766859083925813,lifeattiktok,20260506084631,https://lifeattiktok.com/search/7630766859083925813?_rsc=1m3ql,1
7630767896739154229,lifeattiktok,20260710212808,https://lifeattiktok.com/search/7630767896739154229,1
7631062649025857797,lifeattiktok,20260609063449,https://lifeattiktok.com/search/7631062649025857797,1
7631070962359912757,lifeattiktok,20260506084636,https://lifeattiktok.com/search/7631070962359912757,2
7631277919231625525,lifeattiktok,20260902100333,https://lifeattiktok.com/search/7631277919231625525?utm_source=Simplify,1
7631316976024160517,lifeattiktok,20260511101235,https://lifeattiktok.com/search/7631316976024160517,2
7631636225092716805,lifeattiktok,20260511101227,https://lifeattiktok.com/search/7631636225092716805?_rsc=1m3ql,1
7631979676697200949,lifeattiktok,20260515020302,https://lifeattiktok.com/search/7631979676697200949,1
7632074411612997941,lifeattiktok,20260609062514,https://lifeattiktok.com/search/7632074411612997941,1
7632245868753750325,lifeattiktok,20260511101227,https://lifeattiktok.com/search/7632245868753750325?_rsc=1m3ql,1
7632363492922034485,lifeattiktok,20260427145839,https://lifeattiktok.com/search/7632363492922034485,1
7632474163383765301,lifeattiktok,20260428020142,https://lifeattiktok.com/search/7632474163383765301,1
7633608237116393781,lifeattiktok,20260503194425,https://lifeattiktok.com/search/7633608237116393781,1
7633688919816882485,lifeattiktok,20260519175425,https://lifeattiktok.com/search/7633688919816882485?_rsc=1m3ql,1
7633693332430047493,lifeattiktok,20260511101227,https://lifeattiktok.com/search/7633693332430047493?_rsc=1m3ql,1
7634027348048709941,lifeattiktok,20260902100334,https://lifeattiktok.com/search/7634027348048709941?utm_source=Simplify,1
7634520401314056453,lifeattiktok,20260506185147,https://lifeattiktok.com/search/7634520401314056453,2
7634667327843535109,lifeattiktok,20260902100354,https://lifeattiktok.com/search/7634667327843535109?utm_source=Simplify,1
7634671830016542981,lifeattiktok,20260519175426,https://lifeattiktok.com/search/7634671830016542981?_rsc=1m3ql,1
7634933956631300405,lifeattiktok,20260511101235,https://lifeattiktok.com/search/7634933956631300405,2
7634995623021136181,lifeattiktok,20260519175424,https://lifeattiktok.com/search/7634995623021136181?_rsc=1m3ql,1
7636039592689027381,lifeattiktok,20260506185147,https://lifeattiktok.com/search/7636039592689027381,2
7636098286617512197,lifeattiktok,20260511101235,https://lifeattiktok.com/search/7636098286617512197,1
7636202394477709573,lifeattiktok,20260519175426,https://lifeattiktok.com/search/7636202394477709573?_rsc=1m3ql,1
7636202397128526133,lifeattiktok,20260519175426,https://lifeattiktok.com/search/7636202397128526133?_rsc=1m3ql,1
7636505871966832901,lifeattiktok,20260609053427,https://lifeattiktok.com/search/7636505871966832901,1
7637047421538404613,lifeattiktok,20260902100655,https://lifeattiktok.com/search/7637047421538404613?utm_source=Simplify,1
7637247068168702261,lifeattiktok,20260710212806,https://lifeattiktok.com/search/7637247068168702261,1
7638887044509468981,lifeattiktok,20260609062657,https://lifeattiktok.com/search/7638887044509468981,1
7639326056648902917,lifeattiktok,20260519020742,https://lifeattiktok.com/search/7639326056648902917,1
7639440318003300613,lifeattiktok,20260619180332,https://lifeattiktok.com/search/7639440318003300613,2
7639514228211124533,lifeattiktok,20260609063202,https://lifeattiktok.com/search/7639514228211124533,1
7641769406597499141,lifeattiktok,20260609055650,https://lifeattiktok.com/search/7641769406597499141,1
7642080350810229045,lifeattiktok,20260724033205,https://lifeattiktok.com/search/7642080350810229045,2
7642122226588535045,lifeattiktok,20260527054203,https://lifeattiktok.com/search/7642122226588535045,1
7642172457369717045,lifeattiktok,20260615210045,https://lifeattiktok.com/search/7642172457369717045,1
7644492491715086645,lifeattiktok,20260619180330,https://lifeattiktok.com/search/7644492491715086645,2
7644719084681234741,lifeattiktok,20260710212811,https://lifeattiktok.com/search/7644719084681234741,1
7644968740786309429,lifeattiktok,20260715005744,https://lifeattiktok.com/search/7644968740786309429,1
7644986569989032197,lifeattiktok,20260902100334,https://lifeattiktok.com/search/7644986569989032197?utm_source=Simplify,1
7646621925436131637,lifeattiktok,20260902100649,https://lifeattiktok.com/search/7646621925436131637?utm_source=Simplify,2
7646695339021715717,lifeattiktok,20260824161338,https://lifeattiktok.com/search/7646695339021715717,1
7647015240097630469,lifeattiktok,20260724033157,https://lifeattiktok.com/search/7647015240097630469?_rsc=1m3ql,1
7648962845480454405,lifeattiktok,20260708133155,https://lifeattiktok.com/search/7648962845480454405,2
7649013736124090677,lifeattiktok,20260708133205,https://lifeattiktok.com/search/7649013736124090677?_rsc=1v3au,1
7649673091993454853,lifeattiktok,20260902100355,https://lifeattiktok.com/search/7649673091993454853?utm_source=Simplify,1
7649694757699406133,lifeattiktok,20260708133248,https://lifeattiktok.com/search/7649694757699406133,2
7649701545844590853,lifeattiktok,20260708133243,https://lifeattiktok.com/search/7649701545844590853,2
7649923614818208005,lifeattiktok,20260615210002,https://lifeattiktok.com/search/7649923614818208005?_rsc=1m3ql,1
7652790330597640453,lifeattiktok,20260817160756,https://lifeattiktok.com/search/7652790330597640453,2
7654431844394322229,lifeattiktok,20260902100647,https://lifeattiktok.com/search/7654431844394322229?utm_source=Simplify,1
7655410730217048373,lifeattiktok,20260902100333,https://lifeattiktok.com/search/7655410730217048373?utm_source=Simplify,1
7655421207605889333,lifeattiktok,20260902100353,https://lifeattiktok.com/search/7655421207605889333?utm_source=Simplify,1
7655820180341393717,lifeattiktok,20260708133245,https://lifeattiktok.com/search/7655820180341393717,2
7656050596338108677,lifeattiktok,20260708133245,https://lifeattiktok.com/search/7656050596338108677,2
7657136115824183605,lifeattiktok,20260710204647,https://lifeattiktok.com/search/7657136115824183605?spread=XKM9ZXE,1
7657161146902808837,lifeattiktok,20260817160756,https://lifeattiktok.com/search/7657161146902808837,2
7657230457256560949,lifeattiktok,20260724033156,https://lifeattiktok.com/search/7657230457256560949?_rsc=1m3ql,1
7657246837280540933,lifeattiktok,20260710212806,https://lifeattiktok.com/search/7657246837280540933,1
7657305784535861557,lifeattiktok,20260708133243,https://lifeattiktok.com/search/7657305784535861557,2
7657426283753326853,lifeattiktok,20260708133243,https://lifeattiktok.com/search/7657426283753326853,2
7657521249987447093,lifeattiktok,20260708133245,https://lifeattiktok.com/search/7657521249987447093,2
7657541997725288757,lifeattiktok,20260902100337,https://lifeattiktok.com/search/7657541997725288757?utm_source=Simplify,1
7657728959042046213,lifeattiktok,20260902100347,https://lifeattiktok.com/search/7657728959042046213?utm_source=Simplify,1
7657791178633136437,lifeattiktok,20260817160756,https://lifeattiktok.com/search/7657791178633136437,2
7657889445472913669,lifeattiktok,20260708133245,https://lifeattiktok.com/search/7657889445472913669,2
7658175518694852869,lifeattiktok,20260708133243,https://lifeattiktok.com/search/7658175518694852869,2
7659810488421091589,lifeattiktok,20260807172342,https://lifeattiktok.com/search/7659810488421091589,1
7660338485345405237,lifeattiktok,20260710135648,https://lifeattiktok.com/search/7660338485345405237,1
7660444834546141445,lifeattiktok,20260724033156,https://lifeattiktok.com/search/7660444834546141445?_rsc=1m3ql,1
7662234280765180165,lifeattiktok,20260817160756,https://lifeattiktok.com/search/7662234280765180165,2
7662594807715072261,lifeattiktok,20260902100633,https://lifeattiktok.com/search/7662594807715072261?utm_source=Simplify,2
7662674773743405365,lifeattiktok,20260724033205,https://lifeattiktok.com/search/7662674773743405365,2
7662684280234232117,lifeattiktok,20260902100638,https://lifeattiktok.com/search/7662684280234232117?utm_source=Simplify,2
7662700594251958581,lifeattiktok,20260902100638,https://lifeattiktok.com/search/7662700594251958581?utm_source=Simplify,1
7662786030903429429,lifeattiktok,20260724033156,https://lifeattiktok.com/search/7662786030903429429?_rsc=1m3ql,1
7663000152511072517,lifeattiktok,20260826030028,https://lifeattiktok.com/search/7663000152511072517,1
7663028952600807733,lifeattiktok,20260902100926,https://lifeattiktok.com/search/7663028952600807733?utm_source=Simplify,1
7663032057264244997,lifeattiktok,20260902100925,https://lifeattiktok.com/search/7663032057264244997?utm_source=Simplify,1
7663036950303050037,lifeattiktok,20260904122213,https://lifeattiktok.com/search/7663036950303050037,2
7663036952090347829,lifeattiktok,20260902100915,https://lifeattiktok.com/search/7663036952090347829?utm_source=Simplify,1
7663042453461600517,lifeattiktok,20260902100925,https://lifeattiktok.com/search/7663042453461600517?utm_source=Simplify,1
7663343916948703493,lifeattiktok,20260720154906,https://lifeattiktok.com/search/7663343916948703493,1
7663389745178757429,lifeattiktok,20260902165803,https://lifeattiktok.com/search/7663389745178757429,1
7663395219129223429,lifeattiktok,20260904122222,https://lifeattiktok.com/search/7663395219129223429,1
7663396538815826229,lifeattiktok,20260811034440,https://lifeattiktok.com/search/7663396538815826229,2
7663433892689201461,lifeattiktok,20260720154905,https://lifeattiktok.com/search/7663433892689201461,1
7664533229944178949,lifeattiktok,20260902100915,https://lifeattiktok.com/search/7664533229944178949?utm_source=Simplify,1
7664833114619545861,lifeattiktok,20260724093721,https://lifeattiktok.com/search/7664833114619545861,1
7665039510518319413,lifeattiktok,20260724093721,https://lifeattiktok.com/search/7665039510518319413,1
7665181666126432565,lifeattiktok,20260724093721,https://lifeattiktok.com/search/7665181666126432565,1
7665475888805611781,lifeattiktok,20260811034440,https://lifeattiktok.com/search/7665475888805611781,1
7665547610124323125,lifeattiktok,20260724093721,https://lifeattiktok.com/search/7665547610124323125,1
7665646635395188997,lifeattiktok,20260817160756,https://lifeattiktok.com/search/7665646635395188997,2
7665890556955101493,lifeattiktok,20260727084344,https://lifeattiktok.com/search/7665890556955101493,1
7665994926887291189,lifeattiktok,20260902100915,https://lifeattiktok.com/search/7665994926887291189?utm_source=Simplify,2
7666146839179380997,lifeattiktok,20260727084344,https://lifeattiktok.com/search/7666146839179380997,1
7666282799471528197,lifeattiktok,20260811035146,https://lifeattiktok.com/search/7666282799471528197,1
7666292282597591349,lifeattiktok,20260817160756,https://lifeattiktok.com/search/7666292282597591349,2
7667248888101685509,lifeattiktok,20260812140618,https://lifeattiktok.com/search/7667248888101685509,1
7667338938890930437,lifeattiktok,20260810111540,https://lifeattiktok.com/search/7667338938890930437,1
7667350291952765237,lifeattiktok,20260824144757,https://lifeattiktok.com/search/7667350291952765237,1
7667578131150506293,lifeattiktok,20260902100337,https://lifeattiktok.com/search/7667578131150506293?utm_source=Simplify,1
7667874197682899205,lifeattiktok,20260902100334,https://lifeattiktok.com/search/7667874197682899205?utm_source=Simplify,1
7667908293442275589,lifeattiktok,20260811034440,https://lifeattiktok.com/search/7667908293442275589,2
7667933335084124469,lifeattiktok,20260902100615,https://lifeattiktok.com/search/7667933335084124469?utm_source=Simplify,1
7667933770819897605,lifeattiktok,20260902100615,https://lifeattiktok.com/search/7667933770819897605?utm_source=Simplify,1
7667934302872537397,lifeattiktok,20260902100615,https://lifeattiktok.com/search/7667934302872537397?utm_source=Simplify,2
7667934635573692725,lifeattiktok,20260902100617,https://lifeattiktok.com/search/7667934635573692725?utm_source=Simplify,1
7667934759481526581,lifeattiktok,20260902100625,https://lifeattiktok.com/search/7667934759481526581?utm_source=Simplify,1
7667934792727906565,lifeattiktok,20260811035619,https://lifeattiktok.com/search/7667934792727906565,1
7667934860750063925,lifeattiktok,20260902100614,https://lifeattiktok.com/search/7667934860750063925?utm_source=Simplify,1
7667935150530840837,lifeattiktok,20260902100613,https://lifeattiktok.com/search/7667935150530840837?utm_source=Simplify,1
7667935399050692917,lifeattiktok,20260902100638,https://lifeattiktok.com/search/7667935399050692917?utm_source=Simplify,1
7667935565120112949,lifeattiktok,20260902100614,https://lifeattiktok.com/search/7667935565120112949?utm_source=Simplify,2
7667935568626043141,lifeattiktok,20260817160748,https://lifeattiktok.com/search/7667935568626043141?_rsc=1m3ql,1
7667935633764370741,lifeattiktok,20260902100613,https://lifeattiktok.com/search/7667935633764370741?utm_source=Simplify,1
7667935738376227077,lifeattiktok,20260902100640,https://lifeattiktok.com/search/7667935738376227077?utm_source=Simplify,1
7667935739300317493,lifeattiktok,20260902100619,https://lifeattiktok.com/search/7667935739300317493?utm_source=Simplify,1
7667935739300792629,lifeattiktok,20260902100639,https://lifeattiktok.com/search/7667935739300792629?utm_source=Simplify,1
7668066625135921413,lifeattiktok,20260810183238,https://lifeattiktok.com/search/7668066625135921413,1
7668206857737455877,lifeattiktok,20260811181909,https://lifeattiktok.com/search/7668206857737455877,1
7668445566565321013,lifeattiktok,20260902100641,https://lifeattiktok.com/search/7668445566565321013?utm_source=Simplify,2
7668554579301124357,lifeattiktok,20260902100916,https://lifeattiktok.com/search/7668554579301124357?utm_source=Simplify,1
7668557209047894325,lifeattiktok,20260902100919,https://lifeattiktok.com/search/7668557209047894325?utm_source=Simplify,1
7668561079544154373,lifeattiktok,20260902100927,https://lifeattiktok.com/search/7668561079544154373?utm_source=Simplify,1
7668565377911163189,lifeattiktok,20260811034924,https://lifeattiktok.com/search/7668565377911163189,1
7668566347702569269,lifeattiktok,20260902100917,https://lifeattiktok.com/search/7668566347702569269?utm_source=Simplify,1
7668569995571726597,lifeattiktok,20260902100149,https://lifeattiktok.com/search/7668569995571726597?utm_source=Simplify,1
7668581636242016565,lifeattiktok,20260902100644,https://lifeattiktok.com/search/7668581636242016565?utm_source=Simplify,1
7668582031916435717,lifeattiktok,20260902100643,https://lifeattiktok.com/search/7668582031916435717?utm_source=Simplify,1
7668582086899763461,lifeattiktok,20260902100644,https://lifeattiktok.com/search/7668582086899763461?utm_source=Simplify,1
7668582086900680965,lifeattiktok,20260902100909,https://lifeattiktok.com/search/7668582086900680965?utm_source=Simplify,1
7668582146236631349,lifeattiktok,20260902100641,https://lifeattiktok.com/search/7668582146236631349?utm_source=Simplify,1
7668582542044072245,lifeattiktok,20260902100910,https://lifeattiktok.com/search/7668582542044072245?utm_source=Simplify,1
7668584161852229893,lifeattiktok,20260902100619,https://lifeattiktok.com/search/7668584161852229893?utm_source=Simplify,2
7668584916620527925,lifeattiktok,20260902100642,https://lifeattiktok.com/search/7668584916620527925?utm_source=Simplify,1
7668592494649690421,lifeattiktok,20260902100901,https://lifeattiktok.com/search/7668592494649690421?utm_source=Simplify,1
7668642761473902901,lifeattiktok,20260902100643,https://lifeattiktok.com/search/7668642761473902901?utm_source=Simplify,1
7668662545059023157,lifeattiktok,20260902100901,https://lifeattiktok.com/search/7668662545059023157?utm_source=Simplify,1
7668675500744837381,lifeattiktok,20260902100646,https://lifeattiktok.com/search/7668675500744837381?utm_source=Simplify,1
7668680253677504821,lifeattiktok,20260902100901,https://lifeattiktok.com/search/7668680253677504821?utm_source=Simplify,1
7668696895234197813,lifeattiktok,20260902100645,https://lifeattiktok.com/search/7668696895234197813?utm_source=Simplify,1
7668698260232702261,lifeattiktok,20260817160756,https://lifeattiktok.com/search/7668698260232702261,2
7668701834807101749,lifeattiktok,20260902100921,https://lifeattiktok.com/search/7668701834807101749?utm_source=Simplify,1
7668717356843977013,lifeattiktok,20260902100902,https://lifeattiktok.com/search/7668717356843977013?utm_source=Simplify,1
7668724383120804149,lifeattiktok,20260902100902,https://lifeattiktok.com/search/7668724383120804149?utm_source=Simplify,1
7668725183121000757,lifeattiktok,20260902100636,https://lifeattiktok.com/search/7668725183121000757?utm_source=Simplify,2
7668824169648097541,lifeattiktok,20260902100925,https://lifeattiktok.com/search/7668824169648097541?utm_source=Simplify,1
7668824172279875845,lifeattiktok,20260902100933,https://lifeattiktok.com/search/7668824172279875845?utm_source=Simplify,1
7668827379083823413,lifeattiktok,20260902100923,https://lifeattiktok.com/search/7668827379083823413?utm_source=Simplify,1
7668827381435517237,lifeattiktok,20260902100911,https://lifeattiktok.com/search/7668827381435517237?utm_source=Simplify,1
7668828193675036981,lifeattiktok,20260902100859,https://lifeattiktok.com/search/7668828193675036981?utm_source=Simplify,2
7668831181590513925,lifeattiktok,20260902100859,https://lifeattiktok.com/search/7668831181590513925?utm_source=Simplify,1
7668831188103481605,lifeattiktok,20260902100900,https://lifeattiktok.com/search/7668831188103481605?utm_source=Simplify,3
7668834837268138293,lifeattiktok,20260902100613,https://lifeattiktok.com/search/7668834837268138293?utm_source=Simplify,2
7668834837268416821,lifeattiktok,20260902100613,https://lifeattiktok.com/search/7668834837268416821?utm_source=Simplify,1
7668837275459324213,lifeattiktok,20260902100648,https://lifeattiktok.com/search/7668837275459324213?utm_source=Simplify,1
7668837276597127477,lifeattiktok,20260902100636,https://lifeattiktok.com/search/7668837276597127477?utm_source=Simplify,1
7668838052657678597,lifeattiktok,20260902100903,https://lifeattiktok.com/search/7668838052657678597?utm_source=Simplify,1
7668843238309824773,lifeattiktok,20260902100924,https://lifeattiktok.com/search/7668843238309824773?utm_source=Simplify,1
7668845522007722245,lifeattiktok,20260902100918,https://lifeattiktok.com/search/7668845522007722245?utm_source=Simplify,1
7668854153882011957,lifeattiktok,20260902100859,https://lifeattiktok.com/search/7668854153882011957?utm_source=Simplify,1
7668855346857019701,lifeattiktok,20260902100919,https://lifeattiktok.com/search/7668855346857019701?utm_source=Simplify,1
7668862422178318597,lifeattiktok,20260902100635,https://lifeattiktok.com/search/7668862422178318597?utm_source=Simplify,1
7668879883938203957,lifeattiktok,20260902100901,https://lifeattiktok.com/search/7668879883938203957?utm_source=Simplify,1
7668921505254410549,lifeattiktok,20260902100636,https://lifeattiktok.com/search/7668921505254410549?utm_source=Simplify,2
7669693163422845237,lifeattiktok,20260811034432,https://lifeattiktok.com/search/7669693163422845237?_rsc=1m3ql,1
7669705525866383621,lifeattiktok,20260824144810,https://lifeattiktok.com/search/7669705525866383621?utm_source=Simplify,1
7669705785962727733,lifeattiktok,20260902100637,https://lifeattiktok.com/search/7669705785962727733?utm_source=Simplify,1
7669711844487399685,lifeattiktok,20260902100637,https://lifeattiktok.com/search/7669711844487399685?utm_source=Simplify,1
7669712589169117445,lifeattiktok,20260902100635,https://lifeattiktok.com/search/7669712589169117445?utm_source=Simplify,1
7669905277419948293,lifeattiktok,20260902100931,https://lifeattiktok.com/search/7669905277419948293?utm_source=Simplify,1
7669909088788138245,lifeattiktok,20260810175849,https://lifeattiktok.com/search/7669909088788138245,1
7669943120351906053,lifeattiktok,20260902100636,https://lifeattiktok.com/search/7669943120351906053?utm_source=Simplify,1
7669957922422507781,lifeattiktok,20260902100927,https://lifeattiktok.com/search/7669957922422507781?utm_source=Simplify,1
7669958554492815621,lifeattiktok,20260808202206,https://lifeattiktok.com/search/7669958554492815621,1
7670009830602721589,lifeattiktok,20260902100347,https://lifeattiktok.com/search/7670009830602721589?utm_source=Simplify,1
7670010726514493749,lifeattiktok,20260902100333,https://lifeattiktok.com/search/7670010726514493749?utm_source=Simplify,3
7670062655184308533,lifeattiktok,20260811034440,https://lifeattiktok.com/search/7670062655184308533,2
7670276769459456309,lifeattiktok,20260902100909,https://lifeattiktok.com/search/7670276769459456309?utm_source=Simplify,2
7670281449668905269,lifeattiktok,20260902100634,https://lifeattiktok.com/search/7670281449668905269?utm_source=Simplify,2
7670282906426476853,lifeattiktok,20260902100909,https://lifeattiktok.com/search/7670282906426476853?utm_source=Simplify,1
7670289874020993285,lifeattiktok,20260902100613,https://lifeattiktok.com/search/7670289874020993285?utm_source=Simplify,1
7670292836050422021,lifeattiktok,20260902100921,https://lifeattiktok.com/search/7670292836050422021?utm_source=Simplify,2
7670295535077427509,lifeattiktok,20260902100634,https://lifeattiktok.com/search/7670295535077427509?utm_source=Simplify,2
7670364202242427189,lifeattiktok,20260819123804,https://lifeattiktok.com/search/7670364202242427189,1
7670367152357673221,lifeattiktok,20260902100915,https://lifeattiktok.com/search/7670367152357673221?utm_source=Simplify,1
7670377824340379957,lifeattiktok,20260807170924,https://lifeattiktok.com/search/7670377824340379957,1
7670387719826786565,lifeattiktok,20260902100922,https://lifeattiktok.com/search/7670387719826786565?utm_source=Simplify,1
7670391173613160757,lifeattiktok,20260902100922,https://lifeattiktok.com/search/7670391173613160757?utm_source=Simplify,1
7670420287191517493,lifeattiktok,20260902100335,https://lifeattiktok.com/search/7670420287191517493?utm_source=Simplify,1
7670529537944766773,lifeattiktok,20260902100333,https://lifeattiktok.com/search/7670529537944766773?utm_source=Simplify,1
7670558992960358661,lifeattiktok,20260902100911,https://lifeattiktok.com/search/7670558992960358661?utm_source=Simplify,1
7670700387322300677,lifeattiktok,20260902100619,https://lifeattiktok.com/search/7670700387322300677?utm_source=Simplify,1
7670729943510829317,lifeattiktok,20260811181931,https://lifeattiktok.com/search/7670729943510829317,1
7670738362521520437,lifeattiktok,20260902100619,https://lifeattiktok.com/search/7670738362521520437?utm_source=Simplify,1
7670829441360906501,lifeattiktok,20260811034440,https://lifeattiktok.com/search/7670829441360906501,2
7670835209797650693,lifeattiktok,20260824190211,https://lifeattiktok.com/search/7670835209797650693,1
7670839727059339525,lifeattiktok,20260902100632,https://lifeattiktok.com/search/7670839727059339525?utm_source=Simplify,3
7670839752644233525,lifeattiktok,20260902100633,https://lifeattiktok.com/search/7670839752644233525?utm_source=Simplify,1
7670844011885299973,lifeattiktok,20260811034440,https://lifeattiktok.com/search/7670844011885299973,2
7670846725481777461,lifeattiktok,20260817160756,https://lifeattiktok.com/search/7670846725481777461,1
7670876223732762933,lifeattiktok,20260826030530,https://lifeattiktok.com/search/7670876223732762933,1
7672464282566871349,lifeattiktok,20260813203042,https://lifeattiktok.com/search/7672464282566871349,1
7672502976746080565,lifeattiktok,20260812223924,https://lifeattiktok.com/search/7672502976746080565,1
7672517471946000645,lifeattiktok,20260902100909,https://lifeattiktok.com/search/7672517471946000645?utm_source=Simplify,1
7672530785573980421,lifeattiktok,20260902100905,https://lifeattiktok.com/search/7672530785573980421?utm_source=Simplify,1
7672554809555192117,lifeattiktok,20260902100344,https://lifeattiktok.com/search/7672554809555192117?utm_source=Simplify,1
7672557943224961333,lifeattiktok,20260902100345,https://lifeattiktok.com/search/7672557943224961333?utm_source=Simplify,1
7672562486917286149,lifeattiktok,20260902100346,https://lifeattiktok.com/search/7672562486917286149?utm_source=Simplify,1
7672569081632229685,lifeattiktok,20260902100346,https://lifeattiktok.com/search/7672569081632229685?utm_source=Simplify,1
7672671220798818613,lifeattiktok,20260826030028,https://lifeattiktok.com/search/7672671220798818613,1
7672926068681951493,lifeattiktok,20260902100626,https://lifeattiktok.com/search/7672926068681951493?utm_source=Simplify,1
7672930401597671733,lifeattiktok,20260902100626,https://lifeattiktok.com/search/7672930401597671733?utm_source=Simplify,1
7672934842451577141,lifeattiktok,20260902100626,https://lifeattiktok.com/search/7672934842451577141?utm_source=Simplify,1
7672976491146004741,lifeattiktok,20260902100914,https://lifeattiktok.com/search/7672976491146004741?utm_source=Simplify,1
7673226686054107445,lifeattiktok,20260815161828,https://lifeattiktok.com/search/7673226686054107445,1
7673284715407886597,lifeattiktok,20260902100905,https://lifeattiktok.com/search/7673284715407886597?utm_source=Simplify,1
7673337777708550405,lifeattiktok,20260902100343,https://lifeattiktok.com/search/7673337777708550405?utm_source=Simplify,1
7673365416605010229,lifeattiktok,20260902100341,https://lifeattiktok.com/search/7673365416605010229?utm_source=Simplify,1
7673365923163638069,lifeattiktok,20260902100340,https://lifeattiktok.com/search/7673365923163638069?utm_source=Simplify,1
7673409179353139461,lifeattiktok,20260902100904,https://lifeattiktok.com/search/7673409179353139461?utm_source=Simplify,1
7673559305519794437,lifeattiktok,20260902100343,https://lifeattiktok.com/search/7673559305519794437?utm_source=Simplify,2
7673663349758675205,lifeattiktok,20260902100620,https://lifeattiktok.com/search/7673663349758675205?utm_source=Simplify,1
7673667938889009461,lifeattiktok,20260902100905,https://lifeattiktok.com/search/7673667938889009461?utm_source=Simplify,1
7673669198965278981,lifeattiktok,20260902100921,https://lifeattiktok.com/search/7673669198965278981?utm_source=Simplify,1
7673674249270839557,lifeattiktok,20260902100903,https://lifeattiktok.com/search/7673674249270839557?utm_source=Simplify,1
7673674252889246005,lifeattiktok,20260902100903,https://lifeattiktok.com/search/7673674252889246005?utm_source=Simplify,1
7673895973460576517,lifeattiktok,20260902100341,https://lifeattiktok.com/search/7673895973460576517?utm_source=Simplify,1
7674025781001062709,lifeattiktok,20260819233657,https://lifeattiktok.com/search/7674025781001062709,1
7674029284224092421,lifeattiktok,20260902100627,https://lifeattiktok.com/search/7674029284224092421?utm_source=Simplify,1
7675128776856029445,lifeattiktok,20260902100632,https://lifeattiktok.com/search/7675128776856029445?utm_source=Simplify,1
7675129440242010421,lifeattiktok,20260902100632,https://lifeattiktok.com/search/7675129440242010421?utm_source=Simplify,1
7675159726676101381,lifeattiktok,20260902171351,https://lifeattiktok.com/search/7675159726676101381,2
7675163472469444917,lifeattiktok,20260902100629,https://lifeattiktok.com/search/7675163472469444917?utm_source=Simplify,1
7675440171819960629,lifeattiktok,20260819232901,https://lifeattiktok.com/search/7675440171819960629,1
7675510156642142469,lifeattiktok,20260819210224,https://lifeattiktok.com/search/7675510156642142469,1
7675517686256863541,lifeattiktok,20260902100630,https://lifeattiktok.com/search/7675517686256863541?utm_source=Simplify,1
7675524738811218229,lifeattiktok,20260902100629,https://lifeattiktok.com/search/7675524738811218229?utm_source=Simplify,1
7675616554318596357,lifeattiktok,20260902100337,https://lifeattiktok.com/search/7675616554318596357?utm_source=Simplify,1
7675829388634392837,lifeattiktok,20260902100915,https://lifeattiktok.com/search/7675829388634392837?utm_source=Simplify,1
7675842865566222597,lifeattiktok,20260826021905,https://lifeattiktok.com/search/7675842865566222597,1
7675877203024775477,lifeattiktok,20260824161343,https://lifeattiktok.com/search/7675877203024775477,1
7676250516494436661,lifeattiktok,20260824161040,https://lifeattiktok.com/search/7676250516494436661,1
7676276048527214901,lifeattiktok,20260902100625,https://lifeattiktok.com/search/7676276048527214901?utm_source=Simplify,1
7676283436713593093,lifeattiktok,20260902100341,https://lifeattiktok.com/search/7676283436713593093?utm_source=Simplify,1
7676650760662157621,lifeattiktok,20260826030528,https://lifeattiktok.com/search/7676650760662157621,1
7677522750321838341,lifeattiktok,20260826030335,https://lifeattiktok.com/search/7677522750321838341,1
7679147369590737205,lifeattiktok,20260902100339,https://lifeattiktok.com/search/7679147369590737205?utm_source=Simplify,1
