job_id,generation,timestamp,source_url,http_status,page_status,job_title,screen_decision,matched_terms,excluded_terms,african_language,other_language,market_named,city_named,country_of_city,notes
6704494100210518285,lifeattiktok,20250516050304,https://lifeattiktok.com/search/6704494100210518285,200,detail,Content Moderator - Arabic,include,content moderat*; moderat*,,,arabic,,,,
6756144184572250381,lifeattiktok,20250206224859,https://lifeattiktok.com/search/6756144184572250381,200,detail,Monetization Strategy - Middle East,drop,,,,,MENA,,,
6764612043929553160,lifeattiktok,20250401163551,https://lifeattiktok.com/search/6764612043929553160?_rsc=17mgk,200,js_shell,,unusable,,,,,,,,
6793962806296185095,lifeattiktok,20250122110314,https://lifeattiktok.com/search/6793962806296185095,200,detail,Content Moderator (Short Video) - VN,include,content moderat*; moderat*,,,,Vietnam,,,
6794925391975811342,lifeattiktok,20250315075929,https://lifeattiktok.com/search/6794925391975811342,200,detail,Senior Data Scientist,drop,,,,,,,,
6798055154621876488,lifeattiktok,20250315070942,https://lifeattiktok.com/search/6798055154621876488,200,detail,Content Moderator - German Speaker,include,content moderat*; moderat*,,,german,,,,
6802349730597701896,lifeattiktok,20260417092421,https://lifeattiktok.com/search/6802349730597701896,200,detail,Research Engineer in Machine Learning Music（SAMI）,drop,,,,,,,,
6802352354340374798,lifeattiktok,20251015120235,https://lifeattiktok.com/search/6802352354340374798,200,detail,Research Scientist in Speech & Audio（SAMI）,drop,,,,,,,,
6810744474852460814,lifeattiktok,20250718101752,https://lifeattiktok.com/search/6810744474852460814,200,detail,Brand Partnerships Manager (CPG - Food),drop,,,,,,,,
6823479011625240846,lifeattiktok,20250912225810,https://lifeattiktok.com/search/6823479011625240846,200,detail,Content Quality Specialist - Korea,include,content quality,,,,Korea,,,
6830867197998778631,lifeattiktok,20250929030005,https://lifeattiktok.com/search/6830867197998778631,200,detail,Evaluation Search Operation Specialist - Korean,drop,,,,korean,,,,
6834664619631741192,lifeattiktok,20250907214248,https://lifeattiktok.com/search/6834664619631741192,200,detail,Data Engineer - Data Platform,drop,,,,,,,,
6840048729111038216,lifeattiktok,20250516040441,https://lifeattiktok.com/search/6840048729111038216,200,detail,Ads Quality Specialist (Arabic),drop,,,,arabic,,,,
6843801540161390856,lifeattiktok,20250125071144,https://lifeattiktok.com/search/6843801540161390856?utm_campaign=Mobile-Growth-News&utm_medium=web&utm_source=Mobile_Growth_News_Issue_29,200,detail,"Growth Strategy Manager, User Growth",drop,,,,,,,,
6847356388894624013,lifeattiktok,20250506104240,https://lifeattiktok.com/search/6847356388894624013?spread=5MWH5CQ,200,detail,"Product Policy Manager, Feature - Trust & Safety",include,trust & safety; policy manager,,,,,,,
6850005799155632392,lifeattiktok,20250427034116,https://lifeattiktok.com/search/6850005799155632392,200,detail,"Eco Operations Quality Assurance, Trust & Safety, Korea",include,trust & safety,,,,Korea,,,
6854803752680884487,lifeattiktok,20251016012309,https://lifeattiktok.com/search/6854803752680884487,200,detail,Data Science Manager - TikTok Ads,drop,,,,,,,,
6856728637074442503,lifeattiktok,20250404011718,https://lifeattiktok.com/search/6856728637074442503,200,detail,"Content Moderator — Khmer, based in Thailand",include,content moderat*; moderat*,,,khmer,Thailand,,,
6858107610982287623,lifeattiktok,20251231040652,https://lifeattiktok.com/search/6858107610982287623,200,detail,Content Labeller,include,content label*,,,,,,,
6859728777694873869,lifeattiktok,20260520041104,https://lifeattiktok.com/search/6859728777694873869,200,detail,"Software Engineer, Real-time Audio C++ SAMI",drop,,,,,,,,
6870317668638460168,lifeattiktok,20250427203246,https://lifeattiktok.com/search/6870317668638460168,200,detail,"Regional Product Policy Lead, EMEA - Trust & Safety",include,trust & safety; policy lead,,,,EMEA,,,"HTTPSConnectionPool(host='web.archive.org', port=443): Max retries exceeded with url: /web/20250427203246id_/https://lif"
6870847221651949832,lifeattiktok,20260208195422,https://lifeattiktok.com/search/6870847221651949832,404,js_shell,Wayback Machine,unusable,,,,,,,,
6882974603716413703,lifeattiktok,20250427041618,https://lifeattiktok.com/search/6882974603716413703?spread=5MWH5CQ,200,detail,Quality Analyst-Dublin hub-Hausa,include,quality analyst,,hausa,,Ireland,Dublin,Ireland,
6888462341844650248,lifeattiktok,20250303042002,https://lifeattiktok.com/search/6888462341844650248,200,detail,"Software Engineer, Algorithm Platform",drop,,,,,,,,
6893651279219935502,lifeattiktok,20260124054523,https://lifeattiktok.com/search/6893651279219935502,200,detail,"Software Engineer Intern, Frontend (Ads Technology) - 2021 Summer",drop,,,,,,,,
6894843358793222414,lifeattiktok,20250124223836,https://lifeattiktok.com/search/6894843358793222414,200,detail,Research Intern in Deep Learning (Intelligent Creation Lab) -2021 Start,drop,,,,,,,,
6896164428041013511,lifeattiktok,20250125000058,https://lifeattiktok.com/search/6896164428041013511,200,detail,Research Intern in Recommendation System (Applied Machine Learning) -2021 Summer,drop,,,,,,,,
6901272213913110791,lifeattiktok,20250613185231,https://lifeattiktok.com/search/6901272213913110791,200,detail,"Test Engineer, TikTok",drop,,,,,,,,
6903328552517060878,lifeattiktok,20250315080054,https://lifeattiktok.com/search/6903328552517060878,200,detail,Quality Analyst - Live Streaming,include,quality analyst,,,,,,,
6904829883240941837,lifeattiktok,20250427031011,https://lifeattiktok.com/search/6904829883240941837,200,detail,QA Analyst - Arabic Speaking,drop,,,,arabic,,,,"HTTPSConnectionPool(host='web.archive.org', port=443): Max retries exceeded with url: /web/20250427031011id_/https://lif"
6913258861203228936,lifeattiktok,20250124233250,https://lifeattiktok.com/search/6913258861203228936,200,detail,Client Solutions Manager | Growth,drop,,,,,,,,
6916327413115226381,lifeattiktok,20250901025727,https://lifeattiktok.com/search/6916327413115226381,200,detail,Backend Engineer (Content Platform)-2021 Start,drop,,,,,,,,
6916327718304942350,lifeattiktok,20250901015002,https://lifeattiktok.com/search/6916327718304942350,404,js_shell,Wayback Machine,unusable,,,,,,,,
6916327718305990919,lifeattiktok,20250901010619,https://lifeattiktok.com/search/6916327718305990919,404,js_shell,Wayback Machine,unusable,,,,,,,,
6916328400220555527,lifeattiktok,20250901041522,https://lifeattiktok.com/search/6916328400220555527,200,detail,Backend Engineer (Computer Vision)-2021 Start,drop,,,,,,,,
6916328478309910798,lifeattiktok,20250831230122,https://lifeattiktok.com/search/6916328478309910798,200,detail,Backend Engineer (Global Payments)-2021 Start,drop,,,,,,,,
6916328717712312583,lifeattiktok,20250901202532,https://lifeattiktok.com/search/6916328717712312583,200,detail,Research Engineer (NLP)-2021 Start,drop,,,,,,,,
6916328789916649741,lifeattiktok,20250901050900,https://lifeattiktok.com/search/6916328789916649741,200,detail,Algorithm Engineer (Computer Vision)-2021 Start,drop,,,,,,,,
6916328789917026573,lifeattiktok,20250901025813,https://lifeattiktok.com/search/6916328789917026573,200,detail,Machine Learning Engineer (Enterprise Partnership & Solutions)-2021 Start,drop,,,,,,,,
6916328817116727566,lifeattiktok,20250901013030,https://lifeattiktok.com/search/6916328817116727566,200,detail,Machine Learning Engineer (Recommendation)-2021 Start,drop,,,,,,,,
6916360141731055879,lifeattiktok,20250901181246,https://lifeattiktok.com/search/6916360141731055879,200,detail,Software Engineer (eHR)-2021 Start,drop,,,,,,,,"HTTPSConnectionPool(host='web.archive.org', port=443): Max retries exceeded with url: /web/20250901181246id_/https://lif"
6917073554077305101,lifeattiktok,20251222221230,https://lifeattiktok.com/search/6917073554077305101,200,detail,"Backend Software Engineer, TikTok Live - Singapore",drop,,,,,Singapore,Singapore,Singapore,
6917324105990916359,lifeattiktok,20241206072840,https://lifeattiktok.com/search/6917324105990916359,200,detail,B2B Marketing Manager - Spain,drop,,,,,Spain,,,
6917848923533576455,lifeattiktok,20251222195627,https://lifeattiktok.com/search/6917848923533576455,200,detail,Android Software Engineer - TikTok Live,drop,,,,,,,,
6917850165761132807,lifeattiktok,20251222214035,https://lifeattiktok.com/search/6917850165761132807,200,detail,"iOS Software Engineer, TikTok Live",drop,,,,,,,,
6920570588138506503,lifeattiktok,20250912213243,https://lifeattiktok.com/search/6920570588138506503,200,detail,Search Operations Quality Assurance - Arabic,drop,,,,arabic,,,,
6920570766233438478,lifeattiktok,20250315064309,https://lifeattiktok.com/search/6920570766233438478?spread=5MWH5CQ,200,detail,Head of Ethics & Compliance - EMEA,drop,,,,,EMEA,,,
6920584193873660173,lifeattiktok,20250206214846,https://lifeattiktok.com/search/6920584193873660173?spread=5MWH5CQ,200,detail,Content Moderator (Hebrew),include,content moderat*; moderat*,,,hebrew,,,,
6920584948115048718,lifeattiktok,20250124220923,https://lifeattiktok.com/search/6920584948115048718?spread=5MWH5CQ,200,detail,Content Moderator (Bulgarian),include,content moderat*; moderat*,,,bulgarian,,,,
6920585430731835662,lifeattiktok,20250206215241,https://lifeattiktok.com/search/6920585430731835662,200,detail,Safety Labeller-Arabic,drop,,,,arabic,,,,"HTTPSConnectionPool(host='web.archive.org', port=443): Max retries exceeded with url: /web/20250206215241id_/https://lif"
6920587190629533965,lifeattiktok,20250315075505,https://lifeattiktok.com/search/6920587190629533965,200,detail,Content Moderator (Hausa),include,content moderat*; moderat*,,hausa,,,,,
6921996523392567560,lifeattiktok,20250125002851,https://lifeattiktok.com/search/6921996523392567560,200,detail,Business Development Manager (e-commerce),drop,,,,,,,,
6922061864541817101,lifeattiktok,20250315072354,https://lifeattiktok.com/search/6922061864541817101?spread=5MWH5CQ,200,detail,Safety Labeling Quality Assurance-Turkish,drop,,,,turkish,,,,"HTTPSConnectionPool(host='web.archive.org', port=443): Max retries exceeded with url: /web/20250315072354id_/https://lif"
6922900040797128974,lifeattiktok,20260520050610,https://lifeattiktok.com/search/6922900040797128974,200,detail,Client Solutions Manager - Toronto,drop,,,,,,Toronto,Canada,
6923040898910079240,lifeattiktok,20250315082406,https://lifeattiktok.com/search/6923040898910079240?spread=5MWH5CQ,200,detail,Quality Analyst - Swahili speaker - Dublin,include,quality analyst,,swahili,,Ireland,Dublin,Ireland,
6924165940364036365,lifeattiktok,20241217205117,https://lifeattiktok.com/search/6924165940364036365,200,detail,E-commerce Data Analyst,drop,,,,,,,,
6924219135866407182,lifeattiktok,20241206074239,https://lifeattiktok.com/search/6924219135866407182?spread=5MWH5CQ,200,detail,Customer Service Specialist (e-commerce),drop,,,,,,,,
6924641314521450760,lifeattiktok,20250315071235,https://lifeattiktok.com/search/6924641314521450760,200,detail,E-commerce Product Manager,drop,,,,,,,,
6925262199061629198,lifeattiktok,20250718111033,https://lifeattiktok.com/search/6925262199061629198,200,detail,Platform Risk Management & Services (e-commerce),drop,,,,,,,,
6925355524154214664,lifeattiktok,20250718102138,https://lifeattiktok.com/search/6925355524154214664,200,detail,Seller Growth & Development Specialist (e-commerce),drop,,,,,,,,
6927253247916951815,lifeattiktok,20250427033526,https://lifeattiktok.com/search/6927253247916951815,200,detail,Community Partnership Manager - Categories,drop,,,,,,,,
6927356850015635720,lifeattiktok,20250226050719,https://lifeattiktok.com/search/6927356850015635720,200,detail,Marketing Partnerships Manager,drop,,,,,,,,
6929526598577522951,lifeattiktok,20250326082629,https://lifeattiktok.com/search/6929526598577522951,200,detail,Marketing - Summer Intern 2021,drop,,,,,,,,
6929959312198682893,lifeattiktok,20250727161414,https://lifeattiktok.com/search/6929959312198682893,200,detail,"Counsel, Music Licensing",drop,,,,,,,,
6932069607859816717,lifeattiktok,20250912223355,https://lifeattiktok.com/search/6932069607859816717,200,detail,TikTok Senior Product Designer - UX (Singapore),drop,,,,,Singapore,Singapore,Singapore,
6933128430578125064,lifeattiktok,20250713105325,https://lifeattiktok.com/search/6933128430578125064,200,detail,TikTok LIVE - Agency Manager - Indonesia (Based in Jakarta),drop,,,,,Indonesia,Jakarta,Indonesia,
6935304802671053064,lifeattiktok,20250315075034,https://lifeattiktok.com/search/6935304802671053064,200,detail,Creator Growth Manager - TikTok LIVE,drop,,,,,,,,
6937598618874890509,lifeattiktok,20250124222711,https://lifeattiktok.com/search/6937598618874890509,200,detail,Category & Community Manager - Sports & Gaming,drop,,,,,,,,
6938464750167165215,lifeattiktok,20250912222802,https://lifeattiktok.com/search/6938464750167165215,200,detail,"Product Marketing Manager, Creation Tools & Creator Monetization",drop,,,,,,,,
6938837287594625310,lifeattiktok,20241216031758,https://lifeattiktok.com/search/6938837287594625310,200,detail,Creative Copywriter,drop,,,,,,,,
6940317312093407525,lifeattiktok,20250206215019,https://lifeattiktok.com/search/6940317312093407525,200,detail,Content Insights Analyst,drop,,,,,,,,
6940655123572164878,lifeattiktok,20250125053634,https://lifeattiktok.com/search/6940655123572164878?utm_campaign=Mobile-Growth-News&utm_medium=web&utm_source=Mobile_Growth_News_Issue_29,200,detail,Growth Marketing Lead,drop,,,,,,,,
6942619916952979748,lifeattiktok,20250505221017,https://lifeattiktok.com/search/6942619916952979748?spread=5MWH5CQ,200,detail,Child Safety Team Analyst,include,child safety,,,,,,,
6943304542231267620,lifeattiktok,20241117034809,https://lifeattiktok.com/search/6943304542231267620,200,detail,Application Security & Threat Solution Architect (Global) - Dublin,drop,,,,,Ireland,Dublin,Ireland,
6945406603631053092,lifeattiktok,20241206080035,https://lifeattiktok.com/search/6945406603631053092,200,detail,Creative Agency Partner,drop,,,,,,,,
6945817083390658847,lifeattiktok,20250427030243,https://lifeattiktok.com/search/6945817083390658847,200,detail,Brand Strategist - GBM - Madrid,drop,,,,,,Madrid,Spain,
6948147357938911519,lifeattiktok,20250206214643,https://lifeattiktok.com/search/6948147357938911519,200,detail,Client Solutions Planner - Toronto,drop,,,,,,Toronto,Canada,
6948807115571218724,lifeattiktok,20241116134719,https://lifeattiktok.com/search/6948807115571218724,200,detail,Critical Incident Response Center (CIRC) Analyst,drop,,,,,,,,
6950341956862593317,lifeattiktok,20250427040946,https://lifeattiktok.com/search/6950341956862593317?spread=5MWH5CQ,200,detail,Trust & Safety Team Leader (Morocco),include,trust & safety,,,,Africa,,,"HTTPSConnectionPool(host='web.archive.org', port=443): Max retries exceeded with url: /web/20250427040946id_/https://lif"
6951333567533533476,lifeattiktok,20250929121858,https://lifeattiktok.com/search/6951333567533533476,200,detail,"Site Reliability Engineer, Data Platform - USDS",exclude,,site reliability,,,,,,"HTTPSConnectionPool(host='web.archive.org', port=443): Max retries exceeded with url: /web/20250929121858id_/https://lif"
6951648343454353700,lifeattiktok,20250206225721,https://lifeattiktok.com/search/6951648343454353700?spread=5MWH5CQ,200,detail,Content Moderator (Finnish),include,content moderat*; moderat*,,,finnish,,,,
6951808593390913799,lifeattiktok,20250315080130,https://lifeattiktok.com/search/6951808593390913799?spread=5MWH5CQ,200,detail,Product Manager - Privacy,drop,,,,,,,,
6954381245078554893,lifeattiktok,20250718105054,https://lifeattiktok.com/search/6954381245078554893,200,detail,Creator & Content Strategist - Madrid - GBM,drop,,,,,,Madrid,Spain,"HTTPSConnectionPool(host='web.archive.org', port=443): Max retries exceeded with url: /web/20250718105054id_/https://lif"
6958118074605422885,lifeattiktok,20250315083653,https://lifeattiktok.com/search/6958118074605422885,200,detail,"Global Research and Insights Partner, Marketing Science",drop,,,,,,,,
6959482068176210213,lifeattiktok,20260520041132,https://lifeattiktok.com/search/6959482068176210213,200,detail,"Account Management, Lifestyle (e-commerce)",drop,,,,,,,,
6959483812183263495,lifeattiktok,20250613192221,https://lifeattiktok.com/search/6959483812183263495,200,detail,"TikTok Shop - Account Management, Health & Beauty (Indonesia)",drop,,,,,Indonesia,,,"HTTPSConnectionPool(host='web.archive.org', port=443): Max retries exceeded with url: /web/20250613192221id_/https://lif"
6959484118364473631,lifeattiktok,20250613200132,https://lifeattiktok.com/search/6959484118364473631,200,detail,"TikTok Shop by Tokopedia - Account Management, Fashion (Indonesia)",drop,,,,,Indonesia,,,
6959487145511225636,lifeattiktok,20260520044928,https://lifeattiktok.com/search/6959487145511225636,200,detail,"Category Management, Lifestyle (e-commerce)",drop,,,,,,,,
6959488433895803143,lifeattiktok,20250315082150,https://lifeattiktok.com/search/6959488433895803143,200,detail,"Shop | Tokopedia - Category Management, Fashion (Indonesia)",drop,,,,,Indonesia,,,
6959492720160033054,lifeattiktok,20250509000958,https://lifeattiktok.com/search/6959492720160033054,200,detail,(Contract) Talent Acquisition Sourcer - E-Commerce APAC - Jakarta,drop,,,,,APAC,Jakarta,Indonesia,
6964419349169015070,lifeattiktok,20250125053419,https://lifeattiktok.com/search/6964419349169015070?utm_campaign=Mobile-Growth-News&utm_medium=web&utm_source=Mobile_Growth_News_Issue_29,200,detail,Senior Data Scientist,drop,,,,,,,,
6964724137727248671,lifeattiktok,20250613191617,https://lifeattiktok.com/search/6964724137727248671,200,detail,"Communications Manager, LATAM",drop,,,,,LATAM,,,
6965730204069759239,lifeattiktok,20250506104254,https://lifeattiktok.com/search/6965730204069759239?spread=5MWH5CQ,200,detail,Data Privacy Counsel,drop,,,,,,,,
6967513078062614797,lifeattiktok,20250912221313,https://lifeattiktok.com/search/6967513078062614797,200,detail,Machine Learning Engineer - Search Ads,drop,,,,,,,,
6970044425478605070,lifeattiktok,20250702233036,https://lifeattiktok.com/search/6970044425478605070,200,detail,Senior iOS Software Engineer - User Growth,drop,,,,,,,,
6977180290218527013,lifeattiktok,20260520044319,https://lifeattiktok.com/search/6977180290218527013,200,detail,Client Solutions Planner,drop,,,,,,,,
6977206774159984904,lifeattiktok,20260710212806,https://lifeattiktok.com/search/6977206774159984904,200,detail,Data Science Manager - TikTok Ads,drop,,,,,,,,"HTTPSConnectionPool(host='web.archive.org', port=443): Max retries exceeded with url: /web/20260710212806id_/https://lif"
6979468534649719077,lifeattiktok,20250508232424,https://lifeattiktok.com/search/6979468534649719077,200,detail,Talent Acquisition Intern - E-Commerce - Jakarta,drop,,,,,,Jakarta,Indonesia,
6983844257769867533,lifeattiktok,20250124230822,https://lifeattiktok.com/search/6983844257769867533,200,detail,Search Operations Quality Assurance - Model Data,drop,,,,,,,,"HTTPSConnectionPool(host='web.archive.org', port=443): Max retries exceeded with url: /web/20250124230822id_/https://lif"
6984430762837739790,lifeattiktok,20260124061248,https://lifeattiktok.com/search/6984430762837739790?spread=5MWH5CQ,200,detail,Brand Partnerships Manager- Key Accounts,drop,,,,,,,,
6985472106671245581,lifeattiktok,20251015104716,https://lifeattiktok.com/search/6985472106671245581,200,detail,TikTok LIVE Agency Operations Manager - Morocco,drop,,,,,Africa,,,
6985540884717635870,lifeattiktok,20260520041948,https://lifeattiktok.com/search/6985540884717635870,200,detail,Sr Social Media Manager,drop,,,,,,,,
6988142758532958472,lifeattiktok,20260520050542,https://lifeattiktok.com/search/6988142758532958472,200,detail,Senior Music Content and Talent Development Analyst,drop,,,,,,,,"HTTPSConnectionPool(host='web.archive.org', port=443): Max retries exceeded with url: /web/20260520050542id_/https://lif"
6988269042725849380,lifeattiktok,20260208200814,https://lifeattiktok.com/search/6988269042725849380,200,detail,Content Operations Lead,drop,,,,,,,,"HTTPSConnectionPool(host='web.archive.org', port=443): Max retries exceeded with url: /web/20260208200814id_/https://lif"
6989131448637802788,lifeattiktok,20260208195353,https://lifeattiktok.com/search/6989131448637802788,200,detail,Marketing Intern (Summer 2021/22),drop,,,,,,,,
6989555549260876045,lifeattiktok,20251003223344,https://lifeattiktok.com/search/6989555549260876045,200,detail,Agency Operations Manager - German Speaking - TikTok LIVE - Munich,drop,,,,german,,,,
6989794472893122853,lifeattiktok,20250613194730,https://lifeattiktok.com/search/6989794472893122853,200,detail,Creative Strategist,drop,,,,,,,,
6989797322427795719,lifeattiktok,20260208192240,https://lifeattiktok.com/search/6989797322427795719,200,detail,Sales Intern (Summer 2021/22),drop,,,,,,,,
6991674380250712351,lifeattiktok,20241206065709,https://lifeattiktok.com/search/6991674380250712351,200,detail,CoreOps Specialist - Arabic,drop,,,,arabic,,,,
6991783567076608287,lifeattiktok,20250124225035,https://lifeattiktok.com/search/6991783567076608287,200,detail,Platform Campaign Planning & Operation (E-commerce) - Indonesia,drop,,,,,Indonesia,,,
6992493417829812511,lifeattiktok,20241206082849,https://lifeattiktok.com/search/6992493417829812511,200,detail,"Campaign & Community, Lifestyle (E-commerce) - Indonesia",drop,,,,,Indonesia,,,
6992494581338786056,lifeattiktok,20250124230430,https://lifeattiktok.com/search/6992494581338786056,200,detail,"Campaign & Community, FMCG (E-commerce) - Indonesia",drop,,,,,Indonesia,,,
6992664380123859236,lifeattiktok,20250907142534,https://lifeattiktok.com/search/6992664380123859236,200,detail,"Senior Software Engineer, Database Acceleration",drop,,,,,,,,
6992713866245851428,lifeattiktok,20250427041943,https://lifeattiktok.com/search/6992713866245851428,200,detail,"Product Specialist ll, Privacy & Security",drop,,,,,,,,
6994617097477966087,lifeattiktok,20250125003234,https://lifeattiktok.com/search/6994617097477966087,200,detail,"Campaign & Community, Fashion (E-commerce) - Indonesia",drop,,,,,Indonesia,,,
6995479354164594975,lifeattiktok,20260520041400,https://lifeattiktok.com/search/6995479354164594975,200,detail,"TikTok Shop by Tokopedia - Category Strategist, Fashion - Indonesia",drop,,,,,Indonesia,,,
6997480700211366180,lifeattiktok,20250124222236,https://lifeattiktok.com/search/6997480700211366180,200,detail,Content Strategy Analyst,drop,,,,,,,,
6999615255987521805,lifeattiktok,20250613194513,https://lifeattiktok.com/search/6999615255987521805,200,detail,Graduate Account Manager (eCommerce)-2022 Start - Indonesia,drop,,,,,Indonesia,,,
7002177751176874254,lifeattiktok,20241206081951,https://lifeattiktok.com/search/7002177751176874254,200,detail,"Campaign & Community, Electronics (e-commerce) - Indonesia",drop,,,,,Indonesia,,,"HTTPSConnectionPool(host='web.archive.org', port=443): Max retries exceeded with url: /web/20241206081951id_/https://lif"
7002681702675220766,lifeattiktok,20250528164348,https://lifeattiktok.com/search/7002681702675220766,200,detail,Machine Learning Fairness Research PhD Intern - 2021 Start,drop,,,,,,,,
7002693338882525476,lifeattiktok,20250427032729,https://lifeattiktok.com/search/7002693338882525476?spread=5MWH5CQ,200,detail,Advertising Policy Manager,include,policy manager,,,,,,,
7003009067103734030,lifeattiktok,20260112134255,https://lifeattiktok.com/search/7003009067103734030,200,detail,Infrastructure Site Reliability Engineer (Entry Level) - USDS,exclude,,site reliability,,,,,,
7003183627983440164,lifeattiktok,20260520041755,https://lifeattiktok.com/search/7003183627983440164,200,detail,"Account Management, Fashion (Entry-Level)",drop,,,,,,,,
7005800755455445256,lifeattiktok,20250427042629,https://lifeattiktok.com/search/7005800755455445256,200,detail,Country Media Manager-Korea,drop,,,,,Korea,,,"HTTPSConnectionPool(host='web.archive.org', port=443): Max retries exceeded with url: /web/20250427042629id_/https://lif"
7005850784077531399,lifeattiktok,20250124234658,https://lifeattiktok.com/search/7005850784077531399?spread=5MWH5CQ,200,detail,Search Recommendation QA,drop,,,,,,,,
7006034839221209351,lifeattiktok,20250821100534,https://lifeattiktok.com/search/7006034839221209351,200,detail,Senior Privacy Engineer- Red Team,drop,,,,,,,,
7011099144631437605,lifeattiktok,20250315074236,https://lifeattiktok.com/search/7011099144631437605,200,detail,Content Moderator - Russian speaker,include,content moderat*; moderat*,,,russian,,,,
7011423773878421767,lifeattiktok,20250501025709,https://lifeattiktok.com/search/7011423773878421767,200,detail,"Head of Regional Product Policy, APAC",drop,,,,,APAC,,,
7013107155675957535,lifeattiktok,20251015121539,https://lifeattiktok.com/search/7013107155675957535,200,detail,Strategy Associate - T&S,include,t&s,,,,,,,
7013308866047117605,lifeattiktok,20250516051600,https://lifeattiktok.com/search/7013308866047117605,200,detail,"SMB Training & Development Manager, APAC",drop,,,,,APAC,,,
7013563743795792164,lifeattiktok,20250206221325,https://lifeattiktok.com/search/7013563743795792164,200,detail,"Training & Implementation Content Creator Intern, Trust & Safety",include,trust & safety,,,,,,,
7013580796183611661,lifeattiktok,20260124061730,https://lifeattiktok.com/search/7013580796183611661,200,detail,Growth Marketing Manager,drop,,,,,,,,
7013827161912985892,lifeattiktok,20250124235838,https://lifeattiktok.com/search/7013827161912985892,200,detail,Financial Planning & Analysis Specialist - Administration,drop,,,,,,,,
7015222874102270222,lifeattiktok,20250315064541,https://lifeattiktok.com/search/7015222874102270222,200,detail,Research Scientist - Music Intelligence - SAMI,drop,,,,,,,,
7015528744241203469,lifeattiktok,20251111041455,https://lifeattiktok.com/search/7015528744241203469,200,detail,Head of Partnerships & Community,drop,,,,,,,,
7015852396212144415,lifeattiktok,20250718102452,https://lifeattiktok.com/search/7015852396212144415,200,detail,Public Policy Intern,include,public policy,,,,,,,
7016190328299342094,lifeattiktok,20250722170211,https://lifeattiktok.com/search/7016190328299342094,200,detail,Digital Marketing Manager,drop,,,,,,,,
7019029047276767525,lifeattiktok,20250206230840,https://lifeattiktok.com/search/7019029047276767525,200,detail,Music Insights Analyst,drop,,,,,,,,
7019287051535141134,lifeattiktok,20260124052059,https://lifeattiktok.com/search/7019287051535141134,200,detail,Creator Strategist,drop,,,,,,,,"HTTPSConnectionPool(host='web.archive.org', port=443): Max retries exceeded with url: /web/20260124052059id_/https://lif"
7020661197402442021,lifeattiktok,20250427025051,https://lifeattiktok.com/search/7020661197402442021,200,detail,"Site Reliability Engineer, Data Platform- USDS",exclude,,site reliability,,,,,,
7023327948912494856,lifeattiktok,20250718101156,https://lifeattiktok.com/search/7023327948912494856,200,detail,GBS Client Solutions Graduate - 2022 Start,drop,,,,,,,,
7025592781796296991,lifeattiktok,20241125202818,https://lifeattiktok.com/search/7025592781796296991,200,detail,Partnership Quality Assurance Specialist,drop,,,,,,,,
7026168886131755295,lifeattiktok,20250427024737,https://lifeattiktok.com/search/7026168886131755295,200,detail,Research Scientist in Multimodal Machine Learning（SAMI）,drop,,,,,,,,
7026169270913403167,lifeattiktok,20250613195547,https://lifeattiktok.com/search/7026169270913403167,200,detail,Research Engineer in Machine Learning Music（SAMI）,drop,,,,,,,,"HTTPSConnectionPool(host='web.archive.org', port=443): Max retries exceeded with url: /web/20250613195547id_/https://lif"
7026976013506693412,lifeattiktok,20250315084838,https://lifeattiktok.com/search/7026976013506693412,200,detail,Content Moderator,include,content moderat*; moderat*,,,,,,,
7027230611425216775,lifeattiktok,20250506104246,https://lifeattiktok.com/search/7027230611425216775,200,detail,"Threat Analyst, Illegal and Regulated Goods",include,threat analyst,,,,,,,
7028255692548999437,lifeattiktok,20250124225848,https://lifeattiktok.com/search/7028255692548999437,200,detail,Creative Effects Lead,drop,,,,,,,,
7028292612918511879,lifeattiktok,20250125000009,https://lifeattiktok.com/search/7028292612918511879,200,detail,Research Scientist in Speech & Audio（SAMI）,drop,,,,,,,,"HTTPSConnectionPool(host='web.archive.org', port=443): Max retries exceeded with url: /web/20250125000009id_/https://lif"
7028440548520495368,lifeattiktok,20250124221449,https://lifeattiktok.com/search/7028440548520495368?spread=5MWH5CQ,200,detail,"Business Development, Online Acquisition (E-commerce)",drop,,,,,,,,
7029081458258200869,lifeattiktok,20250315080012,https://lifeattiktok.com/search/7029081458258200869,200,detail,Research Scientist in Music Creation （SAMI）,drop,,,,,,,,"HTTPSConnectionPool(host='web.archive.org', port=443): Max retries exceeded with url: /web/20250315080012id_/https://lif"
7029320253034498317,lifeattiktok,20260606112352,https://lifeattiktok.com/search/7029320253034498317,200,detail,Content and Partnerships Graduate - 2022 Start,drop,,,,,,,,
7029440865349912839,lifeattiktok,20250315073637,https://lifeattiktok.com/search/7029440865349912839,200,detail,Associate Product Manager,drop,,,,,,,,
7029780532142950686,lifeattiktok,20260520043025,https://lifeattiktok.com/search/7029780532142950686,200,detail,Sr Communications Analyst,drop,,,,,,,,
7030828340790528264,lifeattiktok,20250506104248,https://lifeattiktok.com/search/7030828340790528264,200,detail,"US Policy Lead, Hate + Harassment",include,policy lead,,,,,,,
7031369157393565965,lifeattiktok,20250427033723,https://lifeattiktok.com/search/7031369157393565965?spread=5MWH5CQ,200,detail,TikTok Live Content and Event Operations Manager,drop,,,,,,,,
7031373747815729416,lifeattiktok,20250426173024,https://lifeattiktok.com/search/7031373747815729416,200,detail,"Product Policy Lead, Subject Matter Expert for Adult Nudity & Sexual Activity Issues",include,policy lead,,,,,,,
7031704079601895688,lifeattiktok,20250506104247,https://lifeattiktok.com/search/7031704079601895688?spread=5MWH5CQ,200,detail,"Threat Analyst, Integrity & Authenticity",include,integrity; threat analyst,,,,,,,
7031710307425650975,lifeattiktok,20250503194723,https://lifeattiktok.com/search/7031710307425650975?spread=5MWH5CQ,200,detail,"Lead Threat Analyst, Suicide, Self Harm, Dangerous Acts, and Violent & Graphic Content",include,threat analyst,,,,,,,
7032193693268396324,lifeattiktok,20251224101556,https://lifeattiktok.com/search/7032193693268396324,200,detail,Advertising Audit Specialist - English Speaking - Monetization Integrity,include,integrity,,,english,,,,"HTTPSConnectionPool(host='web.archive.org', port=443): Max retries exceeded with url: /web/20251224101556id_/https://lif"
7035704711786154270,lifeattiktok,20250206224222,https://lifeattiktok.com/search/7035704711786154270,200,detail,Content Programming Editorial Graduate,drop,,,,,,,,
7035721106380196103,lifeattiktok,20241206064331,https://lifeattiktok.com/search/7035721106380196103,200,detail,Insights Intern - 2022 Start,drop,,,,,,,,
7036625526229158152,lifeattiktok,20250125003706,https://lifeattiktok.com/search/7036625526229158152,200,detail,Content Operation Intern,drop,,,,,,,,
7036913389788367112,lifeattiktok,20251015122056,https://lifeattiktok.com/search/7036913389788367112,200,detail,Research Scientist in Speech Synthesis,drop,,,,,,,,
7038890421960149285,lifeattiktok,20250315065111,https://lifeattiktok.com/search/7038890421960149285,200,detail,Editorial and Operations Intern - 2022 Start,drop,,,,,,,,"HTTPSConnectionPool(host='web.archive.org', port=443): Max retries exceeded with url: /web/20250315065111id_/https://lif"
7039648102652332325,lifeattiktok,20250206221524,https://lifeattiktok.com/search/7039648102652332325,200,detail,Livestreaming Operations Manager,drop,,,,,,,,
7039649630870980871,lifeattiktok,20260114201401,https://lifeattiktok.com/search/7039649630870980871,200,detail,TikTok LIVE Creator Manager - Dubai,drop,,,,,MENA,Dubai,United Arab Emirates,
7039784652299536654,lifeattiktok,20250426032642,https://lifeattiktok.com/search/7039784652299536654?spread=5MWH5CQ,200,detail,Threat Researcher,drop,,,,,,,,
7041121859836823816,lifeattiktok,20250315080644,https://lifeattiktok.com/search/7041121859836823816,200,detail,Music Operations Graduate - 2022 Start,drop,,,,,,,,"HTTPSConnectionPool(host='web.archive.org', port=443): Max retries exceeded with url: /web/20250315080644id_/https://lif"
7041845182480042248,lifeattiktok,20250315084455,https://lifeattiktok.com/search/7041845182480042248,200,detail,Content and Partnerships Graduate - 2022 Start,drop,,,,,,,,
7042068004583311652,lifeattiktok,20250426111814,https://lifeattiktok.com/search/7042068004583311652,200,detail,"Policy Specialist, Sexually Suggestive Content",include,policy specialist,,,,,,,"HTTPSConnectionPool(host='web.archive.org', port=443): Max retries exceeded with url: /web/20250426111814id_/https://lif"
7043703753040939301,lifeattiktok,20250715224048,https://lifeattiktok.com/search/7043703753040939301,200,detail,TikTok Shop - Cluster Lead (E-commerce) - Thailand,drop,,,,,Thailand,,,
7043711132292532494,lifeattiktok,20260708133155,https://lifeattiktok.com/search/7043711132292532494,200,detail,TikTok Shop - TikTok Shop Partner Manager (E-commerce) - Thailand,drop,,,,,Thailand,,,
7043850490740082951,lifeattiktok,20250516054428,https://lifeattiktok.com/search/7043850490740082951,200,detail,Talent Acquisition Partner - Trust & Safety - Casablanca (11 months),include,trust & safety,,,,,Casablanca,Morocco,
7047563618363312398,lifeattiktok,20250315082548,https://lifeattiktok.com/search/7047563618363312398?spread=XKM9ZXE,200,detail,Content Programming Editorial Intern - Summer 2022,drop,,,,,,,,
7047773088544950564,lifeattiktok,20250427043507,https://lifeattiktok.com/search/7047773088544950564?spread=5MWH5CQ,200,detail,Content Moderator (Icelandic),include,content moderat*; moderat*,,,icelandic,,,,
7050946730754279716,lifeattiktok,20250725030224,https://lifeattiktok.com/search/7050946730754279716,200,detail,Software Engineer - Data Management platform,drop,,,,,,,,
7051834624436111623,lifeattiktok,20260127014219,https://lifeattiktok.com/search/7051834624436111623,200,detail,Content Programming Coordinator (Bilingual) - Kenya based,drop,,,,,Africa,,,
7053038400618498311,lifeattiktok,20250315071647,https://lifeattiktok.com/search/7053038400618498311,200,detail,A&R (Artists and Repertoire) Manager,drop,,,,,,,,
7054611305714616606,lifeattiktok,20241124104713,https://lifeattiktok.com/search/7054611305714616606?utm_source=handpickedBerlin,200,detail,Influencer Operations Manager - Fluent German,drop,,,,german,,,,"HTTPSConnectionPool(host='web.archive.org', port=443): Max retries exceeded with url: /web/20241124104713id_/https://lif"
7054948589613500708,lifeattiktok,20241206065113,https://lifeattiktok.com/search/7054948589613500708,200,detail,"Senior Legal Counsel (Information Security, 8+ PQE), London/Dublin",drop,,,,,Ireland,Dublin; London,Ireland; United Kingdom,
7054963447741892877,lifeattiktok,20250908123115,https://lifeattiktok.com/search/7054963447741892877,200,detail,"TikTok Shop - Performance Manager, Logistics Operations Associate (Vietnam)",drop,,,,,Vietnam,,,
7055264498903402782,lifeattiktok,20250124233551,https://lifeattiktok.com/search/7055264498903402782,200,detail,Partnerships Manager - Telco,drop,,,,,,,,
7055327073947404580,lifeattiktok,20250722032443,https://lifeattiktok.com/search/7055327073947404580,200,detail,"Machine Learning Engineer, TikTok Search",drop,,,,,,,,
7055329130392520991,lifeattiktok,20241119033734,https://lifeattiktok.com/search/7055329130392520991?_rsc=n6hge,200,js_shell,,unusable,,,,,,,,"HTTPSConnectionPool(host='web.archive.org', port=443): Max retries exceeded with url: /web/20241119033734id_/https://lif"
7055448156830468388,lifeattiktok,20250206230518,https://lifeattiktok.com/search/7055448156830468388,200,detail,Finance Business Partner,drop,,,,,,,,
7055497809734486308,lifeattiktok,20250623185816,https://lifeattiktok.com/search/7055497809734486308,200,detail,Site Reliability Engineer - Analytical Database,exclude,,site reliability,,,,,,
7055541026212202760,lifeattiktok,20241123044700,https://lifeattiktok.com/search/7055541026212202760,200,detail,Research Engineer (Computer Vision) - Intelligent Creation,drop,,,,,,,,
7055547758753581349,lifeattiktok,20250722033308,https://lifeattiktok.com/search/7055547758753581349,200,detail,Machine Learning Engineer - Trust and Safety Platform,include,trust and safety,,,,,,,"HTTPSConnectionPool(host='web.archive.org', port=443): Max retries exceeded with url: /web/20250722033308id_/https://lif"
7056768795633289479,lifeattiktok,20260208201459,https://lifeattiktok.com/search/7056768795633289479,200,detail,Content Operation Labeling Specialist - Arabic,include,labeling specialist,,,arabic,,,,
7056998972900952328,lifeattiktok,20251016005607,https://lifeattiktok.com/search/7056998972900952328,200,detail,"Machine Learning Engineer, Risk Data Mining, BRIC - Singapore",drop,,,,,Singapore,Singapore,Singapore,"HTTPSConnectionPool(host='web.archive.org', port=443): Max retries exceeded with url: /web/20251016005607id_/https://lif"
7057094439814203661,lifeattiktok,20260208201226,https://lifeattiktok.com/search/7057094439814203661,200,detail,Safety Labeling Quality Assurance - Arabic (Old),drop,,,,arabic,,,,
7057498434836203813,lifeattiktok,20250315063800,https://lifeattiktok.com/search/7057498434836203813,200,detail,Talent Acquisition Intern (Data & AI) - 2022,drop,,,,,,,,
7057770133934672159,lifeattiktok,20250206232434,https://lifeattiktok.com/search/7057770133934672159,200,detail,"Machine Learning Engineer, TikTok Ads Vertical Solutions",drop,,,,,,,,
7057796324536813861,lifeattiktok,20250722090928,https://lifeattiktok.com/search/7057796324536813861,200,detail,"Site Reliability Engineer, Applied Machine Learning",exclude,,site reliability,,,,,,
7057824058242844959,lifeattiktok,20250125000952,https://lifeattiktok.com/search/7057824058242844959,200,detail,Speech Recognition Scientist - Speech & Audio,drop,,,,,,,,
7057825736278788366,lifeattiktok,20250912213646,https://lifeattiktok.com/search/7057825736278788366?source=jobsinjs.com,200,detail,"Frontend Software Engineer, Trust and Safety Platform",include,trust and safety,,,,,,,
7057825736279623950,lifeattiktok,20260506185140,https://lifeattiktok.com/search/7057825736279623950?_rsc=1m3ql,200,js_shell,,unusable,,,,,,,,
7057826198239332622,lifeattiktok,20260710212810,https://lifeattiktok.com/search/7057826198239332622,200,detail,"Big Data Engineer, TikTok Recommendation Architecture",drop,,,,,,,,
7059250273450313992,lifeattiktok,20250516045530,https://lifeattiktok.com/search/7059250273450313992,200,detail,Backend Software Engineer (R&D System) - Cloud Infrastructure,drop,,,,,,,,"HTTPSConnectionPool(host='web.archive.org', port=443): Max retries exceeded with url: /web/20250516045530id_/https://lif"
7061805893503797541,lifeattiktok,20250118071450,https://lifeattiktok.com/search/7061805893503797541?spread=5MWH5CQ,200,detail,"Machine Learning Engineer (Recommendation), TikTok e-Commerce",drop,,,,,,,,
7062783256933271815,lifeattiktok,20241216031803,https://lifeattiktok.com/search/7062783256933271815,200,detail,"Copywriter, SMB-Global Business Marketing",drop,,,,,,,,
7064400706110900494,lifeattiktok,20250516044843,https://lifeattiktok.com/search/7064400706110900494,200,detail,"Tech Lead(DBA), Cloud Infrastructure",drop,,,,,,,,
7064408255376820511,lifeattiktok,20250516041728,https://lifeattiktok.com/search/7064408255376820511,200,detail,"Tech Lead (SRE), Cloud Infrastructure",drop,,,,,,,,
7064630263095544077,lifeattiktok,20250831022711,https://lifeattiktok.com/search/7064630263095544077,200,detail,"Data Scientist - Tiktok Ads, Vertical Solutions",drop,,,,,,,,"HTTPSConnectionPool(host='web.archive.org', port=443): Max retries exceeded with url: /web/20250831022711id_/https://lif"
7064927856997304606,lifeattiktok,20250315072650,https://lifeattiktok.com/search/7064927856997304606,200,detail,Content Moderator (Overnight Shift) - Trust and Safety - São Paulo,include,trust and safety; content moderat*; moderat*,,,,,São Paulo,Brazil,
7065181275573209357,lifeattiktok,20250821142916,https://lifeattiktok.com/search/7065181275573209357,200,detail,"TikTok Shop - Account Manager, Incubation (Vietnam)",drop,,,,,Vietnam,,,
7065300062700800269,lifeattiktok,20250516040736,https://lifeattiktok.com/search/7065300062700800269?spread=5MWH5CQ,200,detail,Safety Labeling Quality Assurance - Norwegian,drop,,,,norwegian,,,,
7065301308164688141,lifeattiktok,20241206071527,https://lifeattiktok.com/search/7065301308164688141?spread=5MWH5CQ,200,detail,Safety Labeling Quality Assurance - Urdu + Punjabi,drop,,,,urdu; punjabi,,,,"HTTPSConnectionPool(host='web.archive.org', port=443): Max retries exceeded with url: /web/20241206071527id_/https://lif"
7065538966619506975,lifeattiktok,20250429110155,https://lifeattiktok.com/search/7065538966619506975?spread=5MWH5CQ,200,detail,"Product Policy Manager, Integrity & Authenticity (I&A)",include,policy manager; integrity,,,,,,,
7065726423985555748,lifeattiktok,20250124221925,https://lifeattiktok.com/search/7065726423985555748,200,detail,Counterintelligence Analyst (US),drop,,,,,United States,,,"HTTPSConnectionPool(host='web.archive.org', port=443): Max retries exceeded with url: /web/20250124221925id_/https://lif"
7067372820191906055,lifeattiktok,20250428225705,https://lifeattiktok.com/search/7067372820191906055,200,detail,"Product Policy Lead, Violent Graphic Content",include,policy lead,,,,,,,
7067615899788953887,lifeattiktok,20250428092655,https://lifeattiktok.com/search/7067615899788953887?spread=5MWH5CQ,200,detail,Ad Moderation and Risk Investigation Specialist (Spanish Speaker) - São Paulo,include,moderat*,,,spanish,,São Paulo,Brazil,
7070043914236872973,lifeattiktok,20250315070808,https://lifeattiktok.com/search/7070043914236872973?spread=5MWH5CQ,200,detail,"Special Projects, E-commerce Operations Intern (E-commerce)",drop,,,,,,,,
7070338103698311431,lifeattiktok,20250912215721,https://lifeattiktok.com/search/7070338103698311431,200,detail,"Senior Frontend Software Engineer, RTC",drop,,,,,,,,
7070771469139052831,lifeattiktok,20250613192417,https://lifeattiktok.com/search/7070771469139052831?spread=5MWH5CQ,200,detail,Search Operations Quality Assurance - Polish,drop,,,,polish,,,,
7072111667056396574,lifeattiktok,20241206085058,https://lifeattiktok.com/search/7072111667056396574,200,detail,Partnerships Manager — Kingdom of Saudi Arabia,drop,,,,,MENA,,,
7072279016795441439,lifeattiktok,20250427041100,https://lifeattiktok.com/search/7072279016795441439?spread=5MWH5CQ,200,detail,Client Solutions Manager - South Africa,drop,,,,,Africa,,,
7073093777547626783,lifeattiktok,20250613200631,https://lifeattiktok.com/search/7073093777547626783?spread=5MWH5CQ,200,detail,TikTok Shop Partner Training Development (e-commerce),drop,,,,,,,,
7073281233036331277,lifeattiktok,20250908094639,https://lifeattiktok.com/search/7073281233036331277,200,detail,Backend Software Engineer - TikTok Global Live,drop,,,,,,,,"HTTPSConnectionPool(host='web.archive.org', port=443): Max retries exceeded with url: /web/20250908094639id_/https://lif"
7073304483161786654,lifeattiktok,20250427042949,https://lifeattiktok.com/search/7073304483161786654?spread=5MWH5CQ,200,detail,Partnership Quality Assurance Specialist (Thai),drop,,,,thai,,,,
7073475531844618532,lifeattiktok,20250427035351,https://lifeattiktok.com/search/7073475531844618532,200,detail,Global Growth Account Coordinator,drop,,,,,,,,
7075055788256069896,lifeattiktok,20250428054328,https://lifeattiktok.com/search/7075055788256069896,200,detail,Site Trainer - Trust & Safety - Mexico City,include,trust & safety,,,,Mexico,Mexico City,Mexico,
7075517966951155975,lifeattiktok,20250427050436,https://lifeattiktok.com/search/7075517966951155975,200,detail,Data Privacy Counsel,drop,,,,,,,,
7075737796174072077,lifeattiktok,20250206230000,https://lifeattiktok.com/search/7075737796174072077?spread=5MWH5CQ,200,detail,Data Privacy Counsel,drop,,,,,,,,"HTTPSConnectionPool(host='web.archive.org', port=443): Max retries exceeded with url: /web/20250206230000id_/https://lif"
7078344771357673758,lifeattiktok,20250427024646,https://lifeattiktok.com/search/7078344771357673758?spread=5MWH5CQ,200,detail,Privacy Incident Handling Specialist (US),drop,,,,,United States,,,
7080191613850487077,lifeattiktok,20250315081249,https://lifeattiktok.com/search/7080191613850487077,200,detail,LatAm Communications Coordinator - Bytedance products,drop,,,,,LATAM,,,
7080809816566909220,lifeattiktok,20250613192631,https://lifeattiktok.com/search/7080809816566909220,200,detail,"Risk Analyst, Trust & Safety (Thai Speaking)",include,trust & safety; risk analyst,,,thai,,,,
7080811071934482725,lifeattiktok,20250315075351,https://lifeattiktok.com/search/7080811071934482725?spread=5MWH5CQ,200,detail,"Risk Analysis Intern, Trust & Safety",include,trust & safety,,,,,,,"HTTPSConnectionPool(host='web.archive.org', port=443): Max retries exceeded with url: /web/20250315075351id_/https://lif"
7081318361275779358,lifeattiktok,20250516051242,https://lifeattiktok.com/search/7081318361275779358,200,detail,"Program Manager, Content Classification - Trust & Safety",include,trust & safety,,,,,,,
7082614764778342664,lifeattiktok,20250428095843,https://lifeattiktok.com/search/7082614764778342664?spread=5MWH5CQ,200,detail,"Issue Product Policy Intern, Trust & Safety",include,trust & safety,,,,,,,"HTTPSConnectionPool(host='web.archive.org', port=443): Max retries exceeded with url: /web/20250428095843id_/https://lif"
7082936118114617613,lifeattiktok,20250324202050,https://lifeattiktok.com/search/7082936118114617613,200,detail,"Data Scientist- TikTok Ads, Brand Innovation",drop,,,,,,,,
7083343567582873864,lifeattiktok,20260330125410,https://lifeattiktok.com/search/7083343567582873864,200,detail,"Machine Learning Engineer, Ecommerce Risk Control",drop,,,,,,,,
7083503107828648223,lifeattiktok,20250731203950,https://lifeattiktok.com/search/7083503107828648223,200,detail,Android Software Engineer - TikTok - Singapore,drop,,,,,Singapore,Singapore,Singapore,
7085750088233421086,lifeattiktok,20250516035032,https://lifeattiktok.com/search/7085750088233421086,200,detail,"Counsel, Privacy and Regulatory Affairs",drop,,,,,,,,
7085813511502727431,lifeattiktok,20250613195335,https://lifeattiktok.com/search/7085813511502727431?spread=5MWH5CQ,200,detail,Data Scientist,drop,,,,,,,,
7087870102238972174,lifeattiktok,20251222194611,https://lifeattiktok.com/search/7087870102238972174,200,detail,"Frontend Software Engineer, TikTok Live - Singapore",drop,,,,,Singapore,Singapore,Singapore,
7088044680894941454,lifeattiktok,20241206084451,https://lifeattiktok.com/search/7088044680894941454?spread=5MWH5CQ,200,detail,Privacy Program Manager (US) - Mountain View,drop,,,,,,Mountain View,United States,
7088243563163797796,lifeattiktok,20250920014849,https://lifeattiktok.com/search/7088243563163797796,200,detail,TikTok LIVE - Product Manager - Fund Penalty,drop,,,,,,,,"HTTPSConnectionPool(host='web.archive.org', port=443): Max retries exceeded with url: /web/20250920014849id_/https://lif"
7089451692059609357,lifeattiktok,20250427041314,https://lifeattiktok.com/search/7089451692059609357?spread=5MWH5CQ,200,detail,Content Moderator - French,include,content moderat*; moderat*,,,french,,,,"HTTPSConnectionPool(host='web.archive.org', port=443): Max retries exceeded with url: /web/20250427041314id_/https://lif"
7090366115314551071,lifeattiktok,20250430060324,https://lifeattiktok.com/search/7090366115314551071?spread=5MWH5CQ,200,detail,"Emerging Product Policy Lead, Trust & Safety",include,trust & safety; policy lead,,,,,,,
7090524961957677348,lifeattiktok,20250429180152,https://lifeattiktok.com/search/7090524961957677348,200,detail,Government Relations and Public Policy Manager - GCC,include,policy manager; public policy,,,,MENA,,,
7090843025723148551,lifeattiktok,20250315070004,https://lifeattiktok.com/search/7090843025723148551,200,detail,Media Partnerships Specialist - Sports,drop,,,,,,,,
7092063698005838087,lifeattiktok,20250428041250,https://lifeattiktok.com/search/7092063698005838087?spread=5MWH5CQ,200,detail,Law Enforcement Response Senior Analyst - USDS,drop,,,,,,,,
7093022844456487199,lifeattiktok,20250801073315,https://lifeattiktok.com/search/7093022844456487199,200,detail,"Senior Machine Learning Engineer, Account Integrity",include,integrity,,,,,,,
7093668115326126366,lifeattiktok,20250315083743,https://lifeattiktok.com/search/7093668115326126366,200,detail,Global Corporate Social Responsibility Counsel,drop,,,,,,,,
7094567818801449229,lifeattiktok,20250512140616,https://lifeattiktok.com/search/7094567818801449229?spread=5MWH5CQ,200,detail,Senior Legal Counsel - Content Moderation APAC,include,content moderat*; moderat*,,,,APAC,,,
7095701851668695327,lifeattiktok,20250506104248,https://lifeattiktok.com/search/7095701851668695327?spread=5MWH5CQ,200,detail,Public Policy Manager,include,policy manager; public policy,,,,,,,
7096386205643180319,lifeattiktok,20241206085004,https://lifeattiktok.com/search/7096386205643180319,200,detail,Creative Strategist - Turkey,drop,,,,,Turkey,,,"HTTPSConnectionPool(host='web.archive.org', port=443): Max retries exceeded with url: /web/20241206085004id_/https://lif"
7096873440498419975,lifeattiktok,20250428061437,https://lifeattiktok.com/search/7096873440498419975,200,detail,Global Head of Outreach and Partnerships - Trust & Safety,include,trust & safety,,,,,,,
7097101084908603661,lifeattiktok,20250808235139,https://lifeattiktok.com/search/7097101084908603661,200,detail,Product Manager - TikTok Social,drop,,,,,,,,"HTTPSConnectionPool(host='web.archive.org', port=443): Max retries exceeded with url: /web/20250808235139id_/https://lif"
7097334423939680525,lifeattiktok,20250428173615,https://lifeattiktok.com/search/7097334423939680525?spread=5MWH5CQ,200,detail,"Product Policy Manager, LATAM South Cone",include,policy manager,,,,LATAM,,,
7097335809262930189,lifeattiktok,20250506104240,https://lifeattiktok.com/search/7097335809262930189?spread=5MWH5CQ,200,detail,"Product Policy Manager, LATAM Caribbean",include,policy manager,,,,LATAM,,,
7097337455577270541,lifeattiktok,20241206080544,https://lifeattiktok.com/search/7097337455577270541,200,detail,"Product Policy Manager, LATAM Caribbean",include,policy manager,,,,LATAM,,,
7098277564452833566,lifeattiktok,20250124231113,https://lifeattiktok.com/search/7098277564452833566,200,detail,TikTok Shop B2B Marketing (E-commerce) - Indonesia,drop,,,,,Indonesia,,,
7098434881554303269,lifeattiktok,20250124225425,https://lifeattiktok.com/search/7098434881554303269?spread=5MWH5CQ,200,detail,Group Lead - Trust & Safety - Mexico City,include,trust & safety,,,,Mexico,Mexico City,Mexico,
7099375560635468063,lifeattiktok,20241127060533,https://lifeattiktok.com/search/7099375560635468063,200,detail,"Machine Learning Research Scientist, Business Integrity",include,integrity,,,,,,,
7099716472465639687,lifeattiktok,20250426144730,https://lifeattiktok.com/search/7099716472465639687?spread=5MWH5CQ,200,detail,"Risk Triage Analyst - APAC, Trust & Safety",include,trust & safety,,,,APAC,,,
7099881617283680519,lifeattiktok,20250324191313,https://lifeattiktok.com/search/7099881617283680519?spread=XKM9ZXE,200,detail,"Data Scientist - Tiktok Ads, Ads Measurement",drop,,,,,,,,
7101532165460478245,lifeattiktok,20250125003833,https://lifeattiktok.com/search/7101532165460478245?spread=5MWH5CQ,200,detail,"Quality Delivery Lead, Trust and Safety-Japan",include,trust and safety,,,,Japan,,,"HTTPSConnectionPool(host='web.archive.org', port=443): Max retries exceeded with url: /web/20250125003833id_/https://lif"
7101798336773327118,lifeattiktok,20250516053048,https://lifeattiktok.com/search/7101798336773327118?spread=5MWH5CQ,200,detail,Advisor - Trust & Safety - Mexico City,include,trust & safety,,,,Mexico,Mexico City,Mexico,
7102092534365604126,lifeattiktok,20250206224507,https://lifeattiktok.com/search/7102092534365604126?spread=5MWH5CQ,200,detail,"Proactive Governance Program Specialist, US",include,governance,,,,United States,,,
7102176568579426596,lifeattiktok,20250315083536,https://lifeattiktok.com/search/7102176568579426596,200,detail,"Senior UX Researcher, Ecommerce - USDS",drop,,,,,,,,
7102368349715843336,lifeattiktok,20250429131522,https://lifeattiktok.com/search/7102368349715843336,200,detail,Law Enforcement Outreach Manager (MENA),drop,,,,,MENA,,,
7103457410773747982,lifeattiktok,20241206064504,https://lifeattiktok.com/search/7103457410773747982,200,detail,Partnership Manager - Growth - South Africa,drop,,,,,Africa,,,
7103485402997606687,lifeattiktok,20250506104254,https://lifeattiktok.com/search/7103485402997606687?spread=5MWH5CQ,200,detail,"Product Policy Manager, LIVE",include,policy manager,,,,,,,
7103486783061690661,lifeattiktok,20250506104254,https://lifeattiktok.com/search/7103486783061690661?spread=5MWH5CQ,200,detail,"Product Policy Manager, Discoverability (Suggested Search & Hashtag)",include,policy manager,,,,,,,
7103564038043060511,lifeattiktok,20250506104248,https://lifeattiktok.com/search/7103564038043060511?spread=5MWH5CQ,200,detail,"Senior Legal Counsel (Competition and Antitrust, 6-8+PQE) Brussels/London",drop,,,,,,London,United Kingdom,
7103908935941507342,lifeattiktok,20250506104256,https://lifeattiktok.com/search/7103908935941507342,200,detail,Product Policy Manager - Feed Integrity,include,policy manager; integrity,,,,,,,
7105063530127575310,lifeattiktok,20260124045847,https://lifeattiktok.com/search/7105063530127575310,200,detail,"Software Engineer, Creator Growth",drop,,,,,,,,
7105918824172800292,lifeattiktok,20250206233243,https://lifeattiktok.com/search/7105918824172800292,200,detail,Monetization Policy Intern,drop,,,,,,,,
7106270242859043102,lifeattiktok,20250206233505,https://lifeattiktok.com/search/7106270242859043102,200,detail,"UX Researcher, Ecommerce - USDS",drop,,,,,,,,
7106382181669816584,lifeattiktok,20250426013546,https://lifeattiktok.com/search/7106382181669816584,200,detail,"Product Policy Manager, Oceania",include,policy manager,,,,,,,
7106862221305760013,lifeattiktok,20250506104246,https://lifeattiktok.com/search/7106862221305760013?spread=5MWH5CQ,200,detail,"Senior Technologist, Americas Public Policy",include,public policy,,,,,,,
7107358257358997774,lifeattiktok,20250125000406,https://lifeattiktok.com/search/7107358257358997774,200,detail,HR Business Partner - E-commerce - Seattle,drop,,,,,,Seattle,United States,
7107382580749060389,lifeattiktok,20250430193125,https://lifeattiktok.com/search/7107382580749060389,200,detail,"Global Head, Business Operations Protection (Global)",drop,,,,,,,,
7109186645497366815,lifeattiktok,20250315084517,https://lifeattiktok.com/search/7109186645497366815?spread=5MWH5CQ,200,detail,"Issue Program Manager, Trust and Safety",include,trust and safety,,,,,,,
7109410294682601735,lifeattiktok,20250124231744,https://lifeattiktok.com/search/7109410294682601735,200,detail,Measurement Partner,drop,,,,,,,,
7109553793469647118,lifeattiktok,20250506104240,https://lifeattiktok.com/search/7109553793469647118?spread=5MWH5CQ,200,detail,Investigations Team Lead - Trust & Safety,include,trust & safety,,,,,,,
7110308561352083742,lifeattiktok,20250506104254,https://lifeattiktok.com/search/7110308561352083742?spread=5MWH5CQ,200,detail,Associate Sales Counsel - LatAm,drop,,,,,LATAM,,,"HTTPSConnectionPool(host='web.archive.org', port=443): Max retries exceeded with url: /web/20250506104254id_/https://lif"
7111332168153434405,lifeattiktok,20250516050955,https://lifeattiktok.com/search/7111332168153434405,200,detail,Government Relations and Public Policy Associate,include,public policy,,,,,,,
7111762764180113678,lifeattiktok,20250506104240,https://lifeattiktok.com/search/7111762764180113678?spread=5MWH5CQ,200,detail,"Policy Counsel, Americas Public Policy",include,public policy,,,,,,,
7111798320410642696,lifeattiktok,20250506104247,https://lifeattiktok.com/search/7111798320410642696?spread=5MWH5CQ,200,detail,"Trainer, US Safety",drop,,,,,,,,
7111824815660550431,lifeattiktok,20260417092759,https://lifeattiktok.com/search/7111824815660550431,200,detail,Product Manager - Accessibility,drop,,,,,,,,
7112676583475022093,lifeattiktok,20260609051531,https://lifeattiktok.com/search/7112676583475022093,200,detail,Operation Research Engineer- TikTok E-commerce Global Supply Chain and Logistics,drop,,,,,,,,
7112729591592159524,lifeattiktok,20250506104254,https://lifeattiktok.com/search/7112729591592159524?spread=5MWH5CQ,200,detail,"Issue Product Policy Manager, Suicide & Self-Harm",include,policy manager,,,,,,,
7113889625638603044,lifeattiktok,20250516033819,https://lifeattiktok.com/search/7113889625638603044?spread=5MWH5CQ,200,detail,Category Strategist & Special Projects (e-commerce),drop,,,,,,,,
7114200841070758174,lifeattiktok,20241206072033,https://lifeattiktok.com/search/7114200841070758174,200,detail,Search Operations Team Lead - Korea,drop,,,,,Korea,,,
7114279834158991630,lifeattiktok,20250427033923,https://lifeattiktok.com/search/7114279834158991630,200,detail,"Risk Analyst, MENA | Hebrew | Risk & Response",include,risk analyst,,,hebrew,MENA,,,
7114429071337654536,lifeattiktok,20260114202156,https://lifeattiktok.com/search/7114429071337654536,200,detail,"Frontend Software Engineer, Global E-commerce Governance Platform",include,governance,,,,,,,
7114429426528143624,lifeattiktok,20260515012154,https://lifeattiktok.com/search/7114429426528143624,200,detail,"Backend Software Engineer, Global E-commerce Governance Platform",include,governance,,,,,,,
7114429917525690654,lifeattiktok,20250427044222,https://lifeattiktok.com/search/7114429917525690654,200,detail,"Frontend Software Engineer, Global E-commerce Governance Platform - Seattle",include,governance,,,,,Seattle,United States,
7114536511245486367,lifeattiktok,20250315080525,https://lifeattiktok.com/search/7114536511245486367,200,detail,"Legal Counsel (Commercial), Israel",drop,,,,,Israel,,,
7114625621914093861,lifeattiktok,20250613192325,https://lifeattiktok.com/search/7114625621914093861?spread=5MWH5CQ,200,detail,"Senior Public Policy Manager, Brussels",include,policy manager; public policy,,,,,,,
7115148527982479629,lifeattiktok,20250506104247,https://lifeattiktok.com/search/7115148527982479629?spread=5MWH5CQ,200,detail,Threat Data Analyst - US Threat Discovery and Prevention,drop,,,,,,,,
7115277256805288229,lifeattiktok,20251005014007,https://lifeattiktok.com/search/7115277256805288229,200,detail,System Architect - Cloud Hardware,exclude,,hardware,,,,,,
7115278866163566856,lifeattiktok,20250613183354,https://lifeattiktok.com/search/7115278866163566856,200,detail,Partnership Quality Assurance Specialist (Singaporean Market),drop,,,,,,,,
7115336490033203487,lifeattiktok,20250315071604,https://lifeattiktok.com/search/7115336490033203487,200,detail,Campaign & Community Intern - ( E-commerce) - Vietnam,drop,,,,,Vietnam,,,
7115426879294130446,lifeattiktok,20250206215110,https://lifeattiktok.com/search/7115426879294130446,200,detail,"Senior Manager, Dangerous, Violent and Illegal Content",drop,,,,,,,,
7117084434700110094,lifeattiktok,20250206225606,https://lifeattiktok.com/search/7117084434700110094?utm_campaign=interesting-data-gigs-88-the-other-side-of-fear-could-be-great&utm_medium=newsletter&utm_source=newsletter.interestinggigs.com,200,detail,"Data Engineer, E-Commerce",drop,,,,,,,,"HTTPSConnectionPool(host='web.archive.org', port=443): Max retries exceeded with url: /web/20250206225606id_/https://lif"
7117356572129741093,lifeattiktok,20250506104240,https://lifeattiktok.com/search/7117356572129741093?spread=5MWH5CQ,200,detail,"Policy Communications Manager, Americas",drop,,,,,,,,
7117662017171491108,lifeattiktok,20250427030854,https://lifeattiktok.com/search/7117662017171491108,200,detail,Creative Performance Manager,drop,,,,,,,,
7119294785534544135,lifeattiktok,20250506104240,https://lifeattiktok.com/search/7119294785534544135?spread=5MWH5CQ,200,detail,"Escalations Manager, US Trust & Safety: Monetization & LIVE",include,trust & safety; escalation*,,,,,,,
7119297456614525214,lifeattiktok,20250427131520,https://lifeattiktok.com/search/7119297456614525214?spread=5MWH5CQ,200,detail,"Escalations Manager, US Trust & Safety",include,trust & safety; escalation*,,,,,,,
7119407337131165982,lifeattiktok,20250124233636,https://lifeattiktok.com/search/7119407337131165982?spread=5MWH5CQ,200,detail,Quality Analyst Arabic speaker,include,quality analyst,,,arabic,,,,
7119469160689879326,lifeattiktok,20250718112104,https://lifeattiktok.com/search/7119469160689879326,200,detail,"TikTok Shop by Tokopedia - IP Campaign, FMCG (Indonesia)",drop,,,,,Indonesia,,,
7119473309402630436,lifeattiktok,20250315074154,https://lifeattiktok.com/search/7119473309402630436,200,detail,"Category Management, Incubation (E-commerce) - Indonesia",drop,,,,,Indonesia,,,
7120178843822557453,lifeattiktok,20250315070857,https://lifeattiktok.com/search/7120178843822557453?spread=5MWH5CQ,200,detail,"Policy Deployment Manager, EMEA eCommerce Governance",include,governance,,,,EMEA,,,
7120249718232041764,lifeattiktok,20250912231033,https://lifeattiktok.com/search/7120249718232041764?spread=5MWH5CQ,200,detail,Senior Product Designer,drop,,,,,,,,
7120356207369849119,lifeattiktok,20250506104240,https://lifeattiktok.com/search/7120356207369849119?spread=5MWH5CQ,200,detail,Fact Check Program Manager,drop,,,,,,,,
7120434675927075080,lifeattiktok,20250206223234,https://lifeattiktok.com/search/7120434675927075080?spread=5MWH5CQ,200,detail,Fact Check Program Manager,drop,,,,,,,,
7121767137891420424,lifeattiktok,20250427005952,https://lifeattiktok.com/search/7121767137891420424?spread=5MWH5CQ,200,detail,"Risk Data Analyst, TikTok-US-Data Security",drop,,,,,,,,
7121937638186420510,lifeattiktok,20241206071843,https://lifeattiktok.com/search/7121937638186420510?spread=5MWH5CQ,200,detail,"Program Manager, Integrity and Authenticity, Trust & Safety",include,trust & safety; integrity,,,,,,,
7122234923175610660,lifeattiktok,20250427024222,https://lifeattiktok.com/search/7122234923175610660,200,detail,Content Design Manager,drop,,,,,,,,
7122394923110140167,lifeattiktok,20250429152142,https://lifeattiktok.com/search/7122394923110140167?spread=5MWH5CQ,200,detail,"Head of Trust & Safety Operations, Partnership Management",include,trust & safety; safety operations,,,,,,,
7122405933376030984,lifeattiktok,20241218123308,https://lifeattiktok.com/search/7122405933376030984,200,detail,TikTok Shop - Creator Strategist (E-commerce) - Thailand,drop,,,,,Thailand,,,
7122483452540258590,lifeattiktok,20250506104240,https://lifeattiktok.com/search/7122483452540258590?spread=5MWH5CQ,200,detail,"Product Policy Manager, Minor Safety - Trust & Safety",include,trust & safety; policy manager; minor safety,,,,,,,
7122939119953643806,lifeattiktok,20250315074710,https://lifeattiktok.com/search/7122939119953643806?utm_campaign=world-s-best-ai-engineer-genie&utm_medium=referral&utm_source=www.aiplanetx.com,200,detail,TikTok Shop - Data Scientist,drop,,,,,,,,
7124003210754558221,lifeattiktok,20250427043334,https://lifeattiktok.com/search/7124003210754558221,200,detail,Project Management Intern,drop,,,,,,,,
7124735626896984357,lifeattiktok,20251111051947,https://lifeattiktok.com/search/7124735626896984357,200,detail,TikTok E-commerce - Creator Success Manager - Creator Programs,drop,,,,,,,,"HTTPSConnectionPool(host='web.archive.org', port=443): Max retries exceeded with url: /web/20251111051947id_/https://lif"
7124736000521357604,lifeattiktok,20251111043006,https://lifeattiktok.com/search/7124736000521357604,200,detail,TikTok E-Commerce- Creator Success Manager- Live Shop Operations,drop,,,,,,,,
7124962580804290852,lifeattiktok,20250427035101,https://lifeattiktok.com/search/7124962580804290852,200,detail,North East Asia Policy Manager (Japan),include,policy manager,,,,Japan,,,
7125605047807396104,lifeattiktok,20250516181654,https://lifeattiktok.com/search/7125605047807396104,200,detail,Product Operations Team Lead,drop,,,,,,,,
7125726789158177054,lifeattiktok,20250715224048,https://lifeattiktok.com/search/7125726789158177054,200,detail,TikTok Shop - Top Creator Account Manager (E-Commerce) - Thailand,drop,,,,,Thailand,,,
7125802844478081293,lifeattiktok,20241206063624,https://lifeattiktok.com/search/7125802844478081293,200,detail,"Site Wellbeing Program Manager, Casablanca",drop,,,,,,Casablanca,Morocco,
7125877404488616205,lifeattiktok,20250315075740,https://lifeattiktok.com/search/7125877404488616205,200,detail,Regional Content Insights Specialist,drop,,,,,,,,
7127284736887736589,lifeattiktok,20250315082333,https://lifeattiktok.com/search/7127284736887736589?spread=5MWH5CQ,200,detail,"Product Manager, US Trust & Safety",include,trust & safety,,,,,,,
7127559088879765790,lifeattiktok,20251211112248,https://lifeattiktok.com/search/7127559088879765790?spread=5MWH5CQ,200,detail,Recruitment Coordinator (Contract) - E-Commerce - Jakarta,drop,,,,,,Jakarta,Indonesia,
7127989962364635422,lifeattiktok,20250503132119,https://lifeattiktok.com/search/7127989962364635422?spread=5MWH5CQ,200,detail,Government Relations and Public Policy Manager - GCC,include,policy manager; public policy,,,,MENA,,,
7128063754882156808,lifeattiktok,20250516053232,https://lifeattiktok.com/search/7128063754882156808,200,detail,"Data Scientist, Machine Learning",drop,,,,,,,,
7128087553954285854,lifeattiktok,20250516044647,https://lifeattiktok.com/search/7128087553954285854,200,detail,Content Designer,drop,,,,,,,,
7129472936050706695,lifeattiktok,20250124222339,https://lifeattiktok.com/search/7129472936050706695?spread=5MWH5CQ,200,detail,"Senior Legal Counsel, Content Moderation",include,content moderat*; moderat*,,,,,,,
7129915597462882597,lifeattiktok,20250315072903,https://lifeattiktok.com/search/7129915597462882597,200,detail,Content Partnerships Manager - Lifestyle & Education,drop,,,,,,,,
7129956984639621389,lifeattiktok,20250427015842,https://lifeattiktok.com/search/7129956984639621389?spread=5MWH5CQ,200,detail,"Threat Analyst, Network Analysis and Targeted Manipulation",include,threat analyst,,,,,,,
7129990421971831048,lifeattiktok,20250912214657,https://lifeattiktok.com/search/7129990421971831048?spread=5MWH5CQ,200,detail,Program Management Lead - Global Sports Content,drop,,,,,,,,
7130564611341814052,lifeattiktok,20250124230044,https://lifeattiktok.com/search/7130564611341814052,200,detail,"Business Development Manager - Distribution, SSA",drop,,,,,Africa,,,
7132969250628667656,lifeattiktok,20250206215619,https://lifeattiktok.com/search/7132969250628667656,200,detail,Help Center Content Specialist,drop,,,,,,,,
7135912732620917006,lifeattiktok,20250427023430,https://lifeattiktok.com/search/7135912732620917006?spread=5MWH5CQ,200,detail,"Law Enforcement Emergency Response, Triage Specialist (Arabic Speaking)",drop,,,,arabic,,,,
7136099249070950693,lifeattiktok,20250623185816,https://lifeattiktok.com/search/7136099249070950693,200,detail,C++ Developer - Data Platform,drop,,,,,,,,
7137677413491804447,lifeattiktok,20241206080918,https://lifeattiktok.com/search/7137677413491804447?spread=5MWH5CQ,200,detail,Risk Management Consultant - Trust & Safety,include,trust & safety,,,,,,,"HTTPSConnectionPool(host='web.archive.org', port=443): Max retries exceeded with url: /web/20241206080918id_/https://lif"
7137797883383154951,lifeattiktok,20250427033320,https://lifeattiktok.com/search/7137797883383154951?spread=5MWH5CQ,200,detail,"Site Reliability Engineer, Global E-Commerce",exclude,,site reliability,,,,,,
7137944471815801096,lifeattiktok,20250125001428,https://lifeattiktok.com/search/7137944471815801096,200,detail,"AUNZ Country Product Policy Intern, Trust & Safety (3 January - 12 May 2023)",include,trust & safety,,,,,,,
7138091635200051487,lifeattiktok,20260520044421,https://lifeattiktok.com/search/7138091635200051487,200,detail,Sales Intern (Global Business Solutions) - Summer 2023(Bachelors),drop,,,,,,,,
7138200617332803871,lifeattiktok,20260520044830,https://lifeattiktok.com/search/7138200617332803871,200,detail,Strategy MBA Intern (Monetization Office) - Summer 2023 (MBA),drop,,,,,,,,
7138226105995102478,lifeattiktok,20250516040525,https://lifeattiktok.com/search/7138226105995102478?spread=5MWH5CQ,200,detail,"NEA Country Product Policy Intern, Trust & Safety (3 January - 12 May 2023)",include,trust & safety,,,,,,,
7138278004375046431,lifeattiktok,20250813200234,https://lifeattiktok.com/search/7138278004375046431,200,detail,"Software Development Engineer in Test, Global e-commerce - USDS",drop,,,,,,,,
7138391566834944269,lifeattiktok,20250315083830,https://lifeattiktok.com/search/7138391566834944269?spread=5MWH5CQ,200,detail,Programs Intern (Early Careers) - 2023 Summer (Bachelors),drop,,,,,,,,
7138413101808486693,lifeattiktok,20250427030734,https://lifeattiktok.com/search/7138413101808486693?spread=5MWH5CQ,200,detail,System Software Engineer Summer Intern - 2023 Start,drop,,,,,,,,
7138419538228873485,lifeattiktok,20260208195450,https://lifeattiktok.com/search/7138419538228873485?spread=5MWH5CQ,200,detail,Machine Learning Fairness PhD Intern - 2023 start,drop,,,,,,,,
7138421210774407455,lifeattiktok,20251111051111,https://lifeattiktok.com/search/7138421210774407455,200,detail,Music Production Summer Intern - 2023 Start,drop,,,,,,,,
7138427379823413540,lifeattiktok,20260417090823,https://lifeattiktok.com/search/7138427379823413540,200,detail,Product Marketing Internship (6 months) - 2023 Start,drop,,,,,,,,
7138587874551564551,lifeattiktok,20260124061156,https://lifeattiktok.com/search/7138587874551564551?spread=5MWH5CQ,200,detail,Research Engineer - University Graduate (Virtual Human) - 2023 Start (MS),drop,,,,,,,,
7138689292075026719,lifeattiktok,20260417082421,https://lifeattiktok.com/search/7138689292075026719?spread=5MWH5CQ,200,detail,"Data Analyst, University Graduate (Monetization Analytics and Ops)- 2023 Start (BS/MS)",drop,,,,,,,,
7138766982819940638,lifeattiktok,20241206084603,https://lifeattiktok.com/search/7138766982819940638?spread=XKM9ZXE,200,detail,Client Solutions Manager - FinServ & Real Estate,drop,,,,,,,,
7138996494163003655,lifeattiktok,20241206074127,https://lifeattiktok.com/search/7138996494163003655?spread=5MWH5CQ,200,detail,Product Policy Intern (Trust & Safety) - 2023 Summer,include,trust & safety,,,,,,,
7139191489644677390,lifeattiktok,20260208200704,https://lifeattiktok.com/search/7139191489644677390,200,detail,SMB Client Services Graduate 2023 start,drop,,,,,,,,
7139722794954295583,lifeattiktok,20241206064143,https://lifeattiktok.com/search/7139722794954295583?spread=G1DWUPV,200,detail,Research Scientist Intern (Quantum Research)- 2023 Summer (MS/PhD),drop,,,,,,,,
7140097441752353031,lifeattiktok,20250206231827,https://lifeattiktok.com/search/7140097441752353031?spread=5MWH5CQ,200,detail,Graduate TikTok Shop Partner Development (E-Commerce) - 2023 Start,drop,,,,,,,,
7140410179162196238,lifeattiktok,20250315075626,https://lifeattiktok.com/search/7140410179162196238?spread=G1DWUPV,200,detail,Research Scientist in Computational Chemistry (Scientific Computing)- 2023 Start (PhD),drop,,,,,,,,
7140694890908944677,lifeattiktok,20250427041503,https://lifeattiktok.com/search/7140694890908944677?spread=5MWH5CQ,200,detail,"Senior Product Manager, Privacy Enhancing Technologies",drop,,,,,,,,"HTTPSConnectionPool(host='web.archive.org', port=443): Max retries exceeded with url: /web/20250427041503id_/https://lif"
7141035527784204558,lifeattiktok,20250206220934,https://lifeattiktok.com/search/7141035527784204558,200,detail,"User Support Associate Bilingual, Arabic",drop,,,,arabic,,,,
7142493825523927304,lifeattiktok,20250124234745,https://lifeattiktok.com/search/7142493825523927304?spread=5MWH5CQ,200,detail,"Legal Counsel (Content Regulation 3-5 PQE), Dublin/London",drop,,,,,Ireland,Dublin; London,Ireland; United Kingdom,
7142775305773156644,lifeattiktok,20251222193127,https://lifeattiktok.com/search/7142775305773156644,200,detail,"Android Software Engineer, Global Live Multi End (Solutions)",drop,,,,,,,,
7142804451978971406,lifeattiktok,20260606113949,https://lifeattiktok.com/search/7142804451978971406,200,detail,Communications Operations Associate - METAP,drop,,,,,,,,
7143106720267880734,lifeattiktok,20250501210650,https://lifeattiktok.com/search/7143106720267880734?spread=5MWH5CQ,200,detail,TikTok LIVE - Content Quality Assurance Specialist (Based in London),include,content quality,,,,,London,United Kingdom,
7143271147021420831,lifeattiktok,20250716153430,https://lifeattiktok.com/search/7143271147021420831,200,detail,Content Design Manager,drop,,,,,,,,
7145035342801340680,lifeattiktok,20241206070451,https://lifeattiktok.com/search/7145035342801340680,200,detail,Client Partner,drop,,,,,,,,
7145071816879442206,lifeattiktok,20250502114655,https://lifeattiktok.com/search/7145071816879442206,200,detail,"Global Outreach & Partnerships Manager, Violent Extremism",drop,,,,,,,,
7145349048839457031,lifeattiktok,20241126184614,https://lifeattiktok.com/search/7145349048839457031,200,detail,"Research Scientist, TikTok E-Commerce Recommendation",drop,,,,,,,,
7145545187225815332,lifeattiktok,20250912214335,https://lifeattiktok.com/search/7145545187225815332,200,detail,Client Solutions Manager - LA,drop,,,,,,,,
7145598099875940615,lifeattiktok,20260417090656,https://lifeattiktok.com/search/7145598099875940615?spread=5MWH5CQ,200,detail,"Machine Learning Engineer, University Graduate (TikTok-Data)- 2023 Start (BS/MS)",drop,,,,,,,,
7145941196425283853,lifeattiktok,20250518044127,https://lifeattiktok.com/search/7145941196425283853?spread=5MWH5CQ,200,detail,"Product Policy Manager, Bullying & Harassment - Trust & Safety",include,trust & safety; policy manager,,,,,,,
7145956716672534797,lifeattiktok,20250124232208,https://lifeattiktok.com/search/7145956716672534797?spread=5MWH5CQ,200,detail,Threat Hunt Lead - USDS (Washington DC),drop,,,,,,Washington,United States,
7146153523325995301,lifeattiktok,20250315080247,https://lifeattiktok.com/search/7146153523325995301?spread=5MWH5CQ,200,detail,PM Content Strategy,drop,,,,,,,,
7146423112711948581,lifeattiktok,20241206075310,https://lifeattiktok.com/search/7146423112711948581?spread=5MWH5CQ,200,detail,TikTok Shop Graduate Development Program - 2023 Start,drop,,,,,,,,
7146423819238115592,lifeattiktok,20250315084905,https://lifeattiktok.com/search/7146423819238115592,200,detail,TikTok Shop Graduate Development Program - 2023 Start,drop,,,,,,,,
7147607298469759269,lifeattiktok,20260124055053,https://lifeattiktok.com/search/7147607298469759269,200,detail,Search Operations Quality Assurance - Arabic,drop,,,,arabic,,,,
7147719854749239582,lifeattiktok,20250516041446,https://lifeattiktok.com/search/7147719854749239582?spread=5MWH5CQ,200,detail,Product Counsel,drop,,,,,,,,
7147792967012141348,lifeattiktok,20260208203405,https://lifeattiktok.com/search/7147792967012141348,200,detail,"Backend Software Engineer, TikTok - Social User and Relation",drop,,,,,,,,
7147865550168475912,lifeattiktok,20250912213519,https://lifeattiktok.com/search/7147865550168475912,200,detail,"Key Account Partnerships Manager (Hybrid), Indonesia",drop,,,,,Indonesia,,,"HTTPSConnectionPool(host='web.archive.org', port=443): Max retries exceeded with url: /web/20250912213519id_/https://lif"
7148145173943388430,lifeattiktok,20250124221103,https://lifeattiktok.com/search/7148145173943388430,200,detail,Client Solutions Planner,drop,,,,,,,,
7148167933298329893,lifeattiktok,20260520040524,https://lifeattiktok.com/search/7148167933298329893,200,detail,Artist and Label Community Manager,drop,,,,,,,,
7148477501441034527,lifeattiktok,20250315072734,https://lifeattiktok.com/search/7148477501441034527,200,detail,"Content Policy Analyst, Minor Exploitation",include,policy analyst,,,,,,,
7148569736305019143,lifeattiktok,20241206084639,https://lifeattiktok.com/search/7148569736305019143,200,detail,"Software Engineer, Rendering Engine",drop,,,,,,,,
7148703423239981343,lifeattiktok,20250912214530,https://lifeattiktok.com/search/7148703423239981343?spread=5MWH5CQ,200,detail,Product Design Intern (TikTok) - 2023 Summer,drop,,,,,,,,
7151085275463502111,lifeattiktok,20250505143855,https://lifeattiktok.com/search/7151085275463502111?spread=5MWH5CQ,200,detail,Ad Policy Intern (Monetization Integrity) - 2023 Summer (Masters),include,integrity,,,,,,,
7151383800751655175,lifeattiktok,20260417085238,https://lifeattiktok.com/search/7151383800751655175?spread=5MWH5CQ,200,detail,Content Partnerships Lead - Entertainment,drop,,,,,,,,
7151407289760483621,lifeattiktok,20250124223745,https://lifeattiktok.com/search/7151407289760483621,200,detail,Lead Threat Intelligence Analyst,include,threat intelligence,,,,,,,
7151833139693996296,lifeattiktok,20250613185821,https://lifeattiktok.com/search/7151833139693996296,200,detail,Senior UX Researcher,drop,,,,,,,,
7153042802200021261,lifeattiktok,20250206221945,https://lifeattiktok.com/search/7153042802200021261?spread=5MWH5CQ,200,detail,"Product Manager, Youth Safety and Wellbeing - Trust & Safety",include,trust & safety,,,,,,,
7153602674071636231,lifeattiktok,20260208195517,https://lifeattiktok.com/search/7153602674071636231,200,detail,Language Quality Assurance - Arabic,drop,,,,arabic,,,,
7153603560369326344,lifeattiktok,20251223103135,https://lifeattiktok.com/search/7153603560369326344,200,detail,Language Quality Assurance - Russian,drop,,,,russian,,,,
7154041681239099661,lifeattiktok,20250124232539,https://lifeattiktok.com/search/7154041681239099661?spread=5MWH5CQ,200,detail,Senior Legal Counsel (Content Moderation 5+ PQE) Dublin,include,content moderat*; moderat*,,,,Ireland,Dublin,Ireland,
7154385500400355614,lifeattiktok,20250427031825,https://lifeattiktok.com/search/7154385500400355614,200,detail,Investigations Analyst - Arabic,drop,,,,arabic,,,,
7155390583187523853,lifeattiktok,20250613200239,https://lifeattiktok.com/search/7155390583187523853,200,detail,Reward Analyst Graduate - 2023 Start,drop,,,,,,,,
7155406728103201054,lifeattiktok,20250613185457,https://lifeattiktok.com/search/7155406728103201054,200,detail,Law Enforcement Response Team - Child Safety Specialist (Vietnamese Speaking),include,child safety,,,vietnamese,,,,
7156267721184626975,lifeattiktok,20250206231123,https://lifeattiktok.com/search/7156267721184626975,200,detail,"Compensation, Benefits & Performance Intern- 2023 Summer (Bachelors)",drop,,,,,,,,
7156793810608376072,lifeattiktok,20250919213058,https://lifeattiktok.com/search/7156793810608376072,200,detail,Machine Learning Engineer (Data Mining) - Global E-Commerce,drop,,,,,,,,
7158501109040023845,lifeattiktok,20250510101636,https://lifeattiktok.com/search/7158501109040023845?spread=XKM9ZXE,200,detail,"Product Policy Manager, Psychological Wellbeing",include,policy manager,,,,,,,
7158731868019001613,lifeattiktok,20250124223640,https://lifeattiktok.com/search/7158731868019001613,200,detail,"Dubai Sales Operation Intern, 2023 start",drop,,,,,MENA,Dubai,United Arab Emirates,"HTTPSConnectionPool(host='web.archive.org', port=443): Max retries exceeded with url: /web/20250124223640id_/https://lif"
7159364510805149966,lifeattiktok,20260520033419,https://lifeattiktok.com/search/7159364510805149966?spread=5MWH5CQ,200,detail,Regional Key Accounts - Strategy & Analytics (Indonesia),drop,,,,,Indonesia,,,
7160708239528380709,lifeattiktok,20250504103629,https://lifeattiktok.com/search/7160708239528380709?spread=5MWH5CQ,200,detail,"Global Child Safety Team Specialist, Risk and Response (Bilingual)",include,child safety,,,,,,,
7163150142651779342,lifeattiktok,20250427031651,https://lifeattiktok.com/search/7163150142651779342,200,detail,"Software Engineer, Compiler/Client Infrastructure (Seattle, WA)",drop,,,,,,Seattle,United States,
7163309284636985637,lifeattiktok,20250206221604,https://lifeattiktok.com/search/7163309284636985637,200,detail,Project Management Officer (PMO),drop,,,,,,,,
7163503906609400072,lifeattiktok,20250315072009,https://lifeattiktok.com/search/7163503906609400072,200,detail,Privacy and Security-Software Development Engineer in Test,drop,,,,,,,,
7163611628078926088,lifeattiktok,20250206220734,https://lifeattiktok.com/search/7163611628078926088,200,detail,"Community Engagement, Program Specialist",drop,,,,,,,,
7164816087124494629,lifeattiktok,20251015122642,https://lifeattiktok.com/search/7164816087124494629?spread=5MWH5CQ,200,detail,Product Marketing Summer Intern - 2023 Start,drop,,,,,,,,
7165787941553359112,lifeattiktok,20250428115632,https://lifeattiktok.com/search/7165787941553359112?spread=5MWH5CQ,200,detail,Partnership Quality Assurance Specialist - Spanish,drop,,,,spanish,,,,
7166556301714458888,lifeattiktok,20241206074744,https://lifeattiktok.com/search/7166556301714458888?spread=5MWH5CQ%3Fref%3Dreactjobs.io,200,detail,Frontend Software Engineer (Real Time Communication),drop,,,,,,,,
7166558348522637598,lifeattiktok,20250125000148,https://lifeattiktok.com/search/7166558348522637598?spread=5MWH5CQ%3Fref%3Dreactjobs.io,200,detail,"Frontend Software Engineer (Real Time Communication), TikTok",drop,,,,,,,,
7167031776395741477,lifeattiktok,20250427175025,https://lifeattiktok.com/search/7167031776395741477?spread=5MWH5CQ,200,detail,Data Protection Lead (Office of the DPO) Dublin/London,drop,,,,,Ireland,Dublin; London,Ireland; United Kingdom,
7167445261764905230,lifeattiktok,20250315064655,https://lifeattiktok.com/search/7167445261764905230,200,detail,Senior UX Researcher,drop,,,,,,,,
7168773523691014407,lifeattiktok,20241206073245,https://lifeattiktok.com/search/7168773523691014407,200,detail,Search Recommendation Quality Assurance (Shift work) - Trust&Safety - Korea,drop,,,,,Korea,,,
7169228383187519752,lifeattiktok,20250718104709,https://lifeattiktok.com/search/7169228383187519752,200,detail,"TikTok eCommerce - Secondhand Fashion Brand Acquisition & Development Manager, UK",drop,,,,,United Kingdom,,,
7169409527791880461,lifeattiktok,20250516054218,https://lifeattiktok.com/search/7169409527791880461,200,detail,"Engineering Lead, TikTok Social",drop,,,,,,,,
7169838796191844615,lifeattiktok,20250613192759,https://lifeattiktok.com/search/7169838796191844615,200,detail,Project Management Intern,drop,,,,,,,,
7171700764107999525,lifeattiktok,20260710212806,https://lifeattiktok.com/search/7171700764107999525,200,detail,Computer Vision Algorithm Engineer - TikTok E-commerce Knowledge Graph,drop,,,,,,,,
7172142984447756558,lifeattiktok,20241206074052,https://lifeattiktok.com/search/7172142984447756558,200,detail,"Logistics Solutions Manager, Spain",drop,,,,,Spain,,,
7172546340815522055,lifeattiktok,20250613201706,https://lifeattiktok.com/search/7172546340815522055,200,detail,SMB Client Services Specialist - Arabic Market,drop,,,,arabic,,,,
7176544131552364855,lifeattiktok,20251209110007,https://lifeattiktok.com/search/7176544131552364855?utm_source=Getro.org+job+board&utm_medium=getro.com&gh_src=Getro.org+job+board,200,detail,"Site Reliability Engineer, Cloud Infrastructure - USDS",exclude,,site reliability,,,,,,"HTTPSConnectionPool(host='web.archive.org', port=443): Max retries exceeded with url: /web/20251209110007id_/https://lif"
7176720927231740219,lifeattiktok,20250722205002,https://lifeattiktok.com/search/7176720927231740219,200,detail,"Senior Site Reliability Engineer_Real Time Communication (Seattle, WA)",exclude,,site reliability,,,,Seattle,United States,
7176753748639189306,lifeattiktok,20260114150828,https://lifeattiktok.com/search/7176753748639189306,200,detail,"Site Reliability Engineer, Recommendation Infrastructure - USDS",exclude,,site reliability,,,,,,
7176756206304282935,lifeattiktok,20250206224429,https://lifeattiktok.com/search/7176756206304282935,200,detail,"IT Support Engineer, Seattle -USDS",drop,,,,,,Seattle,United States,
7176776103229409592,lifeattiktok,20250613194547,https://lifeattiktok.com/search/7176776103229409592,200,detail,Threat Researcher - USDS,drop,,,,,,,,
7177132998377605434,lifeattiktok,20250427043657,https://lifeattiktok.com/search/7177132998377605434,200,detail,Senior Content Designer,drop,,,,,,,,
7177407642435946812,lifeattiktok,20260222213327,https://lifeattiktok.com/search/7177407642435946812,200,detail,Content Moderator - English speaker - Amsterdam,include,content moderat*; moderat*,,,english,,Amsterdam,Netherlands,
7177407705627625785,lifeattiktok,20250516052939,https://lifeattiktok.com/search/7177407705627625785?spread=G1DWUPV,200,detail,Content Moderator - Italian speaker - Amsterdam,include,content moderat*; moderat*,,,italian,,Amsterdam,Netherlands,
7179054119319275831,lifeattiktok,20250206230720,https://lifeattiktok.com/search/7179054119319275831?spread=5MWH5CQ,200,detail,"TikTok Live - Global Customer Service Representative, Arabic Speaking",drop,,,,arabic,,,,
7179112683886446909,lifeattiktok,20250404102724,https://lifeattiktok.com/search/7179112683886446909,200,detail,TikTok LIVE - Content Quality Assurance Specialist (Portuguese Speaking),include,content quality,,,portuguese,,,,
7179512883063294268,lifeattiktok,20250709185404,https://lifeattiktok.com/search/7179512883063294268,200,detail,Product Solutions and Operations Manager - TikTok Shop - EMEA,drop,,,,,EMEA,,,
7179736385661716796,lifeattiktok,20241217104201,https://lifeattiktok.com/search/7179736385661716796,200,detail,"Frontend Software Engineer, Global E-commerce Open Platform",drop,,,,,,,,
7179900761119590714,lifeattiktok,20251015113510,https://lifeattiktok.com/search/7179900761119590714,200,detail,Content Design Manager,drop,,,,,,,,
7180283016244218172,lifeattiktok,20250124223925,https://lifeattiktok.com/search/7180283016244218172?spread=5MWH5CQ%3Fref%3Dreactjobs.io,200,detail,Frontend Engineer (Platform Governance and Service) - 2023 Start,include,governance,,,,,,,
7181359107705784632,lifeattiktok,20251211130652,https://lifeattiktok.com/search/7181359107705784632,200,detail,Senior Product Manager - Music Promotion Platform,drop,,,,,,,,
7182087551720311101,lifeattiktok,20250718104542,https://lifeattiktok.com/search/7182087551720311101,200,detail,Privacy Specialist,drop,,,,,,,,
7184452576028903737,lifeattiktok,20250427042306,https://lifeattiktok.com/search/7184452576028903737,200,detail,Brand Partnerships Manager - Los Angeles,drop,,,,,,Los Angeles,United States,
7186752477340993852,lifeattiktok,20250809002230,https://lifeattiktok.com/search/7186752477340993852?spread=5MWH5CQ,200,detail,"Technical Policy Lead, Americas Public Policy",include,public policy; policy lead,,,,,,,
7187512873702361401,lifeattiktok,20250429073218,https://lifeattiktok.com/search/7187512873702361401,200,detail,Public Policy Manager - Federal Government Affairs,include,policy manager; public policy,,,,,,,
7187512934335138105,lifeattiktok,20250315082942,https://lifeattiktok.com/search/7187512934335138105?spread=5MWH5CQ,200,detail,"Director of Product Policy, Trust & Safety - USDS",include,trust & safety,,,,,,,
7187753600029395255,lifeattiktok,20250624094255,https://lifeattiktok.com/search/7187753600029395255?_rsc=1rfdr,200,js_shell,,unusable,,,,,,,,"HTTPSConnectionPool(host='web.archive.org', port=443): Max retries exceeded with url: /web/20250624094255id_/https://lif"
7187834947510536506,lifeattiktok,20250908113752,https://lifeattiktok.com/search/7187834947510536506,200,detail,"Software Engineer - Performance Ads, Ads Interface and Platform",drop,,,,,,,,
7188329305688066341,lifeattiktok,20250206213741,https://lifeattiktok.com/search/7188329305688066341,200,detail,"Android Software Engineer, TikTok - Social Interaction",drop,,,,,,,,
7188329307261274428,lifeattiktok,20250206224014,https://lifeattiktok.com/search/7188329307261274428,200,detail,"iOS Software Engineer, TikTok - Social Interaction",drop,,,,,,,,
7189964650942417207,lifeattiktok,20241206065928,https://lifeattiktok.com/search/7189964650942417207,200,detail,"Government Relations and Public Policy Manager, Nigeria and West Africa",include,policy manager; public policy,,,,Africa,,,
7190060550649989413,lifeattiktok,20250516040856,https://lifeattiktok.com/search/7190060550649989413?spread=5MWH5CQ,200,detail,Ad Policy Intern,drop,,,,,,,,
7190074428436154679,lifeattiktok,20241206082806,https://lifeattiktok.com/search/7190074428436154679,200,detail,Logistics Process & Planning Manager,drop,,,,,,,,
7190510131679349051,lifeattiktok,20250516040149,https://lifeattiktok.com/search/7190510131679349051?spread=5MWH5CQ,200,detail,"Public Policy Manager, Government Relations",include,policy manager; public policy,,,,,,,
7190511173707008311,lifeattiktok,20250412094215,https://lifeattiktok.com/search/7190511173707008311,200,detail,Agency Manager (Temporary Assignment),drop,,,,,,,,
7190595032184572217,lifeattiktok,20260506084636,https://lifeattiktok.com/search/7190595032184572217,200,detail,"Android Software Engineer, TikTok LIVE Revenue - Australia",drop,,,,,Australia,,,
7190596060623063356,lifeattiktok,20260506084636,https://lifeattiktok.com/search/7190596060623063356,200,detail,"iOS Software Engineer, TikTok Live Revenue - Australia",drop,,,,,Australia,,,
7192846093662374205,lifeattiktok,20250315065011,https://lifeattiktok.com/search/7192846093662374205?spread=5MWH5CQ,200,detail,"Senior Manager, Risk & Operations Analytics, Content & Creator Governance - SEA",include,governance,,,,,,,
7193170820444670267,lifeattiktok,20250512064508,https://lifeattiktok.com/search/7193170820444670267,200,detail,SEA Public Policy - E-Commerce,include,public policy,,,,,,,
7193184881110829372,lifeattiktok,20250124222047,https://lifeattiktok.com/search/7193184881110829372,200,detail,"Senior Software Engineer, UI Framework",drop,,,,,,,,
7193366702259636535,lifeattiktok,20250427033159,https://lifeattiktok.com/search/7193366702259636535,200,detail,"Senior Communications Manager, Responsible Innovation",drop,,,,,,,,
7193367194816858426,lifeattiktok,20260128143257,https://lifeattiktok.com/search/7193367194816858426?spread=5MWH5CQ,200,detail,"Senior Communications Manager, Responsible AI",drop,,,,,,,,
7195051900714322213,lifeattiktok,20241206083613,https://lifeattiktok.com/search/7195051900714322213?gh_src=Getro.org+job+board&utm_medium=getro.com&utm_source=Getro.org+job+board,200,detail,Senior Data Scientist - TikTok User Growth,drop,,,,,,,,
7195251794707155260,lifeattiktok,20250613184729,https://lifeattiktok.com/search/7195251794707155260?spread=5MWH5CQ,200,detail,"Capacity Planning Analyst, Trust & Safety",include,trust & safety,,,,,,,
7195279617198999864,lifeattiktok,20241206084415,https://lifeattiktok.com/search/7195279617198999864,200,detail,Incentive Abuse Strategy Product Manager - USDS,include,abuse,,,,,,,
7195286423066659109,lifeattiktok,20250613200729,https://lifeattiktok.com/search/7195286423066659109,200,detail,"Head of Agency Sales, North America SMB",drop,,,,,,,,
7195869973577959735,lifeattiktok,20250315083556,https://lifeattiktok.com/search/7195869973577959735,200,detail,Payroll Analyst - EMEA - Morocco,drop,,,,,EMEA; Africa,,,"HTTPSConnectionPool(host='web.archive.org', port=443): Max retries exceeded with url: /web/20250315083556id_/https://lif"
7195929515347609913,lifeattiktok,20250516044132,https://lifeattiktok.com/search/7195929515347609913?spread=5MWH5CQ,200,detail,"Legal Counsel (eCommerce, 5+ PQE), Dubai",drop,,,,,MENA,Dubai,United Arab Emirates,
7196006133487601957,lifeattiktok,20241206072230,https://lifeattiktok.com/search/7196006133487601957?gh_src=Products+That+Count+job+board&utm_medium=getro.com&utm_source=Products+That+Count+job+board,200,detail,"TikTok Shop - Product Operations Lead, Creator & Affiliate",drop,,,,,,,,
7196042639312767290,lifeattiktok,20250613202300,https://lifeattiktok.com/search/7196042639312767290,200,detail,"Head of Industry, PC/Console Gaming",drop,,,,,,,,
7196042659578972471,lifeattiktok,20250613195928,https://lifeattiktok.com/search/7196042659578972471,200,detail,"Client Solutions Team Lead, Gaming",drop,,,,,,,,
7196048997285775671,lifeattiktok,20250912230810,https://lifeattiktok.com/search/7196048997285775671,200,detail,"Sales Team Lead, Gaming",drop,,,,,,,,
7196086431206099255,lifeattiktok,20250928141257,https://lifeattiktok.com/search/7196086431206099255,200,detail,"Data Engineer, Product - USDS",drop,,,,,,,,
7196869272592992570,lifeattiktok,20250320080323,https://lifeattiktok.com/search/7196869272592992570,200,detail,"Frontend Software Engineer, TikTok LIVE- Australia",drop,,,,,Australia,,,
7197556407461349687,lifeattiktok,20241206081644,https://lifeattiktok.com/search/7197556407461349687,200,detail,User Experience Researcher Analyst - USDS,drop,,,,,,,,
7197658740299188539,lifeattiktok,20250912214611,https://lifeattiktok.com/search/7197658740299188539?spread=5MWH5CQ,200,detail,Network Security Operations Specialist,drop,,,,,,,,
7197868808023361849,lifeattiktok,20250206232212,https://lifeattiktok.com/search/7197868808023361849?spread=5MWH5CQ,200,detail,"Senior Specialist, Platform User Operations - Trust and Safety",include,trust and safety,,,,,,,
7197889236531644730,lifeattiktok,20250315072605,https://lifeattiktok.com/search/7197889236531644730,200,detail,Client Solutions Manager - Gaming,drop,,,,,,,,
7198119263823120701,lifeattiktok,20250426121734,https://lifeattiktok.com/search/7198119263823120701,200,detail,Partnerships Manager - Lifestyle & Education Manager,drop,,,,,,,,
7198173989158832445,lifeattiktok,20250427034845,https://lifeattiktok.com/search/7198173989158832445?spread=5MWH5CQ,200,detail,"DarkWeb Threat Intelligence Analyst, Threat Detection and Response - USDS",include,threat intelligence,,,,,,,
7198193646465927482,lifeattiktok,20250206232704,https://lifeattiktok.com/search/7198193646465927482?spread=5MWH5CQ,200,detail,HR Operations Specialist - EMEA - Morocco,drop,,,,,EMEA; Africa,,,
7198465641820047671,lifeattiktok,20250516044308,https://lifeattiktok.com/search/7198465641820047671?spread=5MWH5CQ,200,detail,Product Development Public Policy Manager,include,policy manager; public policy,,,,,,,
7198564369785145656,lifeattiktok,20250315072944,https://lifeattiktok.com/search/7198564369785145656,200,detail,Senior Content Designer,drop,,,,,,,,
7199508775325075768,lifeattiktok,20250516054738,https://lifeattiktok.com/search/7199508775325075768?spread=5MWH5CQ,200,detail,"Product Policy Manager, Indonesia",include,policy manager,,,,Indonesia,,,
7199600218865797436,lifeattiktok,20250505150351,https://lifeattiktok.com/search/7199600218865797436?spread=5MWH5CQ,200,detail,Client Solutions Manager - Central Asia,drop,,,,,,,,
7199669752045340989,lifeattiktok,20250427205922,https://lifeattiktok.com/search/7199669752045340989?spread=5MWH5CQ,200,detail,"Head of Enforcement Operations, Trust and Safety - USDS",include,trust and safety,,,,,,,
7200142437531437371,lifeattiktok,20250427022813,https://lifeattiktok.com/search/7200142437531437371,200,detail,"Product Manager, User Experience (Seattle)",drop,,,,,,Seattle,United States,"HTTPSConnectionPool(host='web.archive.org', port=443): Max retries exceeded with url: /web/20250427022813id_/https://lif"
7200550080314296635,lifeattiktok,20250427032906,https://lifeattiktok.com/search/7200550080314296635,200,detail,"Counsel, Privacy & Regulatory Affairs",drop,,,,,,,,
7200631875395045669,lifeattiktok,20250516042314,https://lifeattiktok.com/search/7200631875395045669,200,detail,Backend Software Engineer (Cloud Native) - Cloud Infrastructure,drop,,,,,,,,
7200633018326665531,lifeattiktok,20251111054732,https://lifeattiktok.com/search/7200633018326665531,200,detail,Backend Software Engineer (Middleware) - Cloud Infrastructure,drop,,,,,,,,
7200636052595231034,lifeattiktok,20250516051314,https://lifeattiktok.com/search/7200636052595231034,200,detail,Backend Software Engineer (DevOps) - Cloud Infrastructure,drop,,,,,,,,
7200793051165919544,lifeattiktok,20250809002443,https://lifeattiktok.com/search/7200793051165919544,200,detail,"Brand Partnerships Manager, Multicultural - Los Angeles",drop,,,,,,Los Angeles,United States,
7200803367245269304,lifeattiktok,20250613184445,https://lifeattiktok.com/search/7200803367245269304?spread=5MWH5CQ,200,detail,"Product Policy - Centre of Excellence Manager, Trust and Safety",include,trust and safety,,,,,,,
7202142775449241893,lifeattiktok,20250516042711,https://lifeattiktok.com/search/7202142775449241893,200,detail,Backend Software Engineer (Cloud Platform) - Cloud Infrastructure,drop,,,,,,,,
7202175782298339643,lifeattiktok,20250206230918,https://lifeattiktok.com/search/7202175782298339643?spread=5MWH5CQ,200,detail,Head of Trust & Safety Operations Vendor Management | EMEA,include,trust & safety; safety operations,,,,EMEA,,,
7202190137340643643,lifeattiktok,20241206081457,https://lifeattiktok.com/search/7202190137340643643?spread=5MWH5CQ,200,detail,Content Partnerships Manager - Sports and Gaming (West Africa),drop,,,,,Africa,,,
7202761583655127355,lifeattiktok,20250516042743,https://lifeattiktok.com/search/7202761583655127355,200,detail,"Data Engineer, Global Payments - USDS",drop,,,,,,,,
7202797490277009721,lifeattiktok,20260618032053,https://lifeattiktok.com/search/7202797490277009721,200,detail,Backend Software Engineer (Aeolus) - Data Platform,drop,,,,,,,,
7202958647641819450,lifeattiktok,20250516050523,https://lifeattiktok.com/search/7202958647641819450?spread=5MWH5CQ,200,detail,"Technical Program Manager, Infrastructure - Cloud and System",drop,,,,,,,,
7203271607413066042,lifeattiktok,20250516050638,https://lifeattiktok.com/search/7203271607413066042,200,detail,Backend Software Engineer (DBA) - Cloud Infrastructure,drop,,,,,,,,
7203494219197286716,lifeattiktok,20241206074951,https://lifeattiktok.com/search/7203494219197286716,200,detail,"Counsel, Privacy & Regulatory Affairs",drop,,,,,,,,
7203541954381646139,lifeattiktok,20250908110007,https://lifeattiktok.com/search/7203541954381646139,200,detail,Backend Engineer - TikTok ShortText Recommendation Architecture,drop,,,,,,,,
7203600866539850043,lifeattiktok,20251020171227,https://lifeattiktok.com/search/7203600866539850043?_rsc=1m3ql,200,js_shell,,unusable,,,,,,,,
7203603759233304889,lifeattiktok,20251111035936,https://lifeattiktok.com/search/7203603759233304889,200,detail,Backend Software Engineer (SRE) - Cloud Infrastructure,drop,,,,,,,,
7203737505107233081,lifeattiktok,20250505170037,https://lifeattiktok.com/search/7203737505107233081,200,detail,Partnerships Manager - Central Asia,drop,,,,,,,,
7203814128862054693,lifeattiktok,20250315073313,https://lifeattiktok.com/search/7203814128862054693?spread=5MWH5CQ,200,detail,Public Policy Manager,include,policy manager; public policy,,,,,,,
7203834638594296123,lifeattiktok,20250613193704,https://lifeattiktok.com/search/7203834638594296123,200,detail,"Project Manager, User Product Operations - USDS",drop,,,,,,,,"HTTPSConnectionPool(host='web.archive.org', port=443): Max retries exceeded with url: /web/20250613193704id_/https://lif"
7203863217989912889,lifeattiktok,20241206075022,https://lifeattiktok.com/search/7203863217989912889,200,detail,Privacy Counsel,drop,,,,,,,,
7203865641802385721,lifeattiktok,20250613201227,https://lifeattiktok.com/search/7203865641802385721,200,detail,Privacy Regulatory Investigations Counsel,drop,,,,,,,,
7203866278049122615,lifeattiktok,20250516042344,https://lifeattiktok.com/search/7203866278049122615?spread=5MWH5CQ,200,detail,Privacy Regulatory Investigations Counsel,drop,,,,,,,,
7204858540556142905,lifeattiktok,20250315065708,https://lifeattiktok.com/search/7204858540556142905,200,detail,"Business Development Manager, Global Entertainment",drop,,,,,,,,
7205279704705009977,lifeattiktok,20250206220655,https://lifeattiktok.com/search/7205279704705009977,200,detail,"Product Manager Lead, Content Classification - Trust & Safety",include,trust & safety,,,,,,,
7205403118275496247,lifeattiktok,20250427033038,https://lifeattiktok.com/search/7205403118275496247,200,detail,Product & Process Operations Manager - Business Integrity,include,integrity,,,,,,,
7205628146238245179,lifeattiktok,20250502114321,https://lifeattiktok.com/search/7205628146238245179?spread=5MWH5CQ,200,detail,"Senior Regulatory Counsel (Communications, 8+ PQE), London or Dublin",drop,,,,,Ireland,Dublin; London,Ireland; United Kingdom,
7205681178590349623,lifeattiktok,20250613183921,https://lifeattiktok.com/search/7205681178590349623,200,detail,"Senior Product Designer, Ads",drop,,,,,,,,
7205839080827078967,lifeattiktok,20250821205359,https://lifeattiktok.com/search/7205839080827078967,200,detail,Talent Acquisition Specialist - Global Payment (Third Party Associate),drop,,,,,,,,
7205859294640720165,lifeattiktok,20250813205828,https://lifeattiktok.com/search/7205859294640720165,200,detail,"Machine Learning Engineer (Recommendation) ,TikTok e-Commerce Alliance",drop,,,,,,,,
7206331156123584827,lifeattiktok,20241206073318,https://lifeattiktok.com/search/7206331156123584827?spread=G1DWUPV&utm_campaign=g-weekly-your-creative-careers-newsletter-week-2-3&utm_medium=referral&utm_source=gweekly.beehiiv.com,200,detail,TikTok Work Experience [London],drop,,,,,,London,United Kingdom,
7206401423901952293,lifeattiktok,20250315081440,https://lifeattiktok.com/search/7206401423901952293,200,detail,"Senior Product Designer, Commerce",drop,,,,,,,,
7206494467854534949,lifeattiktok,20251211132647,https://lifeattiktok.com/search/7206494467854534949,200,detail,"Product Manager, Landing Page Solutions",drop,,,,,,,,
7207311972953196858,lifeattiktok,20250516051210,https://lifeattiktok.com/search/7207311972953196858,200,detail,"Backend Software Engineer, TikTok Business Account",drop,,,,,,,,
7207323469482379578,lifeattiktok,20241206084901,https://lifeattiktok.com/search/7207323469482379578,200,detail,"Senior Machine Learning Engineer, Ads Targeting",drop,,,,,,,,
7207417704818149689,lifeattiktok,20251015111543,https://lifeattiktok.com/search/7207417704818149689?spread=G1DWUPV,200,detail,Global Solution Expert - TikTok Money Platform,drop,,,,,,,,
7207565872129853733,lifeattiktok,20250516052833,https://lifeattiktok.com/search/7207565872129853733,200,detail,"Fullstack Software Engineer, Global E-Commerce Data Intelligence",drop,,,,,,,,
7207607733271497020,lifeattiktok,20250206220051,https://lifeattiktok.com/search/7207607733271497020?spread=5MWH5CQ,200,detail,Director of US Trust & Safety Communications,include,trust & safety,,,,,,,
7207608214265940285,lifeattiktok,20250613200205,https://lifeattiktok.com/search/7207608214265940285,200,detail,Director of US Trust & Safety Communications,include,trust & safety,,,,,,,
7208413628911274298,lifeattiktok,20241206080847,https://lifeattiktok.com/search/7208413628911274298,200,detail,"Senior Frontend/Full-Stack Software Engineer, TikTok Creator Growth",drop,,,,,,,,"HTTPSConnectionPool(host='web.archive.org', port=443): Max retries exceeded with url: /web/20241206080847id_/https://lif"
7208428629667645755,lifeattiktok,20251016004948,https://lifeattiktok.com/search/7208428629667645755,200,detail,"Senior Backend Software Engineer, TikTok Privacy AI",drop,,,,,,,,
7208432033885833531,lifeattiktok,20260208195902,https://lifeattiktok.com/search/7208432033885833531,200,detail,"Senior Backend Software Engineer, TikTok Privacy AI",drop,,,,,,,,
7209836601034770743,lifeattiktok,20260124052224,https://lifeattiktok.com/search/7209836601034770743,200,detail,"Senior Product Designer, Commerce",drop,,,,,,,,
7210287381495957797,lifeattiktok,20260124061514,https://lifeattiktok.com/search/7210287381495957797?spread=5MWH5CQ,200,detail,TikTok LIVE - Revenue Strategy Operations Manager,drop,,,,,,,,
7210477410461174076,lifeattiktok,20241206082931,https://lifeattiktok.com/search/7210477410461174076?external_referral_code=5RJ6816,200,detail,"Research Scientist- Foundation Model, Generative AI",drop,,,,,,,,
7210838343831390521,lifeattiktok,20260124050949,https://lifeattiktok.com/search/7210838343831390521,200,detail,"Frontend Software Engineer, TikTok",drop,,,,,,,,
7211184105055537465,lifeattiktok,20250315081700,https://lifeattiktok.com/search/7211184105055537465,200,detail,"Communications Manager, Trust and Safety Communications",include,trust and safety,,,,,,,
7211702934676310329,lifeattiktok,20250427032558,https://lifeattiktok.com/search/7211702934676310329,200,detail,Senior Privacy Counsel,drop,,,,,,,,
7212958432206260537,lifeattiktok,20251108120509,https://lifeattiktok.com/search/7212958432206260537,200,detail,Talent Acquisition Intern - Global Product RD - 2025 Start,drop,,,,,,,,
7213389681881581885,lifeattiktok,20241127050215,https://lifeattiktok.com/search/7213389681881581885,200,detail,"Senior Product Designer, TikTok Shop",drop,,,,,,,,
7213479286341323065,lifeattiktok,20250516043758,https://lifeattiktok.com/search/7213479286341323065?spread=5MWH5CQ,200,detail,"Senior Product Manager, Legal & Compliance Reporting Tool - Trust & Safety",include,trust & safety,,,,,,,
7214009698033486135,lifeattiktok,20250416075349,https://lifeattiktok.com/search/7214009698033486135,200,detail,"TikTok Shop - Campaign & Community, Creator (E-commerce) - Thailand",drop,,,,,Thailand,,,
7215267783637879095,lifeattiktok,20250516053012,https://lifeattiktok.com/search/7215267783637879095,200,detail,Investigations and Insights Data Scientist - USDS,drop,,,,,,,,
7215277043239618872,lifeattiktok,20250730215704,https://lifeattiktok.com/search/7215277043239618872,200,detail,EMEA Employee Relations - Employment Investigator,drop,,,,,EMEA,,,
7215323068603042105,lifeattiktok,20250414090205,https://lifeattiktok.com/search/7215323068603042105,200,detail,Community Growth Manager - TikTok LIVE,drop,,,,,,,,
7215325592265869629,lifeattiktok,20250413221933,https://lifeattiktok.com/search/7215325592265869629?spread=5MWH5CQ%0A,200,detail,Agency Growth Manager - TikTok LIVE,drop,,,,,,,,
7215436344700864825,lifeattiktok,20250501005613,https://lifeattiktok.com/search/7215436344700864825,200,detail,Incubation Manager Trust & Safety (Emerging Products),include,trust & safety,,,,,,,
7215999862705031484,lifeattiktok,20241206065221,https://lifeattiktok.com/search/7215999862705031484,200,detail,"Product Marketing Manager, Creative",drop,,,,,,,,
7216065404300151095,lifeattiktok,20250613191130,https://lifeattiktok.com/search/7216065404300151095,200,detail,"Senior Product Manager, TikTok Ads Creative & Ecosystem",drop,,,,,,,,
7216527852342249785,lifeattiktok,20250315080404,https://lifeattiktok.com/search/7216527852342249785?spread=5MWH5CQ,200,detail,"Manager, Threat Disruption - Trust & Safety",include,trust & safety,,,,,,,"HTTPSConnectionPool(host='web.archive.org', port=443): Max retries exceeded with url: /web/20250315080404id_/https://lif"
7216659848637106493,lifeattiktok,20250427022258,https://lifeattiktok.com/search/7216659848637106493,200,detail,PMO LEAD EMEA - Safety & Integrity - Trust & Safety,include,trust & safety; integrity,,,,EMEA,,,
7216833500350990629,lifeattiktok,20250427033608,https://lifeattiktok.com/search/7216833500350990629,200,detail,"Backend Software Engineer, Creator Tools",drop,,,,,,,,
7216833553153558821,lifeattiktok,20250516040817,https://lifeattiktok.com/search/7216833553153558821,200,detail,"Senior Backend Software Engineer, Creator Tools",drop,,,,,,,,
7216840164667050295,lifeattiktok,20241206070555,https://lifeattiktok.com/search/7216840164667050295,200,detail,"Frontend Software Engineer, Creator",drop,,,,,,,,
7216840571155171644,lifeattiktok,20241206072459,https://lifeattiktok.com/search/7216840571155171644,200,detail,Vulnerability Management Analyst,drop,,,,,,,,
7217711156000049468,lifeattiktok,20250516040936,https://lifeattiktok.com/search/7217711156000049468,200,detail,"Senior Machine Learning Engineer, Commerce Ads",drop,,,,,,,,
7217889126829312293,lifeattiktok,20251211123252,https://lifeattiktok.com/search/7217889126829312293,200,detail,"Security Operations Engineer, Edge",drop,,,,,,,,
7217954278982879525,lifeattiktok,20250206223109,https://lifeattiktok.com/search/7217954278982879525,200,detail,"Data Scientist/Sr Data Scientist, Product Analytics - USDS",drop,,,,,,,,
7217961965603473721,lifeattiktok,20250617192321,https://lifeattiktok.com/search/7217961965603473721,200,detail,"Lead Research Scientist, Foundation Model, Music Intelligence",drop,,,,,,,,
7217969785652365605,lifeattiktok,20250206231519,https://lifeattiktok.com/search/7217969785652365605,200,detail,"Senior Software Engineer, Search Android Client",drop,,,,,,,,
7218585097199962405,lifeattiktok,20241206071200,https://lifeattiktok.com/search/7218585097199962405?spread=5MWH5CQ,200,detail,Site Lead - Trust & Safety - London,include,trust & safety,,,,,London,United Kingdom,
7218678760302758201,lifeattiktok,20241206074020,https://lifeattiktok.com/search/7218678760302758201,200,detail,"Security Operations Engineer, Datacenter",exclude,,datacenter,,,,,,
7218704193471744312,lifeattiktok,20250206224057,https://lifeattiktok.com/search/7218704193471744312,200,detail,"Technical Program Manager, Data Center Security",exclude,,data center,,,,,,
7218724923627194679,lifeattiktok,20260306051125,https://lifeattiktok.com/search/7218724923627194679,200,detail,"Governance, Risk, & Compliance (GRC) Analyst",include,governance,,,,,,,
7218725603352037688,lifeattiktok,20241206083949,https://lifeattiktok.com/search/7218725603352037688,200,detail,Digital Forensics Analyst,drop,,,,,,,,
7218727102936877373,lifeattiktok,20250427034154,https://lifeattiktok.com/search/7218727102936877373,200,detail,Data Loss Prevention Activity Monitoring Analyst,drop,,,,,,,,
7218727120053291324,lifeattiktok,20250516035632,https://lifeattiktok.com/search/7218727120053291324,200,detail,Senior Incident Response Analyst,drop,,,,,,,,
7218727135492884793,lifeattiktok,20250427040400,https://lifeattiktok.com/search/7218727135492884793,200,detail,Digital Forensics Analyst,drop,,,,,,,,
7218955309254920508,lifeattiktok,20250427031514,https://lifeattiktok.com/search/7218955309254920508,200,detail,Senior Content Designer,drop,,,,,,,,
7220502733756598565,lifeattiktok,20250315082622,https://lifeattiktok.com/search/7220502733756598565,200,detail,Vulnerability Management Analyst,drop,,,,,,,,"HTTPSConnectionPool(host='web.archive.org', port=443): Max retries exceeded with url: /web/20250315082622id_/https://lif"
7220946855973210423,lifeattiktok,20250809002046,https://lifeattiktok.com/search/7220946855973210423,200,detail,Music Operations Manager - Creator Tools,drop,,,,,,,,
7221152612590209338,lifeattiktok,20250920041540,https://lifeattiktok.com/search/7221152612590209338,200,detail,Talent Acquisition Project Intern (Trust and Safety) - 2026 Start (BS/MS),include,trust and safety,,,,,,,
7221537396910344506,lifeattiktok,20250315064917,https://lifeattiktok.com/search/7221537396910344506,200,detail,HROE Intern - 2024 Start,drop,,,,,,,,
7221877668219619644,lifeattiktok,20250206225451,https://lifeattiktok.com/search/7221877668219619644?spread=5MWH5CQ,200,detail,Procurement Marketing Manager,drop,,,,,,,,
7222005480180140344,lifeattiktok,20241206083758,https://lifeattiktok.com/search/7222005480180140344,200,detail,Head of Amazon,drop,,,,,,,,
7223284667284343098,lifeattiktok,20250206233858,https://lifeattiktok.com/search/7223284667284343098?spread=5MWH5CQ,200,detail,"Program Management Office Lead (APAC), S&I, Trust & Safety",include,trust & safety,,,,APAC,,,
7223594116305979709,lifeattiktok,20250912225938,https://lifeattiktok.com/search/7223594116305979709,200,detail,Music Programming Strategist,drop,,,,,,,,
7223958405651548475,lifeattiktok,20250427025003,https://lifeattiktok.com/search/7223958405651548475?spread=5MWH5CQ,200,detail,"AI Data Project Management Operation (Safety Operations), Mandarin Speaker, Trust and Safety",include,trust and safety; safety operations,,,mandarin,,,,
7224251942653413669,lifeattiktok,20250427043056,https://lifeattiktok.com/search/7224251942653413669,200,detail,"Policy Counsel, Americas Public Policy",include,public policy,,,,,,,
7224595877501897019,lifeattiktok,20250427025134,https://lifeattiktok.com/search/7224595877501897019,200,detail,Senior Data Scientist - TikTok Global Music,drop,,,,,,,,
7224596016966682938,lifeattiktok,20250206231442,https://lifeattiktok.com/search/7224596016966682938,200,detail,Data Science Lead - TikTok Global Music,drop,,,,,,,,
7224615900359985465,lifeattiktok,20250509103437,https://lifeattiktok.com/search/7224615900359985465,200,detail,Measurement Partner - Performance,drop,,,,,,,,
7225734054020319546,lifeattiktok,20250427010001,https://lifeattiktok.com/search/7225734054020319546,200,detail,TikTok Shop - Intellectual Property Governance Specialist,include,governance,,,,,,,
7225885052923709757,lifeattiktok,20250323022952,https://lifeattiktok.com/search/7225885052923709757?spread=5MWH5CQ,200,detail,"Data Engineer, Data Application",drop,,,,,,,,
7226140474008406327,lifeattiktok,20251117011333,https://lifeattiktok.com/search/7226140474008406327,200,detail,"Trust & Safety Communications Manager, Advertising & Product",include,trust & safety,,,,,,,
7226140636637251898,lifeattiktok,20251117013228,https://lifeattiktok.com/search/7226140636637251898,200,detail,"Trust & Safety Communications Manager, Advertising & Product",include,trust & safety,,,,,,,
7226301101695207740,lifeattiktok,20250907203838,https://lifeattiktok.com/search/7226301101695207740,200,detail,"TikTok Shop by Tokopedia - Delivery Management, Logistics Operations Associate (Indonesia)",drop,,,,,Indonesia,,,
7226457418325461303,lifeattiktok,20250427043637,https://lifeattiktok.com/search/7226457418325461303?spread=5MWH5CQ,200,detail,Litigation Counsel Brazil,drop,,,,,Brazil,,,
7226940581754177853,lifeattiktok,20250124234523,https://lifeattiktok.com/search/7226940581754177853?spread=5MWH5CQ,200,detail,Associate Cyber Security Operations Analyst (CSOC) - USDS,drop,,,,,,,,
7226965507919956284,lifeattiktok,20250427025616,https://lifeattiktok.com/search/7226965507919956284,200,detail,Public Policy (E-Commerce) - Thailand,include,public policy,,,,Thailand,,,"HTTPSConnectionPool(host='web.archive.org', port=443): Max retries exceeded with url: /web/20250427025616id_/https://lif"
7228792696117315895,lifeattiktok,20241216230531,https://lifeattiktok.com/search/7228792696117315895?_rsc=sfy4w,200,js_shell,,unusable,,,,,,,,
7228969789422799159,lifeattiktok,20250427032343,https://lifeattiktok.com/search/7228969789422799159?spread=5MWH5CQ,200,detail,"EMEA Safety & Integrity Lead, MENAT",include,integrity,,,,EMEA,,,
7229068294597380407,lifeattiktok,20241206071644,https://lifeattiktok.com/search/7229068294597380407?spread=5MWH5CQ,200,detail,"Safety & Integrity Lead, Brazil - Trust & Safety",include,trust & safety; integrity,,,,Brazil,,,
7230672416526240059,lifeattiktok,20250825055228,https://lifeattiktok.com/search/7230672416526240059,200,detail,"Senior Product Manager, Risk Strategy and Operation",drop,,,,,,,,
7231260139592091960,lifeattiktok,20250125001643,https://lifeattiktok.com/search/7231260139592091960,200,detail,"Public Policy Manager, South Cone",include,policy manager; public policy,,,,,,,
7231364503551183141,lifeattiktok,20250501021205,https://lifeattiktok.com/search/7231364503551183141?spread=5MWH5CQ,200,detail,"Content Moderation Team Leader - Singapore, Trust & Safety",include,trust & safety; content moderat*; moderat*,,,,Singapore,Singapore,Singapore,
7231397088130271543,lifeattiktok,20241217203648,https://lifeattiktok.com/search/7231397088130271543,200,detail,Data Analyst - E-commerce User Growth,drop,,,,,,,,
7231480264819493176,lifeattiktok,20250206231943,https://lifeattiktok.com/search/7231480264819493176?spread=5MWH5CQ,200,detail,"EMEA Safety & Integrity Lead, France & Nordics",include,integrity,,,,France; Nordics; EMEA,,,
7232214286985103671,lifeattiktok,20250613201635,https://lifeattiktok.com/search/7232214286985103671?spread=5MWH5CQ,200,detail,AI Security Lead,drop,,,,,,,,
7233594084303849784,lifeattiktok,20250928201604,https://lifeattiktok.com/search/7233594084303849784,200,detail,"Site Reliability Engineer, Recommendation Infrastructure - USDS",exclude,,site reliability,,,,,,
7233763055933376828,lifeattiktok,20250811170515,https://lifeattiktok.com/search/7233763055933376828?spread=G1DWUPV,200,detail,Safety Operations Quality Assurance - Trust and Safety - Indonesia,include,trust and safety; safety operations,,,,Indonesia,,,
7233862254649936184,lifeattiktok,20250613193941,https://lifeattiktok.com/search/7233862254649936184,200,detail,Product Operations & Strategy Lead,drop,,,,,,,,
7234041520377874744,lifeattiktok,20250427023212,https://lifeattiktok.com/search/7234041520377874744,200,detail,"Backend Tech Lead, TikTok Social",drop,,,,,,,,
7234174727937034552,lifeattiktok,20250929095921,https://lifeattiktok.com/search/7234174727937034552,200,detail,"Site Reliability Engineer, Product - USDS",exclude,,site reliability,,,,,,
7234429804077156645,lifeattiktok,20250907133100,https://lifeattiktok.com/search/7234429804077156645,200,detail,Senior Strategic Product Manager-UG,drop,,,,,,,,
7234446563442739513,lifeattiktok,20250908125221,https://lifeattiktok.com/search/7234446563442739513,200,detail,Data Engineer - Growth,drop,,,,,,,,"HTTPSConnectionPool(host='web.archive.org', port=443): Max retries exceeded with url: /web/20250908125221id_/https://lif"
7235547355792443685,lifeattiktok,20250613202832,https://lifeattiktok.com/search/7235547355792443685,200,detail,"Category Management, Electronic (Mobile & tablet, e-commerce)",drop,,,,,,,,
7235841654450800954,lifeattiktok,20250613202050,https://lifeattiktok.com/search/7235841654450800954,200,detail,Policy Training Development Specialist - Trust & Safety,include,trust & safety,,,,,,,
7236172708932307255,lifeattiktok,20250124235537,https://lifeattiktok.com/search/7236172708932307255,200,detail,Global E-Commerce Shopping Center Operations,drop,,,,,,,,
7237212831836981541,lifeattiktok,20260108142827,https://lifeattiktok.com/search/7237212831836981541,200,detail,"Site Reliability Engineer, Network and Traffic - USDS",exclude,,site reliability,,,,,,"HTTPSConnectionPool(host='web.archive.org', port=443): Max retries exceeded with url: /web/20260108142827id_/https://lif"
7237271025020504380,lifeattiktok,20250828085704,https://lifeattiktok.com/search/7237271025020504380,200,detail,"Software Engineer, Ads ML Infrastructure",drop,,,,,,,,
7237380158789093688,lifeattiktok,20250517143637,https://lifeattiktok.com/search/7237380158789093688?spread=5MWH5CQ,200,detail,Frontend software Engineer - Growth,drop,,,,,,,,
7237510041707874621,lifeattiktok,20250427043436,https://lifeattiktok.com/search/7237510041707874621,200,detail,Product Public Policy Coordinator,include,public policy,,,,,,,
7238394188411783461,lifeattiktok,20260606100604,https://lifeattiktok.com/search/7238394188411783461?spread=5MWH5CQ,200,detail,"Senior Research Scientist- Foundation Model, Generative AI",drop,,,,,,,,
7238477645527353660,lifeattiktok,20250315075231,https://lifeattiktok.com/search/7238477645527353660?spread=5MWH5CQ,200,detail,"Outreach and Partnerships Manager, Trust & Safety - Australia & New Zealand",include,trust & safety,,,,Australia,,,
7238489731926329661,lifeattiktok,20250118081729,https://lifeattiktok.com/search/7238489731926329661,200,detail,TikTok Shop - Data Scientist - Recommendation,drop,,,,,,,,
7238853266548869435,lifeattiktok,20250516043553,https://lifeattiktok.com/search/7238853266548869435,200,detail,Time-Sensitive Content Operations Lead - Indonesia,drop,,,,,Indonesia,,,
7239310044482406716,lifeattiktok,20250809000059,https://lifeattiktok.com/search/7239310044482406716?spread=5MWH5CQ,200,detail,"Legal Counsel, Philippines",drop,,,,,Philippines,,,
7239356779325737272,lifeattiktok,20250613192922,https://lifeattiktok.com/search/7239356779325737272?spread=G1DWUPV,200,detail,"Law Enforcement Emergency Response Specialist - Japanese, Arabic or Tagalog",drop,,,,arabic; tagalog; japanese,,,,
7239412664202447161,lifeattiktok,20241206070821,https://lifeattiktok.com/search/7239412664202447161?external_referral_code=5RJ6816,200,detail,Research Scientist in Large Language Model,drop,,,,,,,,
7239582425583225143,lifeattiktok,20250206231202,https://lifeattiktok.com/search/7239582425583225143?spread=5MWH5CQ,200,detail,"Program Manager, Nepal & Sri Lanka, Trust & Safety",include,trust & safety,,,,,,,
7239759347943983420,lifeattiktok,20250427035652,https://lifeattiktok.com/search/7239759347943983420?spread=5MWH5CQ,200,detail,"Global Outreach & Partnerships Manager, Global Programs Lead - Trust & Safety",include,trust & safety,,,,,,,
7239844737737525561,lifeattiktok,20250813140913,https://lifeattiktok.com/search/7239844737737525561,200,detail,"Senior Product Manager, Ads Measurement",drop,,,,,,,,
7240046417779132731,lifeattiktok,20241217195959,https://lifeattiktok.com/search/7240046417779132731,200,detail,Data Science Leader - E-commerce Operations,drop,,,,,,,,
7240048013904611642,lifeattiktok,20250928173858,https://lifeattiktok.com/search/7240048013904611642,200,detail,"Data Scientist, Operations - TikTok Shop",drop,,,,,,,,
7241313525452638525,lifeattiktok,20250516054009,https://lifeattiktok.com/search/7241313525452638525?spread=5MWH5CQ,200,detail,"Research and Strategy PMO, Americas Public Policy",include,public policy,,,,,,,
7241644717392431416,lifeattiktok,20250808230829,https://lifeattiktok.com/search/7241644717392431416,200,detail,State Policy Coordinator,drop,,,,,,,,
7241830455841032504,lifeattiktok,20250315080443,https://lifeattiktok.com/search/7241830455841032504?spread=5MWH5CQ,200,detail,"TikTok LIVE - Global Customer Service Quality Analyst, Arabic Speaking",include,quality analyst,,,arabic,,,,
7242087804568652069,lifeattiktok,20250710235800,https://lifeattiktok.com/search/7242087804568652069,200,detail,"TikTok Shop - Senior Product Manager, Voice of Customers (VOC)",drop,,,,,,,,
7242495057197173051,lifeattiktok,20250613124038,https://lifeattiktok.com/search/7242495057197173051,200,detail,"Big Data Engineer, TikTok",drop,,,,,,,,"HTTPSConnectionPool(host='web.archive.org', port=443): Max retries exceeded with url: /web/20250613124038id_/https://lif"
7242639312549153061,lifeattiktok,20250206230239,https://lifeattiktok.com/search/7242639312549153061,200,detail,"Public Policy, E-Commerce, Malaysia",include,public policy,,,,Malaysia,,,
7243509145273354552,lifeattiktok,20250613200602,https://lifeattiktok.com/search/7243509145273354552,200,detail,Platform Solutions Strategist - Turkey Market - Global Business Marketing,drop,,,,,Turkey,,,
7243717564885584183,lifeattiktok,20250730190909,https://lifeattiktok.com/search/7243717564885584183,200,detail,Site Reliability Engineer - Cloud Infrastructure,exclude,,site reliability,,,,,,
7243872889237358906,lifeattiktok,20250710235906,https://lifeattiktok.com/search/7243872889237358906,200,detail,"Data Scientist, Data Analysis (Multiple Positions)",drop,,,,,,,,
7243932736444418363,lifeattiktok,20250711000618,https://lifeattiktok.com/search/7243932736444418363,200,detail,Data Engineer (Multiple Positions),drop,,,,,,,,
7244219825517316409,lifeattiktok,20250315082512,https://lifeattiktok.com/search/7244219825517316409?spread=5MWH5CQ,200,detail,Head of Security Advocacy,drop,,,,,,,,
7244432788165658935,lifeattiktok,20250124223422,https://lifeattiktok.com/search/7244432788165658935?gh_src=Products+That+Count+job+board&utm_medium=getro.com&utm_source=Products+That+Count+job+board,200,detail,E-commerce Business Product Manager - Ecosystem and Traffic Strategy,drop,,,,,,,,
7245318714865273147,lifeattiktok,20250427030120,https://lifeattiktok.com/search/7245318714865273147,200,detail,"Public Policy Manager, Central America",include,policy manager; public policy,,,,,,,
7246919170142341413,lifeattiktok,20250516051953,https://lifeattiktok.com/search/7246919170142341413,200,detail,"Public Policy Manager, Government Relations",include,policy manager; public policy,,,,,,,
7247609113965660477,lifeattiktok,20250822210552,https://lifeattiktok.com/search/7247609113965660477,200,detail,"Data Scientist, Risk Data Mining - USDS",drop,,,,,,,,
7247891987910265146,lifeattiktok,20250822210836,https://lifeattiktok.com/search/7247891987910265146,200,detail,"Senior Data Scientist, Risk Data Mining - USDS",drop,,,,,,,,
7247891987910641978,lifeattiktok,20250822210930,https://lifeattiktok.com/search/7247891987910641978,200,detail,"Senior Machine Learning Engineer, Risk Data Mining - USDS",drop,,,,,,,,
7247892565525481786,lifeattiktok,20250822210700,https://lifeattiktok.com/search/7247892565525481786,200,detail,"Data Scientist, Risk Data Mining - USDS",drop,,,,,,,,
7247892612371171640,lifeattiktok,20250822210430,https://lifeattiktok.com/search/7247892612371171640,200,detail,"Machine Learning Engineer, Risk Data Mining - USDS",drop,,,,,,,,
7247925789222865212,lifeattiktok,20250613202331,https://lifeattiktok.com/search/7247925789222865212,200,detail,"Global Child Safety Team Specialist, Risk and Response - Trust and Safety - Austin",include,trust and safety; child safety,,,,,Austin,United States,
7248020725390166309,lifeattiktok,20241206075435,https://lifeattiktok.com/search/7248020725390166309?external_referral_code=5RJ6816,200,detail,Research Engineer Graduate (Machine Learning Sys-US) - 2024 Start (PhD),drop,,,,,,,,
7248810429110880571,lifeattiktok,20251028075944,https://lifeattiktok.com/search/7248810429110880571,200,detail,"Backend Software Engineer (Server Application Performance Monitoring), Developer Infrastructure",drop,,,,,,,,
7248995505664198969,lifeattiktok,20250723165023,https://lifeattiktok.com/search/7248995505664198969,200,detail,Measurement Partner,drop,,,,,,,,
7249186112337267001,lifeattiktok,20250724142241,https://lifeattiktok.com/search/7249186112337267001,200,detail,Risk Management Analyst Intern - 2023 Start,drop,,,,,,,,
7250221870841334072,lifeattiktok,20241206080126,https://lifeattiktok.com/search/7250221870841334072?external_referral_code=5RJ6816,200,detail,"Research Scientist in Large Language Model, Graduates - Doubao (Seed) - 2024 Start (PhD)",drop,,,,,,,,"HTTPSConnectionPool(host='web.archive.org', port=443): Max retries exceeded with url: /web/20241206080126id_/https://lif"
7250232880558688569,lifeattiktok,20241206080358,https://lifeattiktok.com/search/7250232880558688569?external_referral_code=5RJ6816,200,detail,Large Language Model Research Scientist Graduate (Doubao-Seed) - 2024 Start (PhD),drop,,,,,,,,
7251675686028003641,lifeattiktok,20250718101017,https://lifeattiktok.com/search/7251675686028003641?spread=5MWH5CQ%3Futm_source%3DhandpickedBerlin,200,detail,Payroll Analyst - EMEA - Berlin,drop,,,,,EMEA,Berlin,Germany,
7251961279274584381,lifeattiktok,20250206224626,https://lifeattiktok.com/search/7251961279274584381,200,detail,Platform Brand Strategist - Eastern Europe Market,drop,,,,,Europe,,,
7252343365358176549,lifeattiktok,20241119123533,https://lifeattiktok.com/search/7252343365358176549,200,detail,TikTok Commerce - Content Designer,drop,,,,,,,,
7252494368937642299,lifeattiktok,20250516034831,https://lifeattiktok.com/search/7252494368937642299,200,detail,Senior Product Manager - Personalized Music Promotion,drop,,,,,,,,
7253067496051312954,lifeattiktok,20241206072153,https://lifeattiktok.com/search/7253067496051312954?gh_src=Products+That+Count+job+board&utm_medium=getro.com&utm_source=Products+That+Count+job+board,200,detail,"Senior Product Manager, Brand Ads",drop,,,,,,,,
7254172841435580727,lifeattiktok,20260606104929,https://lifeattiktok.com/search/7254172841435580727?spread=5MWH5CQ,200,detail,Content Moderator - Arabic Speaker,include,content moderat*; moderat*,,,arabic,,,,
7254614249662056762,lifeattiktok,20260519211139,https://lifeattiktok.com/search/7254614249662056762?utm_source=bandana,200,detail,"Senior Machine Learning Engineer, Recommendation - TikTok eCommerce",drop,,,,,,,,
7254634972564588837,lifeattiktok,20250206222308,https://lifeattiktok.com/search/7254634972564588837?spread=5MWH5CQ,200,detail,"Regional Product Policy Lead, North America - Trust and Safety - Los Angeles",include,trust and safety; policy lead,,,,,Los Angeles,United States,
7255345584059762981,lifeattiktok,20251005050402,https://lifeattiktok.com/search/7255345584059762981,200,detail,Tools Software Developer - TikTok Effect House,drop,,,,,,,,
7255568023770728765,lifeattiktok,20250720192213,https://lifeattiktok.com/search/7255568023770728765?gh_src=MIT+Sloan+Career+Development+Office+job+board,200,detail,"TikTok Commerce Customer Solution Manager, Strategic Accounts",drop,,,,,,,,
7255581371380484411,lifeattiktok,20250206221735,https://lifeattiktok.com/search/7255581371380484411,200,detail,Music Promotion Manager - Sub-Saharan Africa,drop,,,,,Africa,,,
7255730378546481464,lifeattiktok,20250429072829,https://lifeattiktok.com/search/7255730378546481464?_rsc=5m079,200,js_shell,,unusable,,,,,,,,
7255774746292816184,lifeattiktok,20250429072829,https://lifeattiktok.com/search/7255774746292816184?_rsc=5m079,200,js_shell,,unusable,,,,,,,,
7256934234424936762,lifeattiktok,20260114210956,https://lifeattiktok.com/search/7256934234424936762,200,detail,"Senior Research Scientist, Intelligent Editing (Multimodality)",drop,,,,,,,,
7257097527596452133,lifeattiktok,20251004235859,https://lifeattiktok.com/search/7257097527596452133,200,detail,Team Lead - Global E-Commerce Search Operations,drop,,,,,,,,
7257195516073101628,lifeattiktok,20250516034429,https://lifeattiktok.com/search/7257195516073101628?spread=G1DWUPV,200,detail,Influencer Operations Manager - Turkish Speaking,drop,,,,turkish,,,,
7257579313952147770,lifeattiktok,20250912225333,https://lifeattiktok.com/search/7257579313952147770,200,detail,Direct-To-Consumer Lead (CPG) - New York,drop,,,,,,New York,United States,
7257630770620451128,lifeattiktok,20250206225214,https://lifeattiktok.com/search/7257630770620451128?spread=5MWH5CQ,200,detail,Product Development Public Policy Manager,include,policy manager; public policy,,,,,,,
7257917262554908988,lifeattiktok,20250724143924,https://lifeattiktok.com/search/7257917262554908988?gh_src=MIT+Sloan+Career+Development+Office+job+board,200,detail,"Compliance Program Manager, Ads Privacy",drop,,,,,,,,"HTTPSConnectionPool(host='web.archive.org', port=443): Max retries exceeded with url: /web/20250724143924id_/https://lif"
7257985757498755386,lifeattiktok,20241206084340,https://lifeattiktok.com/search/7257985757498755386?ref=datasciencejobs.com&source=datasciencejobs.com&utm_source=datasciencejobs.com,200,detail,"Data Science Lead, TikTok Analytics",drop,,,,,,,,
7258027242624878905,lifeattiktok,20250908041508,https://lifeattiktok.com/search/7258027242624878905,200,detail,"Backend Software Engineer, TikTok MultiMedia Data Platform",drop,,,,,,,,
7258028230703188282,lifeattiktok,20250907181134,https://lifeattiktok.com/search/7258028230703188282,200,detail,"Senior Backend Software Engineer, TikTok MultiMedia Data Platform",drop,,,,,,,,
7258061769863334205,lifeattiktok,20250516052410,https://lifeattiktok.com/search/7258061769863334205,200,detail,Protective Intelligence Analyst,drop,,,,,,,,
7258268518986221881,lifeattiktok,20250724224943,https://lifeattiktok.com/search/7258268518986221881,200,detail,"TikTok E-Commerce - Celebrity Development Manager, UK",drop,,,,,United Kingdom,,,
7258337307366983991,lifeattiktok,20250411223055,https://lifeattiktok.com/search/7258337307366983991?spread=5MWH5CQ,200,detail,"Backend Software Engineer, Loki Platform",drop,,,,,,,,
7259504160575293733,lifeattiktok,20250427025303,https://lifeattiktok.com/search/7259504160575293733?spread=G1DWUPV,200,detail,"User Support Associate Bilingual, Portuguese",drop,,,,portuguese,,,,
7259689251804416311,lifeattiktok,20250830005204,https://lifeattiktok.com/search/7259689251804416311,200,detail,"Quality Assurance Engineer, TikTok Media Network",drop,,,,,,,,
7259779500354783546,lifeattiktok,20250506000909,https://lifeattiktok.com/search/7259779500354783546?spread=5MWH5CQ,200,detail,"Competition Counsel, Americas Public Policy",include,public policy,,,,,,,
7259786917411211581,lifeattiktok,20250429232018,https://lifeattiktok.com/search/7259786917411211581,200,detail,"Emerging Product Safety Manager, Trust & Safety",include,trust & safety,,,,,,,
7259794850651359547,lifeattiktok,20241206064804,https://lifeattiktok.com/search/7259794850651359547,200,detail,"Tiktok E-commerce - Policy & Program Manager, Emergency Response",drop,,,,,,,,
7259827222713895228,lifeattiktok,20250908051238,https://lifeattiktok.com/search/7259827222713895228,200,detail,"Machine Learning Engineer(NLP/CV/Multimodal), TikTok E-commerce Knowledge Graph",drop,,,,,,,,
7259834639861500219,lifeattiktok,20250907233607,https://lifeattiktok.com/search/7259834639861500219,200,detail,"Senior Machine Learning Engineer(NLP/CV/Multimodal), TikTok E-commerce Knowledge Graph",drop,,,,,,,,
7259867472912156986,lifeattiktok,20250516042923,https://lifeattiktok.com/search/7259867472912156986,200,detail,Program Manager - Trust & Safety,include,trust & safety,,,,,,,
7259914787185740090,lifeattiktok,20260208210433,https://lifeattiktok.com/search/7259914787185740090,200,detail,"Machine Learning Engineer - NLP, TikTok Business Integrity",include,integrity,,,,,,,
7259918740056688951,lifeattiktok,20260208192339,https://lifeattiktok.com/search/7259918740056688951,200,detail,"Machine Learning Engineer - Multimodality, TikTok Business Integrity",include,integrity,,,,,,,
7260273508961208633,lifeattiktok,20260606110105,https://lifeattiktok.com/search/7260273508961208633,200,detail,TikTok Commerce - Seller Manager - Collectibles,drop,,,,,,,,
7260287138993801533,lifeattiktok,20250808233340,https://lifeattiktok.com/search/7260287138993801533,200,detail,TikTok Shop - Head of Pre-Owned Luxury,drop,,,,,,,,
7260289817894996261,lifeattiktok,20250124235751,https://lifeattiktok.com/search/7260289817894996261,200,detail,"TikTok Commerce - Seller Manager - Pre-Owned Luxury, Bags",drop,,,,,,,,
7260324448833227065,lifeattiktok,20250315075114,https://lifeattiktok.com/search/7260324448833227065?spread=5MWH5CQ,200,detail,TikTok Shop - Graduate Logistics Operations (Indonesia) - 2024 Start,drop,,,,,Indonesia,,,"HTTPSConnectionPool(host='web.archive.org', port=443): Max retries exceeded with url: /web/20250315075114id_/https://lif"
7260451260208777527,lifeattiktok,20241125202845,https://lifeattiktok.com/search/7260451260208777527,200,detail,"E-Commerce, ESG and Trade Policy Analyst",include,policy analyst,,,,,,,
7260588283251181861,lifeattiktok,20250427034001,https://lifeattiktok.com/search/7260588283251181861?source=jobs.datamasked.com,200,detail,TikTok Shop - Senior Data Scientist - Product Analytics,drop,,,,,,,,
7260739976613415223,lifeattiktok,20251224222248,https://lifeattiktok.com/search/7260739976613415223,200,detail,IP Governance Lead,include,governance,,,,,,,
7260930234655017275,lifeattiktok,20250613201257,https://lifeattiktok.com/search/7260930234655017275?spread=5MWH5CQ&utm_campaign=sell-consultations-not-just-services&utm_medium=referral&utm_source=www.theveteranswallet.com,200,detail,Security Findings Senior Analyst,drop,,,,,,,,
7261793047452322109,lifeattiktok,20250320083637,https://lifeattiktok.com/search/7261793047452322109,200,detail,"Backend Software Engineer, Trust and Safety Engineering (Australia)",include,trust and safety,,,,Australia,,,
7261863804173633853,lifeattiktok,20250613194244,https://lifeattiktok.com/search/7261863804173633853?spread=5MWH5CQ,200,detail,"Campaign & Community, Fashion Intern (e-Commerce) - 2023 Start",drop,,,,,,,,
7262016335801731384,lifeattiktok,20250206220400,https://lifeattiktok.com/search/7262016335801731384,200,detail,"Transfer Pricing Manager, Americas",drop,,,,,,,,
7262201157371431229,lifeattiktok,20250315075311,https://lifeattiktok.com/search/7262201157371431229?spread=5MWH5CQ,200,detail,Legal Counsel,drop,,,,,,,,
7262292072081738045,lifeattiktok,20250613201948,https://lifeattiktok.com/search/7262292072081738045?spread=5MWH5CQ,200,detail,Head of Risk Detection & Prevention,drop,,,,,,,,
7262409831579191608,lifeattiktok,20260208202134,https://lifeattiktok.com/search/7262409831579191608,200,detail,Machine Learning Engineer - TikTok Business Integrity,include,integrity,,,,,,,
7262410670992738619,lifeattiktok,20260208202523,https://lifeattiktok.com/search/7262410670992738619,200,detail,Machine Learning Research Scientist - TikTok Business Integrity,include,integrity,,,,,,,
7262475761466476859,lifeattiktok,20250427034306,https://lifeattiktok.com/search/7262475761466476859,200,detail,"Software Development Engineer in Test - Trust and Safety, TikTok (Canada)",include,trust and safety,,,,Canada,,,
7262479442630281533,lifeattiktok,20260208193736,https://lifeattiktok.com/search/7262479442630281533,200,detail,"Research Scientist, Multimodal Machine Learning - Trust and Safety (Canada)",include,trust and safety,,,,Canada,,,
7262484665184766245,lifeattiktok,20260208195915,https://lifeattiktok.com/search/7262484665184766245,200,detail,"Backend Software Engineer, Trust and Safety Engineering - Platform, TikTok (Canada)",include,trust and safety,,,,Canada,,,
7262485627660683577,lifeattiktok,20260208201303,https://lifeattiktok.com/search/7262485627660683577,200,detail,"Tech Lead Manager (Backend) - Trust and Safety, TikTok (Canada)",include,trust and safety,,,,Canada,,,
7262485668198205751,lifeattiktok,20260208200050,https://lifeattiktok.com/search/7262485668198205751,200,detail,"Backend Software Engineer, Trust and Safety - Algorithm Engineering, TikTok (Canada)",include,trust and safety,,,,Canada,,,
7262486937234557240,lifeattiktok,20260208203141,https://lifeattiktok.com/search/7262486937234557240,200,detail,"Backend Software Engineer, Trust and Safety Engineering - TikTok (Canada)",include,trust and safety,,,,Canada,,,
7262600447424678181,lifeattiktok,20251016004435,https://lifeattiktok.com/search/7262600447424678181,200,detail,"Machine Learning Engineer - Search E-commerce, Seattle",drop,,,,,,Seattle,United States,
7262824301965871419,lifeattiktok,20260126023243,https://lifeattiktok.com/search/7262824301965871419,200,detail,"Tech Lead Manager - Frontend Software Development, Global E-commerce Supply Chain and Logistics",drop,,,,,,,,
7263309618783930661,lifeattiktok,20250828062712,https://lifeattiktok.com/search/7263309618783930661,200,detail,"Global AI Data Service Process Operation Manager, Trust and Safety",include,trust and safety,,,,,,,"HTTPSConnectionPool(host='web.archive.org', port=443): Max retries exceeded with url: /web/20250828062712id_/https://lif"
7264335508539574583,lifeattiktok,20260208201420,https://lifeattiktok.com/search/7264335508539574583,200,detail,Machine Learning Engineer - TikTok Business Integrity,include,integrity,,,,,,,
7264422689727727927,lifeattiktok,20250517150228,https://lifeattiktok.com/search/7264422689727727927,200,detail,"Graduate Quality Assurance Engineer, Video Arch- 2025 Start",drop,,,,,,,,
7264491722142796069,lifeattiktok,20250821073214,https://lifeattiktok.com/search/7264491722142796069,200,detail,"TikTok Shop by Tokopedia - Category Strategist, FMCG (Indonesia)",drop,,,,,Indonesia,,,
7264727204252322105,lifeattiktok,20250829045532,https://lifeattiktok.com/search/7264727204252322105,200,detail,"Senior Backend Software Engineer, TikTok Multimedia Arch Creation Platform",drop,,,,,,,,
7265122301875980600,lifeattiktok,20260306044608,https://lifeattiktok.com/search/7265122301875980600?spread=5MWH5CQ&utm_source=levels.fyi,200,detail,Software Engineer Intern (Product Foundation-Account) - 2024 Summer (BS/MS),drop,,,,,,,,
7265210753220200765,lifeattiktok,20260208210313,https://lifeattiktok.com/search/7265210753220200765,200,detail,"General Backend Software Engineer - Trust and Safety, TikTok (Canada)",include,trust and safety,,,,Canada,,,
7265397646302939447,lifeattiktok,20250613190739,https://lifeattiktok.com/search/7265397646302939447,200,detail,Product and Commercial Counsel,drop,,,,,,,,
7265483621460609317,lifeattiktok,20250124235711,https://lifeattiktok.com/search/7265483621460609317,200,detail,"Vertical Product Marketing Lead, Canada",drop,,,,,Canada,,,
7265512454418827575,lifeattiktok,20250908095733,https://lifeattiktok.com/search/7265512454418827575,200,detail,"Senior Software Engineer, Ads Data",drop,,,,,,,,
7265579601686186277,lifeattiktok,20241119033950,https://lifeattiktok.com/search/7265579601686186277?_rsc=8x1y1,200,js_shell,,unusable,,,,,,,,
7265585582666418487,lifeattiktok,20250307182845,https://lifeattiktok.com/search/7265585582666418487,200,detail,Software Engineer Graduate (TikTok Privacy and Security ) - 2024 Start (BS/MS/PhD),drop,,,,,,,,
7265632381078571323,lifeattiktok,20241211055300,https://lifeattiktok.com/search/7265632381078571323?spread=5MWH5CQ,200,detail,"Frontend engineer, WebDev Platform-Client Arch",drop,,,,,,,,
7265768876004149541,lifeattiktok,20250516045453,https://lifeattiktok.com/search/7265768876004149541,200,detail,"Product Manager, Music Creation",drop,,,,,,,,
7265823100818065701,lifeattiktok,20250206213346,https://lifeattiktok.com/search/7265823100818065701,200,detail,Mobile Multimedia Software Engineer Intern (Intelligent Creation-AV-TikTok) - 2024 Summer (BS/MS),drop,,,,,,,,
7265826882304837944,lifeattiktok,20250125003021,https://lifeattiktok.com/search/7265826882304837944,200,detail,AR Effect Engineer Intern (Interactive) - 2024 Summer (BS/MS),drop,,,,,,,,
7266068852437420349,lifeattiktok,20251223163419,https://lifeattiktok.com/search/7266068852437420349,200,detail,"Global Business Solutions Customer Success, Summer Intern - 2024 Start (Fixed-Term Contract)",drop,,,,,,,,
7266166321967057207,lifeattiktok,20250908180715,https://lifeattiktok.com/search/7266166321967057207,200,detail,Machine Learning Engineer - TikTok Location Based Service,drop,,,,,,,,
7266238867313248571,lifeattiktok,20250427041653,https://lifeattiktok.com/search/7266238867313248571,200,detail,Machine Learning Engineer Intern (Responsible Recommendation System) - 2024 Off Cycle (MS/PhD),drop,,,,,,,,
7267005523350079802,lifeattiktok,20250315082657,https://lifeattiktok.com/search/7267005523350079802,200,detail,Transfer Pricing (Sydney),drop,,,,,,Sydney,Australia,
7267226221741607223,lifeattiktok,20260208193442,https://lifeattiktok.com/search/7267226221741607223,200,detail,Research Intern (Computer Vision/Natural Language Processing) - 2024 Summer (BS/MS/Ph.D),drop,,,,,,,,"HTTPSConnectionPool(host='web.archive.org', port=443): Max retries exceeded with url: /web/20260208193442id_/https://lif"
7267238090039642424,lifeattiktok,20250206212433,https://lifeattiktok.com/search/7267238090039642424,200,detail,Software Engineer Intern (Monetization Technology SMB) - 2024 Summer (BS/MS),drop,,,,,,,,
7267239941222140217,lifeattiktok,20250124230148,https://lifeattiktok.com/search/7267239941222140217,200,detail,Software Engineer Intern (Monetization Technology SMB) - 2024 Summer (BS/MS),drop,,,,,,,,
7267611363882617149,lifeattiktok,20250516045245,https://lifeattiktok.com/search/7267611363882617149?spread=5MWH5CQ&utm_source=levels.fyi,200,detail,Software Engineer Intern (Data-Data Platform-Data Management Suite-US) - 2024 Summer (BS/MS),drop,,,,,,,,
7267667888680929597,lifeattiktok,20250516053413,https://lifeattiktok.com/search/7267667888680929597,200,detail,Workplace Catering Operations Manager,drop,,,,,,,,
7267966475230284092,lifeattiktok,20250206222115,https://lifeattiktok.com/search/7267966475230284092,200,detail,Backend Software Engineer Intern (Global Monetization Product and Technology-Creative) - 2024 Summer (BS/MS),drop,,,,,,,,
7267974287608203581,lifeattiktok,20241206074352,https://lifeattiktok.com/search/7267974287608203581,200,detail,Machine Learning Engineer Intern (Global Monetization Product and Technology-Creative) - 2024 Summer (BS/MS),drop,,,,,,,,
7268056291783526716,lifeattiktok,20241206072612,https://lifeattiktok.com/search/7268056291783526716?ref=datasciencejobs.com&source=datasciencejobs.com&utm_source=datasciencejobs.com,200,detail,Data Scientist Intern (Global Monetization Product and Technology-Data Science and Analytics) - 2024 Summer (BS/MS),drop,,,,,,,,
7268332280170481981,lifeattiktok,20250730092356,https://lifeattiktok.com/search/7268332280170481981,200,detail,"Product Strategy and Operations, Close-Loop",drop,,,,,,,,
7268645272064985400,lifeattiktok,20251211125935,https://lifeattiktok.com/search/7268645272064985400?utm_source=MyJobMag,200,detail,Content Partnerships Manager - Sport (West Africa),drop,,,,,Africa,,,
7268785621837400357,lifeattiktok,20250828064033,https://lifeattiktok.com/search/7268785621837400357,200,detail,"Cloud Site Reliability Engineer, Cloud and System - Seattle",exclude,,site reliability,,,,Seattle,United States,
7268795461329717559,lifeattiktok,20250821103049,https://lifeattiktok.com/search/7268795461329717559,200,detail,Security Engineer - Application/Product Security,drop,,,,,,,,
7269291372682709303,lifeattiktok,20250520032700,https://lifeattiktok.com/search/7269291372682709303?utm_source=Trust+and+Safety+Jobs,200,detail,"Business Development Partner, AI Data Search And Operations - Trust and Safety",include,trust and safety,,,,,,,
7270296324016654647,lifeattiktok,20250821105255,https://lifeattiktok.com/search/7270296324016654647,200,detail,Tech Lead Manager - TikTok Privacy Product,drop,,,,,,,,
7270389649478420794,lifeattiktok,20250916152352,https://lifeattiktok.com/search/7270389649478420794,200,detail,"Senior Software Engineer, Stability - Global Payments",drop,,,,,,,,
7270431690291480888,lifeattiktok,20250613192251,https://lifeattiktok.com/search/7270431690291480888,200,detail,"Shop | Tokopedia - Account Management, Lifestyle (Indonesia)",drop,,,,,Indonesia,,,
7270446825642101048,lifeattiktok,20250613195048,https://lifeattiktok.com/search/7270446825642101048,200,detail,Creative Manager - Platform Studio - Global Business Marketing METAP,drop,,,,,,,,
7270507969522862394,lifeattiktok,20250516042604,https://lifeattiktok.com/search/7270507969522862394,200,detail,"Frontend Software Engineering Intern, TikTok Trust and Safety - 2024 start",include,trust and safety,,,,,,,
7270728624402827580,lifeattiktok,20250723081203,https://lifeattiktok.com/search/7270728624402827580,200,detail,"Privacy Counsel (Product), APAC & Emerging Markets",drop,,,,,APAC,,,
7271468613893622075,lifeattiktok,20250403073426,https://lifeattiktok.com/search/7271468613893622075,200,detail,"Content Moderator - Burmese, based in Thailand",include,content moderat*; moderat*,,,burmese,Thailand,,,
7272323177559623995,lifeattiktok,20250724000511,https://lifeattiktok.com/search/7272323177559623995,200,detail,Fraud & Loss Ops Investigation Specialist (Vietnamese speaker),include,fraud,,,vietnamese,,,,"HTTPSConnectionPool(host='web.archive.org', port=443): Max retries exceeded with url: /web/20250724000511id_/https://lif"
7272434582992734520,lifeattiktok,20260208203653,https://lifeattiktok.com/search/7272434582992734520,200,detail,Software Engineer Intern (Data-TnS-Eng) - 2024 Start (BS/MS),drop,,,,,,,,
7272845695756765498,lifeattiktok,20260208210542,https://lifeattiktok.com/search/7272845695756765498,200,detail,Machine Learning Engineer Intern (Data-TnS-Algo) - 2024 Start (BS/MS/PhD),drop,,,,,,,,
7272946023705364797,lifeattiktok,20250801215042,https://lifeattiktok.com/search/7272946023705364797,200,detail,TikTok LIVE Agency Operations Manager - French & Chinese Speaking,drop,,,,french; chinese,,,,
7273435209642461495,lifeattiktok,20250505205537,https://lifeattiktok.com/search/7273435209642461495,200,detail,"Privacy Counsel (Product), APAC & Emerging Markets",drop,,,,,APAC,,,
7274919928917330235,lifeattiktok,20250613130747,https://lifeattiktok.com/search/7274919928917330235,200,detail,"Machine Learning Engineer, TikTok Machine Learning Infrastructure",drop,,,,,,,,
7275220058799327546,lifeattiktok,20250908081419,https://lifeattiktok.com/search/7275220058799327546,200,detail,Product Operation Manager - LBS (Singapore),drop,,,,,Singapore,Singapore,Singapore,
7275541183328651577,lifeattiktok,20241217190911,https://lifeattiktok.com/search/7275541183328651577,200,detail,Project Management Intern - AI Data (Linguistics) - 2025 Start,drop,,,,,,,,
7276138130171726139,lifeattiktok,20251223180948,https://lifeattiktok.com/search/7276138130171726139,200,detail,Appeals Specialist - Kazakh Speaker- Dublin,drop,,,,kazakh,Ireland,Dublin,Ireland,
7276222921483143479,lifeattiktok,20251015235715,https://lifeattiktok.com/search/7276222921483143479,200,detail,"Backend Software Engineer, Content E-Commerce",drop,,,,,,,,
7276252958843947322,lifeattiktok,20260306054952,https://lifeattiktok.com/search/7276252958843947322?spread=5MWH5CQ,200,detail,Creator Manager Intern (Indonesia E-commerce) - 2023 Start,drop,,,,,Indonesia,,,
7276297682049337661,lifeattiktok,20250315074909,https://lifeattiktok.com/search/7276297682049337661?utm_source=qajobs.co,200,detail,Senior QA Engineer - Global E-Commerce,drop,,,,,,,,
7276534681419598138,lifeattiktok,20250427035427,https://lifeattiktok.com/search/7276534681419598138?spread=5MWH5CQ,200,detail,TikTok Shop - Senior Product Manager - Creator and Content Governance,include,governance,,,,,,,
7278089132970101047,lifeattiktok,20260208193552,https://lifeattiktok.com/search/7278089132970101047,200,detail,"Backend Software Engineer, Trust and Safety Engineering - 2024 Start(BS/MS)",include,trust and safety,,,,,,,
7278166975430560056,lifeattiktok,20241109033644,https://lifeattiktok.com/search/7278166975430560056,200,detail,Senior iOS Engineer - TikTok music,drop,,,,,,,,
7278828011783588156,lifeattiktok,20260208204855,https://lifeattiktok.com/search/7278828011783588156,200,detail,"Data Engineer, Data Application",drop,,,,,,,,
7279192939183982905,lifeattiktok,20260306054752,https://lifeattiktok.com/search/7279192939183982905?spread=G1DWUPV&utm_campaign=punchtime-why-strategy-is-your-superpower&utm_medium=referral&utm_source=www.punch-time.com,200,detail,TikTok Shop - Senior Associate/Analyst - Strategy & Operations,drop,,,,,,,,
7280312603997325629,lifeattiktok,20241218015802,https://lifeattiktok.com/search/7280312603997325629,200,detail,TikTok Shop - Senior Product Manager - Customer Product,drop,,,,,,,,
7280751436370479415,lifeattiktok,20260515014636,https://lifeattiktok.com/search/7280751436370479415,200,detail,"Security Engineer - Application/Product Security, San Jose",drop,,,,,,San Jose,United States,
7280914351002536250,lifeattiktok,20250907224234,https://lifeattiktok.com/search/7280914351002536250,200,detail,"TikTok LIVE - Global Customer Service Representative, Korean Speaking",drop,,,,korean,,,,
7282859278070909239,lifeattiktok,20251209104229,https://lifeattiktok.com/search/7282859278070909239,200,detail,"Tech Lead, Research Scientist, Generative AI",drop,,,,,,,,"HTTPSConnectionPool(host='web.archive.org', port=443): Max retries exceeded with url: /web/20251209104229id_/https://lif"
7283195541936703804,lifeattiktok,20250206233318,https://lifeattiktok.com/search/7283195541936703804?gh_src=Products+That+Count+job+board&utm_medium=getro.com&utm_source=Products+That+Count+job+board,200,detail,"Product Manager, TikTok Risk Platform",drop,,,,,,,,
7283330526566893884,lifeattiktok,20260208203748,https://lifeattiktok.com/search/7283330526566893884,200,detail,"Senior Technical Program Manager - Privacy & Security, Ads Data",drop,,,,,,,,
7283331363238037816,lifeattiktok,20260208200604,https://lifeattiktok.com/search/7283331363238037816,200,detail,"Tech Lead Technical Program Manager - Privacy & Security, Ads Data",drop,,,,,,,,
7283331379374885157,lifeattiktok,20241206085026,https://lifeattiktok.com/search/7283331379374885157,200,detail,"TikTok Shop - Product Compliance Policy Manager, GNE Global Selling",include,policy manager,,,,,,,
7283353234311596325,lifeattiktok,20250814214743,https://lifeattiktok.com/search/7283353234311596325,200,detail,"Backend Software Engineer, Shop Ads",drop,,,,,,,,
7283529563954694461,lifeattiktok,20250718111350,https://lifeattiktok.com/search/7283529563954694461?spread=G1DWUPV,200,detail,Product Manager - Trust & Safety (High Harm Obstruction),include,trust & safety,,,,,,,
7283769654605121848,lifeattiktok,20250709191534,https://lifeattiktok.com/search/7283769654605121848,200,detail,Software Development Engineer-Testing Infrastructure,drop,,,,,,,,
7284142701531400507,lifeattiktok,20250124235404,https://lifeattiktok.com/search/7284142701531400507?ref=creativetokyo,200,detail,Senior Creative Designer - TikTok LIVE (Japan),drop,,,,,Japan,,,
7285331775621269797,lifeattiktok,20260128155851,https://lifeattiktok.com/search/7285331775621269797?spread=5MWH5CQ%0A,200,detail,"Communications Specialist, Kenya & East Africa",drop,,,,,Africa,,,
7287982842666502455,lifeattiktok,20250124234833,https://lifeattiktok.com/search/7287982842666502455?gh_src=Products+That+Count+job+board&utm_medium=getro.com&utm_source=Products+That+Count+job+board,200,detail,"Vertical Product Marketing Manager, Retail",drop,,,,,,,,
7288364289680476475,lifeattiktok,20250330180717,https://lifeattiktok.com/search/7288364289680476475,200,detail,"Data Scientist, Product Analytics",drop,,,,,,,,
7288426791433259323,lifeattiktok,20241119033951,https://lifeattiktok.com/search/7288426791433259323?_rsc=8x1y1,200,js_shell,,unusable,,,,,,,,
7288431621048895801,lifeattiktok,20250908205341,https://lifeattiktok.com/search/7288431621048895801,200,detail,"Machine Learning Engineer, NLP - TikTok E-commerce Knowledge Graph",drop,,,,,,,,
7288700352739625277,lifeattiktok,20250613191505,https://lifeattiktok.com/search/7288700352739625277?spread=5MWH5CQ&utm_medium=email&utm_source=hs_email,200,detail,AI Product Counsel,drop,,,,,,,,
7288703525541235005,lifeattiktok,20250613184302,https://lifeattiktok.com/search/7288703525541235005,200,detail,AI Product Counsel,drop,,,,,,,,
7288704768683067705,lifeattiktok,20250724185443,https://lifeattiktok.com/search/7288704768683067705,200,detail,AI Product Counsel,drop,,,,,,,,
7289375997668706618,lifeattiktok,20250730182330,https://lifeattiktok.com/search/7289375997668706618,200,detail,"Engineering Leader - Infra, TikTok Monetization GenAI",drop,,,,,,,,
7289467772315224381,lifeattiktok,20250919050558,https://lifeattiktok.com/search/7289467772315224381,404,js_shell,Wayback Machine,unusable,,,,,,,,
7290641823709956410,lifeattiktok,20241206073212,https://lifeattiktok.com/search/7290641823709956410?spread=G1DWUPV,200,detail,"TikTok Shop - Senior Product Manager, Seller Incbuation (Content Creation Tools)",drop,,,,,,,,
7291091026788632893,lifeattiktok,20260315121734,https://lifeattiktok.com/search/7291091026788632893,200,detail,"Research Scientist, Computer Vision",drop,,,,,,,,"HTTPSConnectionPool(host='web.archive.org', port=443): Max retries exceeded with url: /web/20260315121734id_/https://lif"
7291509286332369209,lifeattiktok,20241119033950,https://lifeattiktok.com/search/7291509286332369209?_rsc=8x1y1,200,js_shell,,unusable,,,,,,,,
7291691304487471411,lifeattiktok,20250904171723,https://lifeattiktok.com/search/7291691304487471411,200,detail,Food Safety & Quality Assurance Manager,exclude,,food safety,,,,,,
7293280567666231603,lifeattiktok,20250502112419,https://lifeattiktok.com/search/7293280567666231603,200,detail,"Tech Lead, Recommendation Infrastructure",drop,,,,,,,,
7293578561087359258,lifeattiktok,20250718095922,https://lifeattiktok.com/search/7293578561087359258,200,detail,"Product Policy Manager, MENA - Trust & Safety",include,trust & safety; policy manager,,,,MENA,,,
7293997497193105673,lifeattiktok,20250426205047,https://lifeattiktok.com/search/7293997497193105673?spread=5MWH5CQ,200,detail,"Head of Legal, Global Information Security & Incident Response",drop,,,,,,,,
7294001130245163290,lifeattiktok,20250426084755,https://lifeattiktok.com/search/7294001130245163290,200,detail,"Head of Legal, Global Information Security & Incident Response",drop,,,,,,,,
7294268305148365093,lifeattiktok,20250426112009,https://lifeattiktok.com/search/7294268305148365093,200,detail,"Regional Product Policy Lead, EMEA - Trust & Safety",include,trust & safety; policy lead,,,,EMEA,,,
7294610986064234802,lifeattiktok,20250808235214,https://lifeattiktok.com/search/7294610986064234802,200,detail,Head of Threat Detection,drop,,,,,,,,
7294690275162278194,lifeattiktok,20250206220854,https://lifeattiktok.com/search/7294690275162278194?spread=5MWH5CQ&utm_campaign=contract-jobs-openings-a-1-6m-monthly-visitor-website&utm_medium=referral&utm_source=www.theveteranswallet.com,200,detail,"Regional Crisis Manager, AMS",drop,,,,,,,,
7295453522031872306,lifeattiktok,20250125000732,https://lifeattiktok.com/search/7295453522031872306?ref=datasciencejobs.com&source=datasciencejobs.com&utm_source=datasciencejobs.com,200,detail,Data Scientist - TikTok Privacy,drop,,,,,,,,
7295880578690206002,lifeattiktok,20260116122420,https://lifeattiktok.com/search/7295880578690206002,200,detail,"Machine Learning Engineer - TikTok Search Algorithm (Ranking, Relevance, Understanding, User Engagement)",drop,,,,,,,,
7295881744481257754,lifeattiktok,20260103171847,https://lifeattiktok.com/search/7295881744481257754?_rsc=1m3ql,200,js_shell,,unusable,,,,,,,,
7296816818696800538,lifeattiktok,20241206073417,https://lifeattiktok.com/search/7296816818696800538,200,detail,Support Engineer - Site Lead - USDS,drop,,,,,,,,
7296923128939546931,lifeattiktok,20241206084937,https://lifeattiktok.com/search/7296923128939546931?external_referral_code=5RJ6816,200,detail,Research Scientist Graduate (Foundation Model Generative AI) - 2024 Start (PhD),drop,,,,,,,,
7297247333048518939,lifeattiktok,20260208202031,https://lifeattiktok.com/search/7297247333048518939,200,detail,Risk Strategy & Operations Analyst,drop,,,,,,,,
7298228567593830683,lifeattiktok,20250808230519,https://lifeattiktok.com/search/7298228567593830683,200,detail,TikTok Product Manager- Creator Experience,drop,,,,,,,,
7298472359080773915,lifeattiktok,20250125001042,https://lifeattiktok.com/search/7298472359080773915,200,detail,Brand Partnerships Manager | SMB,drop,,,,,,,,
7298743880643627273,lifeattiktok,20250730075248,https://lifeattiktok.com/search/7298743880643627273,200,detail,"Product Manager, Ads Privacy Enhanced Technology - Global Monetization Product and Technology - San Jose",drop,,,,,,San Jose,United States,
7298827881802713382,lifeattiktok,20250118064922,https://lifeattiktok.com/search/7298827881802713382,200,detail,"Creative Visual Designer, TikTok Shop",drop,,,,,,,,
7299694429568059674,lifeattiktok,20250713103350,https://lifeattiktok.com/search/7299694429568059674,200,detail,Localization Project Manager - GBM Japan,drop,,,,,Japan,,,"HTTPSConnectionPool(host='web.archive.org', port=443): Max retries exceeded with url: /web/20250713103350id_/https://lif"
7299962953770830107,lifeattiktok,20241206071327,https://lifeattiktok.com/search/7299962953770830107,200,detail,Cyber Security Intern (Vulnerability Intelligence) - 2024 Summer (BS/MS),drop,,,,,,,,
7301011665616472358,lifeattiktok,20241206070640,https://lifeattiktok.com/search/7301011665616472358,200,detail,Software Engineer Intern (Data-TnS-Eng) - 2024 Start (BS/MS),drop,,,,,,,,
7301262828970838282,lifeattiktok,20250426062555,https://lifeattiktok.com/search/7301262828970838282,200,detail,Head of Integrity & Authenticity Policy - Trust & Safety,include,trust & safety; integrity,,,,,,,
7301829050506430730,lifeattiktok,20250613202158,https://lifeattiktok.com/search/7301829050506430730?source=jobs.datamasked.com,200,detail,"Data Science Leader / TL, Product Analytics - USDS",drop,,,,,,,,
7301893484528716070,lifeattiktok,20250206224744,https://lifeattiktok.com/search/7301893484528716070,200,detail,TikTok Local Services - Strategic Partnership Manager,drop,,,,,,,,
7301936446125345074,lifeattiktok,20250814044832,https://lifeattiktok.com/search/7301936446125345074,200,detail,Risk Insights Analyst Intern - 2025 Start,drop,,,,,,,,
7302128775319832883,lifeattiktok,20241125202838,https://lifeattiktok.com/search/7302128775319832883,200,detail,"TikTok Shop - (Snr.) Fulfillment Solutions Manager, Last Mile Solutions",drop,,,,,,,,
7303407861706295602,lifeattiktok,20250126161620,https://lifeattiktok.com/search/7303407861706295602?external_referral_code=5RJ6816,200,detail,"Student Researcher in Foundation Models (Reasoning, Planning & Agent) - Doubao (Seed) - 2024 Start (PhD)",drop,,,,,,,,
7303998778347882789,lifeattiktok,20250206230440,https://lifeattiktok.com/search/7303998778347882789?spread=G1DWUPV,200,detail,TikTok Shop - Education Program Manager,drop,,,,,,,,
7304363711190403366,lifeattiktok,20250426063259,https://lifeattiktok.com/search/7304363711190403366,200,detail,Head of Integrity & Authenticity Policy - Trust & Safety,include,trust & safety; integrity,,,,,,,
7306126008045668659,lifeattiktok,20241227062725,https://lifeattiktok.com/search/7306126008045668659,200,detail,TikTok Shop - Automation Program Manager,drop,,,,,,,,
7306246341402364170,lifeattiktok,20250206234252,https://lifeattiktok.com/search/7306246341402364170,200,detail,Cyber Security Intern (Global Security Governance and Reporting) - 2024 Summer (BS/MS),include,governance,,,,,,,
7306636211248974130,lifeattiktok,20250514002253,https://lifeattiktok.com/search/7306636211248974130,200,detail,"Content Design Manager, e-commerce",drop,,,,,,,,
7306706361278466354,lifeattiktok,20250428035252,https://lifeattiktok.com/search/7306706361278466354,200,detail,"Frontend Software Engineer - TikTok, Trust & Safety",include,trust & safety,,,,,,,
7306723143287769382,lifeattiktok,20250619084556,https://lifeattiktok.com/search/7306723143287769382,200,detail,AI Product Operation Manager,drop,,,,,,,,
7306909419206592794,lifeattiktok,20241206081550,https://lifeattiktok.com/search/7306909419206592794,200,detail,Ads Quality Specialist - Arabic,drop,,,,arabic,,,,
7307138029503072539,lifeattiktok,20250324202153,https://lifeattiktok.com/search/7307138029503072539?_rsc=1f7vm,200,js_shell,,unusable,,,,,,,,
7307149189813127462,lifeattiktok,20250324202153,https://lifeattiktok.com/search/7307149189813127462?_rsc=1f7vm,200,js_shell,,unusable,,,,,,,,
7307270833814391077,lifeattiktok,20250908125658,https://lifeattiktok.com/search/7307270833814391077?source=datasciencejobs.com&utm_source=datasciencejobs.com,200,detail,Senior Data Scientist - TikTok Live,drop,,,,,,,,
7307706526591813915,lifeattiktok,20251231105243,https://lifeattiktok.com/search/7307706526591813915,200,detail,Monetization Strategy and Operations Intern (6 months),drop,,,,,,,,"HTTPSConnectionPool(host='web.archive.org', port=443): Max retries exceeded with url: /web/20251231105243id_/https://lif"
7308723072181405962,lifeattiktok,20241208093946,https://lifeattiktok.com/search/7308723072181405962,200,detail,SMB Elevate Account Manager - Polish Speaking (Dublin),drop,,,,polish,Ireland,Dublin,Ireland,
7308811638038612262,lifeattiktok,20260208210129,https://lifeattiktok.com/search/7308811638038612262,200,detail,"Software Engineer, Front End - TikTok Trust and Safety (Canada)",include,trust and safety,,,,Canada,,,
7308841062629329202,lifeattiktok,20250814153204,https://lifeattiktok.com/search/7308841062629329202,200,detail,Mobile Developer Infrastructure Engineer - TikTok Dev Infra,drop,,,,,,,,
7309402910469998875,lifeattiktok,20250730082752,https://lifeattiktok.com/search/7309402910469998875,200,detail,"TikTok Local Services - Creator Operations Manager, Bahasa Indonesia Speaking",drop,,,,bahasa,Indonesia,,,
7309552622402423077,lifeattiktok,20260515021140,https://lifeattiktok.com/search/7309552622402423077?spread=XKM9ZXE&utm_source=vibehackers.io&utm_medium=referral&utm_campaign=vibehackers_apply,200,detail,"Backend Tech Lead, Content E-Commerce",drop,,,,,,,,
7310138770882971931,lifeattiktok,20250206221429,https://lifeattiktok.com/search/7310138770882971931,200,detail,Workforce Manager (Capacity Planner),drop,,,,,,,,
7310396966457116954,lifeattiktok,20250429072830,https://lifeattiktok.com/search/7310396966457116954?_rsc=5m079,200,js_shell,,unusable,,,,,,,,
7310396968789346597,lifeattiktok,20250430081426,https://lifeattiktok.com/search/7310396968789346597,200,detail,"Backend Software Engineer, Recommendation - Data Infrastructure (Storage Systems)",drop,,,,,,,,
7311419118208993586,lifeattiktok,20250520032048,https://lifeattiktok.com/search/7311419118208993586,200,detail,"Network Engineer - London, UK",drop,,,,,United Kingdom,London,United Kingdom,
7311510044636694821,lifeattiktok,20250908061024,https://lifeattiktok.com/search/7311510044636694821,200,detail,"iOS Software Engineer, TikTok Photo and Text",drop,,,,,,,,
7311511449188649266,lifeattiktok,20250908074716,https://lifeattiktok.com/search/7311511449188649266,200,detail,"Senior iOS Software Engineer, TikTok Photo and Text",drop,,,,,,,,
7311524918126332210,lifeattiktok,20250908041731,https://lifeattiktok.com/search/7311524918126332210,200,detail,"Android Software Engineer, TikTok Photo and Text",drop,,,,,,,,
7311546913063749914,lifeattiktok,20251016002805,https://lifeattiktok.com/search/7311546913063749914,200,detail,Machine Learning Engineer - TikTok BRIC - Singapore,drop,,,,,Singapore,Singapore,Singapore,
7312965853861972233,lifeattiktok,20260713184003,https://lifeattiktok.com/search/7312965853861972233?utm_source=theFreshDev,200,detail,Graduate: Software Engineer - Tiktok Effects 2024 Start (BS/MS),drop,,,,,,,,
7314089709860849971,lifeattiktok,20260208191900,https://lifeattiktok.com/search/7314089709860849971,200,detail,"Senior Product Manager, TikTok Data Product",drop,,,,,,,,
7314680309096778011,lifeattiktok,20241211054554,https://lifeattiktok.com/search/7314680309096778011?spread=5MWH5CQ,200,detail,"Android Software Engineer, Global E-commerce (Customer Business)",drop,,,,,,,,
7314807789569476873,lifeattiktok,20241206070308,https://lifeattiktok.com/search/7314807789569476873?external_referral_code=5RJ6816,200,detail,Student Researcher - Doubao (Seed) - LLM Post-training - 2024 Start (PhD),drop,,,,,,,,
7314856441091885350,lifeattiktok,20250518010521,https://lifeattiktok.com/search/7314856441091885350,200,detail,"APAC Product Marketing Manager(SMB Growth), TikTok - Japan",drop,,,,,Japan; APAC,,,
7314915122707155210,lifeattiktok,20250118063617,https://lifeattiktok.com/search/7314915122707155210?spread=5MWH5CQ,200,detail,Data Scientist - Machine Learning,drop,,,,,,,,
7315061711693400357,lifeattiktok,20250929013245,https://lifeattiktok.com/search/7315061711693400357,200,detail,Client Solutions Manager - Food & Nutrition - Hamburg,drop,,,,,,,,"HTTPSConnectionPool(host='web.archive.org', port=443): Max retries exceeded with url: /web/20250929013245id_/https://lif"
7315507003773110554,lifeattiktok,20250801012142,https://lifeattiktok.com/search/7315507003773110554,200,detail,"Backend Software Engineer, Recommendations - USDS",drop,,,,,,,,
7317164649063909670,lifeattiktok,20251111051620,https://lifeattiktok.com/search/7317164649063909670?spread=XKM9ZXE,200,detail,TikTok LIVE - Content Quality Assurance Specialist (Arabic Speaking),include,content quality,,,arabic,,,,
7317169383457360138,lifeattiktok,20250403014331,https://lifeattiktok.com/search/7317169383457360138,200,detail,TikTok LIVE - Content Quality Assurance Specialist (Arabic Speaking),include,content quality,,,arabic,,,,
7317542595420506395,lifeattiktok,20250118065906,https://lifeattiktok.com/search/7317542595420506395,200,detail,Enterprise Security Engineer,drop,,,,,,,,
7317543718565759283,lifeattiktok,20250118070916,https://lifeattiktok.com/search/7317543718565759283,200,detail,Senior IT SOC Analyst,drop,,,,,,,,
7317680027418953993,lifeattiktok,20250408073217,https://lifeattiktok.com/search/7317680027418953993,200,detail,Ad Policy Intern - 2024 Start,drop,,,,,,,,
7319939086772865306,lifeattiktok,20241216230518,https://lifeattiktok.com/search/7319939086772865306?_rsc=1l9u2,200,js_shell,,unusable,,,,,,,,
7320071841924565275,lifeattiktok,20251015103414,https://lifeattiktok.com/search/7320071841924565275,200,detail,HR Business Partner - R&D Global E-Commerce - San Jose,drop,,,,,,San Jose,United States,
7320362124219615526,lifeattiktok,20250912212724,https://lifeattiktok.com/search/7320362124219615526?utm_campaign=github-essential-software-design-patterns&utm_medium=referral&utm_source=www.hungryminds.dev,200,detail,"Software Engineer, Frontend Infrastructure",drop,,,,,,,,
7320700065264634121,lifeattiktok,20250206230955,https://lifeattiktok.com/search/7320700065264634121,200,detail,"Privacy Counsel, Monetization",drop,,,,,,,,
7321533069491505434,lifeattiktok,20250908214514,https://lifeattiktok.com/search/7321533069491505434,200,detail,Backend Engineer - TikTok Shop (Algorithm Architecture),drop,,,,,,,,
7321687555140913434,lifeattiktok,20260520034228,https://lifeattiktok.com/search/7321687555140913434?spread=5MWH5CQ,200,detail,Music Creator Marketing Manager,drop,,,,,,,,
7321895068121221426,lifeattiktok,20250821142009,https://lifeattiktok.com/search/7321895068121221426,200,detail,"Senior Software Engineer, Ads Interface and Platform- Shop Ads",drop,,,,,,,,
7321901677551667507,lifeattiktok,20250828114441,https://lifeattiktok.com/search/7321901677551667507,200,detail,Evaluation Search Operations Quality Assurance,drop,,,,,,,,
7322137441800325414,lifeattiktok,20250801021354,https://lifeattiktok.com/search/7322137441800325414,200,detail,"Software Engineer, Applied Machine Learning - USDS",drop,,,,,,,,
7322316654670006578,lifeattiktok,20250701161427,https://lifeattiktok.com/search/7322316654670006578?spread=XKM9ZXE,200,detail,Organizational Culture Consultant - San Jose,drop,,,,,,San Jose,United States,
7322385434700630298,lifeattiktok,20241206083536,https://lifeattiktok.com/search/7322385434700630298?spread=G1DWUPV,200,detail,SMB New Business Development Manager,drop,,,,,,,,
7322497074464655653,lifeattiktok,20250118065807,https://lifeattiktok.com/search/7322497074464655653,200,detail,Security Operations Expert - Global E-commerce (Governance and Experience),include,governance,,,,,,,
7322630010124405030,lifeattiktok,20260713184003,https://lifeattiktok.com/search/7322630010124405030?utm_source=theFreshDev,200,detail,Software Engineer Graduate (Camera Effects),drop,,,,,,,,
7322933464763812147,lifeattiktok,20260208191550,https://lifeattiktok.com/search/7322933464763812147,200,detail,"Platform Product Manager, Customer Service Platform (Trust and Safety)",include,trust and safety,,,,,,,"HTTPSConnectionPool(host='web.archive.org', port=443): Max retries exceeded with url: /web/20260208191550id_/https://lif"
7322993115722336538,lifeattiktok,20250429072830,https://lifeattiktok.com/search/7322993115722336538?_rsc=5m079,200,js_shell,,unusable,,,,,,,,
7322998235886389513,lifeattiktok,20250429072830,https://lifeattiktok.com/search/7322998235886389513?_rsc=5m079,200,js_shell,,unusable,,,,,,,,
7323021822000744714,lifeattiktok,20250206212428,https://lifeattiktok.com/search/7323021822000744714,200,detail,Network Engineer,drop,,,,,,,,
7324187285975714058,lifeattiktok,20250613140256,https://lifeattiktok.com/search/7324187285975714058,200,detail,Big Data Development Engineer (Tea) - Data Platform,drop,,,,,,,,
7324190123238918410,lifeattiktok,20250624092901,https://lifeattiktok.com/search/7324190123238918410,200,detail,Big Data Engineer (Libra) - Data Platform,drop,,,,,,,,
7324764089078139163,lifeattiktok,20250928153324,https://lifeattiktok.com/search/7324764089078139163,200,detail,Business Development Manager - Enterprise Partnership and Solutions,drop,,,,,,,,
7324770501245962522,lifeattiktok,20250928200807,https://lifeattiktok.com/search/7324770501245962522,200,detail,Platform Partnerships Manager - Enterprise Partnership and Solutions,drop,,,,,,,,
7324982768725805363,lifeattiktok,20251117011257,https://lifeattiktok.com/search/7324982768725805363,200,detail,Advertising Audit Specialist (Japanese Speaking) - Monetization Integrity,include,integrity,,,japanese,,,,
7325325992427686195,lifeattiktok,20250723011507,https://lifeattiktok.com/search/7325325992427686195,200,detail,Tech Expert - Machine Learning Infrastructure,drop,,,,,,,,
7325514771464538394,lifeattiktok,20250427043301,https://lifeattiktok.com/search/7325514771464538394,200,detail,"Data Scientist, EMEA - Trust & Safety",include,trust & safety,,,,EMEA,,,
7325538469371136294,lifeattiktok,20250401214232,https://lifeattiktok.com/search/7325538469371136294,200,detail,"Senior Product Design Manager, Design Foundation",drop,,,,,,,,
7325559906483996978,lifeattiktok,20260415180026,https://lifeattiktok.com/search/7325559906483996978,200,detail,"Backend Software Engineer, Global E-Commerce - Engineering Efficiency",drop,,,,,,,,
7325689849867143474,lifeattiktok,20250801062332,https://lifeattiktok.com/search/7325689849867143474,200,detail,"Software Engineer, TikTok Ads Diagnosis & Optimization",drop,,,,,,,,
7325690541336316187,lifeattiktok,20250801184937,https://lifeattiktok.com/search/7325690541336316187,200,detail,"Senior Software Engineer, TikTok Ads Diagnosis & Optimization",drop,,,,,,,,
7325691679151245595,lifeattiktok,20250801131104,https://lifeattiktok.com/search/7325691679151245595,200,detail,"Research Engineer (LLM/ML/RL) - TikTok Ads Core ML, Ranking",drop,,,,,,,,
7325800502871361830,lifeattiktok,20250516041222,https://lifeattiktok.com/search/7325800502871361830,200,detail,Emergency Response Team Specialist (Bilingual Japanese) - Trust and Safety - Bay Area,include,trust and safety,,,japanese,,,,
7325909398731049253,lifeattiktok,20250206223808,https://lifeattiktok.com/search/7325909398731049253?source=jobs.datamasked.com,200,detail,"Senior Data Scientist, Analytics",drop,,,,,,,,
7325910233010882842,lifeattiktok,20250324202154,https://lifeattiktok.com/search/7325910233010882842?_rsc=1f7vm,200,js_shell,,unusable,,,,,,,,
7326989497097636146,lifeattiktok,20250731204348,https://lifeattiktok.com/search/7326989497097636146,200,detail,"Machine Learning Engineer, Account Integrity",include,integrity,,,,,,,
7327254216514291978,lifeattiktok,20250503103451,https://lifeattiktok.com/search/7327254216514291978,200,detail,Government Relations and Public Policy Manager (Francophone Africa),include,policy manager; public policy,,,,Africa,,,"HTTPSConnectionPool(host='web.archive.org', port=443): Max retries exceeded with url: /web/20250503103451id_/https://lif"
7327397970796742950,lifeattiktok,20241216230521,https://lifeattiktok.com/search/7327397970796742950?_rsc=1jxw5,200,js_shell,,unusable,,,,,,,,
7327450215919962394,lifeattiktok,20250408202742,https://lifeattiktok.com/search/7327450215919962394,200,detail,TikTok Shop - US Operations- Senior Data Analyst,drop,,,,,,,,
7327490885322770698,lifeattiktok,20260208200903,https://lifeattiktok.com/search/7327490885322770698,200,detail,"Software Development Engineer in Test - Trust and Safety, TikTok (Canada)",include,trust and safety,,,,Canada,,,
7327492838819072306,lifeattiktok,20241126022334,https://lifeattiktok.com/search/7327492838819072306,200,detail,"Senior Research Scientist, Multimodal Machine Learning - Trust and Safety",include,trust and safety,,,,,,,
7327550927195277594,lifeattiktok,20250908201218,https://lifeattiktok.com/search/7327550927195277594,200,detail,"Research Scientist, Responsible AI",drop,,,,,,,,
7327665336449370395,lifeattiktok,20250426214957,https://lifeattiktok.com/search/7327665336449370395,200,detail,"Product Manager, Trust & Safety",include,trust & safety,,,,,,,
7327802017895811366,lifeattiktok,20241119033951,https://lifeattiktok.com/search/7327802017895811366?_rsc=8x1y1,200,js_shell,,unusable,,,,,,,,
7327877787241941258,lifeattiktok,20241124215404,https://lifeattiktok.com/search/7327877787241941258,200,detail,TikTok Commerce-Language Manager-Italian,drop,,,,italian,,,,
7328114079499012379,lifeattiktok,20250401214235,https://lifeattiktok.com/search/7328114079499012379,200,detail,"Frontend Software Engineer - PGC, User & Creator Product (UCP)",drop,,,,,,,,
7328118056102070579,lifeattiktok,20250124231522,https://lifeattiktok.com/search/7328118056102070579?ref=datasciencejobs.com&source=datasciencejobs.com&utm_source=datasciencejobs.com,200,detail,Data Science Leader- TikTok Live,drop,,,,,,,,
7328214644127222054,lifeattiktok,20260114204159,https://lifeattiktok.com/search/7328214644127222054?spread=DataAnalyst.com,200,detail,TikTok Shop - Data Analyst,drop,,,,,,,,
7329362682149931301,lifeattiktok,20250724213710,https://lifeattiktok.com/search/7329362682149931301,200,detail,"Privacy Technical Program Manager, Strategic Transformations and Remediations - TikTok Singapore",drop,,,,,Singapore,Singapore,Singapore,
7329392796274592009,lifeattiktok,20250505161331,https://lifeattiktok.com/search/7329392796274592009,200,detail,Converged Risk Intelligence Analyst,drop,,,,,,,,
7329769033153906954,lifeattiktok,20250206224140,https://lifeattiktok.com/search/7329769033153906954?spread=G1DWUPV,200,detail,TikTok Local Services - Creator & Content Governance,include,governance,,,,,,,
7329812111635679526,lifeattiktok,20250520040543,https://lifeattiktok.com/search/7329812111635679526?utm_source=Trust+and+Safety+Jobs,200,detail,"Graduate Backend Software Engineer, Trust and Safety Engineering - 2025 Start (Australia)",include,trust and safety,,,,Australia,,,
7329935936496634121,lifeattiktok,20250510121606,https://lifeattiktok.com/search/7329935936496634121,200,detail,Privacy Counsel,drop,,,,,,,,
7330104552680835354,lifeattiktok,20250828162535,https://lifeattiktok.com/search/7330104552680835354,200,detail,TikTok Shop - Data Scientist - Governance and Experience,include,governance,,,,,,,
7330331893139261722,lifeattiktok,20251015104404,https://lifeattiktok.com/search/7330331893139261722?spread=5MWH5CQ,200,detail,"TikTok Shop - Language Manager, Spanish (LATAM)",drop,,,,spanish,LATAM,,,
7330411821310183718,lifeattiktok,20250709141952,https://lifeattiktok.com/search/7330411821310183718,200,detail,"Engineering Manager, Content E-Commerce",drop,,,,,,,,
7330853665051396362,lifeattiktok,20250829172249,https://lifeattiktok.com/search/7330853665051396362,200,detail,TikTok Shop - Corporate Social Responsibility (CSR) Project Operation Manager - Vietnam,drop,,,,,Vietnam,,,"HTTPSConnectionPool(host='web.archive.org', port=443): Max retries exceeded with url: /web/20250829172249id_/https://lif"
7332417543137118473,lifeattiktok,20250125001125,https://lifeattiktok.com/search/7332417543137118473,200,detail,Backend Engineer Intern (Trust & Safety Platform) - 2024 Nov/Dec Start,include,trust & safety,,,,,,,
7333350929384900901,lifeattiktok,20241208095312,https://lifeattiktok.com/search/7333350929384900901,200,detail,Senior Privacy Counsel - USDS,drop,,,,,,,,
7333350931864340746,lifeattiktok,20250427022206,https://lifeattiktok.com/search/7333350931864340746?spread=5MWH5CQ,200,detail,Senior Privacy Counsel - USDS,drop,,,,,,,,
7334782359349135625,lifeattiktok,20250613193215,https://lifeattiktok.com/search/7334782359349135625?source=datasciencejobs.com&utm_source=datasciencejobs.com,200,detail,Security Analytics Data Scientist,drop,,,,,,,,
7335073193399716133,lifeattiktok,20250429041750,https://lifeattiktok.com/search/7335073193399716133,200,detail,Political and Regulatory Risk Manager,drop,,,,,,,,
7335135620324739366,lifeattiktok,20260124060022,https://lifeattiktok.com/search/7335135620324739366?spread=5MWH5CQ&utm_medium=jobboard&utm_source=tspa.org,200,detail,Head of Trust & Safety Operations Quality AMS,include,trust & safety; safety operations,,,,,,,
7335707696770238729,lifeattiktok,20250828172342,https://lifeattiktok.com/search/7335707696770238729,200,detail,TikTok Shop - Incubation Team Lead (E-commerce) - Thailand,drop,,,,,Thailand,,,
7335866877182708019,lifeattiktok,20250715224048,https://lifeattiktok.com/search/7335866877182708019,200,detail,TikTok Shop - SMB Seller Growth Program Specialist (E-commerce) - Thailand,drop,,,,,Thailand,,,
7335992155330398501,lifeattiktok,20250413221103,https://lifeattiktok.com/search/7335992155330398501?spread=5MWH5CQ%0A,200,detail,Client Solutions Planner - Andean,drop,,,,,,,,
7336318557519546674,lifeattiktok,20260206060551,https://lifeattiktok.com/search/7336318557519546674?spread=5MWH5CQ,200,detail,Senior Employment Litigation Counsel,drop,,,,,,,,
7337369895267764531,lifeattiktok,20260319230645,https://lifeattiktok.com/search/7337369895267764531?spread=5MWH5CQ,200,detail,Senior TikTok Product Manager - Direct Messaging,drop,,,,,,,,
7337814253804538150,lifeattiktok,20241216230628,https://lifeattiktok.com/search/7337814253804538150?_rsc=tti98,200,js_shell,,unusable,,,,,,,,
7337820953941248294,lifeattiktok,20250124101200,https://lifeattiktok.com/search/7337820953941248294?spread=5MWH5CQ,200,detail,"Data Scientist, Product Analytics (Early Career) - USDS",drop,,,,,,,,
7338034939101825307,lifeattiktok,20250613194657,https://lifeattiktok.com/search/7338034939101825307,200,detail,TikTok LIVE Revenue Campaigns Ops Manager -Dubai,drop,,,,,MENA,Dubai,United Arab Emirates,
7338043894409972019,lifeattiktok,20250613201018,https://lifeattiktok.com/search/7338043894409972019,200,detail,"Measurement Partner, Dubai",drop,,,,,MENA,Dubai,United Arab Emirates,
7338413773763496218,lifeattiktok,20250828232237,https://lifeattiktok.com/search/7338413773763496218,200,detail,TikTok LIVE Revenue Campaign Ops Manager - Turkey,drop,,,,,Turkey,,,
7338597348454713610,lifeattiktok,20250427041834,https://lifeattiktok.com/search/7338597348454713610?spread=5MWH5CQ,200,detail,Regulatory Partnerships Engagement Manager - TikTok Shop,drop,,,,,,,,
7338929380327180553,lifeattiktok,20241119033950,https://lifeattiktok.com/search/7338929380327180553?_rsc=8x1y1,200,js_shell,,unusable,,,,,,,,
7338936411456096549,lifeattiktok,20250516040308,https://lifeattiktok.com/search/7338936411456096549?spread=5MWH5CQ,200,detail,"Public Policy Manager, State",include,policy manager; public policy,,,,,,,
7340377684365674790,lifeattiktok,20241127010932,https://lifeattiktok.com/search/7340377684365674790,200,detail,Senior UX Researcher - USDS,drop,,,,,,,,"HTTPSConnectionPool(host='web.archive.org', port=443): Max retries exceeded with url: /web/20241127010932id_/https://lif"
7340863662997440794,lifeattiktok,20260421232910,https://lifeattiktok.com/search/7340863662997440794?utm_source=Getro.org+job+board&utm_medium=getro.com&gh_src=Getro.org+job+board,200,detail,"Tech Lead Software Engineer - AIGC Platform, TikTok Monetization GenAI - New York",drop,,,,,,New York,United States,
7341108939449731379,lifeattiktok,20250829163613,https://lifeattiktok.com/search/7341108939449731379,200,detail,"Tech Lead Software Engineer, Ads ML Infrastructure",drop,,,,,,,,
7341339115126475059,lifeattiktok,20250407162103,https://lifeattiktok.com/search/7341339115126475059,200,detail,TikTok LIVE - Content Quality Assurance Specialist (Italian Speaking),include,content quality,,,italian,,,,
7341339548214282533,lifeattiktok,20250401163551,https://lifeattiktok.com/search/7341339548214282533?_rsc=17mgk,200,js_shell,,unusable,,,,,,,,
7341346016098748722,lifeattiktok,20250814061357,https://lifeattiktok.com/search/7341346016098748722,200,detail,TikTok Shop - Fashion Category Lead,drop,,,,,,,,
7341347869939992858,lifeattiktok,20250813232315,https://lifeattiktok.com/search/7341347869939992858,200,detail,TikTok Commerce - Durables Category Account Manager,drop,,,,,,,,
7342847240066025754,lifeattiktok,20250829205908,https://lifeattiktok.com/search/7342847240066025754,200,detail,Backend Engineer - TikTok Recommendation Developer Infrastructure,drop,,,,,,,,
7342923703820667174,lifeattiktok,20250427184303,https://lifeattiktok.com/search/7342923703820667174,200,detail,"Public Policy Manager, Sweden",include,policy manager; public policy,,,,,,,
7343275723128817947,lifeattiktok,20241208093807,https://lifeattiktok.com/search/7343275723128817947,200,detail,SMB Account Manager - Vietnam,drop,,,,,Vietnam,,,
7343779888137029915,lifeattiktok,20250908184539,https://lifeattiktok.com/search/7343779888137029915,200,detail,"Machine Learning Engineer, TikTok Core Feed Recommendation",drop,,,,,,,,
7343812950622587187,lifeattiktok,20241206082134,https://lifeattiktok.com/search/7343812950622587187?external_referral_code=5RJ6816,200,detail,"Student Researcher in Foundation Models (Reasoning, Planning & Agent) - Doubao (Seed) - 2024 Start (PhD)",drop,,,,,,,,
7343838310093850889,lifeattiktok,20241206070720,https://lifeattiktok.com/search/7343838310093850889,200,detail,"Lead Threat Researcher, Influence Operations",drop,,,,,,,,
7344147532237310234,lifeattiktok,20241206084716,https://lifeattiktok.com/search/7344147532237310234?external_referral_code=5RJ6816,200,detail,"Student Researcher (Doubao (Seed) - Foundation Model, Speech & Audio) - 2024 Start (PhD)",drop,,,,,,,,
7344167748434692378,lifeattiktok,20241206072423,https://lifeattiktok.com/search/7344167748434692378?external_referral_code=5RJ6816,200,detail,"Student Researcher - Doubao (Seed) - Foundation Model, Vision and Language - 2024 Start (PhD)",drop,,,,,,,,
7344176572839020837,lifeattiktok,20241206075501,https://lifeattiktok.com/search/7344176572839020837?external_referral_code=5RJ6816,200,detail,"Researcher Scientist Intern - Doubao (Seed) - Foundation Model, Vision and Language - 2024 Summer (PhD)",drop,,,,,,,,
7345306783507925274,lifeattiktok,20250427042523,https://lifeattiktok.com/search/7345306783507925274?source=jobs.datamasked.com,200,detail,TikTok Shop - Data Scientist - User Product,drop,,,,,,,,
7345437012902234419,lifeattiktok,20250722223248,https://lifeattiktok.com/search/7345437012902234419?gh_src=MIT+Sloan+Career+Development+Office+job+board,200,detail,HR Business Partner - Trust & Safety - London (6month FTC),include,trust & safety,,,,,London,United Kingdom,
7345480463622686986,lifeattiktok,20250613191944,https://lifeattiktok.com/search/7345480463622686986,200,detail,Client Solutions Manager - East Europe,drop,,,,,Europe,,,
7345594088139622666,lifeattiktok,20241216230521,https://lifeattiktok.com/search/7345594088139622666?_rsc=1jxw5,200,js_shell,,unusable,,,,,,,,
7346049496113580315,lifeattiktok,20250206221443,https://lifeattiktok.com/search/7346049496113580315?source=jobs.datamasked.com,200,detail,"Data Scientist, Product Analytics - Trust & Safety",include,trust & safety,,,,,,,"HTTPSConnectionPool(host='web.archive.org', port=443): Max retries exceeded with url: /web/20250206221443id_/https://lif"
7346313631669438730,lifeattiktok,20250520030120,https://lifeattiktok.com/search/7346313631669438730?utm_source=Trust+and+Safety+Jobs,200,detail,"Machine Learning Engineer, TikTok Trust and Safety",include,trust and safety,,,,,,,
7346319256134633766,lifeattiktok,20251209114103,https://lifeattiktok.com/search/7346319256134633766?utm_source=Getro.org+job+board&utm_medium=getro.com&gh_src=Getro.org+job+board,200,detail,"Senior Machine Learning Engineer, TikTok Trust and Safety",include,trust and safety,,,,,,,
7346771602220583218,lifeattiktok,20250426082825,https://lifeattiktok.com/search/7346771602220583218,200,detail,"Public Policy Manager, Federal Government Affairs",include,policy manager; public policy,,,,,,,"HTTPSConnectionPool(host='web.archive.org', port=443): Max retries exceeded with url: /web/20250426082825id_/https://lif"
7347528448065358106,lifeattiktok,20250401163552,https://lifeattiktok.com/search/7347528448065358106?_rsc=17mgk,200,js_shell,,unusable,,,,,,,,
7347543610411469065,lifeattiktok,20250401164455,https://lifeattiktok.com/search/7347543610411469065,200,detail,Content Moderator (Feature) - VN,include,content moderat*; moderat*,,,,Vietnam,,,
7348516823640606986,lifeattiktok,20250315083250,https://lifeattiktok.com/search/7348516823640606986?spread=5MWH5CQ,200,detail,"TikTok Shop - Risk Management Lead, eCommerce",drop,,,,,,,,
7348922627627600178,lifeattiktok,20250725174834,https://lifeattiktok.com/search/7348922627627600178,200,detail,"Lead Product Manager, Inventory Management & Prediction - TikTok Shop - Seattle",drop,,,,,,Seattle,United States,
7349107298172455218,lifeattiktok,20250907210056,https://lifeattiktok.com/search/7349107298172455218,200,detail,Data Scientist (LLM&Unsupervised Learning) - Applied AI,drop,,,,,,,,
7349198359003072778,lifeattiktok,20250613193826,https://lifeattiktok.com/search/7349198359003072778,200,detail,Client Solutions Manager Retail & Ecom - Global Business Solutions,drop,,,,,,,,
7350147976868612362,lifeattiktok,20250808115243,https://lifeattiktok.com/search/7350147976868612362,200,detail,"TikTok Shop - Manager, Social Initiatives",drop,,,,,,,,
7350423354392299814,lifeattiktok,20250509202322,https://lifeattiktok.com/search/7350423354392299814,200,detail,Senior Trust & Safety and Product Review Legal Counsel - USDS,include,trust & safety,,,,,,,
7350920723010111781,lifeattiktok,20260708133243,https://lifeattiktok.com/search/7350920723010111781,200,detail,TikTok LIVE - Global Customer Service Lead,drop,,,,,,,,
7351114805267581210,lifeattiktok,20250206221819,https://lifeattiktok.com/search/7351114805267581210,200,detail,US Social Impact Manager,drop,,,,,,,,
7351212650838116635,lifeattiktok,20241208102101,https://lifeattiktok.com/search/7351212650838116635,200,detail,Community Growth Manager,drop,,,,,,,,
7351304809767815462,lifeattiktok,20250724165351,https://lifeattiktok.com/search/7351304809767815462,200,detail,Content Operations Lead - Saudi Arabia,drop,,,,,MENA,,,
7351347814506842406,lifeattiktok,20250722001112,https://lifeattiktok.com/search/7351347814506842406,200,detail,"TikTok Shop - FMCG Account Manager Lead, Key Accounts",drop,,,,,,,,
7352826248441727241,lifeattiktok,20250315081138,https://lifeattiktok.com/search/7352826248441727241,200,detail,"Content Moderator, Short Video - Korea",include,content moderat*; moderat*,,,,Korea,,,
7353095764347128074,lifeattiktok,20250520024921,https://lifeattiktok.com/search/7353095764347128074,200,detail,Data Scientist - Applied AI,drop,,,,,,,,
7353251339215145243,lifeattiktok,20260414150547,https://lifeattiktok.com/search/7353251339215145243,200,detail,Software Engineer- Live Streaming Backend (Distributed Systems),drop,,,,,,,,
7353507839258134793,lifeattiktok,20250118072146,https://lifeattiktok.com/search/7353507839258134793?spread=5MWH5CQ,200,detail,Data Scientist - Applied AI,drop,,,,,,,,"HTTPSConnectionPool(host='web.archive.org', port=443): Max retries exceeded with url: /web/20250118072146id_/https://lif"
7353730027286219046,lifeattiktok,20241206081905,https://lifeattiktok.com/search/7353730027286219046?external_referral_code=5RJ6816,200,detail,"Research Scientist- Foundation Model, Video Generation",drop,,,,,,,,
7354141495338174758,lifeattiktok,20260124051723,https://lifeattiktok.com/search/7354141495338174758?spread=5MWH5CQ,200,detail,Wellbeing Operations Manager Americas- Trust and Safety,include,trust and safety,,,,,,,
7354471828692683035,lifeattiktok,20260206060554,https://lifeattiktok.com/search/7354471828692683035,200,detail,TikTok Shop - Special Project Lead (Live) - UK,drop,,,,,United Kingdom,,,
7355652314075498761,lifeattiktok,20250613195152,https://lifeattiktok.com/search/7355652314075498761?spread=5MWH5CQ,200,detail,"Manager, Social Impact- TikTok Shop- Los Angeles",drop,,,,,,Los Angeles,United States,
7355653321217231131,lifeattiktok,20250206220616,https://lifeattiktok.com/search/7355653321217231131?utm_campaign=jobs-internships-fellowships-and-more&utm_medium=referral&utm_source=greenjobs.beehiiv.com,200,detail,"Manager, Social Impact",drop,,,,,,,,
7355932656502262054,lifeattiktok,20241127234751,https://lifeattiktok.com/search/7355932656502262054,200,detail,AI Security Research Scientist Intern (Security Flow) - 2025 Spring/Summer (PhD),drop,,,,,,,,
7355937818873022770,lifeattiktok,20260206060548,https://lifeattiktok.com/search/7355937818873022770,200,detail,"Product Policy Manager, AI Applications - Trust and Safety - Bay Area",include,trust and safety; policy manager,,,,,,,
7355994454363654437,lifeattiktok,20251003234216,https://lifeattiktok.com/search/7355994454363654437,200,detail,Privacy Program Manager - Commitments,drop,,,,,,,,
7356166704290728229,lifeattiktok,20250404115732,https://lifeattiktok.com/search/7356166704290728229,200,detail,TikTok LIVE - Content Quality Assurance Specialist (Romanian Speaking),include,content quality,,,romanian,,,,
7356299238987712819,lifeattiktok,20260417085802,https://lifeattiktok.com/search/7356299238987712819,200,detail,Front End Software Engineer Intern - Data-TnS - 2024 Off Cycle (BS/MS),drop,,,,,,,,
7356380988878080266,lifeattiktok,20250908075703,https://lifeattiktok.com/search/7356380988878080266,200,detail,TikTok Shop - Data Scientist - User Growth,drop,,,,,,,,
7356431415271065882,lifeattiktok,20260124044450,https://lifeattiktok.com/search/7356431415271065882?spread=5MWH5CQ,200,detail,Incident Management Program Lead - USDS,drop,,,,,,,,
7356562509614139658,lifeattiktok,20250427043607,https://lifeattiktok.com/search/7356562509614139658?spread=G1DWUPV,200,detail,Italy Country Manager - TikTok LIVE - Milan,drop,,,,,Italy,Milan,Italy,
7356654035753617691,lifeattiktok,20241206064909,https://lifeattiktok.com/search/7356654035753617691?external_referral_code=5RJ6816,200,detail,Research Scientist Graduate (Foundation Model Video Generation) - 2024 Start (PhD),drop,,,,,,,,
7356822376024230195,lifeattiktok,20250724123523,https://lifeattiktok.com/search/7356822376024230195,200,detail,"Software Engineer (ElasticSearch / OpenSearch), Cloud Infrastructure",drop,,,,,,,,
7357077513849587977,lifeattiktok,20250426143834,https://lifeattiktok.com/search/7357077513849587977,200,detail,"Public Policy Coordinator, Election Integrity and GPPPA - LATAM",include,public policy; integrity; election integrity,,,,LATAM,,,
7357078388533676314,lifeattiktok,20250427022206,https://lifeattiktok.com/search/7357078388533676314,200,detail,"Public Policy Coordinator, Election Integrity and GPPPA - LATAM",include,public policy; integrity; election integrity,,,,LATAM,,,
7358692856267016458,lifeattiktok,20250427022206,https://lifeattiktok.com/search/7358692856267016458,200,detail,"Public Policy Manager, AI Lead",include,policy manager; public policy,,,,,,,
7358765180195227930,lifeattiktok,20250813184702,https://lifeattiktok.com/search/7358765180195227930,200,detail,Event Manager - TikTok LIVE - Japan,drop,,,,,Japan,,,
7358840190423796018,lifeattiktok,20241218141523,https://lifeattiktok.com/search/7358840190423796018?_rsc=q6nnv,200,js_shell,,unusable,,,,,,,,"HTTPSConnectionPool(host='web.archive.org', port=443): Max retries exceeded with url: /web/20241218141523id_/https://lif"
7358893717111753011,lifeattiktok,20260519211139,https://lifeattiktok.com/search/7358893717111753011?utm_source=bandana,200,detail,"(General Hire) Senior Machine Learning Engineer, TikTok Recommendation",drop,,,,,,,,
7359020532333857061,lifeattiktok,20241211055335,https://lifeattiktok.com/search/7359020532333857061?spread=5MWH5CQ,200,detail,Android Engineer - Intelligent Creation,drop,,,,,,,,
7359025450020342042,lifeattiktok,20260410034230,https://lifeattiktok.com/search/7359025450020342042,200,detail,Backend Engineer - TikTok Account,drop,,,,,,,,
7359080401170647323,lifeattiktok,20250908024721,https://lifeattiktok.com/search/7359080401170647323,200,detail,"(General Hire)Tech Lead, Machine Learning Engineer, TikTok Recommendation",drop,,,,,,,,
7359084648250493210,lifeattiktok,20250908045646,https://lifeattiktok.com/search/7359084648250493210,200,detail,"(General Hire) Machine Learning Engineer, TikTok Recommendation",drop,,,,,,,,
7359134606841284890,lifeattiktok,20241119033951,https://lifeattiktok.com/search/7359134606841284890?_rsc=8x1y1,200,js_shell,,unusable,,,,,,,,
7359283352769202458,lifeattiktok,20250813230557,https://lifeattiktok.com/search/7359283352769202458,200,detail,Site Reliability Engineer - Video Platform - USDS (SEA),exclude,,site reliability,,,,,,
7359283836616182067,lifeattiktok,20250814034842,https://lifeattiktok.com/search/7359283836616182067,200,detail,Site Reliability Engineer - Video Platform - USDS,exclude,,site reliability,,,,,,
7359285196736235786,lifeattiktok,20250814045114,https://lifeattiktok.com/search/7359285196736235786,200,detail,Site Reliability Engineer - Video Platform - USDS (LA),exclude,,site reliability,,,,,,
7359324780677581106,lifeattiktok,20250118074122,https://lifeattiktok.com/search/7359324780677581106,200,detail,TikTok Shop Senior UX Designer - Data Product,drop,,,,,,,,
7359365167946647818,lifeattiktok,20250713114554,https://lifeattiktok.com/search/7359365167946647818?utm_source=Getro.org+job+board&utm_medium=getro.com&gh_src=Getro.org+job+board,200,detail,"Machine Learning Engineer, TikTok Core Feed Recommendation",drop,,,,,,,,
7359365516999919899,lifeattiktok,20250908044613,https://lifeattiktok.com/search/7359365516999919899,200,detail,"Machine Learning Engineer, TikTok Social Recommendation",drop,,,,,,,,
7359428289419249947,lifeattiktok,20260506185140,https://lifeattiktok.com/search/7359428289419249947?_rsc=1m3ql,200,js_shell,,unusable,,,,,,,,
7359443592378616114,lifeattiktok,20250731202225,https://lifeattiktok.com/search/7359443592378616114,200,detail,TikTok Shop - Special Project Lead - Thailand,drop,,,,,Thailand,,,
7359619620258466074,lifeattiktok,20250808230135,https://lifeattiktok.com/search/7359619620258466074?spread=5MWH5CQ,200,detail,"Senior Product Designer, Design System",drop,,,,,,,,
7359624340596164873,lifeattiktok,20250409234737,https://lifeattiktok.com/search/7359624340596164873?spread=5MWH5CQ,200,detail,"Data Scientist- TikTok Ads, Privacy",drop,,,,,,,,
7360281195336550683,lifeattiktok,20241216230537,https://lifeattiktok.com/search/7360281195336550683?_rsc=1vvd9,200,js_shell,,unusable,,,,,,,,
7360648383595743515,lifeattiktok,20250520025304,https://lifeattiktok.com/search/7360648383595743515?utm_source=Trust+and+Safety+Jobs,200,detail,"Global Head of Regional Safety & Risk Response, Trust & Safety",include,trust & safety,,,,,,,
7360907590663932170,lifeattiktok,20251016012815,https://lifeattiktok.com/search/7360907590663932170,200,detail,LLM algorithm research scientist （Code AI）,drop,,,,,,,,
7361091829100513573,lifeattiktok,20250829195004,https://lifeattiktok.com/search/7361091829100513573,200,detail,Machine Learning Engineer (AI Search) - TikTok Search,drop,,,,,,,,"HTTPSConnectionPool(host='web.archive.org', port=443): Max retries exceeded with url: /web/20250829195004id_/https://lif"
7361166882449295626,lifeattiktok,20260101070112,https://lifeattiktok.com/search/7361166882449295626,200,detail,"Product Design Manager, GenAI",drop,,,,,,,,
7361215212819171635,lifeattiktok,20250516041814,https://lifeattiktok.com/search/7361215212819171635,200,detail,Music Content Strategy Manager,drop,,,,,,,,
7361217252953213211,lifeattiktok,20250613200028,https://lifeattiktok.com/search/7361217252953213211,200,detail,"Creator Manager, Sports",drop,,,,,,,,
7361347695615265074,lifeattiktok,20250118060657,https://lifeattiktok.com/search/7361347695615265074,200,detail,"Scaled and Platform Abuse, Product/Program Manager",include,abuse,,,,,,,
7361455923548670259,lifeattiktok,20250218123451,https://lifeattiktok.com/search/7361455923548670259,200,detail,"Senior Content Moderation Counsel, Trust & Safety Policy",include,trust & safety; content moderat*; safety policy; moderat*,,,,,,,
7362289347200977161,lifeattiktok,20250118073756,https://lifeattiktok.com/search/7362289347200977161?ref=designsystems.jobs,200,detail,TikTok Shop Senior UX Designer - Design systems,drop,,,,,,,,
7363702858484926758,lifeattiktok,20250124231019,https://lifeattiktok.com/search/7363702858484926758?utm_campaign=202&utm_medium=referral&utm_source=www.bohlive.com,200,detail,"Global Director of Event Production, Global Brand Studio",drop,,,,,,,,
7363706017946208538,lifeattiktok,20250718095354,https://lifeattiktok.com/search/7363706017946208538?utm_campaign=202&utm_medium=referral&utm_source=www.bohlive.com,200,detail,"Event Lead, Global Brand Studio",drop,,,,,,,,
7363712168497858867,lifeattiktok,20250124234611,https://lifeattiktok.com/search/7363712168497858867?utm_campaign=202&utm_medium=referral&utm_source=www.bohlive.com,200,detail,"Event Coordinator, Global Brand Studio",drop,,,,,,,,
7364106036356270374,lifeattiktok,20250516050413,https://lifeattiktok.com/search/7364106036356270374?spread=5MWH5CQ,200,detail,"Product Policy Manager, Health and Science Misinformation - Trust & Safety - San Francisco",include,trust & safety; policy manager; misinformation,,,,,San Francisco,United States,
7364108064876316937,lifeattiktok,20250427042556,https://lifeattiktok.com/search/7364108064876316937?spread=XKM9ZXE,200,detail,"Product Policy Manager, Youth Safety & Wellbeing - San Francisco - Trust & Safety",include,trust & safety; policy manager,,,,,San Francisco,United States,
7364146718924163337,lifeattiktok,20260208193406,https://lifeattiktok.com/search/7364146718924163337?utm_source=chatgpt.com,200,detail,"Data Scientist Graduate (Product Analytics, USDS) - 2025 Start (BS, MS)",drop,,,,,,,,
7364210326952921370,lifeattiktok,20250906081942,https://lifeattiktok.com/search/7364210326952921370,200,detail,"Software Engineer, Recommendations - USDS",drop,,,,,,,,
7364272465797990665,lifeattiktok,20251117003500,https://lifeattiktok.com/search/7364272465797990665,200,detail,Multimodal Algo Researcher - AI Innovation Center (Singapore),drop,,,,,Singapore,Singapore,Singapore,
7364563701690747146,lifeattiktok,20250517154318,https://lifeattiktok.com/search/7364563701690747146,200,detail,Site Reliability Engineer - USDS,exclude,,site reliability,,,,,,
7366266317907822874,lifeattiktok,20241216230537,https://lifeattiktok.com/search/7366266317907822874?_rsc=1vvd9,200,js_shell,,unusable,,,,,,,,
7366327627677190437,lifeattiktok,20241208082045,https://lifeattiktok.com/search/7366327627677190437,200,detail,Data Compliance Senior Analyst - USDS,drop,,,,,,,,
7366367851467720986,lifeattiktok,20250613202432,https://lifeattiktok.com/search/7366367851467720986?spread=5MWH5CQ,200,detail,"Head of Issue & Product, Outreach & Partnerships Management - San Francisco - Trust & Safety",include,trust & safety,,,,,San Francisco,United States,
7366526311793428762,lifeattiktok,20250715224508,https://lifeattiktok.com/search/7366526311793428762,200,detail,TikTok Shop - Creator Campaign Management (Vietnam),drop,,,,,Vietnam,,,
7366691740575467786,lifeattiktok,20241108014644,https://lifeattiktok.com/search/7366691740575467786,200,detail,Product Operation Specialist - Trust and Safety - San Jose,include,trust and safety,,,,,San Jose,United States,"HTTPSConnectionPool(host='web.archive.org', port=443): Max retries exceeded with url: /web/20241108014644id_/https://lif"
7366717862033656090,lifeattiktok,20250401214239,https://lifeattiktok.com/search/7366717862033656090,200,detail,"Lead Product Designer, Monetization",drop,,,,,,,,
7366874932469287218,lifeattiktok,20250808230007,https://lifeattiktok.com/search/7366874932469287218?spread=5MWH5CQ,200,detail,User Support Associate Bilingual - Arabic,drop,,,,arabic,,,,
7367293253706189093,lifeattiktok,20250520042520,https://lifeattiktok.com/search/7367293253706189093?utm_source=Trust+and+Safety+Jobs,200,detail,"Project Specialist, Search and Account Safety Operations - Trust & Safety",include,trust & safety; safety operations,,,,,,,
7367463529165113638,lifeattiktok,20250517154403,https://lifeattiktok.com/search/7367463529165113638,200,detail,"Software Engineer, SRE - Platform Services - USDS",drop,,,,,,,,
7368416032434751754,lifeattiktok,20250907220525,https://lifeattiktok.com/search/7368416032434751754,200,detail,Big Data Engineer - TikTok ShortText Recommendation Architecture,drop,,,,,,,,
7369206319905933618,lifeattiktok,20250520033132,https://lifeattiktok.com/search/7369206319905933618,200,detail,"Big Data Engineer, Data Ingestion",drop,,,,,,,,
7369354150536481034,lifeattiktok,20250427040059,https://lifeattiktok.com/search/7369354150536481034?spread=XKM9ZXE,200,detail,Product Policy Specialist - USDS,include,policy specialist,,,,,,,
7369593954632796467,lifeattiktok,20260208205749,https://lifeattiktok.com/search/7369593954632796467?spread=5MWH5CQ,200,detail,ADSEO Quality Assurance - Arabic,drop,,,,arabic,,,,
7369627466036775194,lifeattiktok,20250327135518,https://lifeattiktok.com/search/7369627466036775194,200,detail,ADSEO Quality Assurance - English,drop,,,,english,,,,
7369628564519749914,lifeattiktok,20250404014135,https://lifeattiktok.com/search/7369628564519749914,200,detail,ADSEO Quality Assurance - Brazilian Portuguese,drop,,,,portuguese; brazilian portuguese,,,,
7369689750552414501,lifeattiktok,20250613193904,https://lifeattiktok.com/search/7369689750552414501,200,detail,Software Engineer Intern (Recommendation Infrastructure) - 2024 Fall (BS/ MS),drop,,,,,,,,
7369734739941624114,lifeattiktok,20241126214150,https://lifeattiktok.com/search/7369734739941624114?spread=5MWH5CQ,200,detail,"Youth Safety Product Manager, Trust & Safety - New York",include,trust & safety,,,,,New York,United States,
7369761717599815974,lifeattiktok,20250206221402,https://lifeattiktok.com/search/7369761717599815974?utm_campaign=jobs-internships-fellowships-and-more&utm_medium=referral&utm_source=greenjobs.beehiiv.com,200,detail,"TikTok Shop - ESG(Environmental, Social, and Governance) Manager",include,governance,,,,,,,
7370971162412747018,lifeattiktok,20241127024506,https://lifeattiktok.com/search/7370971162412747018,200,detail,User Researcher Intern- 2024 start - Singapore,drop,,,,,Singapore,Singapore,Singapore,
7371376350022289691,lifeattiktok,20241217012026,https://lifeattiktok.com/search/7371376350022289691,200,detail,Product Manager - TikTok SEA Shop (Customer Business),drop,,,,,,,,
7371391280206022949,lifeattiktok,20260724033200,https://lifeattiktok.com/search/7371391280206022949?_rsc=1m3ql,200,js_shell,,unusable,,,,,,,,
7371496394429401370,lifeattiktok,20250124221813,https://lifeattiktok.com/search/7371496394429401370?spread=5MWH5CQ,200,detail,TikTok Shop - Automation and Chatbot Operations Lead,drop,,,,,,,,
7372030872251664691,lifeattiktok,20250124222433,https://lifeattiktok.com/search/7372030872251664691,200,detail,Creative Product Marketing & Operations Manager - Thailand,drop,,,,,Thailand,,,
7372303012213803301,lifeattiktok,20250125000546,https://lifeattiktok.com/search/7372303012213803301?gh_src=Getro.org+job+board&utm_medium=getro.com&utm_source=Getro.org+job+board,200,detail,TikTok Shop - Workforce Management Program Manager,drop,,,,,,,,
7373749802755098889,lifeattiktok,20250907171824,https://lifeattiktok.com/search/7373749802755098889,200,detail,Big Data Engineer Intern - 2025 Start,drop,,,,,,,,"HTTPSConnectionPool(host='web.archive.org', port=443): Max retries exceeded with url: /web/20250907171824id_/https://lif"
7373991880805402890,lifeattiktok,20250813234517,https://lifeattiktok.com/search/7373991880805402890,200,detail,Global Revenue Product Lead - TikTok LIVE,drop,,,,,,,,
7374272681556723994,lifeattiktok,20260108163238,https://lifeattiktok.com/search/7374272681556723994,200,detail,"Applied Scientist Graduate (TikTok E-Commerce - Conversational AI), USDS",drop,,,,,,,,
7374471443902581029,lifeattiktok,20241121161705,https://lifeattiktok.com/search/7374471443902581029,200,detail,"Public Policy Manager, Global Institution and Forum Engagement",include,policy manager; public policy,,,,,,,
7374536880061384970,lifeattiktok,20251130194413,https://lifeattiktok.com/search/7374536880061384970?spread=5MWH5CQ,200,detail,Machine Learning Engineer Graduate (E-Commerce Recommendation/Search Alliance)- 2025 Start (MS),drop,,,,,,,,
7374538073428478259,lifeattiktok,20251129160216,https://lifeattiktok.com/search/7374538073428478259?utm_source=Simplify,200,detail,"Machine Learning Engineer, University Graduate (E-Commerce Recommendation/Search Alliance)- 2025 Start (phd)",drop,,,,,,,,
7374695626553395494,lifeattiktok,20250324202153,https://lifeattiktok.com/search/7374695626553395494?_rsc=1f7vm,200,js_shell,,unusable,,,,,,,,
7374787697716234546,lifeattiktok,20250516040358,https://lifeattiktok.com/search/7374787697716234546?spread=128SD3R,200,detail,"Graduate Mobile Engineer, TikTok LIVE Revenue - (Sydney) - 2025 start",drop,,,,,,Sydney,Australia,
7374833086783031579,lifeattiktok,20250613194134,https://lifeattiktok.com/search/7374833086783031579,200,detail,"Partnerships Manager, Turkish speaking - Global Business Solutions - Dubai",drop,,,,turkish,MENA,Dubai,United Arab Emirates,
7374845243353811209,lifeattiktok,20250315081735,https://lifeattiktok.com/search/7374845243353811209,200,detail,"Measurement Partner, North America Agency",drop,,,,,,,,
7374936054024161562,lifeattiktok,20260208194442,https://lifeattiktok.com/search/7374936054024161562?utm_campaign=student-edition-issue-157&utm_medium=referral&utm_source=early-talent.diversifytech.com,200,detail,"iOS Software Engineer, TikTok Music - San Jose",drop,,,,,,San Jose,United States,
7376283579993016586,lifeattiktok,20250413164221,https://lifeattiktok.com/search/7376283579993016586,200,detail,Business Development Manager (Colombia),drop,,,,,,,,
7376405965736200486,lifeattiktok,20250809001628,https://lifeattiktok.com/search/7376405965736200486,200,detail,Product Designer Intern - TikTok Design - 2024 Fall,drop,,,,,,,,
7376414363618150707,lifeattiktok,20250613192116,https://lifeattiktok.com/search/7376414363618150707,200,detail,Product Designer Intern - TikTok Design - 2024 Fall,drop,,,,,,,,
7376463578478872859,lifeattiktok,20250516040608,https://lifeattiktok.com/search/7376463578478872859?gh_src=Getro.org+job+board&utm_medium=getro.com&utm_source=Getro.org+job+board,200,detail,Escalations & Validation Team Manager - USDS,include,escalation*,,,,,,,
7376617553298508059,lifeattiktok,20241123004151,https://lifeattiktok.com/search/7376617553298508059,200,detail,Business Research Analyst- MI - Singapore,drop,,,,,Singapore,Singapore,Singapore,
7376660572571666715,lifeattiktok,20250613185539,https://lifeattiktok.com/search/7376660572571666715,200,detail,HR Business Partner - TikTok Global Legal - Los Angeles,drop,,,,,,Los Angeles,United States,
7376892977551296795,lifeattiktok,20241206080526,https://lifeattiktok.com/search/7376892977551296795?gh_src=Getro.org+job+board&utm_medium=getro.com&utm_source=Getro.org+job+board,200,detail,"Senior Software Engineer - AIGC Platform, TikTok Monetization GenAI - San Jose",drop,,,,,,San Jose,United States,
7377207601521641754,lifeattiktok,20250509113122,https://lifeattiktok.com/search/7377207601521641754,200,detail,"Environmental Designer, Global Brand Studio",drop,,,,,,,,
7377285227129997606,lifeattiktok,20250722122942,https://lifeattiktok.com/search/7377285227129997606,200,detail,TikTok Shop - GTL Logistics - Last Mile & First Mile Supervisor,drop,,,,,,,,
7377456878807697691,lifeattiktok,20260124054452,https://lifeattiktok.com/search/7377456878807697691?utm_campaign=sunday-postcards-we-beepin-and-boopin&utm_medium=referral&utm_source=Linkedin,200,detail,Head of Agency Sales - SMB North America,drop,,,,,,,,"HTTPSConnectionPool(host='web.archive.org', port=443): Max retries exceeded with url: /web/20260124054452id_/https://lif"
7377719537120725299,lifeattiktok,20250613192016,https://lifeattiktok.com/search/7377719537120725299,200,detail,Client Solutions Manager - Apps (Growth) - GBS METAP - Dubai,drop,,,,,MENA,Dubai,United Arab Emirates,
7377783569048242482,lifeattiktok,20241208092432,https://lifeattiktok.com/search/7377783569048242482,200,detail,Marketing Strategy Lead - Global Marketing,drop,,,,,,,,
7377839861048903945,lifeattiktok,20241208094639,https://lifeattiktok.com/search/7377839861048903945,200,detail,Marketing Analytics Lead - Global Marketing,drop,,,,,,,,
7377843844699064585,lifeattiktok,20250613195119,https://lifeattiktok.com/search/7377843844699064585,200,detail,Consumer Brand Lead - Global Marketing,drop,,,,,,,,
7378849606107908403,lifeattiktok,20250613190010,https://lifeattiktok.com/search/7378849606107908403,200,detail,"Employment Counsel/ Senior Employment Counsel (METAP), Dubai",drop,,,,,MENA,Dubai,United Arab Emirates,
7378854643642403110,lifeattiktok,20241208083648,https://lifeattiktok.com/search/7378854643642403110,200,detail,"New Business Development Manager, Small and Medium Business",drop,,,,,,,,
7378938393268750629,lifeattiktok,20250328200947,https://lifeattiktok.com/search/7378938393268750629,200,detail,"Early Career Site Reliability Engineer, Global E-commerce- USDS",exclude,,site reliability,,,,,,
7379074543912159538,lifeattiktok,20250520041012,https://lifeattiktok.com/search/7379074543912159538?utm_source=Trust+and+Safety+Jobs,200,detail,TikTok Shop - Moderation Model Labeling Program Manager,include,moderat*,,,,,,,
7379177557944371506,lifeattiktok,20251224052324,https://lifeattiktok.com/search/7379177557944371506,200,detail,"Software Engineer, Algorithm Engineering - 2025 Start",drop,,,,,,,,
7379564690067966218,lifeattiktok,20250520040335,https://lifeattiktok.com/search/7379564690067966218,200,detail,"Machine Learning Engineer,Dedup (TikTok) - 2025 Start",drop,,,,,,,,
7379675572832487689,lifeattiktok,20250613200802,https://lifeattiktok.com/search/7379675572832487689,200,detail,Music Content Investment Lead - San Jose,drop,,,,,,San Jose,United States,"HTTPSConnectionPool(host='web.archive.org', port=443): Max retries exceeded with url: /web/20250613200802id_/https://lif"
7380123626412083506,lifeattiktok,20241123045426,https://lifeattiktok.com/search/7380123626412083506,200,detail,ML Engineer Graduate (TikTok Core Feed Recommendation- User Growth) - 2025 Start（PhD),drop,,,,,,,,
7380126872065657125,lifeattiktok,20250613132644,https://lifeattiktok.com/search/7380126872065657125?utm_source=Getro.org+job+board&utm_medium=getro.com&gh_src=Getro.org+job+board,200,detail,Research Scientist Graduate (LLM Applications -TikTok Video Recommendation) - 2025 Start (PhD),drop,,,,,,,,
7380327120898640138,lifeattiktok,20250613190125,https://lifeattiktok.com/search/7380327120898640138,200,detail,Monetization Strategy and Operations - Third Party Associate Monetization Strategy and Operations Associate,drop,,,,,,,,
7381431015753140490,lifeattiktok,20241208083057,https://lifeattiktok.com/search/7381431015753140490,200,detail,Creative Design Lead (EU Region) - TikTok LIVE - London,drop,,,,,,London,United Kingdom,
7381607683029338419,lifeattiktok,20250723175714,https://lifeattiktok.com/search/7381607683029338419,200,detail,Senior QA Engineer - Global E-Commerce,drop,,,,,,,,
7381856434650319141,lifeattiktok,20250315081623,https://lifeattiktok.com/search/7381856434650319141,200,detail,Quality Labelling Specialist - (Third Party Contractor) - ModLab - Hungarian Market,include,labelling specialist,,,hungarian,,,,
7381903920673376562,lifeattiktok,20250814004614,https://lifeattiktok.com/search/7381903920673376562,200,detail,"Business Intelligence Analyst, Trust & Safety - USDS",include,trust & safety,,,,,,,
7383039194489047322,lifeattiktok,20250613201606,https://lifeattiktok.com/search/7383039194489047322?spread=5MWH5CQ,200,detail,eDiscovery Counsel,drop,,,,,,,,
7383083191210854707,lifeattiktok,20250725065852,https://lifeattiktok.com/search/7383083191210854707,200,detail,"Brand Partnerships Manager - GBS, Perú",drop,,,,,,,,"HTTPSConnectionPool(host='web.archive.org', port=443): Max retries exceeded with url: /web/20250725065852id_/https://lif"
7384006085517117706,lifeattiktok,20250613195858,https://lifeattiktok.com/search/7384006085517117706,200,detail,"Global Payments Compliance Counsel (METAP), Dubai",drop,,,,,MENA,Dubai,United Arab Emirates,
7384155500982192394,lifeattiktok,20250124232714,https://lifeattiktok.com/search/7384155500982192394?utm_campaign=docmost&utm_medium=referral&utm_source=openpioneers.com,200,detail,Open Source Counsel,drop,,,,,,,,
7384300098035599625,lifeattiktok,20250516035832,https://lifeattiktok.com/search/7384300098035599625?spread=5MWH5CQ&utm_medium=jobboard&utm_source=linkedin,200,detail,Organizational Culture Partner - TikTok & Global Functions - London,drop,,,,,,London,United Kingdom,
7384452838716672294,lifeattiktok,20250315065527,https://lifeattiktok.com/search/7384452838716672294,200,detail,Partnerships Program Manager - SMB Growth,drop,,,,,,,,
7384690567106496777,lifeattiktok,20241208082601,https://lifeattiktok.com/search/7384690567106496777,200,detail,Organizational Culture Partner - TikTok & Global Functions - Singapore,drop,,,,,Singapore,Singapore,Singapore,
7384887560029636914,lifeattiktok,20250427032022,https://lifeattiktok.com/search/7384887560029636914,200,detail,A&R Manager,drop,,,,,,,,
7384975190784018698,lifeattiktok,20250429072830,https://lifeattiktok.com/search/7384975190784018698?_rsc=5m079,200,js_shell,,unusable,,,,,,,,
7385133893626792202,lifeattiktok,20250820205706,https://lifeattiktok.com/search/7385133893626792202,200,detail,Data Scientist - TikTok LIVE,drop,,,,,,,,
7385140462862502171,lifeattiktok,20250818130546,https://lifeattiktok.com/search/7385140462862502171,200,detail,Data Scientist - TikTok LIVE,drop,,,,,,,,
7385557673204402483,lifeattiktok,20260528122825,https://lifeattiktok.com/search/7385557673204402483,200,detail,Backend Software Engineer - Data Management Suite,drop,,,,,,,,
7385589024473385254,lifeattiktok,20241216230518,https://lifeattiktok.com/search/7385589024473385254?_rsc=1l9u2,200,js_shell,,unusable,,,,,,,,"HTTPSConnectionPool(host='web.archive.org', port=443): Max retries exceeded with url: /web/20241216230518id_/https://lif"
7386446346003351817,lifeattiktok,20250919044627,https://lifeattiktok.com/search/7386446346003351817,404,js_shell,Wayback Machine,unusable,,,,,,,,
7386978841765349641,lifeattiktok,20250422162416,https://lifeattiktok.com/search/7386978841765349641,200,detail,Quality Assurance Intern - 2024 Start - Indonesia,drop,,,,,Indonesia,,,
7386993309929474342,lifeattiktok,20241208094856,https://lifeattiktok.com/search/7386993309929474342,200,detail,Policy Training Development Lead EMEA - Trust and Safety,include,trust and safety,,,,EMEA,,,
7387125331633719561,lifeattiktok,20250919040202,https://lifeattiktok.com/search/7387125331633719561,404,js_shell,Wayback Machine,unusable,,,,,,,,
7387346203681818907,lifeattiktok,20250919041348,https://lifeattiktok.com/search/7387346203681818907,404,js_shell,Wayback Machine,unusable,,,,,,,,
7387429545751742757,lifeattiktok,20241208100337,https://lifeattiktok.com/search/7387429545751742757,200,detail,Quality Operations Team Lead - Trust and Safety - London,include,trust and safety,,,,,London,United Kingdom,
7387536440962763018,lifeattiktok,20250429072830,https://lifeattiktok.com/search/7387536440962763018?_rsc=5m079,200,js_shell,,unusable,,,,,,,,
7389072838215747866,lifeattiktok,20241206082418,https://lifeattiktok.com/search/7389072838215747866,200,detail,"TikTok Shop - Account Management, FMCG (Health and Beauty) Intern (Vietnam) - 2024 Start",drop,,,,,Vietnam,,,
7389142779157121306,lifeattiktok,20250118081842,https://lifeattiktok.com/search/7389142779157121306,200,detail,TikTok Shop - Shopping Center Operations and Strategies,drop,,,,,,,,
7389196656468871474,lifeattiktok,20250206234326,https://lifeattiktok.com/search/7389196656468871474?spread=5MWH5CQ,200,detail,"Risk Manager, Trust & Safety",include,trust & safety,,,,,,,
7389741836565006630,lifeattiktok,20241127050049,https://lifeattiktok.com/search/7389741836565006630,200,detail,"Lead UX Researcher, Monetization",drop,,,,,,,,
7389784303494580490,lifeattiktok,20251123134341,https://lifeattiktok.com/search/7389784303494580490,200,detail,"Machine Learning Engineer, University Graduate (E-Commerce Risk Control)- 2025 Start (Phd)",drop,,,,,,,,
7389873473475479817,lifeattiktok,20250815034355,https://lifeattiktok.com/search/7389873473475479817,200,detail,Data Scientist - TikTok Live,drop,,,,,,,,
7389880634460014874,lifeattiktok,20250516053625,https://lifeattiktok.com/search/7389880634460014874,200,detail,TikTok Shop - Agency Partner Intern (Vietnam) - 2024 Start,drop,,,,,Vietnam,,,
7389999511638165798,lifeattiktok,20241206072801,https://lifeattiktok.com/search/7389999511638165798,200,detail,Commercial Counsel - AMS Legal,drop,,,,,,,,
7389999775459920165,lifeattiktok,20250613193018,https://lifeattiktok.com/search/7389999775459920165,200,detail,Commercial Counsel - AMS Legal,drop,,,,,,,,
7390213155593472294,lifeattiktok,20250315084755,https://lifeattiktok.com/search/7390213155593472294,200,detail,TikTok Shop - Creator Operations Intern (Vietnam) - 2024 Start,drop,,,,,Vietnam,,,
7390236638965123337,lifeattiktok,20250206214405,https://lifeattiktok.com/search/7390236638965123337?spread=5MWH5CQ,200,detail,"Product Designer, Global Music Design - San Jose",drop,,,,,,San Jose,United States,
7390389761687537957,lifeattiktok,20250319185322,https://lifeattiktok.com/search/7390389761687537957,200,detail,"TikTok Shop - Celebrity Operations, CBP Shop Operation Manager",drop,,,,,,,,
7390487764133234994,lifeattiktok,20251222223838,https://lifeattiktok.com/search/7390487764133234994,200,detail,Software Engineer Intern (TikTok Business Risk Integrated Control) - 2025 Summer (BS/MS),drop,,,,,,,,"HTTPSConnectionPool(host='web.archive.org', port=443): Max retries exceeded with url: /web/20251222223838id_/https://lif"
7390501770492365094,lifeattiktok,20260124045431,https://lifeattiktok.com/search/7390501770492365094?spread=5MWH5CQ,200,detail,"Program Manager, Core Safety, Real World Harm - Trust & Safety - Washington D.C.",include,trust & safety,,,,,Washington,United States,
7390530196414613811,lifeattiktok,20250320090154,https://lifeattiktok.com/search/7390530196414613811,200,detail,Mobile Software Engineer Intern (TikTok Social - User and Relation) - 2025 Summer (BS/MS),drop,,,,,,,,
7390876814019676425,lifeattiktok,20241206082534,https://lifeattiktok.com/search/7390876814019676425?gh_src=Getro.org+job+board&utm_medium=getro.com&utm_source=Getro.org+job+board,200,detail,"TikTok Shop - Senior Strategy & Analytics Associate, Personal Care",drop,,,,,,,,
7390878544605317426,lifeattiktok,20250415164039,https://lifeattiktok.com/search/7390878544605317426,200,detail,"TikTok Shop - Senior Strategy & Analytics Associate, Personal Care",drop,,,,,,,,
7390894344272382217,lifeattiktok,20250414112107,https://lifeattiktok.com/search/7390894344272382217,200,detail,"TikTok Shop - Senior Strategy & Analytics Associate, Creator & Content",drop,,,,,,,,
7391680976139274506,lifeattiktok,20260114191941,https://lifeattiktok.com/search/7391680976139274506,200,detail,"Data Scientist- TikTok Ads, Ads Interfaces",drop,,,,,,,,
7391692065397475621,lifeattiktok,20241107124034,https://lifeattiktok.com/search/7391692065397475621,200,detail,"Backend Software Engineer, Global E-Commerce (Logistics)",drop,,,,,,,,
7391920167514638643,lifeattiktok,20241121162805,https://lifeattiktok.com/search/7391920167514638643?utm_source=ouckah,200,detail,"Research Scientist Intern, Multimodal (TikTok AI Innovation Center) - 2025 Summer (PhD)",drop,,,,,,,,
7391925048830331174,lifeattiktok,20250801104925,https://lifeattiktok.com/search/7391925048830331174,200,detail,Software Engineer - Model Training Infrastructure - USDS,drop,,,,,,,,
7391925058660305162,lifeattiktok,20250125000233,https://lifeattiktok.com/search/7391925058660305162,200,detail,Android/IOS Software Engineer Intern (Video-On-Demand) - 2025 Summer (BS/MS),drop,,,,,,,,
7391930642331830578,lifeattiktok,20241121162805,https://lifeattiktok.com/search/7391930642331830578?utm_source=ouckah,200,detail,Machine Learning Engineer Intern (TikTok Eng-AI Innovation Center) - 2025 Summer(PhD),drop,,,,,,,,
7391990105194694963,lifeattiktok,20241119033951,https://lifeattiktok.com/search/7391990105194694963?_rsc=8x1y1,200,js_shell,,unusable,,,,,,,,
7391992488888535305,lifeattiktok,20241126175841,https://lifeattiktok.com/search/7391992488888535305,200,detail,"TikTok Shop - Product Manager, US Shopping Center User Growth",drop,,,,,,,,
7392032474328631578,lifeattiktok,20250331190555,https://lifeattiktok.com/search/7392032474328631578/,200,detail,Business Analyst - Global Monetization Product & Tech,drop,,,,,,,,
7392099728617523507,lifeattiktok,20250206231245,https://lifeattiktok.com/search/7392099728617523507,200,detail,Tool Software Engineer Intern (TikTok Effect House) - 2025 Summer (BS/MS),drop,,,,,,,,
7392118583542188298,lifeattiktok,20241216230527,https://lifeattiktok.com/search/7392118583542188298?_rsc=duada,200,js_shell,,unusable,,,,,,,,
7392212040066386202,lifeattiktok,20250414072319,https://lifeattiktok.com/search/7392212040066386202?spread=5MWH5CQ%0A,200,detail,Creators and Partners Ecosystem Manager - Creator Product Operations LATAM,drop,,,,,LATAM,,,
7392475735161702694,lifeattiktok,20241208090136,https://lifeattiktok.com/search/7392475735161702694,200,detail,HR Business Partner - TikTok LIVE - Tokyo,drop,,,,,,Tokyo,Japan,
7392505027803859227,lifeattiktok,20250426112123,https://lifeattiktok.com/search/7392505027803859227,200,detail,"Public Policy Manager, E-Commerce, Thailand",include,policy manager; public policy,,,,Thailand,,,
7392531443219466522,lifeattiktok,20241216230523,https://lifeattiktok.com/search/7392531443219466522?_rsc=duada,200,js_shell,,unusable,,,,,,,,"HTTPSConnectionPool(host='web.archive.org', port=443): Max retries exceeded with url: /web/20241216230523id_/https://lif"
7392656443876510002,lifeattiktok,20250429072628,https://lifeattiktok.com/search/7392656443876510002,200,detail,Software Engineer Intern - TikTok Growth - 2025 Summer (BS/MS),drop,,,,,,,,
7392696519197837619,lifeattiktok,20250808225638,https://lifeattiktok.com/search/7392696519197837619?utm_campaign=iphone-se-might-get-apple-intelligence&utm_medium=referral&utm_source=www.aiplanetx.com,200,detail,"Senior Machine Learning Engineer, TikTok Anti-Automation",drop,,,,,,,,
7392875915472914739,lifeattiktok,20250402235447,https://lifeattiktok.com/search/7392875915472914739,200,detail,Senior Compliance Manager (E-Commerce),drop,,,,,,,,
7392878785526794522,lifeattiktok,20250315081808,https://lifeattiktok.com/search/7392878785526794522,200,detail,TikTok Shop - Affiliate Operation Intern (Vietnam) - 2024 Start,drop,,,,,Vietnam,,,
7392924105895528714,lifeattiktok,20241218141523,https://lifeattiktok.com/search/7392924105895528714?_rsc=q6nnv,200,js_shell,,unusable,,,,,,,,
7393030885023533339,lifeattiktok,20250623185841,https://lifeattiktok.com/search/7393030885023533339,200,detail,Software Engineer Intern (TikTok Music) - 2025 Summer (BS/MS),drop,,,,,,,,
7393038680518445339,lifeattiktok,20250507131445,https://lifeattiktok.com/search/7393038680518445339,200,detail,Recommendation Platform Backend Engineer(ByteRec Recommendation Infrastructure Graduate -TikTok) - 2025 Start (BS/MS),drop,,,,,,,,
7393137974432598282,lifeattiktok,20250613202500,https://lifeattiktok.com/search/7393137974432598282,200,detail,Mobile Software Engineer Intern (TikTok Friend Interaction) - 2025 Summer (BS/MS),drop,,,,,,,,
7393142892641241353,lifeattiktok,20241208093032,https://lifeattiktok.com/search/7393142892641241353,200,detail,Global Client Solutions Manager - Team Amazon - Los Angeles,drop,,,,,,Los Angeles,United States,
7393144213079394569,lifeattiktok,20250613195442,https://lifeattiktok.com/search/7393144213079394569,200,detail,Front-End Software Engineer Intern (TikTok Ecosystem Platform) - 2025 Summer (BS/MS),drop,,,,,,,,
7393231152012609801,lifeattiktok,20250118074750,https://lifeattiktok.com/search/7393231152012609801?spread=5MWH5CQ,200,detail,"Machine Learning Engineer, Global E-commerce (Commercial Platform) - 2025 Start",drop,,,,,,,,
7393389337864046858,lifeattiktok,20241208102601,https://lifeattiktok.com/search/7393389337864046858,200,detail,"Senior Product Designer, Effect House",drop,,,,,,,,
7393391255495444773,lifeattiktok,20241208082808,https://lifeattiktok.com/search/7393391255495444773,200,detail,"Creator Growth Lead - Gaming, TikTok LIVE",drop,,,,,,,,
7394121983276353842,lifeattiktok,20250524021743,https://lifeattiktok.com/search/7394121983276353842?spread=5MWH5CQ,200,detail,"Mobile (iOS/Android) Engineer, Global E-commerce (Customer Business) - Intern - 2025 Start",drop,,,,,,,,
7394282013531293962,lifeattiktok,20251224101141,https://lifeattiktok.com/search/7394282013531293962,200,detail,iOS/Android Engineer Intern - Intelligent Creation - 2025 Start,drop,,,,,,,,"HTTPSConnectionPool(host='web.archive.org', port=443): Max retries exceeded with url: /web/20251224101141id_/https://lif"
7394316025958828325,lifeattiktok,20241121215333,https://lifeattiktok.com/search/7394316025958828325,200,detail,Software Engineer Graduate (TikTok Short Video) - 2025 Start (Bachelors/Master),drop,,,,,,,,
7394350355264227594,lifeattiktok,20241221165203,https://lifeattiktok.com/search/7394350355264227594?spread=5MWH5CQ,200,detail,"Frontend Engineer, Global E-commerce (Governance Service) - 2025 Start",include,governance,,,,,,,
7394369858726758693,lifeattiktok,20250411223129,https://lifeattiktok.com/search/7394369858726758693?_rsc=uxy8g,200,js_shell,,unusable,,,,,,,,
7394667058711513371,lifeattiktok,20250128180314,https://lifeattiktok.com/search/7394667058711513371,200,detail,Product Manager Intern (Search Ads) - 2025 Summer (BS/MS),drop,,,,,,,,
7394718063063763227,lifeattiktok,20251224104347,https://lifeattiktok.com/search/7394718063063763227,200,detail,Algorithm Engineer Graduate (Global Live Operation Intelligence) - 2026 Start (PHD),drop,,,,,,,,"HTTPSConnectionPool(host='web.archive.org', port=443): Max retries exceeded with url: /web/20251224104347id_/https://lif"
7394866658823620891,lifeattiktok,20250424092044,https://lifeattiktok.com/search/7394866658823620891,200,detail,Operations Intern (Trust & Safety - Wellbeing) - 2025 Summer(BS/MS),include,trust & safety,,,,,,,
7394994681858525450,lifeattiktok,20250613195721,https://lifeattiktok.com/search/7394994681858525450,200,detail,"Product Management Lead, Responsible AI",drop,,,,,,,,
7395298980936026419,lifeattiktok,20250206232511,https://lifeattiktok.com/search/7395298980936026419?spread=5MWH5CQ%3Fref%3Ddesignsystems.jobs,200,detail,"Design Systems Designer, Monetization",drop,,,,,,,,
7395343587233515827,lifeattiktok,20260208202420,https://lifeattiktok.com/search/7395343587233515827?utm_source=theFreshDev,200,detail,Machine Learning Engineer Graduate (Search E-Commerce) - 2025 Start (PhD),drop,,,,,,,,
7395404609059146034,lifeattiktok,20251224145820,https://lifeattiktok.com/search/7395404609059146034,200,detail,Platform User Operation Specialist - Trust and Safety - 2025 Start,include,trust and safety,,,,,,,
7395505799466354971,lifeattiktok,20260724033159,https://lifeattiktok.com/search/7395505799466354971?_rsc=1m3ql,200,js_shell,,unusable,,,,,,,,
7395592735165794587,lifeattiktok,20241208081603,https://lifeattiktok.com/search/7395592735165794587,200,detail,"Client Solutions Team Lead, CPG - Global Business Solutions - New York",drop,,,,,,New York,United States,
7395601081776245042,lifeattiktok,20241217153901,https://lifeattiktok.com/search/7395601081776245042,200,detail,"Software Engineer, Tech Lead - Engineering Efficiency and AI Code Assistant",drop,,,,,,,,
7395872743009831219,lifeattiktok,20250124232800,https://lifeattiktok.com/search/7395872743009831219?ref=creativetokyo,200,detail,Community Manager- TikTok LIVE - Japan,drop,,,,,Japan,,,
7396253269317765402,lifeattiktok,20251020065525,https://lifeattiktok.com/search/7396253269317765402?spread=5MWH5CQ&utm_source=levels.fyi,200,detail,Machine Learning Engineer Graduate (TikTok E-Commerce - Conversational AI)-2025 Start (BS/MS),drop,,,,,,,,
7397046731844651291,lifeattiktok,20250206221513,https://lifeattiktok.com/search/7397046731844651291?spread=5MWH5CQ,200,detail,"User Support Associate Bilingual, Arabic",drop,,,,arabic,,,,
7397098717801875749,lifeattiktok,20250817035337,https://lifeattiktok.com/search/7397098717801875749,200,detail,Software Engineer Graduate (Ads Measurement Signal and Privacy Technology) - 2025 Start (BS/MS),drop,,,,,,,,
7397103030128085275,lifeattiktok,20250718105619,https://lifeattiktok.com/search/7397103030128085275,200,detail,Security Program Management Intern (Security Advocacy and Culture) - 2025 Summer (BS/MS),drop,,,,,,,,
7397158652886763814,lifeattiktok,20241124010330,https://lifeattiktok.com/search/7397158652886763814?spread=5MWH5CQ,200,detail,Software Engineer Intern (Data-TnS-Eng-Biz Arch)- 2025 Summer (BS/MS),drop,,,,,,,,
7397227053333383474,lifeattiktok,20250429212956,https://lifeattiktok.com/search/7397227053333383474,200,detail,Android Software Engineer - TikTok Camera Effect,drop,,,,,,,,
7397227311211727154,lifeattiktok,20251008053743,https://lifeattiktok.com/search/7397227311211727154,200,detail,Senior Android Software Engineer - TikTok Camera Effect,drop,,,,,,,,
7397233600759367962,lifeattiktok,20250929001456,https://lifeattiktok.com/search/7397233600759367962,200,detail,Monetization Strategy & Operations Intern (GBS-Monetization Strategy and Operations-LATAM-SMB)- 2025 Start (BS/MS),drop,,,,,LATAM,,,
7397237825634699557,lifeattiktok,20250710214214,https://lifeattiktok.com/search/7397237825634699557?spread=5MWH5CQ,200,detail,Software Engineer Graduate (Experimentation and Evaluation) - 2025 Start (BS/MS),drop,,,,,,,,
7397249993326954789,lifeattiktok,20250817035438,https://lifeattiktok.com/search/7397249993326954789,200,detail,Software Engineer Graduate (Data Arch - Data Ecosystem ) - 2025 Start (BS/MS),drop,,,,,,,,
7397250703767193882,lifeattiktok,20260208202553,https://lifeattiktok.com/search/7397250703767193882?utm_source=theFreshDev,200,detail,Machine Learning Engineer Intern (Search -TikTok.US) - 2025 Summer (BS/MS),drop,,,,,,,,"HTTPSConnectionPool(host='web.archive.org', port=443): Max retries exceeded with url: /web/20260208202553id_/https://lif"
7397251169260194099,lifeattiktok,20241106220630,https://lifeattiktok.com/search/7397251169260194099,200,detail,Software Engineer Intern (search-TikTok.US)- 2025 Summer (BS/MS),drop,,,,,,,,
7397275133989177626,lifeattiktok,20250623185816,https://lifeattiktok.com/search/7397275133989177626,200,detail,Research Intern (Intelligent Creation-Vision and Graphics)- 2025 Summer (PhD),drop,,,,,,,,
7397275971273459977,lifeattiktok,20250623185816,https://lifeattiktok.com/search/7397275971273459977,200,detail,Research Intern (Intelligent Creation-Vision and Graphics) - 2025 Summer (PhD),drop,,,,,,,,
7397397523823085875,lifeattiktok,20250427030612,https://lifeattiktok.com/search/7397397523823085875?spread=VMERBDF,200,detail,Shop|Tokopedia - Graduate Development Program (Indonesia E-commerce) - 2025 Start,drop,,,,,Indonesia,,,
7397424903698385203,lifeattiktok,20250429072710,https://lifeattiktok.com/search/7397424903698385203?_rsc=20eoy,200,js_shell,,unusable,,,,,,,,
7397425461611596082,lifeattiktok,20250429072710,https://lifeattiktok.com/search/7397425461611596082?_rsc=20eoy,200,js_shell,,unusable,,,,,,,,
7397429810932779314,lifeattiktok,20250429072710,https://lifeattiktok.com/search/7397429810932779314?_rsc=20eoy,200,js_shell,,unusable,,,,,,,,
7397453649348479270,lifeattiktok,20260315105303,https://lifeattiktok.com/search/7397453649348479270?spread=5MWH5CQ,200,detail,Machine Learning Engineer Intern (E-commerce Governance Algorithms) - 2025 Summer/Fall (BS/MS),include,governance,,,,,,,
7397453790515923227,lifeattiktok,20250501102747,https://lifeattiktok.com/search/7397453790515923227,200,detail,Machine Learning Engineer Intern (E-commerce Governance Algorithms) - 2025 Summer/Fall (PhD),include,governance,,,,,,,
7397455103747836210,lifeattiktok,20251011183047,https://lifeattiktok.com/search/7397455103747836210,200,detail,Data Scientist Intern (E-commerce Governance Algorithms) - 2025 Summer/Fall (BS/MS),include,governance,,,,,,,
7397455406417463603,lifeattiktok,20251011183048,https://lifeattiktok.com/search/7397455406417463603,200,detail,Data Scientist Intern (E-commerce Governance Algorithms) - 2025 Summer/Fall (PhD),include,governance,,,,,,,
7397455434090694921,lifeattiktok,20250705024207,https://lifeattiktok.com/search/7397455434090694921,200,detail,Data Scientist Intern (E-commerce Governance Algorithms) - 2025 Summer/Fall (BS/MS),include,governance,,,,,,,
7397457236119931146,lifeattiktok,20251011183053,https://lifeattiktok.com/search/7397457236119931146,200,detail,Data Scientist Intern (E-commerce Governance Algorithms) - 2025 Summer/Fall (PhD),include,governance,,,,,,,
7397461556852508966,lifeattiktok,20260315113512,https://lifeattiktok.com/search/7397461556852508966?spread=5MWH5CQ,200,detail,Machine Learning Engineer Intern (E-commerce-Recommendation) - 2025 Summer/Fall (BS/MS),drop,,,,,,,,
7397462166708930867,lifeattiktok,20250429191148,https://lifeattiktok.com/search/7397462166708930867,200,detail,Machine Learning Engineer Intern (E-commerce-Recommendation) - 2025 Summer/Fall (BS/MS),drop,,,,,,,,
7397543716653091109,lifeattiktok,20241121162804,https://lifeattiktok.com/search/7397543716653091109?utm_source=ouckah,200,detail,Video Algorithm Engineer Intern (TikTok Multimedia) - 2025 Summer (PhD),drop,,,,,,,,
7397554494474602803,lifeattiktok,20250320144458,https://lifeattiktok.com/search/7397554494474602803?spread=5MWH5CQ,200,detail,Machine Learning Engineer Graduate (ML Engineer - Data-Search -TikTok.US - San Jose) - 2025 Start (BS/MS),drop,,,,,,San Jose,United States,
7397558722890844466,lifeattiktok,20250912224718,https://lifeattiktok.com/search/7397558722890844466,200,detail,Front-End Software Engineer Intern (TikTok TV) - 2024 Off Cycle/Fall (BS/MS),drop,,,,,,,,
7397560114280892709,lifeattiktok,20250822181249,https://lifeattiktok.com/search/7397560114280892709,200,detail,Senior Software Engineer - Video Experience,drop,,,,,,,,
7397567416693360934,lifeattiktok,20250320083938,https://lifeattiktok.com/search/7397567416693360934,200,detail,Backend Software Engineer Intern (TikTok Content Discovery) - 2025 Summer (BS/MS),drop,,,,,,,,"HTTPSConnectionPool(host='web.archive.org', port=443): Max retries exceeded with url: /web/20250320083938id_/https://lif"
7397571359977310490,lifeattiktok,20250705024207,https://lifeattiktok.com/search/7397571359977310490?_rsc=1vey8,200,js_shell,,unusable,,,,,,,,
7397710134191311131,lifeattiktok,20241216230529,https://lifeattiktok.com/search/7397710134191311131?_rsc=1oipm,200,js_shell,,unusable,,,,,,,,
7397714249676392731,lifeattiktok,20250519094218,https://lifeattiktok.com/search/7397714249676392731?spread=5MWH5CQ,200,detail,Backend Software Engineer - Social- 2025 Start,drop,,,,,,,,
7397763925008566566,lifeattiktok,20250613202734,https://lifeattiktok.com/search/7397763925008566566,200,detail,"TikTok Live Operation Graduate Program, Dubai, 2025",drop,,,,,MENA,Dubai,United Arab Emirates,
7397863318638168346,lifeattiktok,20241208093835,https://lifeattiktok.com/search/7397863318638168346,200,detail,"TikTok LIVE, AMS Creative Design Lead",drop,,,,,,,,
7397894433477822758,lifeattiktok,20250705024102,https://lifeattiktok.com/search/7397894433477822758,200,detail,Machine Learning Engineer Intern (Training Pre-processing) - 2025 Summer (BS/MS),drop,,,,,,,,
7397910481962862886,lifeattiktok,20250427035242,https://lifeattiktok.com/search/7397910481962862886,200,detail,QA Engineer Intern (TikTok Social) - 2025 Summer (BS/MS),drop,,,,,,,,
7397933618406033702,lifeattiktok,20260606101711,https://lifeattiktok.com/search/7397933618406033702,200,detail,Machine Learning Engineer Graduate (Search E-Commerce - San Jose) - 2025 Start (BS/MS),drop,,,,,,San Jose,United States,
7398034297884969267,lifeattiktok,20241217185607,https://lifeattiktok.com/search/7398034297884969267,200,detail,User Operation - TikTok Live - Japan,drop,,,,,Japan,,,
7398045554716100914,lifeattiktok,20250613195017,https://lifeattiktok.com/search/7398045554716100914,200,detail,"TikTok Physical Security Strategy Analyst, Graduate Program, Dubai, 2025",drop,,,,,MENA,Dubai,United Arab Emirates,
7398047655874054426,lifeattiktok,20241211222930,https://lifeattiktok.com/search/7398047655874054426,200,detail,Site Reliability Engineer Intern - Cloud Infrastructure - 2025 Start,exclude,,site reliability,,,,,,
7398070275386804507,lifeattiktok,20251224141941,https://lifeattiktok.com/search/7398070275386804507,200,detail,LLM Data Strategy Product Manger-2025 Start,drop,,,,,,,,
7398137554090313994,lifeattiktok,20250602004639,https://lifeattiktok.com/search/7398137554090313994,200,detail,"TikTok LIVE Internet Product Graduate, Turkey, 2025",drop,,,,,Turkey,,,
7398140655631681843,lifeattiktok,20250428105437,https://lifeattiktok.com/search/7398140655631681843,200,detail,Government Relations and Public Policy Manager - Global Public Policy - Southern Africa,include,policy manager; public policy,,,,Africa,,,
7398213154511522057,lifeattiktok,20250408065648,https://lifeattiktok.com/search/7398213154511522057,200,detail,Project and Operations Intern - Small and Medium Business,drop,,,,,,,,
7398231197853616394,lifeattiktok,20250315083625,https://lifeattiktok.com/search/7398231197853616394,200,detail,"Client Solutions Team Lead, Telco - Global Business Solutions",drop,,,,,,,,
7398559756154226971,lifeattiktok,20250613200701,https://lifeattiktok.com/search/7398559756154226971,200,detail,"Client Solutions Manager Retail and Ecom, Turkey - Global Business Solutions - Dubai",drop,,,,,Turkey; MENA,Dubai,United Arab Emirates,
7398573292024449317,lifeattiktok,20250118071142,https://lifeattiktok.com/search/7398573292024449317,200,detail,Insider Risk Investigator - Global Security Organisation,drop,,,,,,,,
7398576522695002405,lifeattiktok,20250206233542,https://lifeattiktok.com/search/7398576522695002405?spread=5MWH5CQ,200,detail,Insider Risk Investigator- Global Security Organization,drop,,,,,,,,
7399246858025060617,lifeattiktok,20250807070746,https://lifeattiktok.com/search/7399246858025060617,200,detail,Data Scientist - 2025 Start,drop,,,,,,,,"HTTPSConnectionPool(host='web.archive.org', port=443): Max retries exceeded with url: /web/20250807070746id_/https://lif"
7399268088493590821,lifeattiktok,20250320072740,https://lifeattiktok.com/search/7399268088493590821?spread=5MWH5CQ,200,detail,Livestream Operations Manager(TikTok Live) - 2025 Campus Recruitment Start,drop,,,,,,,,
7399490400585435402,lifeattiktok,20250401164433,https://lifeattiktok.com/search/7399490400585435402,200,detail,"Content Moderator, Urdu Speaker - Trust & Safety",include,trust & safety; content moderat*; moderat*,,,urdu,,,,
7399638481338960165,lifeattiktok,20250406112607,https://lifeattiktok.com/search/7399638481338960165,200,detail,"Content Moderator (Feature - Push) - Urdu Speaking, Malaysia - Trust and Safety",include,trust and safety; content moderat*; moderat*,,,urdu,Malaysia,,,
7399771329594296627,lifeattiktok,20260124043315,https://lifeattiktok.com/search/7399771329594296627,200,detail,"Policy Manager, Cross Issue & Product - Trust and Safety",include,trust and safety; policy manager,,,,,,,
7399941010665425202,lifeattiktok,20250415171325,https://lifeattiktok.com/search/7399941010665425202,200,detail,Product Operations - Search Ads Team - Seoul,drop,,,,,,Seoul,Korea,
7400191947107092773,lifeattiktok,20250720204435,https://lifeattiktok.com/search/7400191947107092773,200,detail,Quality Assurance - English Speaking - Trust and Safety,include,trust and safety,,,english,,,,
7400282867568707878,lifeattiktok,20250718101822,https://lifeattiktok.com/search/7400282867568707878?utm_campaign=midjourney-rolls-out-web-ai-image-editor&utm_medium=referral&utm_source=www.aiplanetx.com,200,detail,"Algorithm Engineer, TikTok E-Commerce (Knowledge Graph) - 2025 Start",drop,,,,,,,,
7400299873709361418,lifeattiktok,20241126202154,https://lifeattiktok.com/search/7400299873709361418,200,detail,LIVE Product Designer-2025 Start,drop,,,,,,,,
7400300091527563530,lifeattiktok,20241123012707,https://lifeattiktok.com/search/7400300091527563530,200,detail,Local Service Product Designer- 2025 Start,drop,,,,,,,,
7400357140658981146,lifeattiktok,20241218123551,https://lifeattiktok.com/search/7400357140658981146,200,detail,"Machine Learning Engineer, Search E-Commerce - 2025 Start (PhD)",drop,,,,,,,,
7400425464672225563,lifeattiktok,20241216230521,https://lifeattiktok.com/search/7400425464672225563?_rsc=1jxw5,200,js_shell,,unusable,,,,,,,,
7400455286509078821,lifeattiktok,20241216230526,https://lifeattiktok.com/search/7400455286509078821?_rsc=1jxw5,200,js_shell,,unusable,,,,,,,,
7400533841788668211,lifeattiktok,20251116234238,https://lifeattiktok.com/search/7400533841788668211,200,detail,Technical Sourcer - Product & Design - Advertising - NYC (Third-party Contractor),drop,,,,,,,,
7400552028902197530,lifeattiktok,20250808234554,https://lifeattiktok.com/search/7400552028902197530,200,detail,Legal Specialist - USDS,drop,,,,,,,,
7400657277185181989,lifeattiktok,20250429072920,https://lifeattiktok.com/search/7400657277185181989,200,detail,(General Hire) Machine Learning Scientist Intern (TikTok Recommendation-TikTok- Data) - 2025 Summer/Fall (PhD),drop,,,,,,,,
7400808756194461961,lifeattiktok,20260902100326,https://lifeattiktok.com/search/7400808756194461961?utm_source=Simplify,200,detail,Product Manager Graduate (TikTok-Product-Social and Creation) - 2025 Start (BS/MS),drop,,,,,,,,
7400856444339800371,lifeattiktok,20241129050005,https://lifeattiktok.com/search/7400856444339800371,200,detail,Product Manager Graduate (TikTok-PGC) - 2025 Start (BS/MS),drop,,,,,,,,
7400982664037845258,lifeattiktok,20260506084632,https://lifeattiktok.com/search/7400982664037845258?_rsc=1m3ql,200,js_shell,,unusable,,,,,,,,
7401107098253740326,lifeattiktok,20250725202005,https://lifeattiktok.com/search/7401107098253740326,200,detail,"Business Partnerships Manager, B2B & Fintech - Global Business Solutions, IL",drop,,,,,Israel,,,
7401222167579068709,lifeattiktok,20241217220457,https://lifeattiktok.com/search/7401222167579068709,200,detail,"Product Manager, Brand Ads",drop,,,,,,,,"HTTPSConnectionPool(host='web.archive.org', port=443): Max retries exceeded with url: /web/20241217220457id_/https://lif"
7401271960653498661,lifeattiktok,20250801161318,https://lifeattiktok.com/search/7401271960653498661,200,detail,Content Recommendation Strategy Product Manager Graduate (TikTok Content Ecosystem-US) - 2025 Start (BS/MS),drop,,,,,,,,
7402184091698776346,lifeattiktok,20250709150539,https://lifeattiktok.com/search/7402184091698776346,200,detail,"TikTok, Global Business Solutions Intern, Paris, 2025",drop,,,,,,Paris,France,
7402186468313336101,lifeattiktok,20250908032758,https://lifeattiktok.com/search/7402186468313336101,200,detail,ADSEO Safety Ops Quality Analyst - Traditional Mandarin Speaker - Trust and Safety,include,trust and safety; quality analyst,,,mandarin,,,,
7402220165508057354,lifeattiktok,20251030102216,https://lifeattiktok.com/search/7402220165508057354?spread=128SD3R,200,detail,Frontend Engineer Intern (TikTok Live) - 2026 Start (BS/MS),drop,,,,,,,,
7402283818281781530,lifeattiktok,20250613193445,https://lifeattiktok.com/search/7402283818281781530?spread=5MWH5CQ,200,detail,"Motion Designer, Global Brand Studio",drop,,,,,,,,
7402298934204909874,lifeattiktok,20241208101242,https://lifeattiktok.com/search/7402298934204909874,200,detail,"Global Project Manager, GBM - Commercial Partnership Solutions",drop,,,,,,,,
7402311879903496499,lifeattiktok,20241208082906,https://lifeattiktok.com/search/7402311879903496499,200,detail,Talent Acquisition Partner - Engineering - San Jose,drop,,,,,,San Jose,United States,
7402342457238800667,lifeattiktok,20241126215731,https://lifeattiktok.com/search/7402342457238800667,200,detail,"Senior Product Designer, Insights & Guidance",drop,,,,,,,,
7402342838702442779,lifeattiktok,20250411223127,https://lifeattiktok.com/search/7402342838702442779?_rsc=1agbz,200,js_shell,,unusable,,,,,,,,
7402499095930226971,lifeattiktok,20250403044334,https://lifeattiktok.com/search/7402499095930226971,200,detail,"Content Moderator (Feature - Badness) - Urdu Speaking, Malaysia - Trust and Safety",include,trust and safety; content moderat*; moderat*,,,urdu,Malaysia,,,
7402639689725397258,lifeattiktok,20250613201842,https://lifeattiktok.com/search/7402639689725397258,200,detail,Arabic Language Manager - Global Business Solutions - METAP,drop,,,,arabic,,,,
7402734319033665818,lifeattiktok,20250206232554,https://lifeattiktok.com/search/7402734319033665818,200,detail,Music Creator Operations Manager - USDS,drop,,,,,,,,
7402914561341081882,lifeattiktok,20251224100812,https://lifeattiktok.com/search/7402914561341081882,200,detail,LLM Agents Platform R&D -AI Innovation Center-2025 Start,drop,,,,,,,,
7402942067992774939,lifeattiktok,20250729131926,https://lifeattiktok.com/search/7402942067992774939,200,detail,Audio Visual System Engineer - Singapore,drop,,,,,Singapore,Singapore,Singapore,
7403020733049342245,lifeattiktok,20241208083009,https://lifeattiktok.com/search/7403020733049342245,200,detail,Payroll Administrator - HR Operations Europe - London,drop,,,,,Europe,London,United Kingdom,
7403079081606744370,lifeattiktok,20250401214319,https://lifeattiktok.com/search/7403079081606744370,200,detail,"Senior Product Designer, Design System",drop,,,,,,,,
7403082028914854195,lifeattiktok,20241127041307,https://lifeattiktok.com/search/7403082028914854195,200,detail,"Senior Product Designer, Design Infra",drop,,,,,,,,
7403129603608873253,lifeattiktok,20250427041349,https://lifeattiktok.com/search/7403129603608873253?spread=5MWH5CQ,200,detail,"Global Policy Lead, Violent Behaviors & Dangerous Actors - Trust and Safety",include,trust and safety; policy lead,,,,,,,
7403131779765455155,lifeattiktok,20241129045949,https://lifeattiktok.com/search/7403131779765455155,200,detail,Data Analyst Graduate (TikTok Shop - Data Science) - 2025 Start (BS/MS),drop,,,,,,,,
7403144896293685555,lifeattiktok,20241217191422,https://lifeattiktok.com/search/7403144896293685555,200,detail,"TikTok Shop - Product Manager, Data Products",drop,,,,,,,,"HTTPSConnectionPool(host='web.archive.org', port=443): Max retries exceeded with url: /web/20241217191422id_/https://lif"
7403244054156593459,lifeattiktok,20250817035421,https://lifeattiktok.com/search/7403244054156593459,200,detail,Software Engineer Graduate (E-commerce Recommendation Infrastructure) - 2025 Start (BS/MS),drop,,,,,,,,
7403245063176194341,lifeattiktok,20250817035319,https://lifeattiktok.com/search/7403245063176194341,200,detail,Software Engineer Graduate (Data Arch - Data Ecosystem ) - 2025 Start (BS/MS),drop,,,,,,,,
7403789005329189170,lifeattiktok,20251211123910,https://lifeattiktok.com/search/7403789005329189170,200,detail,"TikTok Shop - Chief of Staff, eCommerce Content and Creator Governance",include,governance,,,,,,,
7403864895417092362,lifeattiktok,20250822210744,https://lifeattiktok.com/search/7403864895417092362,200,detail,"Machine Learning Engineer, Risk Data Mining - USDS",drop,,,,,,,,
7404816705711212850,lifeattiktok,20250427023913,https://lifeattiktok.com/search/7404816705711212850,200,detail,"TikTok Strategy and Operations Graduate, London, 2025",drop,,,,,,London,United Kingdom,
7405079046089017610,lifeattiktok,20241217213429,https://lifeattiktok.com/search/7405079046089017610,200,detail,"Software Development Engineer in Test - Trust and Safety, TikTok",include,trust and safety,,,,,,,
7405333572192930085,lifeattiktok,20250315080206,https://lifeattiktok.com/search/7405333572192930085?spread=5MWH5CQ,200,detail,TikTok Shop - Strategy Product Manager Anti-Fraud Intelligence Solutions - USDS,include,fraud,,,,,,,
7405573336766531877,lifeattiktok,20250118072040,https://lifeattiktok.com/search/7405573336766531877,200,detail,"Regional Operations Manager, Global Fire Safety",exclude,,fire safety,,,,,,
7405837086333897011,lifeattiktok,20250427225632,https://lifeattiktok.com/search/7405837086333897011,200,detail,"Policy Manager - Pakistan, Trust and Safety",include,trust and safety; policy manager,,,,Pakistan,,,
7406172334938212634,lifeattiktok,20250118061706,https://lifeattiktok.com/search/7406172334938212634,200,detail,Leader/Architect of Security Tech Control Validation - Global Security Organisation,drop,,,,,,,,
7406172940310645001,lifeattiktok,20250118062834,https://lifeattiktok.com/search/7406172940310645001,200,detail,Technical Security Project Manager - Security Tools Operation,drop,,,,,,,,
7406294670910834970,lifeattiktok,20241218141523,https://lifeattiktok.com/search/7406294670910834970?_rsc=q6nnv,200,js_shell,,unusable,,,,,,,,
7407472303879686426,lifeattiktok,20241208091906,https://lifeattiktok.com/search/7407472303879686426,200,detail,"Technical Program Manager, Resiliency Operations - USDS",drop,,,,,,,,
7407522282182756659,lifeattiktok,20250303073219,https://lifeattiktok.com/search/7407522282182756659?_rsc=pyzdg,200,js_shell,,unusable,,,,,,,,
7407633521894738186,lifeattiktok,20251224105638,https://lifeattiktok.com/search/7407633521894738186,200,detail,"Data strategy engineer - Paid Ads, User Growth-2025 Start",drop,,,,,,,,
7407686880705956105,lifeattiktok,20241123081114,https://lifeattiktok.com/search/7407686880705956105,200,detail,"Machine Learning Engineer (User Growth & Intelligent Marketing), Global e-Commerce - 2025 Start",drop,,,,,,,,
7407799519122213158,lifeattiktok,20250613190249,https://lifeattiktok.com/search/7407799519122213158,200,detail,"Creative Consultant METAP, Global Business Solutions - Dubai - Arabic Speaker",drop,,,,arabic,MENA,Dubai,United Arab Emirates,
7407887081479063835,lifeattiktok,20241206073526,https://lifeattiktok.com/search/7407887081479063835?gh_src=Getro.org+job+board&utm_medium=getro.com&utm_source=Getro.org+job+board,200,detail,User Support Operations Manager - USDS,drop,,,,,,,,
7408098545339369765,lifeattiktok,20250417172259,https://lifeattiktok.com/search/7408098545339369765,200,detail,"Senior Product Operations Manager, Governance & Experience - Local Services (Singapore)",include,governance,,,,Singapore,Singapore,Singapore,
7408240160636881190,lifeattiktok,20250613201536,https://lifeattiktok.com/search/7408240160636881190,200,detail,TikTok LIVE - Integrated Campaign Senior Manager,drop,,,,,,,,"HTTPSConnectionPool(host='web.archive.org', port=443): Max retries exceeded with url: /web/20250613201536id_/https://lif"
7408394421639432485,lifeattiktok,20250402190015,https://lifeattiktok.com/search/7408394421639432485,200,detail,"Compliance Specialist/Senior Compliance Manager (Global Legal EMEA), London",drop,,,,,EMEA,London,United Kingdom,
7408453746407196955,lifeattiktok,20250520041114,https://lifeattiktok.com/search/7408453746407196955,200,detail,Data Scientist - Data Solution,drop,,,,,,,,
7408492012017043762,lifeattiktok,20241217204641,https://lifeattiktok.com/search/7408492012017043762,200,detail,"Physical Security Systems Lead, AMS",drop,,,,,,,,
7408549758087022858,lifeattiktok,20250118065328,https://lifeattiktok.com/search/7408549758087022858,200,detail,"Physical Security Systems Lead, AMS",drop,,,,,,,,
7408567730082941210,lifeattiktok,20241208092742,https://lifeattiktok.com/search/7408567730082941210,200,detail,Privacy and Data Compliance Specialist - USDS,drop,,,,,,,,
7408626085015324979,lifeattiktok,20250817035319,https://lifeattiktok.com/search/7408626085015324979,200,detail,Software Engineer Graduate (Programming Language- Product RD and Infrastructure) - 2025 Start (PhD),drop,,,,,,,,
7409989258309994762,lifeattiktok,20250613185857,https://lifeattiktok.com/search/7409989258309994762,200,detail,Advertising Operations Specialist - Monetization Product Operations METAP,drop,,,,,,,,
7410243291055098121,lifeattiktok,20241126232428,https://lifeattiktok.com/search/7410243291055098121,200,detail,"Machine Learning Engineer (User Growth & Intelligent Marketing), Global e-Commerce",drop,,,,,,,,
7410243425793231141,lifeattiktok,20250414182037,https://lifeattiktok.com/search/7410243425793231141,200,detail,Machine Learning Engineer (User Growth & Intelligent Marketing) - Global e-Commerce,drop,,,,,,,,
7410321432646060315,lifeattiktok,20250613191241,https://lifeattiktok.com/search/7410321432646060315,200,detail,Critical Response & Emerging Markets Lead - Global Communications - METAP,drop,,,,,,,,
7410474810780092681,lifeattiktok,20250822152623,https://lifeattiktok.com/search/7410474810780092681,200,detail,Machine Learning Engineer Graduate (App Ads and Gaming) - 2025 Start (BS/MS),drop,,,,,,,,
7410479089565534515,lifeattiktok,20250817035358,https://lifeattiktok.com/search/7410479089565534515,200,detail,Software Engineer Graduate (Global SRE) - 2025 Start (BS/MS),drop,,,,,,,,
7410741323265771803,lifeattiktok,20250613202126,https://lifeattiktok.com/search/7410741323265771803,200,detail,"Client Solutions Manager, Global Gaming",drop,,,,,,,,
7410837639753337138,lifeattiktok,20250801214146,https://lifeattiktok.com/search/7410837639753337138,200,detail,Software Engineer - Machine Learning Infrastructure - USDS,drop,,,,,,,,
7410837711621818633,lifeattiktok,20250801031214,https://lifeattiktok.com/search/7410837711621818633,200,detail,Software Engineer - Model Serving Infrastructure - USDS,drop,,,,,,,,
7410838620825913638,lifeattiktok,20250801053435,https://lifeattiktok.com/search/7410838620825913638,200,detail,Software Engineer - Machine Learning Infrastructure - USDS,drop,,,,,,,,
7411269640254982451,lifeattiktok,20250206223546,https://lifeattiktok.com/search/7411269640254982451?spread=5MWH5CQ,200,detail,UX Researcher - USDS,drop,,,,,,,,
7411270968180558106,lifeattiktok,20250206231706,https://lifeattiktok.com/search/7411270968180558106?spread=5MWH5CQ,200,detail,UX Researcher - USDS,drop,,,,,,,,
7411483042663205158,lifeattiktok,20250206233657,https://lifeattiktok.com/search/7411483042663205158?spread=5MWH5CQ,200,detail,Project Manager - Growth - METAP,drop,,,,,,,,
7411511358611687718,lifeattiktok,20250613202702,https://lifeattiktok.com/search/7411511358611687718,200,detail,"Creative Strategy Operations Manager, Global Creative Planning",drop,,,,,,,,"HTTPSConnectionPool(host='web.archive.org', port=443): Max retries exceeded with url: /web/20250613202702id_/https://lif"
7411923657205123354,lifeattiktok,20251111054857,https://lifeattiktok.com/search/7411923657205123354,200,detail,Software Engineer Intern (USDS) - 2025 Summer (BS/MS),drop,,,,,,,,
7411924379984005402,lifeattiktok,20250206215711,https://lifeattiktok.com/search/7411924379984005402,200,detail,Data Scientist Intern (USDS) - 2025 Summer (BS/MS),drop,,,,,,,,
7411926931820038409,lifeattiktok,20241213205509,https://lifeattiktok.com/search/7411926931820038409?spread=5MWH5CQ,200,detail,(General Hire) Machine Learning Engineer Intern (USDS)- 2025 Summer (PhD),drop,,,,,,,,
7412300243382307109,lifeattiktok,20250520032820,https://lifeattiktok.com/search/7412300243382307109,200,detail,"Machine Learning Engineer, Search (NLP) - Singapore",drop,,,,,Singapore,Singapore,Singapore,
7412300870149130547,lifeattiktok,20250118070002,https://lifeattiktok.com/search/7412300870149130547?spread=5MWH5CQ,200,detail,Machine Learning Engineer - Search (NLP) - Singapore,drop,,,,,Singapore,Singapore,Singapore,
7412443519867193651,lifeattiktok,20251211111852,https://lifeattiktok.com/search/7412443519867193651,200,detail,(General Hire) Cybersecurity Engineering Intern (Security & Privacy - USDS)- 2025 Summer (BS/MS),drop,,,,,,,,
7412451777611745587,lifeattiktok,20250424103001,https://lifeattiktok.com/search/7412451777611745587,200,detail,"(General Hire) Cybersecurity Intern (Security & Privacy, USDS)- 2025 Summer (BS/MS)",drop,,,,,,,,
7412947192110958899,lifeattiktok,20250408070746,https://lifeattiktok.com/search/7412947192110958899,200,detail,"Global Talent Acquisition, Project Manager Intern",drop,,,,,,,,
7413062127667644709,lifeattiktok,20250427033404,https://lifeattiktok.com/search/7413062127667644709,200,detail,(General Hire) Data Analyst Intern (USDS)- 2025 Summer (BS/MS),drop,,,,,,,,
7413167649297352970,lifeattiktok,20250929122349,https://lifeattiktok.com/search/7413167649297352970,200,detail,"Backend Software Engineer, TikTok - Social User and Relation",drop,,,,,,,,
7413359313924344091,lifeattiktok,20250613200834,https://lifeattiktok.com/search/7413359313924344091,200,detail,Public Policy Manager - Global Public Policy- Nepal,include,policy manager; public policy,,,,,,,
7413447673707022642,lifeattiktok,20250417161658,https://lifeattiktok.com/search/7413447673707022642,200,detail,"Lead Product Designer, CRM",drop,,,,,,,,
7413673490433853746,lifeattiktok,20250929044159,https://lifeattiktok.com/search/7413673490433853746,200,detail,Creator Operations Project Intern (TikTok Local Services) - 2025 Start (BS/MS),drop,,,,,,,,
7413825796525787430,lifeattiktok,20250613123045,https://lifeattiktok.com/search/7413825796525787430?utm_source=Getro.org+job+board&utm_medium=getro.com&gh_src=Getro.org+job+board,200,detail,"Senior Product Manager, TikTok Shop Ads - San Jose",drop,,,,,,San Jose,United States,
7413931079617562890,lifeattiktok,20250813193855,https://lifeattiktok.com/search/7413931079617562890,200,detail,"Senior Product Manager, API and Ecosystems - Global Monetization Product & Technology - San Jose",drop,,,,,,San Jose,United States,
7413985794476329253,lifeattiktok,20250430192034,https://lifeattiktok.com/search/7413985794476329253,200,detail,Public Policy Leader - Singapore,include,public policy,,,,Singapore,Singapore,Singapore,
7414000297331689766,lifeattiktok,20250731215415,https://lifeattiktok.com/search/7414000297331689766,200,detail,"Model Policy Lead - Video Policy, Trust & Safety",include,trust & safety; policy lead,,,,,,,
7414091321046944038,lifeattiktok,20250613184627,https://lifeattiktok.com/search/7414091321046944038,200,detail,"Client Partner, Growth - Global Business Solutions - Dubai",drop,,,,,MENA,Dubai,United Arab Emirates,
7414259602809784626,lifeattiktok,20251208080128,https://lifeattiktok.com/search/7414259602809784626?spread=5MWH5CQ,200,detail,"TikTok LIVE Operation Graduate, Paris, 2025",drop,,,,,,Paris,France,
7414267899827472691,lifeattiktok,20241208083225,https://lifeattiktok.com/search/7414267899827472691,200,detail,TikTok Shop - Head of Global Moderation Services,include,moderat*,,,,,,,"HTTPSConnectionPool(host='web.archive.org', port=443): Max retries exceeded with url: /web/20241208083225id_/https://lif"
7415306896867297545,lifeattiktok,20241126210929,https://lifeattiktok.com/search/7415306896867297545,200,detail,Enterprise Solutions System Operations Manager - USDS,drop,,,,,,,,
7415314584527128842,lifeattiktok,20241125053609,https://lifeattiktok.com/search/7415314584527128842,200,detail,"Senior User Researcher, Mixed Methods - USDS",drop,,,,,,,,
7415315030742714633,lifeattiktok,20250206230104,https://lifeattiktok.com/search/7415315030742714633?spread=5MWH5CQ,200,detail,"User Researcher, Mixed Methods - USDS",drop,,,,,,,,
7415596866261911845,lifeattiktok,20250613194621,https://lifeattiktok.com/search/7415596866261911845,200,detail,HR Operations Specialist - Dubai - UAE,drop,,,,,MENA,Dubai,United Arab Emirates,
7415653094870239539,lifeattiktok,20241205100141,https://lifeattiktok.com/search/7415653094870239539?spread=5MWH5CQ,200,detail,Music Partnerships Manager,drop,,,,,,,,
7415685686287092005,lifeattiktok,20251209104850,https://lifeattiktok.com/search/7415685686287092005?spread=5MWH5CQ&utm_source=greenlightyourself.beehiiv.com&utm_medium=referral&utm_campaign=marty-lang-on-crafting-a-sustainable-filmmaking-career,200,detail,"Creator Manager, News",drop,,,,,,,,
7415711824593701146,lifeattiktok,20241126010226,https://lifeattiktok.com/search/7415711824593701146,200,detail,"Lead Product Designer, Global Transaction",drop,,,,,,,,
7415960978896668978,lifeattiktok,20250801192019,https://lifeattiktok.com/search/7415960978896668978,200,detail,Search Operation Specialist - Global E-commerce,drop,,,,,,,,
7415979258340264201,lifeattiktok,20250415223850,https://lifeattiktok.com/search/7415979258340264201?spread=5MWH5CQ,200,detail,"TikTok LIVE-Stream Operations Manager Graduate, KZ, 2025",drop,,,,,,,,
7416018419018303781,lifeattiktok,20241119070618,https://lifeattiktok.com/search/7416018419018303781,200,detail,"Senior Content Designer, Creative Experiences and GenAI",drop,,,,,,,,
7416033862087985435,lifeattiktok,20241217214709,https://lifeattiktok.com/search/7416033862087985435,200,detail,Commerce - Moderation Strategy Operations Program Manager,include,moderat*,,,,,,,
7416237682676566323,lifeattiktok,20251224013524,https://lifeattiktok.com/search/7416237682676566323,200,detail,Talent Acquisition Partner - Data - 2025 Start,drop,,,,,,,,
7416380801351108890,lifeattiktok,20260519175424,https://lifeattiktok.com/search/7416380801351108890?_rsc=1m3ql,200,js_shell,,unusable,,,,,,,,
7416739054333937947,lifeattiktok,20250613195300,https://lifeattiktok.com/search/7416739054333937947,200,detail,MSO - Sales Incentives Analyst,drop,,,,,,,,
7416741481035155762,lifeattiktok,20241208084700,https://lifeattiktok.com/search/7416741481035155762,200,detail,TikTok Shop - Head of Transportation Operations and Execution,drop,,,,,,,,
7416748599410919706,lifeattiktok,20241123153654,https://lifeattiktok.com/search/7416748599410919706,200,detail,Head of E-Commerce Europe - Public Policy Europe,include,public policy,,,,Europe,,,
7416762507324655909,lifeattiktok,20250324193207,https://lifeattiktok.com/search/7416762507324655909?_rsc=16c6u,200,js_shell,,unusable,,,,,,,,
7417684654910130441,lifeattiktok,20241208102213,https://lifeattiktok.com/search/7417684654910130441,200,detail,Commercial Counsel - USDS,drop,,,,,,,,
7417685058192967987,lifeattiktok,20250613191430,https://lifeattiktok.com/search/7417685058192967987?spread=5MWH5CQ,200,detail,Commercial Counsel - USDS,drop,,,,,,,,
7417781220383213834,lifeattiktok,20251117011220,https://lifeattiktok.com/search/7417781220383213834,200,detail,Legal Counsel (Regulatory - Advertising),drop,,,,,,,,"HTTPSConnectionPool(host='web.archive.org', port=443): Max retries exceeded with url: /web/20251117011220id_/https://lif"
7417782916840868146,lifeattiktok,20241208085455,https://lifeattiktok.com/search/7417782916840868146,200,detail,"Sales Lead, Portugal and Greece - Global Business Solutions",drop,,,,,,,,
7417936202731194675,lifeattiktok,20250413184328,https://lifeattiktok.com/search/7417936202731194675,200,detail,TikTok Shop Senior UX Designer - Workbench,drop,,,,,,,,
7417966132315261222,lifeattiktok,20241119144601,https://lifeattiktok.com/search/7417966132315261222,200,detail,"Senior UX Researcher, Monetization",drop,,,,,,,,
7418001890447051017,lifeattiktok,20241119033950,https://lifeattiktok.com/search/7418001890447051017?_rsc=8x1y1,200,js_shell,,unusable,,,,,,,,
7418723107147548979,lifeattiktok,20241122153435,https://lifeattiktok.com/search/7418723107147548979,200,detail,Student Researcher (Foundation Model - Speech & Audio) - 2025 Start (PhD),drop,,,,,,,,
7418743595858381082,lifeattiktok,20241126010856,https://lifeattiktok.com/search/7418743595858381082,200,detail,Content Designer - Trust & Safety,include,trust & safety,,,,,,,
7418774546175641906,lifeattiktok,20250817035329,https://lifeattiktok.com/search/7418774546175641906,200,detail,Software Engineer Graduate (Ads Creative & Ecosystem) - 2025 Start (BS/MS),drop,,,,,,,,
7419417666814839091,lifeattiktok,20250613131516,https://lifeattiktok.com/search/7419417666814839091,200,detail,Financial Crimes Compliance Risk Specialist - USDS,drop,,,,,,,,
7420018703029078323,lifeattiktok,20250613185134,https://lifeattiktok.com/search/7420018703029078323,200,detail,Global Food Safety Lead,exclude,,food safety,,,,,,
7420584650819848498,lifeattiktok,20251016001522,https://lifeattiktok.com/search/7420584650819848498,200,detail,Backend Software Engineer - Innovative Growth,drop,,,,,,,,
7420632428723783946,lifeattiktok,20241125191352,https://lifeattiktok.com/search/7420632428723783946,200,detail,Threat Research Engineer - Global Security Organisation,drop,,,,,,,,
7420756446650648869,lifeattiktok,20250814010552,https://lifeattiktok.com/search/7420756446650648869,200,detail,TikTok Commerce-Language Manager-Japanese,drop,,,,japanese,,,,
7420801412127279369,lifeattiktok,20241217213127,https://lifeattiktok.com/search/7420801412127279369,200,detail,"Client Solutions Manager, Financial Services (12 month fixed-term contract) - Global Business Solutions",drop,,,,,,,,
7420877918141155621,lifeattiktok,20250613195826,https://lifeattiktok.com/search/7420877918141155621,200,detail,Partnerships Manager Luxury - Global Business Solutions - Dubai,drop,,,,,MENA,Dubai,United Arab Emirates,
7421297650185767205,lifeattiktok,20250118074535,https://lifeattiktok.com/search/7421297650185767205,200,detail,"TikTok Commerce - Language Manager, Canadian French",drop,,,,french,,,,
7421298403826518282,lifeattiktok,20241111183854,https://lifeattiktok.com/search/7421298403826518282,200,detail,"TikTok Commerce - Language Manager, Canadian French",drop,,,,french,,,,
7421299381896661275,lifeattiktok,20241122201355,https://lifeattiktok.com/search/7421299381896661275,200,detail,"TikTok Commerce - Language Manager, Brazilian Portuguese",drop,,,,portuguese; brazilian portuguese,,,,
7421761928941504806,lifeattiktok,20250723135411,https://lifeattiktok.com/search/7421761928941504806,200,detail,"Backend Software Engineer, Customer Service Platform",drop,,,,,,,,
7421840108092164378,lifeattiktok,20250907172215,https://lifeattiktok.com/search/7421840108092164378,200,detail,Search Operation QA - Global E-Commerce,drop,,,,,,,,
7421843328280676659,lifeattiktok,20250406005429,https://lifeattiktok.com/search/7421843328280676659,200,detail,"Content Moderator, Emerging Product - Korea",include,content moderat*; moderat*,,,,Korea,,,"HTTPSConnectionPool(host='web.archive.org', port=443): Max retries exceeded with url: /web/20250406005429id_/https://lif"
7422559578518931738,lifeattiktok,20250122060507,https://lifeattiktok.com/search/7422559578518931738,200,detail,Publisher Program Manager - TikTok Gaming,drop,,,,,,,,
7422951498852108594,lifeattiktok,20250928175801,https://lifeattiktok.com/search/7422951498852108594,200,detail,"Privacy Solutions Analyst - Privacy and Data Protection Office, Singapore",drop,,,,,Singapore,Singapore,Singapore,
7423003054783842598,lifeattiktok,20250613202530,https://lifeattiktok.com/search/7423003054783842598,200,detail,Agency & Ecosystems Program Manager - Global Business Solutions - METAP,drop,,,,,,,,
7423117358526957834,lifeattiktok,20260421234716,https://lifeattiktok.com/search/7423117358526957834,200,detail,Advertising Policy Manager | Americas,include,policy manager,,,,,,,
7423546677228800294,lifeattiktok,20241206082721,https://lifeattiktok.com/search/7423546677228800294?gh_src=Getro.org+job+board&utm_medium=getro.com&utm_source=Getro.org+job+board,200,detail,"Senior Backend Engineer, Risk Systems - Machine Learning Platform",drop,,,,,,,,
7423619210289105202,lifeattiktok,20250302130459,https://lifeattiktok.com/search/7423619210289105202,200,detail,"Senior Algorithm Engineer, TikTok E-Commerce (Conversational AI)",drop,,,,,,,,
7423621634718894346,lifeattiktok,20250221142826,https://lifeattiktok.com/search/7423621634718894346,200,detail,Creator Manager - TikTok Gaming,drop,,,,,,,,
7423868647963871526,lifeattiktok,20250410204600,https://lifeattiktok.com/search/7423868647963871526,200,detail,Product Operations Manager - USDS,drop,,,,,,,,
7424276447470733577,lifeattiktok,20250506160240,https://lifeattiktok.com/search/7424276447470733577?_rsc=16c6u,200,js_shell,,unusable,,,,,,,,
7424419013541890330,lifeattiktok,20250808235703,https://lifeattiktok.com/search/7424419013541890330?utm_campaign=elon-musk-unveils-autonomous-vehicles-and-robot&utm_medium=referral&utm_source=www.aiplanetx.com,200,detail,Software Engineer (Tech Lead) - Governance Platform,include,governance,,,,,,,
7424424959210965257,lifeattiktok,20241126215700,https://lifeattiktok.com/search/7424424959210965257,200,detail,Content Designer Graduate (E-commerce TikTok Shop) - 2025 Start (BS/MS),drop,,,,,,,,
7424649157238376754,lifeattiktok,20250206221019,https://lifeattiktok.com/search/7424649157238376754,200,detail,Automation Operation Lead - USDS,drop,,,,,,,,
7424672960978798898,lifeattiktok,20241119040047,https://lifeattiktok.com/search/7424672960978798898,200,detail,User Research Analyst - USDS,drop,,,,,,,,
7425116368586475785,lifeattiktok,20250821234905,https://lifeattiktok.com/search/7425116368586475785,200,detail,Machine Learning Engineer Graduate (eCommerce Recommendation) - 2025 Start (BS/MA),drop,,,,,,,,
7425546688121293093,lifeattiktok,20260317145022,https://lifeattiktok.com/search/7425546688121293093,200,detail,Backend Software Engineer intern - User Growth- 2025 Start,drop,,,,,,,,
7425659087376910630,lifeattiktok,20250520041044,https://lifeattiktok.com/search/7425659087376910630?utm_source=Trust+and+Safety+Jobs,200,detail,"Senior Policy Specialist, TikTok LIVE Monetization Policy",include,policy specialist,,,,,,,
7425671164964014374,lifeattiktok,20250402070630,https://lifeattiktok.com/search/7425671164964014374,200,detail,"Public Policy Manager, GBS Lead",include,policy manager; public policy,,,,,,,
7425671250430871834,lifeattiktok,20250402082022,https://lifeattiktok.com/search/7425671250430871834,200,detail,"Public Policy Manager, GBS Lead",include,policy manager; public policy,,,,,,,
7425672084066142474,lifeattiktok,20250402071014,https://lifeattiktok.com/search/7425672084066142474,200,detail,"Public Policy Manager, GBS Lead",include,policy manager; public policy,,,,,,,
7425672680563657010,lifeattiktok,20241208090952,https://lifeattiktok.com/search/7425672680563657010?spread=5MWH5CQ,200,detail,"Public Policy Manager, GBS Lead",include,policy manager; public policy,,,,,,,"HTTPSConnectionPool(host='web.archive.org', port=443): Max retries exceeded with url: /web/20241208090952id_/https://lif"
7425672757042268442,lifeattiktok,20250427042339,https://lifeattiktok.com/search/7425672757042268442?spread=XKM9ZXE,200,detail,"Public Policy Manager, GBS Lead",include,policy manager; public policy,,,,,,,
7425673622234450203,lifeattiktok,20250429072651,https://lifeattiktok.com/search/7425673622234450203?_rsc=y0xka,200,js_shell,,unusable,,,,,,,,
7425921742881114394,lifeattiktok,20250613130933,https://lifeattiktok.com/search/7425921742881114394,200,detail,"Finance & Ops Manager, Creative Ads",drop,,,,,,,,
7425961308430551333,lifeattiktok,20250908155536,https://lifeattiktok.com/search/7425961308430551333,200,detail,EMEA Procurement Specialist,drop,,,,,EMEA,,,
7426035207252625691,lifeattiktok,20250411223206,https://lifeattiktok.com/search/7426035207252625691?_rsc=19g5c,200,js_shell,,unusable,,,,,,,,
7426111293516171530,lifeattiktok,20250414123659,https://lifeattiktok.com/search/7426111293516171530,200,detail,TikTok Shop Content Design Leader,drop,,,,,,,,
7426117871557183795,lifeattiktok,20241119033650,https://lifeattiktok.com/search/7426117871557183795?_rsc=elkva,200,js_shell,,unusable,,,,,,,,
7426132764489451814,lifeattiktok,20241218125910,https://lifeattiktok.com/search/7426132764489451814,200,detail,"Head of Emergency Response, Trust & Safety - USDS",include,trust & safety,,,,,,,
7426182200506353971,lifeattiktok,20241123053804,https://lifeattiktok.com/search/7426182200506353971,200,detail,Creative Visual Designer - Operations,drop,,,,,,,,
7426263219871926538,lifeattiktok,20241218141523,https://lifeattiktok.com/search/7426263219871926538?_rsc=q6nnv,200,js_shell,,unusable,,,,,,,,
7426422390739945778,lifeattiktok,20241206080909,https://lifeattiktok.com/search/7426422390739945778,200,detail,"Creative Video Producer, Global Brand Studio",drop,,,,,,,,
7426549844921469235,lifeattiktok,20241121162809,https://lifeattiktok.com/search/7426549844921469235,200,detail,Machine Learning Engineer Intern (TikTok TV) - 2025 Project intern (BS/MS),drop,,,,,,,,
7426669595388496154,lifeattiktok,20251117012521,https://lifeattiktok.com/search/7426669595388496154,200,detail,"Advertising Policy Manager, Policy Solutions",include,policy manager,,,,,,,
7426770147564488969,lifeattiktok,20241218141523,https://lifeattiktok.com/search/7426770147564488969?_rsc=q6nnv,200,js_shell,,unusable,,,,,,,,
7426775473818306825,lifeattiktok,20260421224440,https://lifeattiktok.com/search/7426775473818306825,200,detail,Policy Solutions Specialist | Advertising,drop,,,,,,,,
7426807830223096073,lifeattiktok,20241119033340,https://lifeattiktok.com/search/7426807830223096073?_rsc=12743,200,js_shell,,unusable,,,,,,,,
7426976074367928613,lifeattiktok,20250416111645,https://lifeattiktok.com/search/7426976074367928613,200,detail,Lead Product Manager - TikTok Search Results Experience,drop,,,,,,,,
7427001858662779174,lifeattiktok,20250908143001,https://lifeattiktok.com/search/7427001858662779174,200,detail,TikTok Commerce - Consumables Category Lead,drop,,,,,,,,
7427016261689018633,lifeattiktok,20241119033950,https://lifeattiktok.com/search/7427016261689018633?_rsc=8x1y1,200,js_shell,,unusable,,,,,,,,
7427024737232881946,lifeattiktok,20241119033950,https://lifeattiktok.com/search/7427024737232881946?_rsc=8x1y1,200,js_shell,,unusable,,,,,,,,"HTTPSConnectionPool(host='web.archive.org', port=443): Max retries exceeded with url: /web/20241119033950id_/https://lif"
7427348545534232859,lifeattiktok,20241209141226,https://lifeattiktok.com/search/7427348545534232859,200,detail,"Campaign Manager, TikTok LIVE",drop,,,,,,,,
7428164225720699163,lifeattiktok,20250623185816,https://lifeattiktok.com/search/7428164225720699163,200,detail,"RLHF Research Engineer Intern,Multimodal LLM -2025 Start",drop,,,,,,,,
7428224844733401370,lifeattiktok,20241208092244,https://lifeattiktok.com/search/7428224844733401370,200,detail,"TikTok Commerce - Service Resolution SME, German Speaking",drop,,,,german,,,,
7428308032007751945,lifeattiktok,20241216230532,https://lifeattiktok.com/search/7428308032007751945?_rsc=183cz,200,js_shell,,unusable,,,,,,,,
7428431412086884645,lifeattiktok,20250406104848,https://lifeattiktok.com/search/7428431412086884645?,200,detail,Product Operations Intern - TikTok Money Platform - 2025 Start,drop,,,,,,,,
7428443960106518821,lifeattiktok,20260208204132,https://lifeattiktok.com/search/7428443960106518821?spread=DataAnalyst.com,200,detail,"Data Analyst, TikTok Ads - USDS",drop,,,,,,,,
7428812829262940467,lifeattiktok,20241121162803,https://lifeattiktok.com/search/7428812829262940467,200,detail,Machine Learning Engineer Intern (E-Commerce Supply Chain & Logistics - CV/Multimodal) - 2025 Summer/Fall (MS),drop,,,,,,,,
7428977761602472228,lifeattiktok,20250520021825,https://lifeattiktok.com/search/7428977761602472228,200,detail,ADSEO Quality Assurance - Arabic,drop,,,,arabic,,,,
7429014411489347852,lifeattiktok,20250725014500,https://lifeattiktok.com/search/7429014411489347852,200,detail,"Brand Partnerships Manager, Retail - Global Business Solutions - Austin",drop,,,,,,Austin,United States,
7429380056214079781,lifeattiktok,20250520042412,https://lifeattiktok.com/search/7429380056214079781,200,detail,"Data Analyst, Singapore",drop,,,,,Singapore,Singapore,Singapore,
7429784798678190375,lifeattiktok,20250320081558,https://lifeattiktok.com/search/7429784798678190375,200,detail,Developer and Community Advocate - Generalized Arch,drop,,,,,,,,
7429806216672643365,lifeattiktok,20241125200035,https://lifeattiktok.com/search/7429806216672643365,200,detail,"Reporting & Insights Lead, Global Safety & Support- Trust & Safety- Los Angeles",include,trust & safety,,,,,Los Angeles,United States,
7430672858973587775,lifeattiktok,20241119033833,https://lifeattiktok.com/search/7430672858973587775,200,detail,Senior Technology Internal Auditor - Global Technology Audit,drop,,,,,,,,
7430736290737981715,lifeattiktok,20241126200915,https://lifeattiktok.com/search/7430736290737981715,200,detail,"TikTok Creative Design Lead, Gift Design(Sydney)",drop,,,,,,Sydney,Australia,
7430738866536499468,lifeattiktok,20250623185816,https://lifeattiktok.com/search/7430738866536499468,200,detail,"RLHF Research Engineer Intern,Multimodal LLM -2025 Start",drop,,,,,,,,
7430740150647081252,lifeattiktok,20250118055955,https://lifeattiktok.com/search/7430740150647081252,200,detail,UX Researcher-Global E-commerce,drop,,,,,,,,
7430829988092561700,lifeattiktok,20241206071603,https://lifeattiktok.com/search/7430829988092561700?gh_src=Getro.org+job+board&utm_medium=getro.com&utm_source=Getro.org+job+board,200,detail,"Client Solutions Manager, TikTok Shops COE - New York",drop,,,,,,New York,United States,
7430909868314282251,lifeattiktok,20241206065755,https://lifeattiktok.com/search/7430909868314282251?gh_src=Getro.org+job+board&utm_medium=getro.com&utm_source=Getro.org+job+board,200,detail,Privacy Operations Specialist - USDS,drop,,,,,,,,
7431095168399264041,lifeattiktok,20250411223122,https://lifeattiktok.com/search/7431095168399264041?_rsc=1agbz,200,js_shell,,unusable,,,,,,,,
7431095607399680275,lifeattiktok,20241126175935,https://lifeattiktok.com/search/7431095607399680275,200,detail,"TikTok Creative Motion Design, Gift Design(Singapore)",drop,,,,,Singapore,Singapore,Singapore,"HTTPSConnectionPool(host='web.archive.org', port=443): Max retries exceeded with url: /web/20241126175935id_/https://lif"
7431130861501942053,lifeattiktok,20250414224844,https://lifeattiktok.com/search/7431130861501942053,200,detail,"Measurement Partner, Global Business Solutions, SEA",drop,,,,,,,,
7431176803966519603,lifeattiktok,20250424092311,https://lifeattiktok.com/search/7431176803966519603?spread=5MWH5CQ&utm_source=Trust+and+Safety+Jobs,200,detail,"Platform Integrity, Product Policy, and Compliance",include,integrity,,,,,,,
7431182680735926569,lifeattiktok,20260421225857,https://lifeattiktok.com/search/7431182680735926569?utm_source=www.strictlyinternal.com&utm_medium=referral&utm_campaign=strictly-internal-issue-31,200,detail,Corporate Services - Internal Communications Manager,drop,,,,,,,,
7431420580836100406,lifeattiktok,20251104060100,https://lifeattiktok.com/search/7431420580836100406?spread=5MWH5CQ,200,detail,Fashion Account Management Project Intern (TikTok Shop Singapore) - 2025 Start (BS/MS),drop,,,,,Singapore,Singapore,Singapore,
7432084258858715430,lifeattiktok,20241123072923,https://lifeattiktok.com/search/7432084258858715430,200,detail,"Product Designer, Global Music Design - Los Angeles",drop,,,,,,Los Angeles,United States,
7432327302279661834,lifeattiktok,20250821201101,https://lifeattiktok.com/search/7432327302279661834,200,detail,Operational Support- Project Intern (GBS) - 2025 Start (BS/MS),drop,,,,,,,,
7432364683186997541,lifeattiktok,20241115175543,https://lifeattiktok.com/search/7432364683186997541,200,detail,Search Operations Quality Assurance - Trust and Safety - Austin,include,trust and safety,,,,,Austin,United States,
7433040996160555301,lifeattiktok,20241119081148,https://lifeattiktok.com/search/7433040996160555301,200,detail,TikTok Commerce - Creator Manager,drop,,,,,,,,
7433332615988496694,lifeattiktok,20251116234827,https://lifeattiktok.com/search/7433332615988496694,200,detail,"Strategy and Operations Product Marketing Manager - Advertising Products, International Markets",drop,,,,,,,,
7433478485878049051,lifeattiktok,20241218141523,https://lifeattiktok.com/search/7433478485878049051?_rsc=q6nnv,200,js_shell,,unusable,,,,,,,,
7433495871805720843,lifeattiktok,20251028113150,https://lifeattiktok.com/search/7433495871805720843,200,detail,Music Product Counsel - Global Legal,drop,,,,,,,,
7433521001281833270,lifeattiktok,20241218141523,https://lifeattiktok.com/search/7433521001281833270?_rsc=q6nnv,200,js_shell,,unusable,,,,,,,,
7433522915699771689,lifeattiktok,20241218141523,https://lifeattiktok.com/search/7433522915699771689?_rsc=q6nnv,200,js_shell,,unusable,,,,,,,,
7433566190062733578,lifeattiktok,20241122222621,https://lifeattiktok.com/search/7433566190062733578,200,detail,"Manager, US Music & Gaming Operations - USDS",drop,,,,,,,,
7433626649473976588,lifeattiktok,20241217173039,https://lifeattiktok.com/search/7433626649473976588,200,detail,Shop | Tokopedia - Retail Enablement Pricing Strategy Intern (Indonesia) - 2024 Start,drop,,,,,Indonesia,,,
7433734369329793299,lifeattiktok,20241218141523,https://lifeattiktok.com/search/7433734369329793299?_rsc=q6nnv,200,js_shell,,unusable,,,,,,,,
7433819592311523638,lifeattiktok,20260421225746,https://lifeattiktok.com/search/7433819592311523638,200,detail,Policy Solutions Manager | Advertising,drop,,,,,,,,
7433854332501526838,lifeattiktok,20241119183820,https://lifeattiktok.com/search/7433854332501526838,200,detail,TikTok Shop - Governance Operational Risk Analyst,include,risk analyst; governance,,,,,,,
7433875266889713946,lifeattiktok,20250623185624,https://lifeattiktok.com/search/7433875266889713946,200,detail,"Edge Strategy Manager, Latin America",drop,,,,,LATAM,,,
7433893446073354515,lifeattiktok,20241126212625,https://lifeattiktok.com/search/7433893446073354515,200,detail,"Lead UX Writer, Creative Experiences and GenAI",drop,,,,,,,,"HTTPSConnectionPool(host='web.archive.org', port=443): Max retries exceeded with url: /web/20241126212625id_/https://lif"
7433983871467505930,lifeattiktok,20250502152701,https://lifeattiktok.com/search/7433983871467505930,200,detail,Music Promotion Manager - Label Relations,drop,,,,,,,,
7434463610532088118,lifeattiktok,20251005070946,https://lifeattiktok.com/search/7434463610532088118,200,detail,TikTok Shop - Integrated Marketing Manager - Japan,drop,,,,,Japan,,,
7434604458246818102,lifeattiktok,20250715224053,https://lifeattiktok.com/search/7434604458246818102?_rsc=1v7pv,200,js_shell,,unusable,,,,,,,,
7434625705482701068,lifeattiktok,20241216230532,https://lifeattiktok.com/search/7434625705482701068?_rsc=183cz,200,js_shell,,unusable,,,,,,,,
7434710098578196747,lifeattiktok,20250809024541,https://lifeattiktok.com/search/7434710098578196747,200,detail,Product Manager - Creator - Los Angeles,drop,,,,,,Los Angeles,United States,
7434754968081877286,lifeattiktok,20260208200923,https://lifeattiktok.com/search/7434754968081877286,200,detail,Program Manager (Account Security) - Account (San Jose),drop,,,,,,San Jose,United States,
7435004160904431909,lifeattiktok,20250705024206,https://lifeattiktok.com/search/7435004160904431909?_rsc=1vey8,200,js_shell,,unusable,,,,,,,,
7435977777826285831,lifeattiktok,20241126180813,https://lifeattiktok.com/search/7435977777826285831,200,detail,TikTok Commerce - Fashion Account Manager,drop,,,,,,,,
7436062355560515858,lifeattiktok,20241125060203,https://lifeattiktok.com/search/7436062355560515858,200,detail,Research & Insights Manager - UK,drop,,,,,United Kingdom,,,
7436088509491218696,lifeattiktok,20241125023550,https://lifeattiktok.com/search/7436088509491218696,200,detail,"Data Analyst, User Research - USDS",drop,,,,,,,,
7436340374509242642,lifeattiktok,20241122174253,https://lifeattiktok.com/search/7436340374509242642,200,detail,ADSEO Quality Assurance - Turkish,drop,,,,turkish,,,,
7436426910403823880,lifeattiktok,20241125105000,https://lifeattiktok.com/search/7436426910403823880,200,detail,SMB Elevate Account Manager - Hebrew Speaker,drop,,,,hebrew,,,,
7436462929811425554,lifeattiktok,20250320075407,https://lifeattiktok.com/search/7436462929811425554?spread=5MWH5CQ&utm_source=apmseason,200,detail,Product Manager Graduate (Search Ads) - 2025 Start (BS/MS),drop,,,,,,,,
7436591959168321799,lifeattiktok,20250424100643,https://lifeattiktok.com/search/7436591959168321799?spread=5MWH5CQ&utm_source=Tech-Ladies,200,detail,"Product Designer, Messaging",drop,,,,,,,,
7436681116922792210,lifeattiktok,20241218141523,https://lifeattiktok.com/search/7436681116922792210?_rsc=q6nnv,200,js_shell,,unusable,,,,,,,,
7436709806934608135,lifeattiktok,20250403052459,https://lifeattiktok.com/search/7436709806934608135,200,detail,"TikTok Shop - Listing Governance Program Manager, Governance & Experience, EMEA",include,governance,,,,EMEA,,,
7436764829149415687,lifeattiktok,20250118061442,https://lifeattiktok.com/search/7436764829149415687,200,detail,Facilities Manager,drop,,,,,,,,
7436881175421389063,lifeattiktok,20260710212808,https://lifeattiktok.com/search/7436881175421389063,200,detail,"Data Science Lead, Quant Modeling",drop,,,,,,,,
7436928922527713554,lifeattiktok,20241217172942,https://lifeattiktok.com/search/7436928922527713554,200,detail,"Technical Program Manager, Cybersecurity Fusion - USDS",drop,,,,,,,,
7436945512665123090,lifeattiktok,20241217221925,https://lifeattiktok.com/search/7436945512665123090,200,detail,"Technical Program Manager, Cybersecurity Fusion - USDS",drop,,,,,,,,"HTTPSConnectionPool(host='web.archive.org', port=443): Max retries exceeded with url: /web/20241217221925id_/https://lif"
7437416148804733202,lifeattiktok,20250118073957,https://lifeattiktok.com/search/7437416148804733202,200,detail,"Monetization Integrity, PMO",include,integrity,,,,,,,
7437498962322606343,lifeattiktok,20241125025351,https://lifeattiktok.com/search/7437498962322606343,200,detail,Product Marketing Manager - Branding (12 Months Fixed Term Position),drop,,,,,,,,
7437617818889865479,lifeattiktok,20241216230530,https://lifeattiktok.com/search/7437617818889865479?_rsc=1oipm,200,js_shell,,unusable,,,,,,,,
7437622251749411090,lifeattiktok,20241119193518,https://lifeattiktok.com/search/7437622251749411090,200,detail,"Brand Partnerships Manager, Travel - Global Business Solutions - Chicago",drop,,,,,,Chicago,United States,
7438580416946325778,lifeattiktok,20250206215707,https://lifeattiktok.com/search/7438580416946325778?spread=5MWH5CQ,200,detail,Data Scientist - User Growth-2025 Start,drop,,,,,,,,
7438581305317378312,lifeattiktok,20241119024606,https://lifeattiktok.com/search/7438581305317378312?_rsc=1cacp,200,js_shell,,unusable,,,,,,,,
7438744929566591239,lifeattiktok,20250605112456,https://lifeattiktok.com/search/7438744929566591239?spread=5MWH5CQ,200,detail,"Site Reliability Engineer, Eng Support - USDS",exclude,,site reliability,,,,,,
7438937031902234887,lifeattiktok,20250908115032,https://lifeattiktok.com/search/7438937031902234887,200,detail,"TikTok LIVE - Global Customer Service Representative, Arabic Speaking",drop,,,,arabic,,,,
7439050293742045447,lifeattiktok,20250118080920,https://lifeattiktok.com/search/7439050293742045447,200,detail,Compliance Counsel - USDS,drop,,,,,,,,
7439625026339293458,lifeattiktok,20250118061219,https://lifeattiktok.com/search/7439625026339293458,200,detail,"Product / Program Manager, Scaled and Platform Abuse, Trust & Safety",include,trust & safety; abuse,,,,,,,
7439787621796317458,lifeattiktok,20250306224048,https://lifeattiktok.com/search/7439787621796317458,200,detail,"Data Engineer, Video Platform - USDS",drop,,,,,,,,
7439894332188084498,lifeattiktok,20250602022124,https://lifeattiktok.com/search/7439894332188084498?gh_src=Tech%3ANYC+job+board,200,detail,Tech Lead - Tiktok E-commerce Risk Control,drop,,,,,,,,
7440794873853135111,lifeattiktok,20250828211251,https://lifeattiktok.com/search/7440794873853135111,200,detail,"Technical Program Manager, Edge Security Infrastructure - San Jose",drop,,,,,,San Jose,United States,
7441284709323671815,lifeattiktok,20241217214457,https://lifeattiktok.com/search/7441284709323671815,200,detail,Information Security & Incident Response Counsel,drop,,,,,,,,
7441329062528600328,lifeattiktok,20241218114959,https://lifeattiktok.com/search/7441329062528600328,200,detail,"Lead Product Designer, Monetization",drop,,,,,,,,
7441412763433715986,lifeattiktok,20250412081245,https://lifeattiktok.com/search/7441412763433715986,200,detail,"Senior Product Manager, Travel & Entertainment Ads - San Francisco",drop,,,,,,San Francisco,United States,
7441474205989832978,lifeattiktok,20250623185617,https://lifeattiktok.com/search/7441474205989832978?_rsc=1jhmi,200,js_shell,,unusable,,,,,,,,
7441477603230779656,lifeattiktok,20250821121936,https://lifeattiktok.com/search/7441477603230779656,200,detail,"Algorithm Engineer-Supply Chain and Logistics, TikTok Global E-Commerce - 2025 Start (PhD)",drop,,,,,,,,
7441746083276130567,lifeattiktok,20251010094151,https://lifeattiktok.com/search/7441746083276130567,200,detail,Shop | Tokopedia - Campaign Monetization and Partnership Intern (Indonesia) - 2025 Start,drop,,,,,Indonesia,,,
7441789894541986056,lifeattiktok,20250408234514,https://lifeattiktok.com/search/7441789894541986056,200,detail,Global E-commerce Specialist- Spanish - Trust and Safety -Austin,include,trust and safety,,,spanish,,Austin,United States,"HTTPSConnectionPool(host='web.archive.org', port=443): Max retries exceeded with url: /web/20250408234514id_/https://lif"
7441903397454891271,lifeattiktok,20250814005111,https://lifeattiktok.com/search/7441903397454891271,200,detail,Content & Campaign Operations Manager - Munich - TikTok LIVE DACH,drop,,,,,Germany,,,
7441998130675337480,lifeattiktok,20241216230513,https://lifeattiktok.com/search/7441998130675337480?_rsc=zi8op,200,js_shell,,unusable,,,,,,,,
7442003914226288914,lifeattiktok,20241218141523,https://lifeattiktok.com/search/7442003914226288914?_rsc=q6nnv,200,js_shell,,unusable,,,,,,,,
7442528251434567943,lifeattiktok,20250725034023,https://lifeattiktok.com/search/7442528251434567943,200,detail,"Senior Creator Strategy Manager, TikTok Local Services",drop,,,,,,,,
7442537666115864839,lifeattiktok,20250624094254,https://lifeattiktok.com/search/7442537666115864839?_rsc=1rfdr,200,js_shell,,unusable,,,,,,,,
7442632352415729938,lifeattiktok,20250715224044,https://lifeattiktok.com/search/7442632352415729938,200,detail,"Client Partner - Telco, GBS Japan",drop,,,,,Japan,,,
7443891104946473224,lifeattiktok,20241210173149,https://lifeattiktok.com/search/7443891104946473224,200,detail,Content Quality Assurance - Austin,include,content quality,,,,,Austin,United States,
7444141636030859538,lifeattiktok,20250320074545,https://lifeattiktok.com/search/7444141636030859538?spread=5MWH5CQ,200,detail,TikTok Shop - Senior Data Analyst（Product Analyst),drop,,,,,,,,
7444323993177753863,lifeattiktok,20260519175425,https://lifeattiktok.com/search/7444323993177753863?_rsc=1m3ql,200,js_shell,,unusable,,,,,,,,
7444425859099150599,lifeattiktok,20250411223129,https://lifeattiktok.com/search/7444425859099150599?_rsc=uxy8g,200,js_shell,,unusable,,,,,,,,
7444457959197509896,lifeattiktok,20260609060543,https://lifeattiktok.com/search/7444457959197509896?spread=5MWH5CQ&utm_source=selectfrom.work,200,detail,"Software Engineer Intern, Big Data (Data Platform) - 2025 Summer/Fall (MS)",drop,,,,,,,,
7444459107472673031,lifeattiktok,20250510181318,https://lifeattiktok.com/search/7444459107472673031?_rsc=bo8e7,200,js_shell,,unusable,,,,,,,,
7444460609238944008,lifeattiktok,20260315115023,https://lifeattiktok.com/search/7444460609238944008?spread=5MWH5CQ,200,detail,"Software Engineer Intern, Big Data (Data Platform) - 2025 Summer/Fall (MS)",drop,,,,,,,,
7444460615873743122,lifeattiktok,20251011183050,https://lifeattiktok.com/search/7444460615873743122,200,detail,"Software Engineer Intern, Big Data (Data Platform) - 2025 Summer/Fall (PhD)",drop,,,,,,,,
7444774195613387016,lifeattiktok,20241216230523,https://lifeattiktok.com/search/7444774195613387016?_rsc=1l9u2,200,js_shell,,unusable,,,,,,,,
7444846739872008455,lifeattiktok,20241218120655,https://lifeattiktok.com/search/7444846739872008455,200,detail,TikTok LIVE- Creator Manager (Chinese Speaking)- Japan,drop,,,,chinese,Japan,,,
7444881824008685842,lifeattiktok,20251117014350,https://lifeattiktok.com/search/7444881824008685842,200,detail,Advertising Operations Specialist - Branding Operations (Korea),drop,,,,,Korea,,,
7444911104436930834,lifeattiktok,20250609163236,https://lifeattiktok.com/search/7444911104436930834?_rsc=ptnuc,200,js_shell,,unusable,,,,,,,,
7444916555894425864,lifeattiktok,20250814132330,https://lifeattiktok.com/search/7444916555894425864,200,detail,Account Manager - SMB - DACH Market,drop,,,,,Germany,,,
7445019935787944200,lifeattiktok,20241217192417,https://lifeattiktok.com/search/7445019935787944200,200,detail,Senior Product Designer - Trust & Safety,include,trust & safety,,,,,,,"HTTPSConnectionPool(host='web.archive.org', port=443): Max retries exceeded with url: /web/20241217192417id_/https://lif"
7445112996516694290,lifeattiktok,20250303073203,https://lifeattiktok.com/search/7445112996516694290?_rsc=rekdd,200,js_shell,,unusable,,,,,,,,"HTTPSConnectionPool(host='web.archive.org', port=443): Max retries exceeded with url: /web/20250303073203id_/https://lif"
7445140924449097991,lifeattiktok,20250118062210,https://lifeattiktok.com/search/7445140924449097991,200,detail,TikTok Commerce - Quality Assurance and Training Program Manager,drop,,,,,,,,
7445155879622691079,lifeattiktok,20241217074631,https://lifeattiktok.com/search/7445155879622691079,200,detail,"Shop | Tokopedia - Short Tail (Non Brand) Account Management Intern, Woman's Wear Fashion(Indonesia) - 2025 Start",drop,,,,,Indonesia,,,
7445353425304570130,lifeattiktok,20241216230527,https://lifeattiktok.com/search/7445353425304570130?_rsc=duada,200,js_shell,,unusable,,,,,,,,
7445923831276325138,lifeattiktok,20251003184945,https://lifeattiktok.com/search/7445923831276325138,200,detail,TikTok Local Services - Senior Product Manager,drop,,,,,,,,
7446377988407462162,lifeattiktok,20241216230513,https://lifeattiktok.com/search/7446377988407462162?_rsc=zi8op,200,js_shell,,unusable,,,,,,,,
7446448573170829575,lifeattiktok,20250131134500,https://lifeattiktok.com/search/7446448573170829575,200,detail,Monetisation Strategy & Operations Manager,drop,,,,,,,,
7446556172654332168,lifeattiktok,20250415204055,https://lifeattiktok.com/search/7446556172654332168,200,detail,Workplace Operations Manager - USDS,drop,,,,,,,,
7446625029201086728,lifeattiktok,20250118062115,https://lifeattiktok.com/search/7446625029201086728,200,detail,"Marketing Manager, Solutions Awareness, NA SMB Marketing",drop,,,,,,,,
7446629156124035336,lifeattiktok,20250411223145,https://lifeattiktok.com/search/7446629156124035336?_rsc=14vta,200,js_shell,,unusable,,,,,,,,
7446644911258126599,lifeattiktok,20250408072833,https://lifeattiktok.com/search/7446644911258126599,200,detail,"Project and Operations Intern, Small Medium Business APAC",drop,,,,,APAC,,,
7446650933402175752,lifeattiktok,20250118071107,https://lifeattiktok.com/search/7446650933402175752,200,detail,"Marketing Intelligence Data Analyst, NA Business Marketing",drop,,,,,,,,
7446827755226810631,lifeattiktok,20241216230523,https://lifeattiktok.com/search/7446827755226810631?_rsc=1l9u2,200,js_shell,,unusable,,,,,,,,
7446857395898403090,lifeattiktok,20250118063827,https://lifeattiktok.com/search/7446857395898403090,200,detail,"Global Privacy Regulatory Advisory Counsel, Minors",drop,,,,,,,,
7446949843547490578,lifeattiktok,20250411223122,https://lifeattiktok.com/search/7446949843547490578?_rsc=1agbz,200,js_shell,,unusable,,,,,,,,
7447065540256925970,lifeattiktok,20250801014446,https://lifeattiktok.com/search/7447065540256925970,200,detail,"TikTok LIVE - Global Customer Service Representative, Spanish Speaking",drop,,,,spanish,,,,
7447087727294368018,lifeattiktok,20250709181949,https://lifeattiktok.com/search/7447087727294368018,200,detail,"Data Engineering Manager - Data Infra, TikTok Privacy & Security",drop,,,,,,,,
7447090718743251218,lifeattiktok,20250210084057,https://lifeattiktok.com/search/7447090718743251218?spread=5MWH5CQ,200,detail,Programs & Market Insights Manager - Turkey & Central Asia,drop,,,,,Turkey,,,
7447220866721630482,lifeattiktok,20241217023937,https://lifeattiktok.com/search/7447220866721630482,200,detail,Search Operations Quality Analyst - Trust & Safety - Austin,include,trust & safety; quality analyst,,,,,Austin,United States,
7447222467029190920,lifeattiktok,20250424085933,https://lifeattiktok.com/search/7447222467029190920?spread=5MWH5CQ&utm_source=Trust+and+Safety+Jobs,200,detail,Search Operations Quality Analyst (Spanish) - Trust & Safety - Austin,include,trust & safety; quality analyst,,,spanish,,Austin,United States,"HTTPSConnectionPool(host='web.archive.org', port=443): Max retries exceeded with url: /web/20250424085933id_/https://lif"
7447275251421055250,lifeattiktok,20250118074406,https://lifeattiktok.com/search/7447275251421055250,200,detail,"Regional Marketing Lead, SMB Marketing EMEA",drop,,,,,EMEA,,,
7447306055236978951,lifeattiktok,20250801002135,https://lifeattiktok.com/search/7447306055236978951,200,detail,"Senior Android Software Engineer, TikTok VoD Product",drop,,,,,,,,
7447409312631179528,lifeattiktok,20250821161726,https://lifeattiktok.com/search/7447409312631179528,200,detail,HR Business Partner- Global E-Commerce GNE - Singapore,drop,,,,,Singapore,Singapore,Singapore,
7447510969666160903,lifeattiktok,20241216230512,https://lifeattiktok.com/search/7447510969666160903?_rsc=zi8op,200,js_shell,,unusable,,,,,,,,
7447511086280050951,lifeattiktok,20250711200500,https://lifeattiktok.com/search/7447511086280050951,200,detail,"Environmental, Social, and Governance (ESG) & Climate Strategist",include,governance,,,,,,,
7447532139363305736,lifeattiktok,20241217023800,https://lifeattiktok.com/search/7447532139363305736,200,detail,"TikTok Commerce - Senior Creator Manager, Milan",drop,,,,,,Milan,Italy,
7447635929592580370,lifeattiktok,20250822045201,https://lifeattiktok.com/search/7447635929592580370,200,detail,"Machine Learning Engineer, Global Payment Decision Science - USDS",drop,,,,,,,,
7447919340177901842,lifeattiktok,20250404083147,https://lifeattiktok.com/search/7447919340177901842,200,detail,TikTok LIVE Regional Operations Intern - TikTok LIVE - London,drop,,,,,,London,United Kingdom,
7448004899176270088,lifeattiktok,20250118065442,https://lifeattiktok.com/search/7448004899176270088,200,detail,Payment Channel Operations - USDS,drop,,,,,,,,
7448885304906664210,lifeattiktok,20250408113158,https://lifeattiktok.com/search/7448885304906664210,200,detail,PMO Intern - Monetization Integrity - 2025 start,include,integrity,,,,,,,
7448913525310933256,lifeattiktok,20250411223145,https://lifeattiktok.com/search/7448913525310933256?_rsc=14vta,200,js_shell,,unusable,,,,,,,,
7449045735644956935,lifeattiktok,20250429072651,https://lifeattiktok.com/search/7449045735644956935?_rsc=y0xka,200,js_shell,,unusable,,,,,,,,
7449072655222196487,lifeattiktok,20250314124954,https://lifeattiktok.com/search/7449072655222196487,200,detail,Software Engineer Intern (Intelligent Creation - Generative AI and Graphics) - 2025 Summer (BS/MS),drop,,,,,,,,
7449102370011072776,lifeattiktok,20250314131724,https://lifeattiktok.com/search/7449102370011072776,200,detail,Software Development Test Engineer Intern (Monetization Technology - Ads Quality - Measurement) - 2025 Project Intern (BS/MS),drop,,,,,,,,
7449110249875556616,lifeattiktok,20250429072652,https://lifeattiktok.com/search/7449110249875556616?_rsc=y0xka,200,js_shell,,unusable,,,,,,,,
7449265229547014418,lifeattiktok,20260506084636,https://lifeattiktok.com/search/7449265229547014418,200,detail,Senior Site Reliability Engineer - Infrastructure,exclude,,site reliability,,,,,,
7449447195910359304,lifeattiktok,20250801061721,https://lifeattiktok.com/search/7449447195910359304,200,detail,"Machine Learning Engineer, Search - Local Services Team",drop,,,,,,,,
7449633226606332168,lifeattiktok,20250814013851,https://lifeattiktok.com/search/7449633226606332168,200,detail,"New Business Development Manager, Small Medium Business - AUNZ",drop,,,,,,,,
7449872942818707720,lifeattiktok,20241220191120,https://lifeattiktok.com/search/7449872942818707720,200,detail,Research Intern (Data - Technical Infrastructures - Foundational Technology - DPU) - 2025 Summer (PhD),drop,,,,,,,,
7450436539387218184,lifeattiktok,20250520022920,https://lifeattiktok.com/search/7450436539387218184?utm_source=Trust+and+Safety+Jobs,200,detail,"Senior Software Development Engineer-Data Insights-Trust and Safety, TikTok-Singapore",include,trust and safety,,,,Singapore,Singapore,Singapore,"HTTPSConnectionPool(host='web.archive.org', port=443): Max retries exceeded with url: /web/20250520022920id_/https://lif"
7451721841275963656,lifeattiktok,20250809020015,https://lifeattiktok.com/search/7451721841275963656?spread=5MWH5CQ,200,detail,"Global SEO Lead, SMB Growth - New York",drop,,,,,,New York,United States,
7452836951864625426,lifeattiktok,20250118061549,https://lifeattiktok.com/search/7452836951864625426,200,detail,"Content Partner Manager, Content Publishers",drop,,,,,,,,
7453122400990316818,lifeattiktok,20250429072711,https://lifeattiktok.com/search/7453122400990316818?_rsc=20eoy,200,js_shell,,unusable,,,,,,,,
7454065763520432392,lifeattiktok,20250908111012,https://lifeattiktok.com/search/7454065763520432392,200,detail,"Backend Software Engineer (Data Insights) , Trust and Safety Platform",include,trust and safety,,,,,,,
7454148647224264967,lifeattiktok,20250929034551,https://lifeattiktok.com/search/7454148647224264967,200,detail,TikTok Shop - Category Operations Manager,drop,,,,,,,,
7454318267118340370,lifeattiktok,20250907134159,https://lifeattiktok.com/search/7454318267118340370,200,detail,"Research Scientist, Multimodal and Generative AI-TikTok Recommendation",drop,,,,,,,,
7455164664520378642,lifeattiktok,20260506084632,https://lifeattiktok.com/search/7455164664520378642?_rsc=1m3ql,200,js_shell,,unusable,,,,,,,,
7455340896831310088,lifeattiktok,20250415153831,https://lifeattiktok.com/search/7455340896831310088,200,detail,"TikTok Shop - Star Creator, Strategic Partner Manager",drop,,,,,,,,"HTTPSConnectionPool(host='web.archive.org', port=443): Max retries exceeded with url: /web/20250415153831id_/https://lif"
7455577487453194504,lifeattiktok,20250520034705,https://lifeattiktok.com/search/7455577487453194504,200,detail,"Engineering Manager, Machine Learning - TikTok BRIC (Singapore)",drop,,,,,Singapore,Singapore,Singapore,
7456632598744762642,lifeattiktok,20250829141235,https://lifeattiktok.com/search/7456632598744762642,200,detail,TikTok Shop - Quality Assurance Program Manager,drop,,,,,,,,
7456732677544331538,lifeattiktok,20250814140306,https://lifeattiktok.com/search/7456732677544331538,200,detail,Agency Operations Project Intern (TikTok LIVE) - 2025 Start (BS/MS),drop,,,,,,,,
7456789547868965127,lifeattiktok,20250306094307,https://lifeattiktok.com/search/7456789547868965127,200,detail,Policy and Risk - Risk Investigation Program Analyst,drop,,,,,,,,
7457037969120528658,lifeattiktok,20250906171342,https://lifeattiktok.com/search/7457037969120528658,200,detail,Programs Manager,drop,,,,,,,,
7457046759543359751,lifeattiktok,20250624094255,https://lifeattiktok.com/search/7457046759543359751?_rsc=1rfdr,200,js_shell,,unusable,,,,,,,,
7457204027077298439,lifeattiktok,20250206232632,https://lifeattiktok.com/search/7457204027077298439,200,detail,Litigation Counsel - Brazil,drop,,,,,Brazil,,,
7457274634057615624,lifeattiktok,20260301115957,https://lifeattiktok.com/search/7457274634057615624,200,detail,Engineer Graduate: (Machine Learning Engineer - Local Services Search) - 2026 Start (PhD),drop,,,,,,,,
7457277387139565831,lifeattiktok,20250908115522,https://lifeattiktok.com/search/7457277387139565831,200,detail,"Product Manager, Shop Advertiser Experience - Global Monetization Product and Technology - San Jose",drop,,,,,,San Jose,United States,
7457283785260894471,lifeattiktok,20250908124741,https://lifeattiktok.com/search/7457283785260894471,200,detail,"Senior Product Manager, Shop Advertiser Experience - Global Monetization Product and Technology - Seattle",drop,,,,,,Seattle,United States,
7457297287783631112,lifeattiktok,20250609163241,https://lifeattiktok.com/search/7457297287783631112,200,detail,Senior Software Engineer - Effect Core SDK,drop,,,,,,,,
7457381693860382983,lifeattiktok,20250730035907,https://lifeattiktok.com/search/7457381693860382983,200,detail,TikTok LIVE Campaign Operations Intern - 2025 Start,drop,,,,,,,,"HTTPSConnectionPool(host='web.archive.org', port=443): Max retries exceeded with url: /web/20250730035907id_/https://lif"
7457454519832561927,lifeattiktok,20250324202153,https://lifeattiktok.com/search/7457454519832561927?_rsc=1f7vm,200,js_shell,,unusable,,,,,,,,
7457739606067480839,lifeattiktok,20250813184643,https://lifeattiktok.com/search/7457739606067480839,200,detail,"Key Accounts Client Partner (3C, E-commerce & Retail), Singapore",drop,,,,,Singapore,Singapore,Singapore,
7457821060756113671,lifeattiktok,20250730011442,https://lifeattiktok.com/search/7457821060756113671,200,detail,"Head of Brand Partnerships(CPG),Indonesia",drop,,,,,Indonesia,,,
7458045214491527442,lifeattiktok,20250830004640,https://lifeattiktok.com/search/7458045214491527442,200,detail,BPO Partner Operations Manager - USDS,drop,,,,,,,,
7458062158477363464,lifeattiktok,20251117000837,https://lifeattiktok.com/search/7458062158477363464,200,detail,"Business Development Manager, Distribution Partnerships - LATAM",drop,,,,,LATAM,,,
7459276151720020232,lifeattiktok,20250729180021,https://lifeattiktok.com/search/7459276151720020232,200,detail,TikTok LIVE - Campaign Manager - Indonesia (Based in Jakarta),drop,,,,,Indonesia,Jakarta,Indonesia,
7459327031001073938,lifeattiktok,20250829095639,https://lifeattiktok.com/search/7459327031001073938,200,detail,"Solutions Engineer, TikTok Ads",drop,,,,,,,,
7459616965671471367,lifeattiktok,20250815011415,https://lifeattiktok.com/search/7459616965671471367?_rsc=101j0,200,js_shell,,unusable,,,,,,,,
7459623967083677960,lifeattiktok,20250815011419,https://lifeattiktok.com/search/7459623967083677960?_rsc=101j0,200,js_shell,,unusable,,,,,,,,
7459659561017084167,lifeattiktok,20250731012918,https://lifeattiktok.com/search/7459659561017084167,200,detail,HR Business Partner-Global Monetization Product and Technology,drop,,,,,,,,
7460056375336438034,lifeattiktok,20250814021115,https://lifeattiktok.com/search/7460056375336438034,200,detail,"e-Commerce Platform Integrity, Product Policy, and Compliance",include,integrity,,,,,,,
7460215367958350087,lifeattiktok,20250829063404,https://lifeattiktok.com/search/7460215367958350087,200,detail,"Sales Specialist, TikTok Shop Ads | SMB",drop,,,,,,,,
7460237670796413202,lifeattiktok,20250729205612,https://lifeattiktok.com/search/7460237670796413202,200,detail,"Senior Product Designer, Privacy & Content Ecosystem",drop,,,,,,,,
7460246235066124551,lifeattiktok,20250424085507,https://lifeattiktok.com/search/7460246235066124551?spread=5MWH5CQ&utm_source=Trust+and+Safety+Jobs,200,detail,Policy Training Development Specialist - Trust and Safety,include,trust and safety,,,,,,,
7460294006968502536,lifeattiktok,20250320074228,https://lifeattiktok.com/search/7460294006968502536?utm_source=Compete+Jobs+Board+by+Klue,200,detail,"Sales Enablement Partner, Global Business Solutions",drop,,,,,,,,
7460349093668587794,lifeattiktok,20250730223031,https://lifeattiktok.com/search/7460349093668587794,200,detail,Software Engineer - TikTok Platform (Singapore),drop,,,,,Singapore,Singapore,Singapore,
7460437943195404562,lifeattiktok,20250730032940,https://lifeattiktok.com/search/7460437943195404562,200,detail,Monetization Strategy and Operations - Commercial Incentive & Deal Strategy Associate,drop,,,,,,,,
7460584933112940807,lifeattiktok,20250729113743,https://lifeattiktok.com/search/7460584933112940807,200,detail,Agency Partnerships Manager - Global Business Solutions,drop,,,,,,,,
7460593585173235976,lifeattiktok,20250730230323,https://lifeattiktok.com/search/7460593585173235976,200,detail,"Brand Partnerships Manager, Apps & Services - Global Business Solutions",drop,,,,,,,,
7460637611653105928,lifeattiktok,20250730092702,https://lifeattiktok.com/search/7460637611653105928,200,detail,"Industry Client Solutions Manager (FMCG), Sydney",drop,,,,,,Sydney,Australia,"HTTPSConnectionPool(host='web.archive.org', port=443): Max retries exceeded with url: /web/20250730092702id_/https://lif"
7460829631332714759,lifeattiktok,20250730214901,https://lifeattiktok.com/search/7460829631332714759,200,detail,"Commercial Partnership Solutions Manager - Global Business Marketing, Japan",drop,,,,,Japan,,,
7460848949767899399,lifeattiktok,20250730075322,https://lifeattiktok.com/search/7460848949767899399,200,detail,"Industry Client Solutions Manager (Apps & Local Services), Sydney",drop,,,,,,Sydney,Australia,
7460986702582532359,lifeattiktok,20250506160240,https://lifeattiktok.com/search/7460986702582532359?_rsc=16c6u,200,js_shell,,unusable,,,,,,,,
7461096477626435858,lifeattiktok,20250730012628,https://lifeattiktok.com/search/7461096477626435858,200,detail,Agency Sales Project Intern (GBS-APEC-Agency&Strategic Enablement) - 2025 Start (BS/MS),drop,,,,,,,,
7461119653986158866,lifeattiktok,20250730073510,https://lifeattiktok.com/search/7461119653986158866,200,detail,Strategy Planning & Data Science Intern - 2025 Start,drop,,,,,,,,
7461813202695768327,lifeattiktok,20260726082729,https://lifeattiktok.com/search/7461813202695768327,200,detail,"Machine Learning Engineer Graduate, Trust and Safety Engineering - 2026 Start",include,trust and safety,,,,,,,
7461813875965610258,lifeattiktok,20250520030800,https://lifeattiktok.com/search/7461813875965610258?utm_source=Trust+and+Safety+Jobs,200,detail,"PhD Graduate Machine Learning Engineer Graduate, Trust and Safety Engineering - 2026 Start",include,trust and safety,,,,,,,
7461837515889133842,lifeattiktok,20250730225818,https://lifeattiktok.com/search/7461837515889133842,200,detail,TikTok Local Services - Travel Industry Manager (Commercial),drop,,,,,,,,
7461940666911688968,lifeattiktok,20250405102413,https://lifeattiktok.com/search/7461940666911688968,200,detail,"TikTok Shop - Senior Business Intelligence Analyst, Governance & Experience, EMEA",include,governance,,,,EMEA,,,
7461987475398232328,lifeattiktok,20250206234511,https://lifeattiktok.com/search/7461987475398232328,200,detail,"TikTok Commerce - Business Development Manager (German speaker), Fulfilment Solutions",drop,,,,german,,,,
7462028422455216392,lifeattiktok,20250724164005,https://lifeattiktok.com/search/7462028422455216392,200,detail,"Artist & Label Incubation Manager, Mexico",drop,,,,,Mexico,,,
7462504174149110023,lifeattiktok,20250225220118,https://lifeattiktok.com/search/7462504174149110023?spread=5MWH5CQ,200,detail,"Coordinator, Global Marketing Solutions",drop,,,,,,,,
7462667177037613320,lifeattiktok,20251117000535,https://lifeattiktok.com/search/7462667177037613320,200,detail,TikTok - Data Science(Data Foundation and System) - Singapore,drop,,,,,Singapore,Singapore,Singapore,
7463053576266418450,lifeattiktok,20250520024152,https://lifeattiktok.com/search/7463053576266418450?utm_source=Trust+and+Safety+Jobs,200,detail,Quality Analyst - German Speaker - Short Video ; Trust and Safety,include,trust and safety; quality analyst,,,german,,,,
7463117953527154962,lifeattiktok,20250801055404,https://lifeattiktok.com/search/7463117953527154962,200,detail,"Thailand Marketing Manager, SMB Marketing",drop,,,,,Thailand,,,
7463183219082086664,lifeattiktok,20250801012209,https://lifeattiktok.com/search/7463183219082086664,200,detail,"Backend Software Engineer, TikTok Ecosystem Platform",drop,,,,,,,,
7463186807560161554,lifeattiktok,20250801071902,https://lifeattiktok.com/search/7463186807560161554,200,detail,"Senior Software Engineer, TikTok Ecosystem Platform",drop,,,,,,,,
7463192315458488583,lifeattiktok,20250801005030,https://lifeattiktok.com/search/7463192315458488583,200,detail,TikTok Shop - Data Scientist - US,drop,,,,,United States,,,
7463306488632756487,lifeattiktok,20250307201320,https://lifeattiktok.com/search/7463306488632756487,200,detail,"Product Manager - TikTok Content Recommendation, Creator Governance",include,governance,,,,,,,
7463325030739757320,lifeattiktok,20250801124708,https://lifeattiktok.com/search/7463325030739757320,200,detail,LLM Model Operations & Prompt Engineering Intern - 2025 Start,drop,,,,,,,,"HTTPSConnectionPool(host='web.archive.org', port=443): Max retries exceeded with url: /web/20250801124708id_/https://lif"
7464401541660723464,lifeattiktok,20250801091838,https://lifeattiktok.com/search/7464401541660723464,200,detail,"Agency Partner - Growth Agency, GBS Japan",drop,,,,,Japan,,,
7464438430136371474,lifeattiktok,20250801064005,https://lifeattiktok.com/search/7464438430136371474,200,detail,"Client Partner - D2C, GBS Japan",drop,,,,,Japan,,,
7464481070504806664,lifeattiktok,20250520042335,https://lifeattiktok.com/search/7464481070504806664?utm_source=Trust+and+Safety+Jobs,200,detail,"Business Analyst (Analysis & Performance), Trust & Safety",include,trust & safety,,,,,,,
7464713928611203336,lifeattiktok,20250424090215,https://lifeattiktok.com/search/7464713928611203336,200,detail,"Senior Product Manager - TikTok Content Recommendation, Feed Quality",drop,,,,,,,,
7464754719577213191,lifeattiktok,20250405072745,https://lifeattiktok.com/search/7464754719577213191?spread=5MWH5CQ,200,detail,(General Hire) Software Engineer Intern (TikTok Eng) - 2025 Summer (BS/MS),drop,,,,,,,,
7464830082683685138,lifeattiktok,20250818084647,https://lifeattiktok.com/search/7464830082683685138,200,detail,"Data Scientist, PGC",drop,,,,,,,,
7464840510403479826,lifeattiktok,20250731214341,https://lifeattiktok.com/search/7464840510403479826,200,detail,"Software Engineer - Global CRM Platform, Opportunity and Forecast",drop,,,,,,,,
7464912895466735880,lifeattiktok,20250320091146,https://lifeattiktok.com/search/7464912895466735880?spread=5MWH5CQ,200,detail,Data Understanding Specialist - (Third Party Associate) - Arabic Market- Portugal,drop,,,,arabic,,,,
7465407157211973895,lifeattiktok,20250821034031,https://lifeattiktok.com/search/7465407157211973895,200,detail,"Data Engineer, Financial Crimes - USDS",drop,,,,,,,,
7465770552432167176,lifeattiktok,20250817035329,https://lifeattiktok.com/search/7465770552432167176,200,detail,Software Engineer Graduate (Ads Measurement Signal and Privacy Technology) - 2025 Start (BS/MS),drop,,,,,,,,
7465791908712630546,lifeattiktok,20250313005901,https://lifeattiktok.com/search/7465791908712630546,200,detail,"Product Management Lead, Performance Ads",drop,,,,,,,,
7465792787729484039,lifeattiktok,20250907141134,https://lifeattiktok.com/search/7465792787729484039,200,detail,"Senior Product Manager, Brand Ads",drop,,,,,,,,
7466015690841360658,lifeattiktok,20250801045001,https://lifeattiktok.com/search/7466015690841360658,200,detail,"TikTok Shop - Program Manager, E-Commerce Compliance, Governance & Experience, EMEA",include,governance,,,,EMEA,,,"HTTPSConnectionPool(host='web.archive.org', port=443): Max retries exceeded with url: /web/20250801045001id_/https://lif"
7466545326493862162,lifeattiktok,20250928232234,https://lifeattiktok.com/search/7466545326493862162,200,detail,Client Solutions Manager - Food & Nutrition - Berlin,drop,,,,,,Berlin,Germany,
7467206401364150536,lifeattiktok,20250813193818,https://lifeattiktok.com/search/7467206401364150536,200,detail,"Agency Solutions Manager | Dentsu, Horizon, & Independent Agencies - New York City",drop,,,,,,New York,United States,
7467349347282225416,lifeattiktok,20250411223118,https://lifeattiktok.com/search/7467349347282225416?_rsc=rekdd,200,js_shell,,unusable,,,,,,,,
7467388046025312519,lifeattiktok,20250821021633,https://lifeattiktok.com/search/7467388046025312519,200,detail,Commercial Product Risk Analyst Intern - 2025 Start,include,risk analyst,,,,,,,
7467392799278532871,lifeattiktok,20250520033210,https://lifeattiktok.com/search/7467392799278532871,200,detail,Machine Learning Engineer - TikTok BRIC,drop,,,,,,,,
7467396057833081096,lifeattiktok,20250821184519,https://lifeattiktok.com/search/7467396057833081096,200,detail,Commercial Product Policy Manager Intern - 2025 Start,include,policy manager,,,,,,,
7467446116645226760,lifeattiktok,20250813225433,https://lifeattiktok.com/search/7467446116645226760,200,detail,"TikTok Local Services - Creator Operations Manager, Seattle",drop,,,,,,Seattle,United States,
7467568289461111048,lifeattiktok,20250403215107,https://lifeattiktok.com/search/7467568289461111048,200,detail,"Program Manager, Regulatory Compliance - EMEA",drop,,,,,EMEA,,,
7467692500158810375,lifeattiktok,20250821213037,https://lifeattiktok.com/search/7467692500158810375,200,detail,Operations Project Intern (TikTok LIVE - LATAM) - 2025 Start (BS/MS),drop,,,,,LATAM,,,
7467695150505019655,lifeattiktok,20250814062943,https://lifeattiktok.com/search/7467695150505019655,200,detail,Site Reliability Engineer - USDS,exclude,,site reliability,,,,,,
7467873599120099591,lifeattiktok,20251016000021,https://lifeattiktok.com/search/7467873599120099591,200,detail,Sales Enablement & Analytics Project Intern (Global Business Solutions-CNOB & APAC & LATAM & METAP-APAC) - 2026 Start (BS/MS),drop,,,,,LATAM; APAC,,,
7468075498552330503,lifeattiktok,20250320071543,https://lifeattiktok.com/search/7468075498552330503?utm_source=MIT+Sloan+Career+Development+Office+job+board&utm_medium=getro.com&gh_src=MIT+Sloan+Career+Development+Office+job+board,200,detail,"Senior Product Manager, Content Classification - Trust & Safety - San Jose",include,trust & safety,,,,,San Jose,United States,
7468143073425099026,lifeattiktok,20250814194444,https://lifeattiktok.com/search/7468143073425099026,200,detail,Software Engineer Graduate (Ads ML Infrastructure) - 2025 Start (BS/MS),drop,,,,,,,,
7468149961335818504,lifeattiktok,20250828042753,https://lifeattiktok.com/search/7468149961335818504,200,detail,"Frontend Engineer Graduate, TikTok LIVE (Sydney) - 2026 Start (BS/MS)",drop,,,,,,Sydney,Australia,
7468217510451710216,lifeattiktok,20250813172450,https://lifeattiktok.com/search/7468217510451710216,200,detail,"Site Reliability Engineer, Monetization Technology",exclude,,site reliability,,,,,,
7468242158295599368,lifeattiktok,20250801050446,https://lifeattiktok.com/search/7468242158295599368,200,detail,SMB Account Manager - French Speaking,drop,,,,french,,,,
7468255540239878407,lifeattiktok,20250814203758,https://lifeattiktok.com/search/7468255540239878407,200,detail,Backend Engineer Intern (TikTok Search Architecture) - 2025 Start,drop,,,,,,,,
7468367294805543175,lifeattiktok,20250814100819,https://lifeattiktok.com/search/7468367294805543175,200,detail,"Client Partner, Key-Accounts, Mexico - Global Business Solutions",drop,,,,,Mexico,,,
7468437082718030098,lifeattiktok,20250623185624,https://lifeattiktok.com/search/7468437082718030098,200,detail,"Senior Software Engineer, Ads Measurement Signal and Privacy - Infra",drop,,,,,,,,
7468515971307129096,lifeattiktok,20250907124053,https://lifeattiktok.com/search/7468515971307129096,200,detail,"Senior Machine Learning Engineer, E-Commerce Risk Control - USDS",drop,,,,,,,,"HTTPSConnectionPool(host='web.archive.org', port=443): Max retries exceeded with url: /web/20250907124053id_/https://lif"
7468547980115888402,lifeattiktok,20250814182449,https://lifeattiktok.com/search/7468547980115888402,200,detail,TikTok LIVE - Campaign Operations Manager - Kazakhstan,drop,,,,,,,,
7468593661355280648,lifeattiktok,20250320072916,https://lifeattiktok.com/search/7468593661355280648?utm_source=MIT+Sloan+Career+Development+Office+job+board&utm_medium=getro.com&gh_src=MIT+Sloan+Career+Development+Office+job+board,200,detail,"Program Manager, Indonesia & Malaysia, Trust & Safety",include,trust & safety,,,,Indonesia; Malaysia,,,
7468653689385928968,lifeattiktok,20250814010558,https://lifeattiktok.com/search/7468653689385928968,200,detail,"TikTok Creator Acquisition & Incubation Project Intern, London, Immediate Start 2025",drop,,,,,,London,United Kingdom,
7468769208353491218,lifeattiktok,20260315113958,https://lifeattiktok.com/search/7468769208353491218?spread=5MWH5CQ,200,detail,Threat Disruption Analyst - Trust & Safety - New York,include,trust & safety,,,,,New York,United States,
7468807874878966023,lifeattiktok,20250814055724,https://lifeattiktok.com/search/7468807874878966023,200,detail,"Software Engineer, Inference Optimization - Trust and Safety",include,trust and safety,,,,,,,
7468825619943868679,lifeattiktok,20250814115256,https://lifeattiktok.com/search/7468825619943868679,200,detail,"Frontend Engineer, Ads Platform",drop,,,,,,,,
7468927991718054162,lifeattiktok,20250828205709,https://lifeattiktok.com/search/7468927991718054162,200,detail,TikTok Commerce - Category Lead,drop,,,,,,,,
7469616691187255559,lifeattiktok,20250814173627,https://lifeattiktok.com/search/7469616691187255559,200,detail,"TikTok LIVE - Global Customer Service Quality Analyst, Chinese Speaking",include,quality analyst,,,chinese,,,,
7469817227894638856,lifeattiktok,20251005070849,https://lifeattiktok.com/search/7469817227894638856,200,detail,Trading Manager EUI,drop,,,,,,,,
7469890359100901640,lifeattiktok,20250414194552,https://lifeattiktok.com/search/7469890359100901640,200,detail,"Lead Content Designer, Monetization",drop,,,,,,,,
7469918654824958216,lifeattiktok,20250814054138,https://lifeattiktok.com/search/7469918654824958216,200,detail,"Senior/Staff Big Data Storage and Computing Engineer, Recommendation Data Ecosystem",drop,,,,,,,,
7469932393169586440,lifeattiktok,20250814172824,https://lifeattiktok.com/search/7469932393169586440,200,detail,"Fullstack Software Engineer, Ads Platform",drop,,,,,,,,
7470053847172598024,lifeattiktok,20250410012124,https://lifeattiktok.com/search/7470053847172598024,200,detail,Shop | Tokopedia - Partner Acquisition Intern (Indonesia) - 2025 Start,drop,,,,,Indonesia,,,
7470065634655717650,lifeattiktok,20260609050533,https://lifeattiktok.com/search/7470065634655717650?spread=5MWH5CQ,200,detail,LIVE Product Designer Graduate-TikTok-2025 Start,drop,,,,,,,,
7470369306052954376,lifeattiktok,20250821170954,https://lifeattiktok.com/search/7470369306052954376,200,detail,TikTok Shop - Data Scientist - Creator Content Tools,drop,,,,,,,,"HTTPSConnectionPool(host='web.archive.org', port=443): Max retries exceeded with url: /web/20250821170954id_/https://lif"
7470403479480224007,lifeattiktok,20250814010918,https://lifeattiktok.com/search/7470403479480224007,200,detail,"Staff Machine Learning Engineer, Content Safety & Ecosystem -- Multimodality",include,content safety,,,,,,,
7470408781836323090,lifeattiktok,20260315071924,https://lifeattiktok.com/search/7470408781836323090?spread=5MWH5CQ&utm_source=levels.fyi,200,detail,Category Management Project Intern (TikTok Shop) - 2026 Start (BS/MS),drop,,,,,,,,
7470411308999919890,lifeattiktok,20250501175335,https://lifeattiktok.com/search/7470411308999919890,200,detail,"Senior Machine Learning Engineer, Content Safety & Ecosystem - Personalization",include,content safety,,,,,,,
7470413749330315527,lifeattiktok,20250813195237,https://lifeattiktok.com/search/7470413749330315527,200,detail,"Senior Machine Learning Engineer, Risk Management -Agentic AI",drop,,,,,,,,
7470563298955938056,lifeattiktok,20250321044708,https://lifeattiktok.com/search/7470563298955938056,200,detail,"Data Analyst Lead, TikTok Live - USDS",drop,,,,,,,,"HTTPSConnectionPool(host='web.archive.org', port=443): Max retries exceeded with url: /web/20250321044708id_/https://lif"
7470594614774024466,lifeattiktok,20250404183537,https://lifeattiktok.com/search/7470594614774024466,200,detail,"TikTok Data Center Operations Engineer Intern, Norway, June 2025",exclude,,data center,,,,,,
7470691141190945042,lifeattiktok,20250311090202,https://lifeattiktok.com/search/7470691141190945042,200,detail,Lead Product Manager - TikTok Vertical Search,drop,,,,,,,,
7470750442256468231,lifeattiktok,20250821072629,https://lifeattiktok.com/search/7470750442256468231,200,detail,Server Firmware Engineer (Firmware) - System Technologies and Engineering,drop,,,,,,,,
7470811894086535431,lifeattiktok,20250821213829,https://lifeattiktok.com/search/7470811894086535431,200,detail,"Creator Product Adoption Program Manager, Content Operations, Japan",drop,,,,,Japan,,,
7470856493589530898,lifeattiktok,20250801114642,https://lifeattiktok.com/search/7470856493589530898,200,detail,"Client Solutions Manager, Consumer Tech - Israel",drop,,,,,Israel,,,
7471010382401538322,lifeattiktok,20250821175122,https://lifeattiktok.com/search/7471010382401538322,200,detail,Senior Cyber Security Operations Center (CSOC) Analyst - USDS,drop,,,,,,,,
7471329521590110472,lifeattiktok,20250317133022,https://lifeattiktok.com/search/7471329521590110472,200,detail,Operations Analyst - USDS,drop,,,,,,,,
7472215434990897416,lifeattiktok,20250821131412,https://lifeattiktok.com/search/7472215434990897416,200,detail,Self-Service and Automation Specialist - 2025 Start,drop,,,,,,,,
7472397686169389330,lifeattiktok,20250821155626,https://lifeattiktok.com/search/7472397686169389330,200,detail,Europe Direct Tax Manager,drop,,,,,Europe,,,
7472458529434618130,lifeattiktok,20250821184812,https://lifeattiktok.com/search/7472458529434618130,200,detail,Product Manager Intern (TikTok-PGC)- 2025 Summer (BS/MS),drop,,,,,,,,
7472459133247113480,lifeattiktok,20250821202155,https://lifeattiktok.com/search/7472459133247113480,200,detail,Product Manager Intern (TikTok-Product-Open Platform)- 2025 Summer (BS/MS),drop,,,,,,,,
7472468864007440658,lifeattiktok,20251011183239,https://lifeattiktok.com/search/7472468864007440658?utm_source=Simplify,200,detail,Product Manager Intern (TikTok-Product-Social and Creation)- 2025 Summer (BS/MS),drop,,,,,,,,
7472468869685938439,lifeattiktok,20251011183056,https://lifeattiktok.com/search/7472468869685938439,200,detail,Product Manager Intern (TikTok-Search) - 2025 Summer (BS/MS),drop,,,,,,,,
7472486903355787528,lifeattiktok,20250821155331,https://lifeattiktok.com/search/7472486903355787528,200,detail,Product Manager Intern (TikTok-Search) - 2025 Summer (BS/MS),drop,,,,,,,,
7472532417904085255,lifeattiktok,20250420012902,https://lifeattiktok.com/search/7472532417904085255,200,detail,Commerce - Carrier Relationship Manager,drop,,,,,,,,"HTTPSConnectionPool(host='web.archive.org', port=443): Max retries exceeded with url: /web/20250420012902id_/https://lif"
7472602967054747922,lifeattiktok,20260421224412,https://lifeattiktok.com/search/7472602967054747922,200,detail,"CSM Support, Project Intern (GBS-APAC-Japan-Client Solutions) - 2025 Start (BS/MS)",drop,,,,,Japan; APAC,,,
7472817854204004616,lifeattiktok,20250404001335,https://lifeattiktok.com/search/7472817854204004616?spread=5MWH5CQ,200,detail,"Creators and Partners Ecosystem - Creative Product Operations, LATAM",drop,,,,,LATAM,,,
7472822228641253640,lifeattiktok,20250415180236,https://lifeattiktok.com/search/7472822228641253640,200,detail,(General Hire) UX Design Intern (TikTok-Design) - 2025 Summer (BS/MS),drop,,,,,,,,
7472846396270659847,lifeattiktok,20250907163911,https://lifeattiktok.com/search/7472846396270659847,200,detail,"Senior Product Manager - Teens, Kids and Family Experience",drop,,,,,,,,
7472896415632722184,lifeattiktok,20250424103033,https://lifeattiktok.com/search/7472896415632722184?utm_source=www.the79newsletter.com&utm_medium=referral&utm_campaign=did-xai-lie-about-grok-3,200,detail,Machine Learning Engineer - Search Engine - E-Commerce Alliance,drop,,,,,,,,"HTTPSConnectionPool(host='web.archive.org', port=443): Max retries exceeded with url: /web/20250424103033id_/https://lif"
7472934401123584274,lifeattiktok,20250725033430,https://lifeattiktok.com/search/7472934401123584274,200,detail,Software Engineer Intern (TikTok - Privacy and Security) - 2025 Start (BS/MS),drop,,,,,,,,
7472991757866567944,lifeattiktok,20250420115013,https://lifeattiktok.com/search/7472991757866567944,200,detail,Agency Solutions Manager - Advertising Product、GBS Japan,drop,,,,,Japan,,,
7472994873588058375,lifeattiktok,20251004063126,https://lifeattiktok.com/search/7472994873588058375,200,detail,Backend Engineer — Edge Computing Resource Management Platform,drop,,,,,,,,
7473021069018237191,lifeattiktok,20260315110122,https://lifeattiktok.com/search/7473021069018237191?spread=5MWH5CQ,200,detail,Data Science intern (TikTok-Product-Data Science-UG Mid-Platform-US) - 2025 Start (BS/MS),drop,,,,,,,,
7473203615076354312,lifeattiktok,20250324193207,https://lifeattiktok.com/search/7473203615076354312?_rsc=16c6u,200,js_shell,,unusable,,,,,,,,
7473300892659206407,lifeattiktok,20251011183241,https://lifeattiktok.com/search/7473300892659206407?utm_source=Simplify,200,detail,Product Manager Intern (TikTok LIVE-Ecosystem Governance) - 2025 Summer (BS/MS),include,governance,,,,,,,
7473326321289824520,lifeattiktok,20251016005216,https://lifeattiktok.com/search/7473326321289824520,200,detail,Machine Learning Engineer Intern (App Ads and Gaming) - 2025 Summer / Fall (BS/MS),drop,,,,,,,,
7473328589401606408,lifeattiktok,20250809031234,https://lifeattiktok.com/search/7473328589401606408,200,detail,Machine Learning Engineer Intern (Lead Ads) - 2025 Summer (BS/MS),drop,,,,,,,,
7473331194626492680,lifeattiktok,20260315112118,https://lifeattiktok.com/search/7473331194626492680?spread=5MWH5CQ,200,detail,Machine Learning Engineer Intern (Search Ads) - 2025 Summer (BS/MS),drop,,,,,,,,
7473334964256393479,lifeattiktok,20260506185324,https://lifeattiktok.com/search/7473334964256393479,200,detail,Software Engineer Intern (Ads Interface and Platform) - 2026 Summer (BS/MS),drop,,,,,,,,
7473337388929861906,lifeattiktok,20250705024051,https://lifeattiktok.com/search/7473337388929861906,200,detail,Machine Learning Engineer Intern (Commerce Ads) - 2025 Summer (BS/MS),drop,,,,,,,,
7473342040157194514,lifeattiktok,20250705024207,https://lifeattiktok.com/search/7473342040157194514?_rsc=1vey8,200,js_shell,,unusable,,,,,,,,
7473364196650961170,lifeattiktok,20250829112530,https://lifeattiktok.com/search/7473364196650961170,200,detail,Machine Learning (LLM Application) - Global Live - Operation Intelligence Intern- 2025 Start,drop,,,,,,,,
7473405344409733394,lifeattiktok,20250829093256,https://lifeattiktok.com/search/7473405344409733394,200,detail,TikTok LIVE Agency Operation Leader - MENA,drop,,,,,MENA,,,
7473598219182065938,lifeattiktok,20250416044642,https://lifeattiktok.com/search/7473598219182065938,200,detail,Privacy & Data Compliance Specialist - USDS,drop,,,,,,,,
7473617585256401160,lifeattiktok,20250829002657,https://lifeattiktok.com/search/7473617585256401160,200,detail,Secure Software Development Lifecycle Specialist - USDS,drop,,,,,,,,
7473967395750938887,lifeattiktok,20250828175104,https://lifeattiktok.com/search/7473967395750938887,200,detail,Insider Risk Investigator - USDS,drop,,,,,,,,
7473999820283529490,lifeattiktok,20250828092417,https://lifeattiktok.com/search/7473999820283529490,200,detail,TikTok Shop - Data Scientist - Search,drop,,,,,,,,
7474817095076350215,lifeattiktok,20250828233521,https://lifeattiktok.com/search/7474817095076350215,200,detail,Content Design Intern (TikTok-Design) - 2025 Start,drop,,,,,,,,
7474819476413155591,lifeattiktok,20250829172236,https://lifeattiktok.com/search/7474819476413155591,200,detail,TikTok Shop - Seller Growth Strategist,drop,,,,,,,,"HTTPSConnectionPool(host='web.archive.org', port=443): Max retries exceeded with url: /web/20250829172236id_/https://lif"
7474820022977431815,lifeattiktok,20251030102201,https://lifeattiktok.com/search/7474820022977431815?spread=128SD3R,200,detail,Product Designer Intern (TikTok-Design) - 2026 Start,drop,,,,,,,,
7474821022249470216,lifeattiktok,20251030102220,https://lifeattiktok.com/search/7474821022249470216?spread=128SD3R,200,detail,3D/Motion Design Intern (TikTok-Design-LIVE) - 2026 Start,drop,,,,,,,,
7474963943467878664,lifeattiktok,20250823032900,https://lifeattiktok.com/search/7474963943467878664?spread=5MWH5CQ&utm_source=levels.fyi,200,detail,Product Manager Intern (TikTok-Live-Revenue) - 2025 Start,drop,,,,,,,,
7474973388650432786,lifeattiktok,20260421234726,https://lifeattiktok.com/search/7474973388650432786,200,detail,TikTok Shop-Product Marketing Graduate,drop,,,,,,,,
7475089379565259015,lifeattiktok,20250613134404,https://lifeattiktok.com/search/7475089379565259015?spread=5MWH5CQ,200,detail,"Data Analyst, Litigation - USDS",drop,,,,,,,,
7475130354514020615,lifeattiktok,20251030102204,https://lifeattiktok.com/search/7475130354514020615?spread=128SD3R,200,detail,"Machine Learning Engineer Intern, Data Trust & Safety (Australia) - 2026 Start",include,trust & safety,,,,Australia,,,
7475153170865490183,lifeattiktok,20250908202726,https://lifeattiktok.com/search/7475153170865490183,200,detail,"Tech Lead Machine Learning Engineer - GenAI Post Train, Monetization Generative AI",drop,,,,,,,,
7475217954280720658,lifeattiktok,20250226215642,https://lifeattiktok.com/search/7475217954280720658,200,detail,"Client Solutions Manager, Services Industry - Global Business Solutions - South Africa",drop,,,,,Africa,,,
7475321671245039879,lifeattiktok,20250506160240,https://lifeattiktok.com/search/7475321671245039879?_rsc=16c6u,200,js_shell,,unusable,,,,,,,,
7475329880101390610,lifeattiktok,20250406020709,https://lifeattiktok.com/search/7475329880101390610,200,detail,Regional Operations Summer Intern (Graduate-to-Hire Program)- TikTok LIVE - London,drop,,,,,,London,United Kingdom,
7475330730153068818,lifeattiktok,20250829144213,https://lifeattiktok.com/search/7475330730153068818,200,detail,Operations Summer Intern (Graduate-to-Hire Program) - TikTok LIVE - Munich,drop,,,,,,,,
7475359367719160071,lifeattiktok,20250406112526,https://lifeattiktok.com/search/7475359367719160071,200,detail,Data Science Intern (TikTok-Product-Data Science-Vertical) - 2025 Start,drop,,,,,,,,
7475362885625252114,lifeattiktok,20250303073207,https://lifeattiktok.com/search/7475362885625252114?_rsc=rekdd,200,js_shell,,unusable,,,,,,,,
7475367321700534535,lifeattiktok,20250828150523,https://lifeattiktok.com/search/7475367321700534535,200,detail,TikTok Live Regional Operation Manager Intern（Thailand）- 2025 Start,drop,,,,,Thailand,,,
7475409235393022215,lifeattiktok,20250829122401,https://lifeattiktok.com/search/7475409235393022215,200,detail,TikTok Commerce Account Manager - Home & Living,drop,,,,,,,,
7475426178994374919,lifeattiktok,20250829062913,https://lifeattiktok.com/search/7475426178994374919,200,detail,Product Manager Graduate (TikTok-Product-Social and Creation) - 2025 Start (MBA),drop,,,,,,,,
7475432151909042440,lifeattiktok,20250228154033,https://lifeattiktok.com/search/7475432151909042440?spread=5MWH5CQ,200,detail,"Data Science Manager, Risk Detection - USDS",drop,,,,,,,,
7475476014311835912,lifeattiktok,20250828221150,https://lifeattiktok.com/search/7475476014311835912,200,detail,"UK, MSO Manager",drop,,,,,,,,
7475480155910752519,lifeattiktok,20250705024207,https://lifeattiktok.com/search/7475480155910752519?_rsc=1vey8,200,js_shell,,unusable,,,,,,,,
7475483370308192519,lifeattiktok,20250304102841,https://lifeattiktok.com/search/7475483370308192519,200,detail,Privacy Integration Specialist - USDS,drop,,,,,,,,"HTTPSConnectionPool(host='web.archive.org', port=443): Max retries exceeded with url: /web/20250304102841id_/https://lif"
7475486168176462088,lifeattiktok,20250307185113,https://lifeattiktok.com/search/7475486168176462088,200,detail,Privacy Integration Specialist - USDS,drop,,,,,,,,
7475507946153019655,lifeattiktok,20250725053959,https://lifeattiktok.com/search/7475507946153019655,200,detail,Content Designer - Privacy,drop,,,,,,,,
7475518289738156306,lifeattiktok,20250613140038,https://lifeattiktok.com/search/7475518289738156306?utm_source=early-talent.diversifytech.com&utm_medium=referral&utm_campaign=student-edition-issue-202,200,detail,TikTok Shop - Data Scientist - Shopping Center,drop,,,,,,,,
7475527645810329874,lifeattiktok,20250303073207,https://lifeattiktok.com/search/7475527645810329874?_rsc=rekdd,200,js_shell,,unusable,,,,,,,,
7475560163546581266,lifeattiktok,20250617185038,https://lifeattiktok.com/search/7475560163546581266,200,detail,Ad Policy Intern - 2025 Start,drop,,,,,,,,
7475578168724982034,lifeattiktok,20250519100710,https://lifeattiktok.com/search/7475578168724982034,200,detail,TikTok Shop - Content Designer,drop,,,,,,,,
7475583170420295943,lifeattiktok,20251114110045,https://lifeattiktok.com/search/7475583170420295943?spread=5MWH5CQ,200,detail,"Frontend Software Engineer, Data Platform - 2025 Start",drop,,,,,,,,
7475598764213094664,lifeattiktok,20250829214403,https://lifeattiktok.com/search/7475598764213094664,200,detail,Multimodal Large Model Application Engineer intern - 2025 Start,drop,,,,,,,,
7475607090779670802,lifeattiktok,20250324193207,https://lifeattiktok.com/search/7475607090779670802?_rsc=16c6u,200,js_shell,,unusable,,,,,,,,
7475609173297727762,lifeattiktok,20250324193207,https://lifeattiktok.com/search/7475609173297727762?_rsc=16c6u,200,js_shell,,unusable,,,,,,,,
7475648858237683986,lifeattiktok,20250829183825,https://lifeattiktok.com/search/7475648858237683986,200,detail,"Machine Learning Engineer (Conversational AI) Intern, TikTok Global E-Commerce - 2025 Start",drop,,,,,,,,
7475650854226807047,lifeattiktok,20250829164147,https://lifeattiktok.com/search/7475650854226807047,200,detail,HR Operations Advisor - HR Operations - Pessoas Com Deficiência (PCD),drop,,,,,,,,
7475690431487396103,lifeattiktok,20250504103354,https://lifeattiktok.com/search/7475690431487396103,200,detail,MENA Content Marketing Intern (Graduate-to-Hire Program) - TikTok LIVE - Dubai,drop,,,,,MENA,Dubai,United Arab Emirates,
7475694529799227655,lifeattiktok,20250828092005,https://lifeattiktok.com/search/7475694529799227655,200,detail,Growth Operation Summer Intern - (Graduate-to-Hire Program)- TikTok LIVE - Dubai,drop,,,,,MENA,Dubai,United Arab Emirates,
7475700668889401608,lifeattiktok,20250829191152,https://lifeattiktok.com/search/7475700668889401608,200,detail,Data& Strategy Team Intern,drop,,,,,,,,
7475758445267273992,lifeattiktok,20250907184147,https://lifeattiktok.com/search/7475758445267273992,200,detail,Search Ads Product Operations Specialist - Trust & Safety,include,trust & safety,,,,,,,
7475760922939066631,lifeattiktok,20250414104253,https://lifeattiktok.com/search/7475760922939066631,200,detail,TikTok Shop - Content Designer,drop,,,,,,,,
7475764774890981640,lifeattiktok,20250408183739,https://lifeattiktok.com/search/7475764774890981640,200,detail,TikTok Shop - Content Designer,drop,,,,,,,,
7475946164497205512,lifeattiktok,20251003171634,https://lifeattiktok.com/search/7475946164497205512?spread=5MWH5CQ%5Cu0026ref%3Dlevels.fyi%5Cu0026src%3Dlevels.fyi%5Cu0026utm_source%3Dlevels.fyi,200,detail,"Graduate Mobile Engineer, TikTok LIVE (Sydney) - 2026 Start",drop,,,,,,Sydney,Australia,
7476133371896498440,lifeattiktok,20250731194520,https://lifeattiktok.com/search/7476133371896498440,200,detail,TikTok Shop - SAM Category Operations Manager,drop,,,,,,,,"HTTPSConnectionPool(host='web.archive.org', port=443): Max retries exceeded with url: /web/20250731194520id_/https://lif"
7476320752120563976,lifeattiktok,20250506160240,https://lifeattiktok.com/search/7476320752120563976?_rsc=16c6u,200,js_shell,,unusable,,,,,,,,
7476341885049637128,lifeattiktok,20250908093053,https://lifeattiktok.com/search/7476341885049637128,200,detail,"Backend Software Engineer, Asset Services",drop,,,,,,,,
7476356273534732552,lifeattiktok,20250326192033,https://lifeattiktok.com/search/7476356273534732552,200,detail,France Operations Intern (Graduate-to-Hire Program)- TikTok LIVE - Paris,drop,,,,,France,Paris,France,
7476391089550395666,lifeattiktok,20250907184354,https://lifeattiktok.com/search/7476391089550395666,200,detail,TikTok Shop - Data Scientist - US Operations,drop,,,,,,,,
7476399586195245320,lifeattiktok,20250829092449,https://lifeattiktok.com/search/7476399586195245320,200,detail,Commerce Marketing Team Lead - NA SMB,drop,,,,,,,,
7476402080979241234,lifeattiktok,20250828223803,https://lifeattiktok.com/search/7476402080979241234,200,detail,Commerce Marketing Team Lead - NA SMB,drop,,,,,,,,
7476454166090746130,lifeattiktok,20260114201719,https://lifeattiktok.com/search/7476454166090746130,200,detail,"Solutions Engineer, METAP",drop,,,,,,,,
7476598354597923080,lifeattiktok,20250725132146,https://lifeattiktok.com/search/7476598354597923080,200,detail,"Tax Technology Manager, E-Commerce - USDS",drop,,,,,,,,
7476854644494485767,lifeattiktok,20250908154811,https://lifeattiktok.com/search/7476854644494485767,200,detail,Business Operations Manager - Small and Medium Business,drop,,,,,,,,
7477411371824400647,lifeattiktok,20250908001440,https://lifeattiktok.com/search/7477411371824400647,200,detail,Senior Machine Learning Engineer - TikTok Content Ecology,drop,,,,,,,,
7477412526033619208,lifeattiktok,20250908052714,https://lifeattiktok.com/search/7477412526033619208,200,detail,Machine Learning Engineer - TikTok Content Ecology,drop,,,,,,,,
7477614274559379720,lifeattiktok,20250908012641,https://lifeattiktok.com/search/7477614274559379720,200,detail,"Backend Engineer Intern, Ads Data - 2025 Start",drop,,,,,,,,
7477763963695941895,lifeattiktok,20250908072050,https://lifeattiktok.com/search/7477763963695941895,200,detail,"Policy Specialist, Customer Support - Trust and Safety",include,trust and safety; policy specialist,,,,,,,
7477823729822812424,lifeattiktok,20250907150542,https://lifeattiktok.com/search/7477823729822812424,200,detail,Search & Account Safety Operations QT - Korean Speaker,include,safety operations,,,korean,,,,
7477924098859157767,lifeattiktok,20250405150104,https://lifeattiktok.com/search/7477924098859157767?spread=5MWH5CQ&utm_source=Trust+and+Safety+Jobs,200,detail,TikTok LIVE - Content Quality Assurance Specialist (Russian Speaking),include,content quality,,,russian,,,,
7478106032707848456,lifeattiktok,20250908122515,https://lifeattiktok.com/search/7478106032707848456,200,detail,Machine Learning Engineer Intern (Search E-commerce) - 2025 Summer (PhD),drop,,,,,,,,
7478106048383387911,lifeattiktok,20260315104105,https://lifeattiktok.com/search/7478106048383387911?spread=5MWH5CQ,200,detail,Machine Learning Engineer Intern (Search E-commerce) - 2025 Summer (MS),drop,,,,,,,,
7478145121248512263,lifeattiktok,20250429072829,https://lifeattiktok.com/search/7478145121248512263?_rsc=5m079,200,js_shell,,unusable,,,,,,,,
7478174818136000776,lifeattiktok,20250920111247,https://lifeattiktok.com/search/7478174818136000776?utm_source=levels.fyi&spread=5MWH5CQ,200,detail,Data Engineer Intern (Ads Data) - 2025 Summer (BS/MS),drop,,,,,,,,
7478220754275928338,lifeattiktok,20251118004351,https://lifeattiktok.com/search/7478220754275928338?utm_source=levels.fyi&spread=5MWH5CQ,200,detail,Machine Learning Engineer Intern (Search E-commerce) - 2025 Summer (PhD),drop,,,,,,,,"HTTPSConnectionPool(host='web.archive.org', port=443): Max retries exceeded with url: /web/20251118004351id_/https://lif"
7478221136875751687,lifeattiktok,20250908110059,https://lifeattiktok.com/search/7478221136875751687,200,detail,Data Understanding Specialist - 2025 Start,drop,,,,,,,,
7478251350842427655,lifeattiktok,20250729195141,https://lifeattiktok.com/search/7478251350842427655?utm_source=levels.fyi&spread=5MWH5CQ,200,detail,Business Data Analyst Intern-GBS APAC - 2025 Start,drop,,,,,APAC,,,
7478281512959461640,lifeattiktok,20250917144137,https://lifeattiktok.com/search/7478281512959461640,404,js_shell,Wayback Machine,unusable,,,,,,,,
7478599213392251154,lifeattiktok,20250820120146,https://lifeattiktok.com/search/7478599213392251154?utm_source=Simplify,200,detail,Data Science intern (TikTok-Product-Data Science-Interaction-US) - 2025 Start (BS/MS),drop,,,,,,,,
7478634770701191431,lifeattiktok,20250920212125,https://lifeattiktok.com/search/7478634770701191431,200,detail,Creator Management Project Intern (TikTok Shop - Japan) - 2025 Start (BS/MS),drop,,,,,Japan,,,
7478732215992862984,lifeattiktok,20250426162414,https://lifeattiktok.com/search/7478732215992862984,200,detail,Sr. Network and Web Application Security Specialist,drop,,,,,,,,
7479124922725157127,lifeattiktok,20251011183238,https://lifeattiktok.com/search/7479124922725157127?utm_source=Simplify,200,detail,Product Manager Intern (TikTok LIVE-Ecosystem Governance)- 2025 Summer (MBA),include,governance,,,,,,,
7479124923047741704,lifeattiktok,20250613133506,https://lifeattiktok.com/search/7479124923047741704?utm_source=www.interninsider.me&utm_medium=referral&utm_campaign=apply-35-new-internships-hackathon-with-100-000-in-prizes,200,detail,Ad Data Solutions Intern (Global Business Solutions - Data Analytics) - 2025 Summer/Fall (BS/MS),drop,,,,,,,,
7479128469718173970,lifeattiktok,20250520041250,https://lifeattiktok.com/search/7479128469718173970,200,detail,Product Manager Intern (TikTok-Product Infrastructure) - 2025 Summer (MBA),drop,,,,,,,,
7479129641305164040,lifeattiktok,20250520040409,https://lifeattiktok.com/search/7479129641305164040,200,detail,Data Science Intern (TikTok-User Growth) - 2025 Summer (MBA),drop,,,,,,,,
7479130414049855752,lifeattiktok,20251011183059,https://lifeattiktok.com/search/7479130414049855752,200,detail,Product Manager Intern (TikTok-Product-Social and Creation) - 2025 Summer (MBA),drop,,,,,,,,
7479131428598270216,lifeattiktok,20251011183239,https://lifeattiktok.com/search/7479131428598270216?utm_source=Simplify,200,detail,Product Manager Intern (TikTok-Product-Content Ecosystem)- 2025 Summer (MBA),drop,,,,,,,,
7479131433425848583,lifeattiktok,20260315104557,https://lifeattiktok.com/search/7479131433425848583?spread=5MWH5CQ,200,detail,Data Science Intern (TikTok-Product-Data Science)- 2025 Summer (MBA),drop,,,,,,,,
7479135832759470354,lifeattiktok,20251011183055,https://lifeattiktok.com/search/7479135832759470354,200,detail,Product Manager Intern (TikTok-PGC) - 2025 Summer (MBA),drop,,,,,,,,
7480009640764950791,lifeattiktok,20251024142454,https://lifeattiktok.com/search/7480009640764950791,200,detail,Frontend Software Engineer (Payment) - TikTok Live - Singapore,drop,,,,,Singapore,Singapore,Singapore,
7480560137469528338,lifeattiktok,20250520041426,https://lifeattiktok.com/search/7480560137469528338?utm_source=Trust+and+Safety+Jobs,200,detail,"LPO Triage Specialist, Japanese - Trust & Safety",include,trust & safety,,,japanese,,,,
7480683150084245778,lifeattiktok,20250520030234,https://lifeattiktok.com/search/7480683150084245778?spread=5MWH5CQ&utm_source=Trust+and+Safety+Jobs,200,detail,"Content Quality Analyst, TikTok LIVE (Spanish Speaking)",include,content quality; quality analyst,,,spanish,,,,
7480719007667210503,lifeattiktok,20250414171820,https://lifeattiktok.com/search/7480719007667210503,200,detail,Employee Relations Lead - TikTok USDS,drop,,,,,,,,
7480779960623008018,lifeattiktok,20260902100929,https://lifeattiktok.com/search/7480779960623008018?utm_source=Simplify,200,detail,Software Engineer Graduate (Brand Ads) - 2025 Start (BS/MS),drop,,,,,,,,
7480823977766635784,lifeattiktok,20250404070618,https://lifeattiktok.com/search/7480823977766635784,200,detail,ADSEO Quality Assurance - English (12-Month Maternity Cover),drop,,,,english,,,,"HTTPSConnectionPool(host='web.archive.org', port=443): Max retries exceeded with url: /web/20250404070618id_/https://lif"
7480870876894071048,lifeattiktok,20250821154304,https://lifeattiktok.com/search/7480870876894071048,200,detail,Agency Partnership Manager - Global Business Solutions - Spain,drop,,,,,Spain,,,
7481065388328880402,lifeattiktok,20250506160240,https://lifeattiktok.com/search/7481065388328880402?_rsc=16c6u,200,js_shell,,unusable,,,,,,,,
7481085672389691656,lifeattiktok,20250414030158,https://lifeattiktok.com/search/7481085672389691656,200,detail,"Client Solutions Manager, Financial Services - Global Business Solutions - Los Angeles",drop,,,,,,Los Angeles,United States,
7481173066262300936,lifeattiktok,20250611183829,https://lifeattiktok.com/search/7481173066262300936,200,detail,TikTok Live Japan Creator Management Intern - 2025 Start,drop,,,,,Japan,,,
7481201439488051474,lifeattiktok,20250323085905,https://lifeattiktok.com/search/7481201439488051474,200,detail,"Interconnection Manager, Americas",drop,,,,,,,,
7481253897567734034,lifeattiktok,20250624094255,https://lifeattiktok.com/search/7481253897567734034?_rsc=1rfdr,200,js_shell,,unusable,,,,,,,,
7481258751816485128,lifeattiktok,20250413130706,https://lifeattiktok.com/search/7481258751816485128,200,detail,Growth Manager - Global Gaming TikTok Japan,drop,,,,,Japan,,,
7481307240956610834,lifeattiktok,20250520031655,https://lifeattiktok.com/search/7481307240956610834?utm_source=Trust+and+Safety+Jobs,200,detail,"Partner Management - Quality Analyst, T&S",include,t&s; quality analyst,,,,,,,
7481313788936603912,lifeattiktok,20250520033702,https://lifeattiktok.com/search/7481313788936603912?utm_source=Trust+and+Safety+Jobs,200,detail,"Senior Manager, eCommerce - Public Policy & Government Affairs - Brussels",include,public policy,,,,,,,
7481687949492586770,lifeattiktok,20250520041944,https://lifeattiktok.com/search/7481687949492586770,200,detail,"Senior Manager, Societal Safety - Government Relations and Public Policy - DACH",include,public policy,,,,Germany,,,
7481734328092870930,lifeattiktok,20250414000818,https://lifeattiktok.com/search/7481734328092870930,200,detail,Compliance Technical Program Manager - USDS,drop,,,,,,,,
7481737762128185608,lifeattiktok,20250730091124,https://lifeattiktok.com/search/7481737762128185608,200,detail,Compliance Analyst - USDS,drop,,,,,,,,
7481788705612155143,lifeattiktok,20250324193206,https://lifeattiktok.com/search/7481788705612155143?_rsc=16c6u,200,js_shell,,unusable,,,,,,,,
7481807242333817106,lifeattiktok,20250402072121,https://lifeattiktok.com/search/7481807242333817106?spread=5MWH5CQ,200,detail,Public Policy Intern (Global Public Policy) - 2025 Start (BS/MS),include,public policy,,,,,,,
7482672609936312583,lifeattiktok,20250401164450,https://lifeattiktok.com/search/7482672609936312583,200,detail,Content Moderator - Block (Shift),include,content moderat*; moderat*,,,,,,,
7482724555980818696,lifeattiktok,20250814162630,https://lifeattiktok.com/search/7482724555980818696,200,detail,"Global Emergency Response Team Specialist (Japanese speaking), Trust & Safety",include,trust & safety,,,japanese,,,,
7482727144511867154,lifeattiktok,20250520031425,https://lifeattiktok.com/search/7482727144511867154?utm_source=Trust+and+Safety+Jobs,200,detail,"Global Emergency Response Team Specialist (Spanish speaking), Trust & Safety",include,trust & safety,,,spanish,,,,
7482782360410622216,lifeattiktok,20250920073235,https://lifeattiktok.com/search/7482782360410622216,200,detail,TikTok Shop - Creator Project Operations Intern (Malaysia) - 2025 Start,drop,,,,,Malaysia,,,
7482791277445564679,lifeattiktok,20250920072723,https://lifeattiktok.com/search/7482791277445564679,200,detail,"Shop | Tokopedia - Retail Enabler, Business Development Intern - (Indonesia) - 2025 Start",drop,,,,,Indonesia,,,
7482821717053966599,lifeattiktok,20250705024014,https://lifeattiktok.com/search/7482821717053966599,200,detail,(General Hire) Machine Learning Engineer Intern (Commerce& Content Service & Search Ads) - 2025 Summer/Fall (BS/MS),drop,,,,,,,,"HTTPSConnectionPool(host='web.archive.org', port=443): Max retries exceeded with url: /web/20250705024014id_/https://lif"
7482821724595554567,lifeattiktok,20250324193207,https://lifeattiktok.com/search/7482821724595554567?_rsc=16c6u,200,js_shell,,unusable,,,,,,,,
7482856511887231239,lifeattiktok,20250324193206,https://lifeattiktok.com/search/7482856511887231239?_rsc=16c6u,200,js_shell,,unusable,,,,,,,,
7482882393796512008,lifeattiktok,20250920044518,https://lifeattiktok.com/search/7482882393796512008,200,detail,Monetization Strategy Planning & Analytics Manager - Mexico City,drop,,,,,Mexico,Mexico City,Mexico,
7483007563593058567,lifeattiktok,20250928173243,https://lifeattiktok.com/search/7483007563593058567,200,detail,Shop|Tokopedia - Risk Control Strategy Operation (Account Security),drop,,,,,,,,
7483147547218725138,lifeattiktok,20250613123724,https://lifeattiktok.com/search/7483147547218725138?utm_source=early-talent.diversifytech.com&utm_medium=referral&utm_campaign=student-edition-issue-206,200,detail,Data Engineer Graduate (Ads Data Application) - 2025 Start (BS/MS),drop,,,,,,,,
7483231893144930567,lifeattiktok,20250911110441,https://lifeattiktok.com/search/7483231893144930567,200,detail,Protective Intelligence Analyst - USDS,drop,,,,,,,,
7483235532836735250,lifeattiktok,20250908033154,https://lifeattiktok.com/search/7483235532836735250,200,detail,"Product Management Lead, Brand Ads",drop,,,,,,,,
7483319193816910088,lifeattiktok,20250324193206,https://lifeattiktok.com/search/7483319193816910088?_rsc=16c6u,200,js_shell,,unusable,,,,,,,,
7483343729630202130,lifeattiktok,20250829061748,https://lifeattiktok.com/search/7483343729630202130,200,detail,"Software Engineer, Ads Infra - Serving and Foundation",drop,,,,,,,,
7483344316989884679,lifeattiktok,20250829155913,https://lifeattiktok.com/search/7483344316989884679,200,detail,"Senior Software Engineer, Ads Infra - Serving and Foundation",drop,,,,,,,,
7483450578430183687,lifeattiktok,20250506160240,https://lifeattiktok.com/search/7483450578430183687?_rsc=16c6u,200,js_shell,,unusable,,,,,,,,
7483533225161705746,lifeattiktok,20250627112954,https://lifeattiktok.com/search/7483533225161705746,200,detail,EU LIVE Strategy Manager - TikTok LIVE - London,drop,,,,,,London,United Kingdom,
7483552345931499784,lifeattiktok,20250928150431,https://lifeattiktok.com/search/7483552345931499784,200,detail,Senior Legal Counsel - eCommerce - London,drop,,,,,,London,United Kingdom,
7483573960875346184,lifeattiktok,20250520033928,https://lifeattiktok.com/search/7483573960875346184?utm_source=Trust+and+Safety+Jobs,200,detail,"Head of Risk Containment, Trust & Safety",include,trust & safety,,,,,,,
7483595794231462152,lifeattiktok,20250429072651,https://lifeattiktok.com/search/7483595794231462152?_rsc=y0xka,200,js_shell,,unusable,,,,,,,,
7483748420286859527,lifeattiktok,20251214225545,https://lifeattiktok.com/search/7483748420286859527?spread=5MWH5CQ,200,detail,Software Engineer Intern (Lead Ads) - 2025 Fall (BS/MS),drop,,,,,,,,
7483946597417470215,lifeattiktok,20250424095112,https://lifeattiktok.com/search/7483946597417470215?spread=XKM9ZXE,200,detail,"Legal Policy Operations Triage Lead, Americas - Trust and Safety",include,trust and safety; policy operations,,,,,,,
7484029564059863303,lifeattiktok,20250928101521,https://lifeattiktok.com/search/7484029564059863303,200,detail,TikTok Shop - Product Operations Manager,drop,,,,,,,,
7484144564481001735,lifeattiktok,20250928225344,https://lifeattiktok.com/search/7484144564481001735,200,detail,"LLM（Large Language Model） Engineer, TikTok Search Intern - 2025 Start",drop,,,,,,,,
7484165363631311112,lifeattiktok,20250418000208,https://lifeattiktok.com/search/7484165363631311112,200,detail,User Growth Data Scientist (Recommended Direction),drop,,,,,,,,"HTTPSConnectionPool(host='web.archive.org', port=443): Max retries exceeded with url: /web/20250418000208id_/https://lif"
7484166922637576456,lifeattiktok,20250415160105,https://lifeattiktok.com/search/7484166922637576456,200,detail,"TikTok Shop - Creator Operation Lead (Singapore, E-Commerce)",drop,,,,,Singapore,Singapore,Singapore,
7484170592070240530,lifeattiktok,20250928133754,https://lifeattiktok.com/search/7484170592070240530,200,detail,"Tech Lead Manager, Site Reliability Engineer, Product - USDS",exclude,,site reliability,,,,,,
7484414512214034706,lifeattiktok,20250928171346,https://lifeattiktok.com/search/7484414512214034706,200,detail,Senior Product Manager (Recommend Strategy) - TikTok LIVE,drop,,,,,,,,
7485137803056351495,lifeattiktok,20250402093259,https://lifeattiktok.com/search/7485137803056351495?spread=5MWH5CQ,200,detail,"Manager, Federal Government Affairs",drop,,,,,,,,
7485215395230550280,lifeattiktok,20250929140219,https://lifeattiktok.com/search/7485215395230550280,200,detail,"Senior Security Engineer, Global E-Commerce (Governance Service)",include,governance,,,,,,,"HTTPSConnectionPool(host='web.archive.org', port=443): Max retries exceeded with url: /web/20250929140219id_/https://lif"
7485217006896220424,lifeattiktok,20250928122950,https://lifeattiktok.com/search/7485217006896220424,200,detail,Senior Security Engineer - Global E-Commerce (Governance Service),include,governance,,,,,,,
7485222998025586962,lifeattiktok,20250506160240,https://lifeattiktok.com/search/7485222998025586962?_rsc=16c6u,200,js_shell,,unusable,,,,,,,,
7485296594750441735,lifeattiktok,20251221201827,https://lifeattiktok.com/search/7485296594750441735,200,detail,Business Program Internship - TikTok Dubai,drop,,,,,MENA,Dubai,United Arab Emirates,
7485299414622783751,lifeattiktok,20250405180653,https://lifeattiktok.com/search/7485299414622783751,200,detail,Business Program Internship - TikTok France,drop,,,,,France,,,
7485304674725349650,lifeattiktok,20250413215054,https://lifeattiktok.com/search/7485304674725349650,200,detail,"Industry Client Solution Manager, Marketplace - GBS Japan",drop,,,,,Japan,,,
7485481507420801287,lifeattiktok,20250414042137,https://lifeattiktok.com/search/7485481507420801287,200,detail,"Creator Management Lead, TV/ Film",drop,,,,,,,,
7485530390025144583,lifeattiktok,20250908113357,https://lifeattiktok.com/search/7485530390025144583,200,detail,TikTok Shop - Data Science Specialist - US Logistics,drop,,,,,,,,
7485555273571633426,lifeattiktok,20250623185816,https://lifeattiktok.com/search/7485555273571633426,200,detail,"Machine Learning Engineer Intern, Recommendation - 2025 Start",drop,,,,,,,,
7485578453355317512,lifeattiktok,20250723215324,https://lifeattiktok.com/search/7485578453355317512,200,detail,Global E-Commerce Organizational Culture (OC) Intern - 2025 Start,drop,,,,,,,,
7485658563806726418,lifeattiktok,20250413134556,https://lifeattiktok.com/search/7485658563806726418,200,detail,TikTok Shop by Tokopedia - Regional Marketing Brand & Campaign Strategy (Indonesia),drop,,,,,Indonesia,,,
7485682709625932040,lifeattiktok,20250928100746,https://lifeattiktok.com/search/7485682709625932040,200,detail,Global Head of Risk Prevention - Trust & Safety,include,trust & safety,,,,,,,
7485769843905906952,lifeattiktok,20250402074418,https://lifeattiktok.com/search/7485769843905906952?spread=5MWH5CQ,200,detail,"Public Policy Manager, Hate Speech",include,policy manager; public policy,,,,,,,
7485774470004508946,lifeattiktok,20250728213925,https://lifeattiktok.com/search/7485774470004508946,404,js_shell,Wayback Machine,unusable,,,,,,,,
7485780793727256840,lifeattiktok,20251004013459,https://lifeattiktok.com/search/7485780793727256840,200,detail,"Solutions Engineer, Ads",drop,,,,,,,,
7485798069667219720,lifeattiktok,20250429072856,https://lifeattiktok.com/search/7485798069667219720?_rsc=u0jau,200,js_shell,,unusable,,,,,,,,"HTTPSConnectionPool(host='web.archive.org', port=443): Max retries exceeded with url: /web/20250429072856id_/https://lif"
7485799163705264392,lifeattiktok,20250929090300,https://lifeattiktok.com/search/7485799163705264392,200,detail,TikTok Shop - Program Manager,drop,,,,,,,,
7485808976161671442,lifeattiktok,20250510181318,https://lifeattiktok.com/search/7485808976161671442?_rsc=bo8e7,200,js_shell,,unusable,,,,,,,,
7485820632652499207,lifeattiktok,20251117012550,https://lifeattiktok.com/search/7485820632652499207,200,detail,"Senior iOS Software Engineer, Monetization Client - Ads Core Technology, Demonstration",drop,,,,,,,,
7485825979316341000,lifeattiktok,20250929144833,https://lifeattiktok.com/search/7485825979316341000,200,detail,"Backend Software Engineer, Capacity & Optimization - USDS",drop,,,,,,,,
7485996222769367303,lifeattiktok,20251004060155,https://lifeattiktok.com/search/7485996222769367303,200,detail,TikTok LIVE - Content Operations Manager,drop,,,,,,,,
7486004415868012807,lifeattiktok,20250809171655,https://lifeattiktok.com/search/7486004415868012807,200,detail,Backend Software Engineer intern - User Growth- 2025 Start,drop,,,,,,,,
7486104506301778183,lifeattiktok,20250929063153,https://lifeattiktok.com/search/7486104506301778183,200,detail,"Measurement Partner, Global Accounts",drop,,,,,,,,
7486286828016126215,lifeattiktok,20250715224044,https://lifeattiktok.com/search/7486286828016126215,200,detail,"Client Solutions Manager - E-commerce, GBS Japan",drop,,,,,Japan,,,
7486292798992632071,lifeattiktok,20250809171637,https://lifeattiktok.com/search/7486292798992632071,200,detail,Data Engineer intern - User Growth- 2025 Start,drop,,,,,,,,
7486336402779998471,lifeattiktok,20250520024237,https://lifeattiktok.com/search/7486336402779998471?utm_source=Trust+and+Safety+Jobs,200,detail,"Analyst, Coordinated Networks & Scaled Abuse, Trust & Safety",include,trust & safety; abuse,,,,,,,
7486368645729011975,lifeattiktok,20250506160240,https://lifeattiktok.com/search/7486368645729011975?_rsc=16c6u,200,js_shell,,unusable,,,,,,,,
7486520670365796626,lifeattiktok,20250419133045,https://lifeattiktok.com/search/7486520670365796626,200,detail,"Agency-Oriented Campaign Tool Enablement Manager, Music",drop,,,,,,,,
7486556064496240904,lifeattiktok,20250510181318,https://lifeattiktok.com/search/7486556064496240904?_rsc=bo8e7,200,js_shell,,unusable,,,,,,,,
7486644542863804690,lifeattiktok,20250821193102,https://lifeattiktok.com/search/7486644542863804690,200,detail,Talent Acquisition Partner - PM & Design - Los Angeles,drop,,,,,,Los Angeles,United States,
7486730778434308359,lifeattiktok,20250801060336,https://lifeattiktok.com/search/7486730778434308359,200,detail,TikTok Shop - Product and Tools Solution Program Manager,drop,,,,,,,,
7486736702611753223,lifeattiktok,20251011183239,https://lifeattiktok.com/search/7486736702611753223?utm_source=Simplify,200,detail,Product manager Intern (Music copyright solution) - 2025 Project Intern (BS/MS),drop,,,,,,,,
7486770795012704519,lifeattiktok,20250515134548,https://lifeattiktok.com/search/7486770795012704519?spread=5MWH5CQ,200,detail,"Frontend Software Engineer, Global E-commerce (Content E-Commerce)",drop,,,,,,,,
7487925305547573512,lifeattiktok,20250506160239,https://lifeattiktok.com/search/7487925305547573512?_rsc=16c6u,200,js_shell,,unusable,,,,,,,,
7487972130110753042,lifeattiktok,20250414085904,https://lifeattiktok.com/search/7487972130110753042,200,detail,"Product Management Lead, Video Budget (Brand Ads)",drop,,,,,,,,
7488016562415356167,lifeattiktok,20250411223158,https://lifeattiktok.com/search/7488016562415356167?_rsc=1v7pv,200,js_shell,,unusable,,,,,,,,"HTTPSConnectionPool(host='web.archive.org', port=443): Max retries exceeded with url: /web/20250411223158id_/https://lif"
7488024426916317448,lifeattiktok,20250520031825,https://lifeattiktok.com/search/7488024426916317448?spread=5MWH5CQ&utm_source=Compete+Jobs+Board+by+Klue,200,detail,"Product Marketing Manager, CRM & Transactions Systems",drop,,,,,,,,
7488035645417195794,lifeattiktok,20250403073255,https://lifeattiktok.com/search/7488035645417195794,200,detail,ADSEO Quality Assurance - Dutch,drop,,,,dutch,,,,
7488044779894622472,lifeattiktok,20250419153919,https://lifeattiktok.com/search/7488044779894622472,200,detail,"Lead Product Designer, Design System",drop,,,,,,,,
7488085993833613575,lifeattiktok,20251004040101,https://lifeattiktok.com/search/7488085993833613575,200,detail,Machine Learning Engineer Intern (E-commerce-Recommendation) - 2025 Summer/Fall (PhD),drop,,,,,,,,
7488088713790359815,lifeattiktok,20251004074540,https://lifeattiktok.com/search/7488088713790359815,200,detail,Machine Learning Engineer Intern (E-commerce-Recommendation) - 2025 Summer/Fall (PhD),drop,,,,,,,,
7488112636254488839,lifeattiktok,20251011183240,https://lifeattiktok.com/search/7488112636254488839?utm_source=Simplify,200,detail,Product manager Intern (Music Discovery) - 2025 Project Intern (BS/MS),drop,,,,,,,,
7488143689278605575,lifeattiktok,20250520034522,https://lifeattiktok.com/search/7488143689278605575?utm_source=Trust+and+Safety+Jobs,200,detail,"Product Manager, New Feature, Trust & Safety",include,trust & safety,,,,,,,
7488161942802024711,lifeattiktok,20260519175426,https://lifeattiktok.com/search/7488161942802024711?_rsc=1m3ql,200,js_shell,,unusable,,,,,,,,
7488188207721515272,lifeattiktok,20251004064250,https://lifeattiktok.com/search/7488188207721515272,200,detail,"ClickHouse SRE, Data Platform -USDS",drop,,,,,,,,
7488218452222707976,lifeattiktok,20250705024207,https://lifeattiktok.com/search/7488218452222707976?_rsc=1vey8,200,js_shell,,unusable,,,,,,,,
7488270872744184082,lifeattiktok,20251020065525,https://lifeattiktok.com/search/7488270872744184082?utm_source=levels.fyi&spread=5MWH5CQ,200,detail,"Backend Software Engineer Intern, Business Integrity - 2025 Start",include,integrity,,,,,,,
7488331478720743688,lifeattiktok,20250416223503,https://lifeattiktok.com/search/7488331478720743688,200,detail,"TikTok Recruitment Intern, London, 2025",drop,,,,,,London,United Kingdom,
7488333823240423687,lifeattiktok,20251003172428,https://lifeattiktok.com/search/7488333823240423687,200,detail,"Measurement Partner, Global Agency",drop,,,,,,,,
7488387319268591890,lifeattiktok,20251005032028,https://lifeattiktok.com/search/7488387319268591890,200,detail,Agency Partner Manager | SMB,drop,,,,,,,,
7488399042070956296,lifeattiktok,20251003204151,https://lifeattiktok.com/search/7488399042070956296,200,detail,"Software Engineer, Ads Business Integrity - Customer Experience",include,integrity,,,,,,,
7488411263112120594,lifeattiktok,20250520033626,https://lifeattiktok.com/search/7488411263112120594?utm_source=Trust+and+Safety+Jobs,200,detail,Deceptive Behaviors Policy Lead - Trust and Safety,include,trust and safety; policy lead,,,,,,,
7488414594332887304,lifeattiktok,20250418053402,https://lifeattiktok.com/search/7488414594332887304,200,detail,"Product Manager - Creative Tools, Performance",drop,,,,,,,,
7488465960664467720,lifeattiktok,20250429072855,https://lifeattiktok.com/search/7488465960664467720?_rsc=u0jau,200,js_shell,,unusable,,,,,,,,
7488565182266312968,lifeattiktok,20250424094053,https://lifeattiktok.com/search/7488565182266312968?utm_source=www.the79newsletter.com&utm_medium=referral&utm_campaign=this-new-ai-startup-is-worth-32b-with-no-product,200,detail,"Backend Software Engineer, Conversational AI - USDS",drop,,,,,,,,
7488640155424278792,lifeattiktok,20251004032736,https://lifeattiktok.com/search/7488640155424278792,200,detail,Monetization Strategy and Operations - Regional Strategy & Analytics,drop,,,,,,,,"HTTPSConnectionPool(host='web.archive.org', port=443): Max retries exceeded with url: /web/20251004032736id_/https://lif"
7488654679565322503,lifeattiktok,20251005040506,https://lifeattiktok.com/search/7488654679565322503,200,detail,"Business Operations, Strategy and Transformation Lead, GBS Japan",drop,,,,,Japan,,,
7488755420690008327,lifeattiktok,20250506160239,https://lifeattiktok.com/search/7488755420690008327?_rsc=16c6u,200,js_shell,,unusable,,,,,,,,
7488883963248904456,lifeattiktok,20251004232704,https://lifeattiktok.com/search/7488883963248904456,200,detail,Machine Learning Engineer Intern (Creative AI) - 2025 Summer (BS/MS),drop,,,,,,,,
7488928429742016775,lifeattiktok,20250414234014,https://lifeattiktok.com/search/7488928429742016775,200,detail,APAC Integrated Marketing Communications Manager,drop,,,,,APAC,,,
7488993030318868743,lifeattiktok,20251005050037,https://lifeattiktok.com/search/7488993030318868743,200,detail,"Data Engineer, Marketing Intelligence",drop,,,,,,,,
7489142780934097170,lifeattiktok,20250415165214,https://lifeattiktok.com/search/7489142780934097170,200,detail,Music Partnerships Manager,drop,,,,,,,,
7489179198050535687,lifeattiktok,20250414055208,https://lifeattiktok.com/search/7489179198050535687,200,detail,"Data Scientist - Analytics, Trust & Safety - San Jose",include,trust & safety,,,,,San Jose,United States,
7490026222979975432,lifeattiktok,20250510181319,https://lifeattiktok.com/search/7490026222979975432?_rsc=bo8e7,200,js_shell,,unusable,,,,,,,,
7490569200500672786,lifeattiktok,20250420062912,https://lifeattiktok.com/search/7490569200500672786,200,detail,"Program Manager, Operational Excellence (GM) - USDS",drop,,,,,,,,
7490605415693355272,lifeattiktok,20250415112253,https://lifeattiktok.com/search/7490605415693355272,200,detail,"Security Strategy, Risk and Resilience Security Risk Management Senior Analyst - Global Security Organization",drop,,,,,,,,
7490634270157162770,lifeattiktok,20250422174007,https://lifeattiktok.com/search/7490634270157162770,200,detail,TikTok Shop - Category Manager - Food and Beverage,drop,,,,,,,,
7490828955697957128,lifeattiktok,20260315111104,https://lifeattiktok.com/search/7490828955697957128?utm_source=Getro.org+job+board&utm_medium=getro.com&gh_src=Getro.org+job+board,200,detail,"Privacy Engineer- Red Team, Privacy and Data Protection Office",drop,,,,,,,,
7490930569103313170,lifeattiktok,20250410204752,https://lifeattiktok.com/search/7490930569103313170?_rsc=1d97b,200,js_shell,,unusable,,,,,,,,
7490936724425394439,lifeattiktok,20250715224023,https://lifeattiktok.com/search/7490936724425394439,200,detail,Global Head of AML Compliance Counsel,drop,,,,,,,,
7490994029946095890,lifeattiktok,20251020171226,https://lifeattiktok.com/search/7490994029946095890?_rsc=1m3ql,200,js_shell,,unusable,,,,,,,,
7490997711966963986,lifeattiktok,20250417234012,https://lifeattiktok.com/search/7490997711966963986,200,detail,"Security Strategy, Risk and Resilience (SRR) Security Strategy Senior Analyst - Global Security Organization",drop,,,,,,,,
7491005226523461906,lifeattiktok,20250420180833,https://lifeattiktok.com/search/7491005226523461906,200,detail,"Security Strategy, Risk and Resilience (SRR) Security Strategy Senior Analyst - Global Security Organization",drop,,,,,,,,
7491127215610988818,lifeattiktok,20250624094254,https://lifeattiktok.com/search/7491127215610988818?_rsc=1rfdr,200,js_shell,,unusable,,,,,,,,
7491264840666745106,lifeattiktok,20250731215718,https://lifeattiktok.com/search/7491264840666745106,200,detail,Fullstack Engineer- Algorithm Engineering Platform,drop,,,,,,,,
7491345410905770248,lifeattiktok,20250416113350,https://lifeattiktok.com/search/7491345410905770248,200,detail,Search Operations Ads Quality Analyst (Spanish) - Austin - Trust & Safety,include,trust & safety; quality analyst,,,spanish,,Austin,United States,"HTTPSConnectionPool(host='web.archive.org', port=443): Max retries exceeded with url: /web/20250416113350id_/https://lif"
7491380426595223815,lifeattiktok,20250817035314,https://lifeattiktok.com/search/7491380426595223815,200,detail,"Software Engineer, TikTok LIVE",drop,,,,,,,,
7491384136801732882,lifeattiktok,20250429142843,https://lifeattiktok.com/search/7491384136801732882,200,detail,"Senior Software Engineer, TikTok LIVE",drop,,,,,,,,
7491453601820002568,lifeattiktok,20250801152232,https://lifeattiktok.com/search/7491453601820002568,200,detail,Child Safety Team Specialist - USDS,include,child safety,,,,,,,
7491469599902468360,lifeattiktok,20250725054455,https://lifeattiktok.com/search/7491469599902468360,404,js_shell,Wayback Machine,unusable,,,,,,,,
7491483577063803154,lifeattiktok,20250908124921,https://lifeattiktok.com/search/7491483577063803154?_rsc=1vrt0,200,js_shell,,unusable,,,,,,,,
7491566446489897223,lifeattiktok,20250510183633,https://lifeattiktok.com/search/7491566446489897223,200,detail,Strategic Operations Intern (TikTok-Search Growth) - 2025 Summer (BS/MS),drop,,,,,,,,
7491600999855393042,lifeattiktok,20250520023247,https://lifeattiktok.com/search/7491600999855393042?utm_source=Trust+and+Safety+Jobs,200,detail,Senior Public Policy Manager,include,policy manager; public policy,,,,,,,
7491715167282301202,lifeattiktok,20250502000401,https://lifeattiktok.com/search/7491715167282301202,200,detail,"Senior Data Protection Manager/ Data Protection Lead, London or Dublin",drop,,,,,Ireland,Dublin; London,Ireland; United Kingdom,
7491715208978106642,lifeattiktok,20250815025923,https://lifeattiktok.com/search/7491715208978106642,200,detail,"Data Scientist, Analytics - Trust & Safety - San Jose",include,trust & safety,,,,,San Jose,United States,
7491788864043174162,lifeattiktok,20260315105334,https://lifeattiktok.com/search/7491788864043174162?spread=5MWH5CQ,200,detail,3D Graphics-Immersive Innovation Intern (Product RD and Infrastructure-Mobile OS-PICO Foundation) - 2025 Summer (BS/MS),drop,,,,,,,,
7491789730808531207,lifeattiktok,20250705024207,https://lifeattiktok.com/search/7491789730808531207?_rsc=1vey8,200,js_shell,,unusable,,,,,,,,
7491803326197008647,lifeattiktok,20250624094254,https://lifeattiktok.com/search/7491803326197008647?_rsc=1rfdr,200,js_shell,,unusable,,,,,,,,
7491814251666409735,lifeattiktok,20250624094254,https://lifeattiktok.com/search/7491814251666409735?_rsc=1rfdr,200,js_shell,,unusable,,,,,,,,
7491933821141010696,lifeattiktok,20250520042554,https://lifeattiktok.com/search/7491933821141010696?utm_source=Trust+and+Safety+Jobs,200,detail,"Incident Manager, Trust & Safety (Thai Speaking)",include,trust & safety,,,thai,,,,
7491984473370888455,lifeattiktok,20250908211239,https://lifeattiktok.com/search/7491984473370888455,200,detail,TikTok Shop by Tokopedia - Senior Top Creator Manager (Indonesia),drop,,,,,Indonesia,,,
7492056567074081031,lifeattiktok,20250430212959,https://lifeattiktok.com/search/7492056567074081031,200,detail,"Lead Global Product Solutions and Operations Manager, Signals - SJC",drop,,,,,,,,
7492164042917824786,lifeattiktok,20260114211425,https://lifeattiktok.com/search/7492164042917824786,200,detail,Tax Manager - EMEA,drop,,,,,EMEA,,,
7493035573222164743,lifeattiktok,20250815034817,https://lifeattiktok.com/search/7493035573222164743,200,detail,"Data Scientist, Capacity & Optimization - USDS",drop,,,,,,,,
7493102855240747271,lifeattiktok,20250713113641,https://lifeattiktok.com/search/7493102855240747271,200,detail,Product Marketing Manager - Performance (Contractor),drop,,,,,,,,
7493207075939453191,lifeattiktok,20250511153341,https://lifeattiktok.com/search/7493207075939453191,200,detail,Publisher Solutions Manager,drop,,,,,,,,"HTTPSConnectionPool(host='web.archive.org', port=443): Max retries exceeded with url: /web/20250511153341id_/https://lif"
7493589488166668551,lifeattiktok,20250430234702,https://lifeattiktok.com/search/7493589488166668551,200,detail,Head of Content Design,drop,,,,,,,,
7493637387404609799,lifeattiktok,20250809075425,https://lifeattiktok.com/search/7493637387404609799,200,detail,"Creator Manager, (News)",drop,,,,,,,,
7493761221012064520,lifeattiktok,20260330043913,https://lifeattiktok.com/search/7493761221012064520?utm_source=bandana,200,detail,"Senior Software Engineer - Ads Growth, Customer Engagement",drop,,,,,,,,
7494134428059814152,lifeattiktok,20251025225858,https://lifeattiktok.com/search/7494134428059814152?spread=5MWH5CQ,200,detail,Software Engineer Intern (Recommendation Infrastructure) - 2025 Summer/Fall (BS/ MS),drop,,,,,,,,
7495624549862476050,lifeattiktok,20260315111736,https://lifeattiktok.com/search/7495624549862476050,200,detail,Ethics Office Program Manager,drop,,,,,,,,
7495865714927716626,lifeattiktok,20250715224030,https://lifeattiktok.com/search/7495865714927716626,200,detail,"Senior Product Manager, Account Integrity and Community Experience - Trust & Safety - San Jose",include,trust & safety; integrity,,,,,San Jose,United States,
7495869430037186834,lifeattiktok,20250815034515,https://lifeattiktok.com/search/7495869430037186834,200,detail,"Data Scientist, PGC Traffic Strategy and CRP",drop,,,,,,,,
7495893359026882824,lifeattiktok,20250908234931,https://lifeattiktok.com/search/7495893359026882824,200,detail,"Frontend Software Engineer - Performance Ads, Ads Interface and Platform",drop,,,,,,,,
7495924776609040647,lifeattiktok,20250613121850,https://lifeattiktok.com/search/7495924776609040647,200,detail,Research Scientist - Privacy,drop,,,,,,,,
7495947594273048840,lifeattiktok,20250613134029,https://lifeattiktok.com/search/7495947594273048840,200,detail,Senior Research Scientist - Privacy,drop,,,,,,,,
7495948582265587976,lifeattiktok,20250613141102,https://lifeattiktok.com/search/7495948582265587976,200,detail,Research Scientist - Privacy,drop,,,,,,,,
7495952248355342600,lifeattiktok,20250613142842,https://lifeattiktok.com/search/7495952248355342600,200,detail,Senior Research Scientist - Privacy,drop,,,,,,,,
7495994506509666578,lifeattiktok,20250731210820,https://lifeattiktok.com/search/7495994506509666578,200,detail,Integrated Marketing Communications Manager - Global Business Solutions - APAC,drop,,,,,APAC,,,
7496346723846424839,lifeattiktok,20260615205938,https://lifeattiktok.com/search/7496346723846424839?_rsc=1m3ql,200,js_shell,,unusable,,,,,,,,
7496616715774609682,lifeattiktok,20250506013847,https://lifeattiktok.com/search/7496616715774609682,200,detail,"Frontend Software Engineer, Content and Creators",drop,,,,,,,,
7496617400869030152,lifeattiktok,20250903122503,https://lifeattiktok.com/search/7496617400869030152,200,detail,"Senior Frontend Software Engineer, Content and Creators",drop,,,,,,,,
7496617903296547079,lifeattiktok,20250609163241,https://lifeattiktok.com/search/7496617903296547079,200,detail,"Fullstack Software Engineer - Generative AI and LLMs, PGC",drop,,,,,,,,
7496906529137625351,lifeattiktok,20250809024647,https://lifeattiktok.com/search/7496906529137625351,200,detail,"Marketing Manager, Creator Marketing & Community",drop,,,,,,,,
7497055787492690194,lifeattiktok,20250814021140,https://lifeattiktok.com/search/7497055787492690194,200,detail,"Client Partner - Recruiting and Real Estate, GBS Japan",drop,,,,,Japan,,,
7497064855187867922,lifeattiktok,20250715224224,https://lifeattiktok.com/search/7497064855187867922,200,detail,Privacy Compliance Program Manager - USDS,drop,,,,,,,,"HTTPSConnectionPool(host='web.archive.org', port=443): Max retries exceeded with url: /web/20250715224224id_/https://lif"
7497067801049549063,lifeattiktok,20250912173111,https://lifeattiktok.com/search/7497067801049549063,200,detail,Lead Cyber Security Operations Center (CSOC) Analyst - USDS,drop,,,,,,,,
7497150879667226887,lifeattiktok,20251004034950,https://lifeattiktok.com/search/7497150879667226887,200,detail,Android Software Engineer - TikTok Live Payment (Platform-Mobile),drop,,,,,,,,
7497202281911224584,lifeattiktok,20250724191744,https://lifeattiktok.com/search/7497202281911224584,200,detail,TikTok Shop - TSP Account Manager,drop,,,,,,,,
7497248623022426375,lifeattiktok,20250520042446,https://lifeattiktok.com/search/7497248623022426375?spread=5MWH5CQ,200,detail,Security Operations Manager,drop,,,,,,,,
7497502686234708242,lifeattiktok,20260315110028,https://lifeattiktok.com/search/7497502686234708242?spread=5MWH5CQ,200,detail,Machine Learning Engineer Intern (TikTok-Recommendation) - 2025 Fall (BS/MS),drop,,,,,,,,
7498580957202368776,lifeattiktok,20250817154435,https://lifeattiktok.com/search/7498580957202368776,200,detail,"AI Operations Specialist, Customer Service Platform - USDS",drop,,,,,,,,
7498712559039088914,lifeattiktok,20250506090805,https://lifeattiktok.com/search/7498712559039088914,200,detail,"Lead, Creator Management Operations - Global",drop,,,,,,,,
7498759904288049426,lifeattiktok,20250822003344,https://lifeattiktok.com/search/7498759904288049426,200,detail,TikTok Shop - Prompt Engineering Program Manager,drop,,,,,,,,
7498914631534053650,lifeattiktok,20260315110220,https://lifeattiktok.com/search/7498914631534053650?spread=5MWH5CQ,200,detail,Machine Learning Engineer Intern (FeatureStore) - 2025 Summer (BS/MS),drop,,,,,,,,
7498920793628674311,lifeattiktok,20250729195141,https://lifeattiktok.com/search/7498920793628674311?utm_source=levels.fyi&spread=5MWH5CQ,200,detail,Machine Learning Engineer Intern (FeatureStore) - 2025 Summer (PhD),drop,,,,,,,,
7499027013367531784,lifeattiktok,20250820231742,https://lifeattiktok.com/search/7499027013367531784,200,detail,Data Scientist - Data Acquisition,drop,,,,,,,,
7499229649517119751,lifeattiktok,20250613130409,https://lifeattiktok.com/search/7499229649517119751?spread=G1DWUPV&utm_source=Trust+and+Safety+Jobs,200,detail,Workforce Manager - USDS Trust & Safety,include,trust & safety,,,,,,,
7499499188528138504,lifeattiktok,20250506160115,https://lifeattiktok.com/search/7499499188528138504?_rsc=ptnuc,200,js_shell,,unusable,,,,,,,,
7499689149813950727,lifeattiktok,20260902100650,https://lifeattiktok.com/search/7499689149813950727?utm_source=Simplify,200,detail,AI/ML Software Engineer Intern (Data Platform) - 2026 Summer (BS/MS),drop,,,,,,,,
7501327968448629000,lifeattiktok,20250730003412,https://lifeattiktok.com/search/7501327968448629000,200,detail,"TikTok Shop - Business Developer , Paris",drop,,,,,,Paris,France,
7501831222696921351,lifeattiktok,20250613124523,https://lifeattiktok.com/search/7501831222696921351?spread=G1DWUPV&utm_source=Trust+and+Safety+Jobs,200,detail,"Researcher, Large Language Models, TikTok Trust and Safety",include,trust and safety,,,,,,,
7502389963713022226,lifeattiktok,20260724033205,https://lifeattiktok.com/search/7502389963713022226,200,detail,Senior Algorithm Engineer - TikTok Location Based Services (Singapore),drop,,,,,Singapore,Singapore,Singapore,
7502548661231225096,lifeattiktok,20250722201417,https://lifeattiktok.com/search/7502548661231225096,200,detail,Litigation Paralegal,drop,,,,,,,,
7502569508034201874,lifeattiktok,20250815033025,https://lifeattiktok.com/search/7502569508034201874,200,detail,"Senior Data Scientist, Trust & Safety - USDS",include,trust & safety,,,,,,,
7502569508218734866,lifeattiktok,20250815034340,https://lifeattiktok.com/search/7502569508218734866,200,detail,"Senior Data Scientist, Trust & Safety - USDS",include,trust & safety,,,,,,,"HTTPSConnectionPool(host='web.archive.org', port=443): Max retries exceeded with url: /web/20250815034340id_/https://lif"
7503457878998567176,lifeattiktok,20250809033707,https://lifeattiktok.com/search/7503457878998567176,200,detail,TikTok LIVE - Content Strategy and Operations Specialist (Middle East) - Dubai,drop,,,,,MENA,Dubai,United Arab Emirates,
7503767456424315144,lifeattiktok,20251113204411,https://lifeattiktok.com/search/7503767456424315144?spread=5MWH5CQ,200,detail,"Big Data Engineer Intern, Ads Data - 2025 Start",drop,,,,,,,,
7503773330702649618,lifeattiktok,20250623185816,https://lifeattiktok.com/search/7503773330702649618,200,detail,"IT Service Desk Specialist Intern, Singapore - 2025 Start",drop,,,,,Singapore,Singapore,Singapore,
7503790749315287304,lifeattiktok,20250623185816,https://lifeattiktok.com/search/7503790749315287304,200,detail,"IT Service Desk Specialist Intern, Malaysia - 2025 Start",drop,,,,,Malaysia,,,
7503825170084645128,lifeattiktok,20251001064203,https://lifeattiktok.com/search/7503825170084645128?spread=5MWH5CQ&utm_source=levels.fyi,200,detail,TikTok Art Director Internship Paris,drop,,,,,,Paris,France,
7503937477310302472,lifeattiktok,20250821204136,https://lifeattiktok.com/search/7503937477310302472,200,detail,Japan Operations Project Intern (TikTok Local Services) - 2025 Start (BS/MS),drop,,,,,Japan,,,
7504586560873466119,lifeattiktok,20250724120840,https://lifeattiktok.com/search/7504586560873466119,200,detail,Network Acquisition Manager - Latin America,drop,,,,,LATAM,,,
7504608468785088776,lifeattiktok,20250908124813,https://lifeattiktok.com/search/7504608468785088776,200,detail,"Tech Lead Manager, TikTok Ads Creator Monetization",drop,,,,,,,,
7505024589257689352,lifeattiktok,20251005004226,https://lifeattiktok.com/search/7505024589257689352,200,detail,Payroll Analyst - HR Operations - EMEA - London,drop,,,,,EMEA,London,United Kingdom,
7506026132496943367,lifeattiktok,20250801013335,https://lifeattiktok.com/search/7506026132496943367,200,detail,Lifestyle Category Strategist Project Intern (TikTok Shop by Tokopedia) - 2025 Start (BS/MS),drop,,,,,,,,
7506153678529710344,lifeattiktok,20250829121443,https://lifeattiktok.com/search/7506153678529710344,200,detail,Knowledge Management and Training Program Manager - TikTok Shop,drop,,,,,,,,
7506206981087185160,lifeattiktok,20250908170738,https://lifeattiktok.com/search/7506206981087185160,200,detail,TikTok Senior Platform Designer,drop,,,,,,,,
7506473284170107144,lifeattiktok,20260708133234,https://lifeattiktok.com/search/7506473284170107144?_rsc=1m3ql,200,js_shell,,unusable,,,,,,,,
7506477567181129992,lifeattiktok,20250828190210,https://lifeattiktok.com/search/7506477567181129992,200,detail,"TikTok Shop - Flash Sale Operation Senior Specialist, TikTok Shopping Center (Vietnam)",drop,,,,,Vietnam,,,
7506692794820856082,lifeattiktok,20251003233137,https://lifeattiktok.com/search/7506692794820856082,200,detail,Privacy Operations Specialist - USDS,drop,,,,,,,,
7506973845451213074,lifeattiktok,20250715224032,https://lifeattiktok.com/search/7506973845451213074,200,detail,Staff Product Designer,drop,,,,,,,,
7506978292895353106,lifeattiktok,20250715224032,https://lifeattiktok.com/search/7506978292895353106,200,detail,Senior Product Designer,drop,,,,,,,,
7506980961301825800,lifeattiktok,20250602022437,https://lifeattiktok.com/search/7506980961301825800?gh_src=Tech%3ANYC+job+board,200,detail,Staff Product Designer,drop,,,,,,,,
7507378416502360327,lifeattiktok,20250602023139,https://lifeattiktok.com/search/7507378416502360327?gh_src=Tech%3ANYC+job+board,200,detail,OGC News Quality Analyst (English) - Trust & Safety - Austin,include,trust & safety; quality analyst,,,english,,Austin,United States,
7507388155302185223,lifeattiktok,20250705024206,https://lifeattiktok.com/search/7507388155302185223?_rsc=1vey8,200,js_shell,,unusable,,,,,,,,"HTTPSConnectionPool(host='web.archive.org', port=443): Max retries exceeded with url: /web/20250705024206id_/https://lif"
7507391162978945288,lifeattiktok,20250624094255,https://lifeattiktok.com/search/7507391162978945288?_rsc=1rfdr,200,js_shell,,unusable,,,,,,,,
7507458422520105234,lifeattiktok,20250801162942,https://lifeattiktok.com/search/7507458422520105234,200,detail,Sampling Quality Assurance - Training and Quality - Mandarin Speaker (Malaysia),drop,,,,mandarin,Malaysia,,,
7507569869987023111,lifeattiktok,20260422030017,https://lifeattiktok.com/search/7507569869987023111,200,detail,"Data Scientist, User Growth - TikTok Shop",drop,,,,,,,,
7507725985496713479,lifeattiktok,20250815005229,https://lifeattiktok.com/search/7507725985496713479,200,detail,E-Commerce - External Affairs Program Manager,drop,,,,,,,,
7508576509507995912,lifeattiktok,20250829121655,https://lifeattiktok.com/search/7508576509507995912,200,detail,"Platform R&D Engineer, Recommendation System",drop,,,,,,,,
7508754376715258120,lifeattiktok,20260724033158,https://lifeattiktok.com/search/7508754376715258120?_rsc=1m3ql,200,js_shell,,unusable,,,,,,,,
7508757770762832136,lifeattiktok,20250715224047,https://lifeattiktok.com/search/7508757770762832136,200,detail,Conversational AI Large Model Researcher-Global E-commerce,drop,,,,,,,,
7508757771219929362,lifeattiktok,20250922141159,https://lifeattiktok.com/search/7508757771219929362?_rsc=1y1fq,200,js_shell,,unusable,,,,,,,,
7508980767339710728,lifeattiktok,20251020184114,https://lifeattiktok.com/search/7508980767339710728,200,detail,Recommendation Algorithm Engineer-TikTok Algorithm,drop,,,,,,,,
7509006007180740871,lifeattiktok,20251101150833,https://lifeattiktok.com/search/7509006007180740871?,200,detail,Business Analytics & Strategy Intern - 2025 Start,drop,,,,,,,,
7509059644356020498,lifeattiktok,20250624094255,https://lifeattiktok.com/search/7509059644356020498?_rsc=1rfdr,200,js_shell,,unusable,,,,,,,,
7509118481443932423,lifeattiktok,20250613134327,https://lifeattiktok.com/search/7509118481443932423?utm_source=Getro.org+job+board&utm_medium=getro.com&gh_src=Getro.org+job+board,200,detail,"Search Global E Commerce, Analytic Product Operation (Mandarin Speaker) Trust & Safety - San Jose",include,trust & safety,,,mandarin,,San Jose,United States,
7509178583303080200,lifeattiktok,20250623185617,https://lifeattiktok.com/search/7509178583303080200?_rsc=1jhmi,200,js_shell,,unusable,,,,,,,,
7509517187235219719,lifeattiktok,20250715224042,https://lifeattiktok.com/search/7509517187235219719,200,detail,APAC System Strategy and Operations Go-To-Market Lead,drop,,,,,APAC,,,
7509594839392209159,lifeattiktok,20250908122612,https://lifeattiktok.com/search/7509594839392209159,200,detail,"Research Scientist, TikTok Core Feed Recommendation - Dedup",drop,,,,,,,,
7509596067455338770,lifeattiktok,20260511101229,https://lifeattiktok.com/search/7509596067455338770?_rsc=1m3ql,200,js_shell,,unusable,,,,,,,,
7509596738886895880,lifeattiktok,20250609163241,https://lifeattiktok.com/search/7509596738886895880,200,detail,"Senior Machine Learning Engineer, TikTok Core Feed Recommendation - Dedup",drop,,,,,,,,
7509656508516632850,lifeattiktok,20250713110013,https://lifeattiktok.com/search/7509656508516632850?utm_source=Trust+and+Safety+Jobs,200,detail,"Delivery Services Lead, Trust & Safety - USDS",include,trust & safety,,,,,,,
7509656512421726482,lifeattiktok,20250715224054,https://lifeattiktok.com/search/7509656512421726482?_rsc=1v7pv,200,js_shell,,unusable,,,,,,,,
7509714961495820552,lifeattiktok,20250815034542,https://lifeattiktok.com/search/7509714961495820552,200,detail,"Data Scientist, Product Infrastructure (Customer Service)",drop,,,,,,,,"HTTPSConnectionPool(host='web.archive.org', port=443): Max retries exceeded with url: /web/20250815034542id_/https://lif"
7509968481773881608,lifeattiktok,20250928073538,https://lifeattiktok.com/search/7509968481773881608,200,detail,TikTok Shop - Listing Governance & Experience Operational Program Manager,include,governance,,,,,,,
7510058310882085127,lifeattiktok,20251011183238,https://lifeattiktok.com/search/7510058310882085127?utm_source=Simplify,200,detail,Product manager Intern (TikTok-Search-Comprehensive Search) - 2025 Project Intern (BS/MS),drop,,,,,,,,
7510118192195455239,lifeattiktok,20250623185624,https://lifeattiktok.com/search/7510118192195455239,200,detail,Web Security Engineer (Anti Automation) - TikTok BRIC (Singapore),drop,,,,,Singapore,Singapore,Singapore,
7510166267267270930,lifeattiktok,20260121220326,https://lifeattiktok.com/search/7510166267267270930?_rsc=1m3ql,200,js_shell,,unusable,,,,,,,,
7510181090754152711,lifeattiktok,20250715224042,https://lifeattiktok.com/search/7510181090754152711,200,detail,TikTok Shop by Tokopedia - Monetization & Partnership Business Development (Integrated Marketing),drop,,,,,,,,
7510331708786329864,lifeattiktok,20250613133840,https://lifeattiktok.com/search/7510331708786329864?utm_source=Tech%3ANYC+job+board&utm_medium=getro.com&gh_src=Tech%3ANYC+job+board,200,detail,Data Protection & Privacy Operation Specialist - USDS,drop,,,,,,,,
7510477905798187272,lifeattiktok,20250904195005,https://lifeattiktok.com/search/7510477905798187272?_rsc=pyzdg,200,js_shell,,unusable,,,,,,,,
7511123891936610567,lifeattiktok,20250814191018,https://lifeattiktok.com/search/7511123891936610567,200,detail,Frontend Software Engineering Project Intern (Data Trust and Safety) - 2026 Start (BS/MS),include,trust and safety,,,,,,,
7511169922450868488,lifeattiktok,20250916173850,https://lifeattiktok.com/search/7511169922450868488,200,detail,"Cybersecurity Engineer Intern, Global E-Commerce - 2025 Start",drop,,,,,,,,
7511195805853436178,lifeattiktok,20250623185624,https://lifeattiktok.com/search/7511195805853436178,200,detail,"Product Security Operation Specialist - Governance, Global Security Organisation",include,governance,,,,,,,
7511219747548711186,lifeattiktok,20250828173234,https://lifeattiktok.com/search/7511219747548711186,200,detail,Live Special Project Intern (TikTok Shop by Tokopedia) - 2025 Start (BS/MS),drop,,,,,,,,
7511330313155840274,lifeattiktok,20250623185624,https://lifeattiktok.com/search/7511330313155840274,200,detail,"Agency Solution Manager, GBS, TikTok Korea",drop,,,,,Korea,,,
7511406098537040135,lifeattiktok,20250814170432,https://lifeattiktok.com/search/7511406098537040135,200,detail,Global Client Solutions Specialist,drop,,,,,,,,
7511411957259061511,lifeattiktok,20260902100318,https://lifeattiktok.com/search/7511411957259061511?utm_source=Simplify,200,detail,Product Manager (Data Platform) - User Privacy & Transparency (San Jose),drop,,,,,,San Jose,United States,
7511567551575492871,lifeattiktok,20250705024206,https://lifeattiktok.com/search/7511567551575492871?_rsc=1vey8,200,js_shell,,unusable,,,,,,,,
7511567551576000775,lifeattiktok,20251011183053,https://lifeattiktok.com/search/7511567551576000775,200,detail,Machine Learning Scientist Intern (TikTok-Recommendation-Responsible AI) - 2025 Fall (PhD),drop,,,,,,,,
7511636835782166791,lifeattiktok,20250609163241,https://lifeattiktok.com/search/7511636835782166791,200,detail,TikTok Shop - Service Planning and Readiness Program Manager,drop,,,,,,,,
7511642766838958344,lifeattiktok,20250730170622,https://lifeattiktok.com/search/7511642766838958344,200,detail,"Associate Project Manager, Trust & Safety (AI Operations)",include,trust & safety,,,,,,,
7511657050104285458,lifeattiktok,20250609163241,https://lifeattiktok.com/search/7511657050104285458,200,detail,Measurement Analyst- Global Business Solutions,drop,,,,,,,,
7511760284630501640,lifeattiktok,20250801125732,https://lifeattiktok.com/search/7511760284630501640,200,detail,Business Marketing Lead - Nordics - (Fixed Term Contract - 12 months),drop,,,,,Nordics,,,"HTTPSConnectionPool(host='web.archive.org', port=443): Max retries exceeded with url: /web/20250801125732id_/https://lif"
7511788662902180114,lifeattiktok,20250709165959,https://lifeattiktok.com/search/7511788662902180114,200,detail,Financial Crimes Compliance Specialist,drop,,,,,,,,
7512033549752699154,lifeattiktok,20250624194952,https://lifeattiktok.com/search/7512033549752699154,200,detail,Risk & Controls Intern – Global Business (Summer/Fall Internship),drop,,,,,,,,
7512125695558306055,lifeattiktok,20250715224030,https://lifeattiktok.com/search/7512125695558306055,200,detail,"Product Manager, Trust & Safety, Photo - Seattle",include,trust & safety,,,,,Seattle,United States,
7512276686160431378,lifeattiktok,20250817035338,https://lifeattiktok.com/search/7512276686160431378,200,detail,Software Engineer Graduate (Recommendation Infrastructure) - 2025 Start (PhD),drop,,,,,,,,
7512423400439924999,lifeattiktok,20250609163241,https://lifeattiktok.com/search/7512423400439924999,200,detail,"Brand Partnerships Manager, Fashion and Tech/Telco - Global Business Solutions - Amsterdam",drop,,,,,,Amsterdam,Netherlands,
7512902886977882376,lifeattiktok,20250613124153,https://lifeattiktok.com/search/7512902886977882376?utm_source=Getro.org+job+board&utm_medium=getro.com&gh_src=Getro.org+job+board,200,detail,"Software Engineer, TikTok AI Video Editing",drop,,,,,,,,
7513839235012577543,lifeattiktok,20250908151858,https://lifeattiktok.com/search/7513839235012577543,200,detail,"TikTok Shop - User Growth & Traffic Specialist (Malaysia, E-Commerce)",drop,,,,,Malaysia,,,
7513870540504860936,lifeattiktok,20260308002215,https://lifeattiktok.com/search/7513870540504860936,200,detail,"Software Engineer, Ads Delivery",drop,,,,,,,,
7514003738744228114,lifeattiktok,20250817035250,https://lifeattiktok.com/search/7514003738744228114,200,detail,Software Engineer- LLM Applications and AI Agents,drop,,,,,,,,
7514157460153895175,lifeattiktok,20250722075712,https://lifeattiktok.com/search/7514157460153895175?spread=5MWH5CQ,200,detail,Software Engineer Intern (TikTok-Social-Product Innovation)- 2025 Fall (BS/MS),drop,,,,,,,,
7514238872357095698,lifeattiktok,20250908102551,https://lifeattiktok.com/search/7514238872357095698?spread=5MWH5CQ&utm_source=levels.fyi,200,detail,AI Security Engineer,drop,,,,,,,,
7514274557768927496,lifeattiktok,20250809031634,https://lifeattiktok.com/search/7514274557768927496,200,detail,Media Monitoring Coordinator - Global Brand and Communications-PMO,drop,,,,,,,,
7514326489912936722,lifeattiktok,20250624094237,https://lifeattiktok.com/search/7514326489912936722,200,detail,E-Commerce - Moderation Solutions Program Manager,include,moderat*,,,,,,,
7514357878427453704,lifeattiktok,20250713103719,https://lifeattiktok.com/search/7514357878427453704?spread=XKM9ZXE,200,detail,"Policy Manager, Cross Issue & Product Policy - Trust and Safety",include,trust and safety; policy manager,,,,,,,
7514409970298554632,lifeattiktok,20250715224230,https://lifeattiktok.com/search/7514409970298554632,200,detail,Privacy Program Manager - USDS,drop,,,,,,,,
7514422422654454024,lifeattiktok,20250715224225,https://lifeattiktok.com/search/7514422422654454024,200,detail,Privacy Program Manager - USDS,drop,,,,,,,,
7514428819470829842,lifeattiktok,20251011183056,https://lifeattiktok.com/search/7514428819470829842,200,detail,Product Marketing Manager Intern (GBO) - 2025 Project Intern (BS/MS),drop,,,,,,,,
7514451011822569735,lifeattiktok,20250722023413,https://lifeattiktok.com/search/7514451011822569735?spread=5MWH5CQ,200,detail,Category Management Campaign Intern (TikTok Shop - US Operation) - 2025 Project Intern (BS/MS),drop,,,,,,,,
7514457200946039047,lifeattiktok,20250909172359,https://lifeattiktok.com/search/7514457200946039047,200,detail,"Security Analyst, Insider Risk",drop,,,,,,,,
7514461073719560456,lifeattiktok,20250916082931,https://lifeattiktok.com/search/7514461073719560456,200,detail,"Senior Security Analyst - Incident Response, Global Insider Risk",drop,,,,,,,,"HTTPSConnectionPool(host='web.archive.org', port=443): Max retries exceeded with url: /web/20250916082931id_/https://lif"
7514566439812024594,lifeattiktok,20250805122942,https://lifeattiktok.com/search/7514566439812024594,200,detail,"Site Reliability Engineer, Capcut - USDS",exclude,,site reliability,,,,,,
7514610879120394514,lifeattiktok,20251003223943,https://lifeattiktok.com/search/7514610879120394514,200,detail,"TikTok Shop - Policy & Programmes Manager, Content & Creator Governance",include,governance,,,,,,,
7514688054986361106,lifeattiktok,20250624094255,https://lifeattiktok.com/search/7514688054986361106?_rsc=1rfdr,200,js_shell,,unusable,,,,,,,,
7514790608042117383,lifeattiktok,20250725050544,https://lifeattiktok.com/search/7514790608042117383,200,detail,Privacy Risk Intake Specialist - USDS,drop,,,,,,,,
7514842976109365512,lifeattiktok,20260902100913,https://lifeattiktok.com/search/7514842976109365512?utm_source=Simplify,200,detail,Software Engineer Graduate (Data Arch - AI/ML Infrastructure) - 2026 Start (PhD),drop,,,,,,,,
7514874516125714706,lifeattiktok,20250715224023,https://lifeattiktok.com/search/7514874516125714706,200,detail,"Payments Compliance Counsel, AMS",drop,,,,,,,,
7515006698575382802,lifeattiktok,20260315114155,https://lifeattiktok.com/search/7515006698575382802?spread=5MWH5CQ,200,detail,Machine Learning Engineer Intern (TikTok-Recommendation- E-commerce) - 2025 Fall (Master),drop,,,,,,,,
7515039939298412818,lifeattiktok,20250623185624,https://lifeattiktok.com/search/7515039939298412818,200,detail,TikTok Shop - Aftersales Returns & Refunds Program Manager,drop,,,,,,,,
7515045655958751496,lifeattiktok,20250829131852,https://lifeattiktok.com/search/7515045655958751496,200,detail,TikTok Shop - Aftersales Returns & Refunds Program Analyst,drop,,,,,,,,
7515177041836574983,lifeattiktok,20250615160103,https://lifeattiktok.com/search/7515177041836574983,200,detail,Product Manager Intern (TikTok-Product-Social and Creation)- 2025Fall Starts (BS/MS),drop,,,,,,,,
7515178347435067666,lifeattiktok,20251011183103,https://lifeattiktok.com/search/7515178347435067666,200,detail,Product Manager Intern (TikTok-Product-Social and Creation) - 2025 Fall Starts ((MBA),drop,,,,,,,,
7515179882550184199,lifeattiktok,20250908115810,https://lifeattiktok.com/search/7515179882550184199,200,detail,Product Manager Intern (TikTok-Product-Content Ecosystem) - Fall Starts (MBA),drop,,,,,,,,
7515179893097777426,lifeattiktok,20260315104253,https://lifeattiktok.com/search/7515179893097777426?spread=5MWH5CQ,200,detail,Product Manager Intern (TikTok-Product-Content Ecosystem) - 2025 Fall Starts (BS/MS),drop,,,,,,,,
7515196252662958344,lifeattiktok,20250723183857,https://lifeattiktok.com/search/7515196252662958344,200,detail,"Product Policy Manager, Monetization - Trust and Safety",include,trust and safety; policy manager,,,,,,,
7515264559302052103,lifeattiktok,20250623185624,https://lifeattiktok.com/search/7515264559302052103,200,detail,"Measurement Partner, Singapore based",drop,,,,,Singapore,Singapore,Singapore,
7515277586445322503,lifeattiktok,20260226165856,https://lifeattiktok.com/search/7515277586445322503?_rsc=1m3ql,200,js_shell,,unusable,,,,,,,,
7515277954348501255,lifeattiktok,20251222001440,https://lifeattiktok.com/search/7515277954348501255?utm_source=Simplify,200,detail,"Engineer Graduate: (Machine Learning Engineer, Data-Search-TikTok Recommendation - San Jose) - 2026 Start (PhD)",drop,,,,,,San Jose,United States,
7515279401207548168,lifeattiktok,20260315071926,https://lifeattiktok.com/search/7515279401207548168?utm_source=levels.fyi&spread=5MWH5CQ,200,detail,"Engineer Graduate: (Machine Learning Engineer, Data-Search-TikTok Recommendation - Seattle) - 2026 Start (PhD)",drop,,,,,,Seattle,United States,
7515280815460403474,lifeattiktok,20250817035607,https://lifeattiktok.com/search/7515280815460403474,200,detail,Engineer Graduate: (Software Engineer Graduate - Data-Search-TikTok.US - San Jose) - 2026 Start (PhD),drop,,,,,,San Jose,United States,
7515346656969312520,lifeattiktok,20250907113615,https://lifeattiktok.com/search/7515346656969312520,200,detail,"Data Scientist, Operations, Trust & Safety",include,trust & safety,,,,,,,"HTTPSConnectionPool(host='web.archive.org', port=443): Max retries exceeded with url: /web/20250907113615id_/https://lif"
7515373260231198983,lifeattiktok,20250713111934,https://lifeattiktok.com/search/7515373260231198983,200,detail,"Risk Intelligence Analyst, Trust & Safety",include,trust & safety,,,,,,,
7515440059584350482,lifeattiktok,20260115094826,https://lifeattiktok.com/search/7515440059584350482,200,detail,Data Analyst - TikTok LIVE,drop,,,,,,,,
7515541796736698632,lifeattiktok,20250730230304,https://lifeattiktok.com/search/7515541796736698632,200,detail,"Site Reliability Engineer, CapCut - TikTok USDS",exclude,,site reliability,,,,,,
7516006918402951432,lifeattiktok,20250822211118,https://lifeattiktok.com/search/7516006918402951432,200,detail,"Machine Learning Engineer Graduate (Risk Data Mining, USDS) Start 2025 (MS)",drop,,,,,,,,
7516559748398221586,lifeattiktok,20250917144140,https://lifeattiktok.com/search/7516559748398221586,404,js_shell,Wayback Machine,unusable,,,,,,,,
7516608912255928583,lifeattiktok,20251002124449,https://lifeattiktok.com/search/7516608912255928583,200,detail,"TikTok Shop - Strategy & Analytic Business Partner, Creator",drop,,,,,,,,
7516653837511346450,lifeattiktok,20260315071924,https://lifeattiktok.com/search/7516653837511346450?spread=5MWH5CQ&utm_source=levels.fyi,200,detail,Software Engineer Graduate (Data Arch - E-commerce) - 2026 Start (PhD),drop,,,,,,,,
7516737514695985426,lifeattiktok,20251015234729,https://lifeattiktok.com/search/7516737514695985426,200,detail,TikTok Ecosystem - Data Science - Singapore,drop,,,,,Singapore,Singapore,Singapore,
7516773825325877511,lifeattiktok,20250715224224,https://lifeattiktok.com/search/7516773825325877511,200,detail,Privacy Analyst - USDS,drop,,,,,,,,
7516777796728211719,lifeattiktok,20260519175424,https://lifeattiktok.com/search/7516777796728211719?_rsc=1m3ql,200,js_shell,,unusable,,,,,,,,
7516779214890633480,lifeattiktok,20250715224222,https://lifeattiktok.com/search/7516779214890633480,200,detail,Privacy Analyst - USDS,drop,,,,,,,,
7516992674584463623,lifeattiktok,20250829102433,https://lifeattiktok.com/search/7516992674584463623,200,detail,"Technical Project Manager, Server Planning and Delivery",drop,,,,,,,,
7517015172159179015,lifeattiktok,20251009232528,https://lifeattiktok.com/search/7517015172159179015/?spread=PC7CRAD,200,detail,"Product Operations Manager, Creator Network - TikTok LIVE",drop,,,,,,,,
7517054705072982279,lifeattiktok,20250801035121,https://lifeattiktok.com/search/7517054705072982279,200,detail,"Product Ops Manager, E-Commerce Search - USDS",drop,,,,,,,,
7517099008936397064,lifeattiktok,20260225210658,https://lifeattiktok.com/search/7517099008936397064?_rsc=1m3ql,200,js_shell,,unusable,,,,,,,,
7517106896071903496,lifeattiktok,20260203211022,https://lifeattiktok.com/search/7517106896071903496,200,detail,"Research Scientist Graduate- CV/NLP/Multimodal LLM, Trust and Safety - 2026 Start(PhD)",include,trust and safety,,,,,,,
7517107684337748242,lifeattiktok,20260105154840,https://lifeattiktok.com/search/7517107684337748242,200,detail,Machine Learning Engineer Graduate - CV/NLP/Multimodal LLM (TikTok Trust and Safety) - 2026 Start(PHD),include,trust and safety,,,,,,,
7517118243007727879,lifeattiktok,20250709185347,https://lifeattiktok.com/search/7517118243007727879,200,detail,"TikTok LIVE - Global Customer Service Representative, Turkish Speaking",drop,,,,turkish,,,,
7517129382390040839,lifeattiktok,20250623185816,https://lifeattiktok.com/search/7517129382390040839,200,detail,Process Automation Intern - TikTok Server Arch (Singapore)-2025 Start,drop,,,,,Singapore,Singapore,Singapore,
7517211885814761736,lifeattiktok,20250715224042,https://lifeattiktok.com/search/7517211885814761736,200,detail,"Measurement Partner, Global Agency",drop,,,,,,,,"HTTPSConnectionPool(host='web.archive.org', port=443): Max retries exceeded with url: /web/20250715224042id_/https://lif"
7517308903714703634,lifeattiktok,20250801200650,https://lifeattiktok.com/search/7517308903714703634,200,detail,User Research Project Intern (Global E-commerce) - 2025 Start (BS),drop,,,,,,,,
7517405715918653704,lifeattiktok,20250823110600,https://lifeattiktok.com/search/7517405715918653704,200,detail,"Global AI Counsel, US",drop,,,,,United States,,,
7517506152906869000,lifeattiktok,20250623185624,https://lifeattiktok.com/search/7517506152906869000,200,detail,Client Partner - Retail (Sydney),drop,,,,,,Sydney,Australia,
7517590395186891015,lifeattiktok,20250821072852,https://lifeattiktok.com/search/7517590395186891015,200,detail,QA Safety Model Operations - Bengali Speaker,drop,,,,bengali,,,,
7517816746398976263,lifeattiktok,20250715224030,https://lifeattiktok.com/search/7517816746398976263,200,detail,"Product Manager, Permission & Compliance, Trust & Safety",include,trust & safety,,,,,,,
7517867546189449490,lifeattiktok,20250814072722,https://lifeattiktok.com/search/7517867546189449490,200,detail,Quality Assurance Safety Model Operations - (Indonesia),drop,,,,,Indonesia,,,
7518079574086879506,lifeattiktok,20250710145022,https://lifeattiktok.com/search/7518079574086879506,200,detail,Creator Engagement Coordinator,drop,,,,,,,,
7518967178726590727,lifeattiktok,20250624094254,https://lifeattiktok.com/search/7518967178726590727?_rsc=1rfdr,200,js_shell,,unusable,,,,,,,,
7519026211398945031,lifeattiktok,20260421224119,https://lifeattiktok.com/search/7519026211398945031,200,detail,Revenue Product Intern (TikTok LIVE) - 2025 Start (BS/MS),drop,,,,,,,,
7519180401023437063,lifeattiktok,20260609062031,https://lifeattiktok.com/search/7519180401023437063,200,detail,"TikTok Shop - Product Manager, Customer Growth",drop,,,,,,,,
7519234084704782600,lifeattiktok,20250813131856,https://lifeattiktok.com/search/7519234084704782600,200,detail,Privacy & Security Specialist - USDS,drop,,,,,,,,
7519241729582516487,lifeattiktok,20251011183100,https://lifeattiktok.com/search/7519241729582516487,200,detail,Machine Learning Scientist Intern (TikTok-Recommendation) - 2026 Start (PhD),drop,,,,,,,,
7519247984258566408,lifeattiktok,20250830104442,https://lifeattiktok.com/search/7519247984258566408?utm_source=Simplify,200,detail,Research Scientist Intern (TikTok-Recommendation-Content Intelligence) - 2026 Start (PhD),drop,,,,,,,,
7519285693375531272,lifeattiktok,20260114202859,https://lifeattiktok.com/search/7519285693375531272,200,detail,"Backend Software Engineer, AI Safety, TikTok - San Jose",drop,,,,,,San Jose,United States,
7519374782376511762,lifeattiktok,20250908024149,https://lifeattiktok.com/search/7519374782376511762,200,detail,Senior Media Streaming Algorithm Engineer-TikTok Product Foundation,drop,,,,,,,,
7519393719540664584,lifeattiktok,20260130000617,https://lifeattiktok.com/search/7519393719540664584,200,detail,Business Strategy & Special Project Intern (Global Business Solutions-APAC-SEA-TH) - 2026 Start (BS/MS),drop,,,,,APAC,,,
7519469615870511378,lifeattiktok,20250715224508,https://lifeattiktok.com/search/7519469615870511378,200,detail,Growth Marketing Creative Manager,drop,,,,,,,,
7519515381204617479,lifeattiktok,20251209103639,https://lifeattiktok.com/search/7519515381204617479,200,detail,"TikTok Shop-Data Analyst, Project Intern, London 2025, Immediate start",drop,,,,,,London,United Kingdom,
7519526712318757127,lifeattiktok,20251016010526,https://lifeattiktok.com/search/7519526712318757127,200,detail,"Machine Learning Engineer , TikTok Search Ranking",drop,,,,,,,,
7519766495683053832,lifeattiktok,20251011183049,https://lifeattiktok.com/search/7519766495683053832,200,detail,"Research Scientist Intern (TikTok Recommendation-LLMs, RL, GenAI) - 2026 Start (PhD)",drop,,,,,,,,"HTTPSConnectionPool(host='web.archive.org', port=443): Max retries exceeded with url: /web/20251011183049id_/https://lif"
7519794799856404754,lifeattiktok,20250715224039,https://lifeattiktok.com/search/7519794799856404754?_rsc=ptnuc,200,js_shell,,unusable,,,,,,,,"HTTPSConnectionPool(host='web.archive.org', port=443): Max retries exceeded with url: /web/20250715224039id_/https://lif"
7519827085650413842,lifeattiktok,20250907212810,https://lifeattiktok.com/search/7519827085650413842,200,detail,"Brand Partnerships Manager, Beauty - Global Business Solutions - Paris",drop,,,,,,Paris,France,
7519944756408142088,lifeattiktok,20250908155715,https://lifeattiktok.com/search/7519944756408142088,200,detail,Account Manager - TikTok Shop Ads SMB EMEA (French Speaking),drop,,,,french,EMEA,,,
7520347626878650642,lifeattiktok,20250801011819,https://lifeattiktok.com/search/7520347626878650642,200,detail,TikTok Shop - Service Solutions Project Manager,drop,,,,,,,,
7520347642150406418,lifeattiktok,20250729181005,https://lifeattiktok.com/search/7520347642150406418,200,detail,TikTok Shop - Service Solutions Program Manager,drop,,,,,,,,
7520412938869377288,lifeattiktok,20250908120341,https://lifeattiktok.com/search/7520412938869377288,200,detail,Machine Learning Engineer - LLM Algorithm,drop,,,,,,,,
7520483246275807495,lifeattiktok,20250715224047,https://lifeattiktok.com/search/7520483246275807495,200,detail,Machine Learning Engineer - Video Recommendation - Singapore,drop,,,,,Singapore,Singapore,Singapore,
7520483923131123975,lifeattiktok,20250908232004,https://lifeattiktok.com/search/7520483923131123975,200,detail,"Machine Learning Engineer, Video Recommendation - Singapore",drop,,,,,Singapore,Singapore,Singapore,
7520494692112353543,lifeattiktok,20260121220325,https://lifeattiktok.com/search/7520494692112353543?_rsc=1m3ql,200,js_shell,,unusable,,,,,,,,
7520747868434254087,lifeattiktok,20251003191233,https://lifeattiktok.com/search/7520747868434254087,200,detail,HR Business Partner - Global E-Commerce Operations - Bangkok,drop,,,,,,Bangkok,Thailand,
7521563190921660680,lifeattiktok,20260208201234,https://lifeattiktok.com/search/7521563190921660680,200,detail,TikTok Shop - GTL Logistics- Control Tower Analyst - Indonesia,drop,,,,,Indonesia,,,
7521564012048664840,lifeattiktok,20260208200147,https://lifeattiktok.com/search/7521564012048664840,200,detail,TikTok Shop - GTL Logistics- Quality & Compliance Specialist - Indonesia,drop,,,,,Indonesia,,,
7521587445897644296,lifeattiktok,20250729214241,https://lifeattiktok.com/search/7521587445897644296,200,detail,Brand & Communication Marketing - Integrated Marketing - Indonesia,drop,,,,,Indonesia,,,
7521811018597058824,lifeattiktok,20250715224046,https://lifeattiktok.com/search/7521811018597058824,200,detail,Physical Security Site Lead - USDS,drop,,,,,,,,
7521884803566930184,lifeattiktok,20260130115621,https://lifeattiktok.com/search/7521884803566930184,200,detail,Finance Business Partner - USDS,drop,,,,,,,,
7521987177107589384,lifeattiktok,20250715224046,https://lifeattiktok.com/search/7521987177107589384,200,detail,"Research Scientist Graduate (TikTok Recommendation-E-commerce, LLM & Generative Recommendation) - 2026 Start (PhD)",drop,,,,,,,,
7521989957533567239,lifeattiktok,20250709181333,https://lifeattiktok.com/search/7521989957533567239,200,detail,HR People Data Analyst - TikTok&RD Mid-platform - San Jose,drop,,,,,,San Jose,United States,
7521991431822362888,lifeattiktok,20260305122958,https://lifeattiktok.com/search/7521991431822362888,200,detail,Machine Learning Scientist Graduate - Global E-commerce Content Recommendation - 2026 Start (PhD),drop,,,,,,,,
7522056697868585234,lifeattiktok,20250715224053,https://lifeattiktok.com/search/7522056697868585234?_rsc=1v7pv,200,js_shell,,unusable,,,,,,,,
7522112768167495944,lifeattiktok,20250726141047,https://lifeattiktok.com/search/7522112768167495944,200,detail,"TikTok Shop-Logistics Operations Project Intern, Immediate Start, 2025",drop,,,,,,,,"HTTPSConnectionPool(host='web.archive.org', port=443): Max retries exceeded with url: /web/20250726141047id_/https://lif"
7522128744691337479,lifeattiktok,20250709191516,https://lifeattiktok.com/search/7522128744691337479,200,detail,"Software Development Engineer, Ads QA - Dev Infra",drop,,,,,,,,
7522128754338236690,lifeattiktok,20250709182352,https://lifeattiktok.com/search/7522128754338236690,200,detail,"Brand Partnerships Manager, Gaming - Global Business Solutions - London",drop,,,,,,London,United Kingdom,
7522187498048571666,lifeattiktok,20250709184418,https://lifeattiktok.com/search/7522187498048571666,200,detail,"Quality Program Manager, Customer Support - Trust & Safety",include,trust & safety,,,,,,,
7522187992103602450,lifeattiktok,20250715224046,https://lifeattiktok.com/search/7522187992103602450,200,detail,"Cybersecurity Strategy, Risk, and Resilience Security Strategy Solutions Architect",drop,,,,,,,,
7522208504255891719,lifeattiktok,20260208192315,https://lifeattiktok.com/search/7522208504255891719,200,detail,Applied AI Data Solution - Machine Learning Engineer - Trust & Safety - San Jose,include,trust & safety,,,,,San Jose,United States,
7522248563204589832,lifeattiktok,20250801045249,https://lifeattiktok.com/search/7522248563204589832,200,detail,TikTok Shop - Transportation Manager - Los Angeles,drop,,,,,,Los Angeles,United States,
7522311031932324104,lifeattiktok,20250709174907,https://lifeattiktok.com/search/7522311031932324104,200,detail,Applied Data Scientist - Applied AI,drop,,,,,,,,
7522331655249266952,lifeattiktok,20250715224027,https://lifeattiktok.com/search/7522331655249266952?_rsc=rekdd,200,js_shell,,unusable,,,,,,,,
7522357143548234002,lifeattiktok,20260609061331,https://lifeattiktok.com/search/7522357143548234002,200,detail,Growth Marketing Creative Manager,drop,,,,,,,,
7522607642449168648,lifeattiktok,20250715224032,https://lifeattiktok.com/search/7522607642449168648,200,detail,Global CRM Platform Design Manager,drop,,,,,,,,
7522676371953846536,lifeattiktok,20250709161141,https://lifeattiktok.com/search/7522676371953846536,200,detail,Big Data Engineer,drop,,,,,,,,
7522747954311596295,lifeattiktok,20260315071924,https://lifeattiktok.com/search/7522747954311596295?utm_source=levels.fyi&spread=5MWH5CQ,200,detail,Data Support Project Intern (GBS-ID-Client Solutions) - 2026 Start (BS/MS),drop,,,,,,,,
7522749092751313160,lifeattiktok,20250709153934,https://lifeattiktok.com/search/7522749092751313160,200,detail,Data Engineer - Applied AI - Data Cycling Centre,drop,,,,,,,,
7522779702328707336,lifeattiktok,20250828011032,https://lifeattiktok.com/search/7522779702328707336,200,detail,"Integrity Analyst, Trust & Safety - EMEA",include,trust & safety; integrity,,,,EMEA,,,
7522814274769029394,lifeattiktok,20250715224023,https://lifeattiktok.com/search/7522814274769029394,200,detail,Legal Counsel/ Senior Legal Counsel (eCommerce Product) London or Munich/Berlin,drop,,,,,,London; Berlin,United Kingdom; Germany,
7522819476649134343,lifeattiktok,20250908125842,https://lifeattiktok.com/search/7522819476649134343,200,detail,TikTok Shop - Workforce Management Specialist( Program Manager),drop,,,,,,,,
7522860445116958984,lifeattiktok,20251016011843,https://lifeattiktok.com/search/7522860445116958984,200,detail,"Sales Lead, Search Ads - Global Business Solutions - New York",drop,,,,,,New York,United States,
7522886490017220871,lifeattiktok,20250922141158,https://lifeattiktok.com/search/7522886490017220871?_rsc=1y1fq,200,js_shell,,unusable,,,,,,,,
7522889591839492370,lifeattiktok,20260315105854,https://lifeattiktok.com/search/7522889591839492370,200,detail,"Global Head of Legal, Global Payments",drop,,,,,,,,
7522956730276628744,lifeattiktok,20250908131040,https://lifeattiktok.com/search/7522956730276628744,200,detail,"Marketing Solutions Manager (Agency), NA SMB Marketing",drop,,,,,,,,"HTTPSConnectionPool(host='web.archive.org', port=443): Max retries exceeded with url: /web/20250908131040id_/https://lif"
7522958868125927688,lifeattiktok,20250908114250,https://lifeattiktok.com/search/7522958868125927688,200,detail,"Marketing Solutions Manager (Agency), NA SMB Marketing",drop,,,,,,,,"HTTPSConnectionPool(host='web.archive.org', port=443): Max retries exceeded with url: /web/20250908114250id_/https://lif"
7522963223982049543,lifeattiktok,20250908131410,https://lifeattiktok.com/search/7522963223982049543,200,detail,Technical Sourcer - GMPT - San Jose (Third-party Contractor),drop,,,,,,San Jose,United States,
7523000308013648136,lifeattiktok,20260208201311,https://lifeattiktok.com/search/7523000308013648136,200,detail,"TikTok Product, Quality Assurance Analyst - Arabic (12-Month Fixed Term Contract)",drop,,,,arabic,,,,
7523025827413281042,lifeattiktok,20250921054342,https://lifeattiktok.com/search/7523025827413281042,200,detail,Content Operations Manager - TikTok LIVE,drop,,,,,,,,
7523051316605651208,lifeattiktok,20250908074046,https://lifeattiktok.com/search/7523051316605651208,200,detail,TikTok Shop - Logistics Service & Experience Associate (Indonesia E-Commerce),drop,,,,,Indonesia,,,
7523099481480808722,lifeattiktok,20250709161329,https://lifeattiktok.com/search/7523099481480808722,200,detail,Data Analyst - Integrated Marketing Communications APAC,drop,,,,,APAC,,,
7523114605607504146,lifeattiktok,20250730224500,https://lifeattiktok.com/search/7523114605607504146,200,detail,"AI Data Service and Operations, Eco Governance Global Lead - Trust & Safety",include,trust & safety; governance,,,,,,,
7523144222812408071,lifeattiktok,20250813175213,https://lifeattiktok.com/search/7523144222812408071,200,detail,Research Scientist Graduate (TikTok Recommendation-Agentic AI) - 2026 Start (PhD),drop,,,,,,,,
7523144586891708690,lifeattiktok,20251209103110,https://lifeattiktok.com/search/7523144586891708690,200,detail,Data Product Manager Project Intern (Data - Data Platform) - 2025 Start (BS/MS),drop,,,,,,,,
7523186049288358162,lifeattiktok,20251209112700,https://lifeattiktok.com/search/7523186049288358162,200,detail,Backend Engineer Intern (Live Service) - 2026 Start,drop,,,,,,,,
7523230134557575432,lifeattiktok,20250709175903,https://lifeattiktok.com/search/7523230134557575432,200,detail,Training Specialist - Customer Support,drop,,,,,,,,
7523988537001625863,lifeattiktok,20250709165743,https://lifeattiktok.com/search/7523988537001625863,200,detail,TikTok Shop - Anti-Fraud Data Analyst,include,fraud,,,,,,,
7524135775660280072,lifeattiktok,20251030102217,https://lifeattiktok.com/search/7524135775660280072?spread=128SD3R,200,detail,Backend Engineer Intern (Edge Computing Platform) - 2026 Start (BS/MS),drop,,,,,,,,
7524230072594106632,lifeattiktok,20250717171242,https://lifeattiktok.com/search/7524230072594106632,200,detail,eCommerce Strategist Project Intern (TikTok Shop) - 2025 Start (BS/MS),drop,,,,,,,,
7524322727423985928,lifeattiktok,20250908115642,https://lifeattiktok.com/search/7524322727423985928,200,detail,"TikTok Shop-Logistics Operations Project Intern, Immediate Start, 2025",drop,,,,,,,,
7524371562063268103,lifeattiktok,20260902100930,https://lifeattiktok.com/search/7524371562063268103?utm_source=Simplify,200,detail,Software Engineer (Multiple Positions),drop,,,,,,,,
7524379987383109895,lifeattiktok,20250822195003,https://lifeattiktok.com/search/7524379987383109895,200,detail,Data Engineer (Multiple Positions),drop,,,,,,,,
7524385969069132039,lifeattiktok,20250715224023,https://lifeattiktok.com/search/7524385969069132039,200,detail,"HR Business Partner - Global Business Solutions, Sales - New York",drop,,,,,,New York,United States,
7524405141678082312,lifeattiktok,20251016004558,https://lifeattiktok.com/search/7524405141678082312,200,detail,Senior Data Scientist (Multiple Positions),drop,,,,,,,,
7524450749414443272,lifeattiktok,20250815034839,https://lifeattiktok.com/search/7524450749414443272,200,detail,Data Scientist - Multimedia,drop,,,,,,,,"HTTPSConnectionPool(host='web.archive.org', port=443): Max retries exceeded with url: /web/20250815034839id_/https://lif"
7524472641445431560,lifeattiktok,20250809030452,https://lifeattiktok.com/search/7524472641445431560?spread=XKM9ZXE,200,detail,State Public Policy Coordinator,include,public policy,,,,,,,"HTTPSConnectionPool(host='web.archive.org', port=443): Max retries exceeded with url: /web/20250809030452id_/https://lif"
7524493755979974919,lifeattiktok,20250908131820,https://lifeattiktok.com/search/7524493755979974919,200,detail,"Senior Backend Software Engineer - PGC, User & Creator Product (UCP)",drop,,,,,,,,
7524515038481123602,lifeattiktok,20250829090625,https://lifeattiktok.com/search/7524515038481123602,200,detail,Emergency Response Specialist - USDS,drop,,,,,,,,
7524646122422454535,lifeattiktok,20250715224046,https://lifeattiktok.com/search/7524646122422454535,200,detail,Risk Control Technology Solutions Expert – Global E-Commerce,drop,,,,,,,,
7524688200997193992,lifeattiktok,20250716040354,https://lifeattiktok.com/search/7524688200997193992,200,detail,"Creator Manager, Athletes and Sport Creators",drop,,,,,,,,
7524747979971414279,lifeattiktok,20250929130627,https://lifeattiktok.com/search/7524747979971414279,200,detail,Safety Model Operations Quality Analyst - LATAM Spanish,include,quality analyst,,,spanish,LATAM,,,
7524762207654676743,lifeattiktok,20260421221839,https://lifeattiktok.com/search/7524762207654676743,200,detail,"Knowledge, Management and Training (KMT) Program Manager - USDS",drop,,,,,,,,
7524804526831520007,lifeattiktok,20251209114258,https://lifeattiktok.com/search/7524804526831520007,200,detail,"iOS Software Engineer, Music",drop,,,,,,,,
7524888518025611538,lifeattiktok,20250813112037,https://lifeattiktok.com/search/7524888518025611538?spread=5MWH5CQ,200,detail,"Software Engineer Intern (Multimedia Framework, C++) - 2026 Start (BS/MS)",drop,,,,,,,,
7524893321484618002,lifeattiktok,20251016002639,https://lifeattiktok.com/search/7524893321484618002,200,detail,Backend Software Engineer Intern (Platform Engineering) - 2026 Start (BS/MS),drop,,,,,,,,
7524995353033246984,lifeattiktok,20260315071924,https://lifeattiktok.com/search/7524995353033246984?spread=5MWH5CQ&utm_source=levels.fyi,200,detail,Agency Operations Project Intern (TikTok LIVE) - 2026 Start (BS/MS),drop,,,,,,,,
7525051446451882248,lifeattiktok,20251016001115,https://lifeattiktok.com/search/7525051446451882248,200,detail,"Software Engineer Intern (LiveStreaming Player, C++) - 2026 Start (BS/MS)",drop,,,,,,,,
7525127505239345416,lifeattiktok,20250805123019,https://lifeattiktok.com/search/7525127505239345416,200,detail,"Software Engineer, SRE, Payments - USDS",drop,,,,,,,,
7525197480997652754,lifeattiktok,20250715224046,https://lifeattiktok.com/search/7525197480997652754,200,detail,Senior Software Engineering Manager - Global E-commerce,drop,,,,,,,,
7525281664706316551,lifeattiktok,20250929003321,https://lifeattiktok.com/search/7525281664706316551,200,detail,Non-Technical Sourcer - E-Commerce - San Jose (Third-Party Associate),drop,,,,,,San Jose,United States,
7525312396123801874,lifeattiktok,20250821215721,https://lifeattiktok.com/search/7525312396123801874,200,detail,Data Warehouse Engineer - Data Platform,drop,,,,,,,,
7525329448096418066,lifeattiktok,20250822143354,https://lifeattiktok.com/search/7525329448096418066,200,detail,Data Science Project Intern(TikTok Shop-Supply Chain & Logistics) - 2025 Start (BS/MS),drop,,,,,,,,
7525354976962087176,lifeattiktok,20250715224044,https://lifeattiktok.com/search/7525354976962087176,200,detail,"Brand Partnerships Manager, Luxury Beauty - Global Business Solutions - London (12 month Fixed-Term Contract)",drop,,,,,,London,United Kingdom,
7525475973303765255,lifeattiktok,20250715224042,https://lifeattiktok.com/search/7525475973303765255,200,detail,"Measurement Partner, Southern Europe",drop,,,,,Europe,,,
7525475976990820626,lifeattiktok,20250715224044,https://lifeattiktok.com/search/7525475976990820626,200,detail,SMB Agency Partner Manager - French Speaking,drop,,,,french,,,,"HTTPSConnectionPool(host='web.archive.org', port=443): Max retries exceeded with url: /web/20250715224044id_/https://lif"
7525508398332741896,lifeattiktok,20250730204910,https://lifeattiktok.com/search/7525508398332741896,200,detail,TikTok Shop - Regional Operations Business Analyst,drop,,,,,,,,
7525625860951755026,lifeattiktok,20250804191720,https://lifeattiktok.com/search/7525625860951755026?spread=XKM9ZXE,200,detail,"Global Privacy Counsel, AI Governance",include,governance,,,,,,,
7525635858708646152,lifeattiktok,20250730050012,https://lifeattiktok.com/search/7525635858708646152,200,detail,Machine Learning Engineer Intern (TikTok-Recommendation) - 2025 Fall (BS/MS),drop,,,,,,,,
7525650208522193159,lifeattiktok,20260315071924,https://lifeattiktok.com/search/7525650208522193159?spread=5MWH5CQ&utm_source=levels.fyi,200,detail,Machine Learning Scientist Intern - Global E-Commerce Content Recommendation - 2026 Summer (PhD),drop,,,,,,,,
7525709276149942536,lifeattiktok,20250817004927,https://lifeattiktok.com/search/7525709276149942536,200,detail,Research Scientist Graduate (TikTok Recommendation-Post-Training) - 2026 Start (PhD),drop,,,,,,,,
7525776208664267016,lifeattiktok,20250715224044,https://lifeattiktok.com/search/7525776208664267016,200,detail,"Client Solutions Manager, Luxury & Automotive - Global Business Solutions - London",drop,,,,,,London,United Kingdom,
7526815846402296072,lifeattiktok,20251030102212,https://lifeattiktok.com/search/7526815846402296072?spread=128SD3R,200,detail,SMB Project and Operations Project Intern (GBS - SMB) - 2025 Start (BS/MS）,drop,,,,,,,,
7526880675715614984,lifeattiktok,20250813205152,https://lifeattiktok.com/search/7526880675715614984,200,detail,TikTok Shop - Creator BD Manager,drop,,,,,,,,
7526971530934651154,lifeattiktok,20250715224042,https://lifeattiktok.com/search/7526971530934651154,200,detail,"Communications Manager, Brazil",drop,,,,,Brazil,,,
7526984622191495442,lifeattiktok,20250730043630,https://lifeattiktok.com/search/7526984622191495442,200,detail,"Global Product Counsel (Privacy & Responsibility) London, Paris or Dublin",drop,,,,,Ireland,Dublin; London; Paris,Ireland; United Kingdom; France,
7526985259864787218,lifeattiktok,20250731015243,https://lifeattiktok.com/search/7526985259864787218,200,detail,TikTok LIVE Operation Graduate - TikTok LIVE - London,drop,,,,,,London,United Kingdom,
7527047159402252552,lifeattiktok,20250731015304,https://lifeattiktok.com/search/7527047159402252552,200,detail,"Regional Content Strategy Manager, LaTam",drop,,,,,LATAM,,,
7527053584627730696,lifeattiktok,20250730185622,https://lifeattiktok.com/search/7527053584627730696,200,detail,Creative Producer - User Growth,drop,,,,,,,,
7527065936093858055,lifeattiktok,20260515011654,https://lifeattiktok.com/search/7527065936093858055?spread=5MWH5CQ,200,detail,(General Hire) Machine Learning Engineer Intern (TikTok-Recommendation) - 2026 Summer (BS/MS),drop,,,,,,,,
7527224509554247943,lifeattiktok,20250730223837,https://lifeattiktok.com/search/7527224509554247943,200,detail,TikTok Shop by Tokopedia - Program Manager (Creator and Content Governance),include,governance,,,,,,,
7527228303833434386,lifeattiktok,20250908133159,https://lifeattiktok.com/search/7527228303833434386,200,detail,"Product Marketing Manager, Apps & Branding, South Korea",drop,,,,,Korea,,,
7527254549692139784,lifeattiktok,20251001064203,https://lifeattiktok.com/search/7527254549692139784?spread=5MWH5CQ&utm_source=levels.fyi,200,detail,Strategic Operations & Brand Success - Project Intern (GBS) - 2025 Start (BS/MS) Amsterdam,drop,,,,,,Amsterdam,Netherlands,
7527262637568084242,lifeattiktok,20250729202431,https://lifeattiktok.com/search/7527262637568084242,200,detail,"Brand Partnerships Manager, Global Business Solutions - Central Europe",drop,,,,,Europe,,,
7527300268272273682,lifeattiktok,20250730061309,https://lifeattiktok.com/search/7527300268272273682,200,detail,Strategy & Operation Manager Graduate (Romanian Speaking) - TikTok LIVE - London,drop,,,,romanian,,London,United Kingdom,
7527317535634344199,lifeattiktok,20250730005025,https://lifeattiktok.com/search/7527317535634344199,200,detail,Product Operation Manager (Recommend Strategy) - TikTok LIVE,drop,,,,,,,,"HTTPSConnectionPool(host='web.archive.org', port=443): Max retries exceeded with url: /web/20250730005025id_/https://lif"
7527320645437753607,lifeattiktok,20250730194643,https://lifeattiktok.com/search/7527320645437753607,200,detail,LLM Operation Manager - TikTok LIVE,drop,,,,,,,,
7527339996412676359,lifeattiktok,20250729225754,https://lifeattiktok.com/search/7527339996412676359,200,detail,"Vertical Lead - Global Business Solutions, Portugal",drop,,,,,,,,
7527360750626048274,lifeattiktok,20250730130857,https://lifeattiktok.com/search/7527360750626048274,200,detail,EMEA Real Estate Project Manager,drop,,,,,EMEA,,,
7527435038762895624,lifeattiktok,20250730034006,https://lifeattiktok.com/search/7527435038762895624,200,detail,"Machine Learning Engineer, Search - Local Services Team",drop,,,,,,,,
7527439871503239431,lifeattiktok,20250730162151,https://lifeattiktok.com/search/7527439871503239431,200,detail,"Senior Machine Learning Engineer, Search - Local Services Team",drop,,,,,,,,
7527441329384147208,lifeattiktok,20260902100912,https://lifeattiktok.com/search/7527441329384147208?utm_source=Simplify,200,detail,Software Engineer Graduate (Data Arch - Data Ecosystem ) - 2026 (PhD),drop,,,,,,,,
7527441329384524040,lifeattiktok,20250730190629,https://lifeattiktok.com/search/7527441329384524040,200,detail,Data Analyst - Global Business Solutions - São Paulo,drop,,,,,,São Paulo,Brazil,
7527447282699897096,lifeattiktok,20250730182422,https://lifeattiktok.com/search/7527447282699897096,200,detail,SMB Growth Product Manager – TikTok Shop,drop,,,,,,,,
7527527250784553223,lifeattiktok,20250730070432,https://lifeattiktok.com/search/7527527250784553223,200,detail,"Risk Detection Analyst, Livestream Emerging Risk, Trust & Safety",include,trust & safety,,,,,,,
7527537751081502984,lifeattiktok,20250813221238,https://lifeattiktok.com/search/7527537751081502984,200,detail,Information Governance Program Manager - USDS,include,governance,,,,,,,
7527540868824598802,lifeattiktok,20250813124218,https://lifeattiktok.com/search/7527540868824598802,200,detail,Information Governance Program Manager - USDS,include,governance,,,,,,,
7527542174457301256,lifeattiktok,20250813112232,https://lifeattiktok.com/search/7527542174457301256?_rsc=pyzdg,200,js_shell,,unusable,,,,,,,,
7527582397938223367,lifeattiktok,20251011183052,https://lifeattiktok.com/search/7527582397938223367,200,detail,Research Scientist Intern- (Trust and Safety - CV/NLP/Multimodal LLM) - 2026 Start(PhD),include,trust and safety,,,,,,,
7527585101065652498,lifeattiktok,20250731223631,https://lifeattiktok.com/search/7527585101065652498,200,detail,Research Scientist Intern- (Trust and Safety - CV/NLP/Multimodal LLM) - 2026 Start(PhD),include,trust and safety,,,,,,,
7527589796526754066,lifeattiktok,20250821083616,https://lifeattiktok.com/search/7527589796526754066?utm_source=Simplify,200,detail,Software Engineer Intern (Trust and Safety - Algorithm Engineering) - 2026 Summer (BS/MS),include,trust and safety,,,,,,,
7527589875165563143,lifeattiktok,20250830204503,https://lifeattiktok.com/search/7527589875165563143?utm_source=Simplify,200,detail,Machine Learning Engineer Intern (Trust and Safety - CV/NLP/Multimodal LLM) - 2026 Summer (BS/MS),include,trust and safety,,,,,,,
7527609404540389650,lifeattiktok,20250821185256,https://lifeattiktok.com/search/7527609404540389650?utm_source=Simplify,200,detail,Software Engineer Intern (Trust and Safety - Engineering-Core Safety) - 2026 Summer (BS/MS),include,trust and safety,,,,,,,
7527613337334188306,lifeattiktok,20250821022516,https://lifeattiktok.com/search/7527613337334188306?utm_source=Simplify,200,detail,Frontend Engineer Intern (Trust and Safety-Engineering-Risk & Response) - 2026 Summer (BS/MS),include,trust and safety,,,,,,,
7527614432525306130,lifeattiktok,20250731194447,https://lifeattiktok.com/search/7527614432525306130,200,detail,Backend Software Engineer Intern (Trust and Safety-Engineering-Risk & Response) - 2026 Summer (BS/MS),include,trust and safety,,,,,,,
7527615375778416914,lifeattiktok,20251227135950,https://lifeattiktok.com/search/7527615375778416914?utm_source=github-vansh-ouckah,200,detail,Frontend Engineer Intern (Trust and Safety-Engineering-Data Product & General Service) - 2026 Summer (BS/MS),include,trust and safety,,,,,,,"HTTPSConnectionPool(host='web.archive.org', port=443): Max retries exceeded with url: /web/20251227135950id_/https://lif"
7527617772696750344,lifeattiktok,20250730071414,https://lifeattiktok.com/search/7527617772696750344,200,detail,Agency Director - Global Business Solutions,drop,,,,,,,,
7527618094643759367,lifeattiktok,20250731211951,https://lifeattiktok.com/search/7527618094643759367,200,detail,Software Development Test Engineer Intern (Trust and Safety - QA)- 2026 Summer (BS/MS),include,trust and safety,,,,,,,
7527618943449909522,lifeattiktok,20260506185317,https://lifeattiktok.com/search/7527618943449909522?_rsc=1m3ql,200,js_shell,,unusable,,,,,,,,
7527619667939690760,lifeattiktok,20250730170530,https://lifeattiktok.com/search/7527619667939690760,200,detail,"Senior Agency Partner, Strategic Agency Group, TikTok",drop,,,,,,,,
7527623776876742920,lifeattiktok,20250730163928,https://lifeattiktok.com/search/7527623776876742920,200,detail,Backend Engineer Intern (TikTok ShortText Recommendation) - 2025 Start (BS/MS),drop,,,,,,,,
7527637874427087122,lifeattiktok,20250908160355,https://lifeattiktok.com/search/7527637874427087122,200,detail,Social Interaction Product Manager-TikTok Short Video,drop,,,,,,,,
7527648921498470664,lifeattiktok,20250730201206,https://lifeattiktok.com/search/7527648921498470664,200,detail,"Strategy and Operations Manager, Creative Product, METAP - Turkish Speaking",drop,,,,turkish,,,,
7527669240678762760,lifeattiktok,20250730181301,https://lifeattiktok.com/search/7527669240678762760,200,detail,"TikTok Shop - Business Planning and Operation Strategy Analyst, Project Intern, London, 2025 Start (BS/Msc)",drop,,,,,,London,United Kingdom,
7527692667053607176,lifeattiktok,20250731012934,https://lifeattiktok.com/search/7527692667053607176,200,detail,Product Data Scientist (Community Insights) - Applied AI - San Jose,drop,,,,,,San Jose,United States,
7527717062337480967,lifeattiktok,20250801103716,https://lifeattiktok.com/search/7527717062337480967,200,detail,TikTok Shop - Mass Acquisition & Incubation Account Manager,drop,,,,,,,,
7527718412081367303,lifeattiktok,20250730040927,https://lifeattiktok.com/search/7527718412081367303,200,detail,TikTok Shop - Platform Campaign Manager,drop,,,,,,,,
7527728988115716359,lifeattiktok,20250730112649,https://lifeattiktok.com/search/7527728988115716359,200,detail,Security Infrastructure Engineer - USDS,drop,,,,,,,,
7527769686600763655,lifeattiktok,20250729175517,https://lifeattiktok.com/search/7527769686600763655,200,detail,"Global Product Marketing Manager, Trust and Safety",include,trust and safety,,,,,,,
7527806247661078802,lifeattiktok,20250725043421,https://lifeattiktok.com/search/7527806247661078802,200,detail,TikTok Shop - Creator Growth Strategist,drop,,,,,,,,
7527892852135971090,lifeattiktok,20250813112258,https://lifeattiktok.com/search/7527892852135971090?_rsc=jxgm5,200,js_shell,,unusable,,,,,,,,
7527892852240599303,lifeattiktok,20250731014024,https://lifeattiktok.com/search/7527892852240599303,200,detail,Employee Reimbursement Lead - USDS,drop,,,,,,,,
7527896896427559186,lifeattiktok,20250730160056,https://lifeattiktok.com/search/7527896896427559186,200,detail,Model Quality Assurance Program Manager - USDS,drop,,,,,,,,
7527896898062780679,lifeattiktok,20250729194005,https://lifeattiktok.com/search/7527896898062780679,200,detail,"Project Manager - AI Data Operation (Safety Model Operations), Trust and Safety - Singapore",include,trust and safety,,,,Singapore,Singapore,Singapore,
7527896898063141127,lifeattiktok,20250729154017,https://lifeattiktok.com/search/7527896898063141127,200,detail,Talent Acquisition Project Intern (E-Commerce) - 2025 Start (BS/MS),drop,,,,,,,,
7527959658947135762,lifeattiktok,20250730024003,https://lifeattiktok.com/search/7527959658947135762,200,detail,"TikTok Shop - Acquisition | Digital Channel Manager, EU",drop,,,,,,,,"HTTPSConnectionPool(host='web.archive.org', port=443): Max retries exceeded with url: /web/20250730024003id_/https://lif"
7527960197890541831,lifeattiktok,20250908121549,https://lifeattiktok.com/search/7527960197890541831,200,detail,"Push Notification Strategy Manager, Global Consumer Marketing – EMEA",drop,,,,,EMEA,,,
7527992045127862536,lifeattiktok,20250801034116,https://lifeattiktok.com/search/7527992045127862536,200,detail,Client Solutions Lead - Global Business Solutions - London,drop,,,,,,London,United Kingdom,
7528008428532746503,lifeattiktok,20250731013648,https://lifeattiktok.com/search/7528008428532746503,200,detail,Trust and Safety and Technology Communications Manager - EMEA,include,trust and safety,,,,EMEA,,,
7528066206520297735,lifeattiktok,20250730165157,https://lifeattiktok.com/search/7528066206520297735,200,detail,Head of Training and Quality - USDS,drop,,,,,,,,
7528073564075854087,lifeattiktok,20250730011459,https://lifeattiktok.com/search/7528073564075854087,200,detail,Content Moderation Team Lead - Trust & Safety - Mexico City,include,trust & safety; content moderat*; moderat*,,,,Mexico,Mexico City,Mexico,
7528117295609071879,lifeattiktok,20250729181228,https://lifeattiktok.com/search/7528117295609071879,200,detail,"Technical Program Manager, Trust & Safety - USDS",include,trust & safety,,,,,,,
7528117949829204232,lifeattiktok,20250731014809,https://lifeattiktok.com/search/7528117949829204232,200,detail,"Brand Partnership Manager (FMCG), Thailand",drop,,,,,Thailand,,,
7528155559007209736,lifeattiktok,20250729224220,https://lifeattiktok.com/search/7528155559007209736,200,detail,"General Manager, LATAM - Global Business Solutions",drop,,,,,LATAM,,,
7528166891883071762,lifeattiktok,20250730015132,https://lifeattiktok.com/search/7528166891883071762,200,detail,Product Security Program Manager - USDS,drop,,,,,,,,
7528167846833621256,lifeattiktok,20250731014215,https://lifeattiktok.com/search/7528167846833621256,200,detail,"Product Manager, Infrastructure Platform - San Jose",drop,,,,,,San Jose,United States,
7528179172326852871,lifeattiktok,20250908124917,https://lifeattiktok.com/search/7528179172326852871?_rsc=1vrt0,200,js_shell,,unusable,,,,,,,,
7528179637231945992,lifeattiktok,20250828211202,https://lifeattiktok.com/search/7528179637231945992,200,detail,Product Security Program Manager - USDS,drop,,,,,,,,
7528189731298740488,lifeattiktok,20250915070003,https://lifeattiktok.com/search/7528189731298740488,200,detail,Cyber Security Operations Center Analyst (CSOC) - USDS,drop,,,,,,,,
7528230133908834568,lifeattiktok,20250730170748,https://lifeattiktok.com/search/7528230133908834568,200,detail,TikTok NEA Live Streaming Strategy Project Intern (TikTok Live) - 2025 Start (BS/MS),drop,,,,,,,,"HTTPSConnectionPool(host='web.archive.org', port=443): Max retries exceeded with url: /web/20250730170748id_/https://lif"
7528291861556300040,lifeattiktok,20250731212821,https://lifeattiktok.com/search/7528291861556300040,200,detail,Backend Software Engineer Graduate (Social) - 2026 Start (BS/MS),drop,,,,,,,,
7528292002076379400,lifeattiktok,20250729075028,https://lifeattiktok.com/search/7528292002076379400,200,detail,Product Operations Manager - Creator Growth - TikTok LIVE,drop,,,,,,,,
7528296690399496455,lifeattiktok,20250731205759,https://lifeattiktok.com/search/7528296690399496455,200,detail,IOS Software Engineer Graduate (Social) - 2026 Start (BS/MS),drop,,,,,,,,
7528296691155077383,lifeattiktok,20250801193000,https://lifeattiktok.com/search/7528296691155077383,200,detail,Android Software Engineer Graduate (Social) - 2026 Start (BS/MS),drop,,,,,,,,
7528319088850897160,lifeattiktok,20250801172942,https://lifeattiktok.com/search/7528319088850897160,200,detail,Data Scientist Graduate (User Growth) - 2026 Start (BS/MS),drop,,,,,,,,
7528324857865652498,lifeattiktok,20250731020246,https://lifeattiktok.com/search/7528324857865652498,200,detail,TikTok Local Services - Senior Quality Strategy Manager,drop,,,,,,,,"HTTPSConnectionPool(host='web.archive.org', port=443): Max retries exceeded with url: /web/20250731020246id_/https://lif"
7528327100231633170,lifeattiktok,20250730082923,https://lifeattiktok.com/search/7528327100231633170,200,detail,Data Engineering Manager (Data Governance) - Data Cycling Centre,include,governance,,,,,,,
7528332249889294610,lifeattiktok,20250729232200,https://lifeattiktok.com/search/7528332249889294610,200,detail,TikTok Local Services - Merchant Governance Strategy Manager (Model Strategy),include,governance,,,,,,,
7528341819433404679,lifeattiktok,20250730102058,https://lifeattiktok.com/search/7528341819433404679,200,detail,ADSEO Quality Assurance - German (12-Month Fixed-term Contract),drop,,,,german,,,,
7528342143501732103,lifeattiktok,20250730071856,https://lifeattiktok.com/search/7528342143501732103,200,detail,ADSEO Quality Assurance - Italian (9-Month Fixed-term Contract),drop,,,,italian,,,,
7528351880806009106,lifeattiktok,20250730040251,https://lifeattiktok.com/search/7528351880806009106,200,detail,IMC Analytics and Special Project Intern (TikTok Shop Singapore) - 2025 Start (BS/MS),drop,,,,,Singapore,Singapore,Singapore,
7528372058973145352,lifeattiktok,20250730164525,https://lifeattiktok.com/search/7528372058973145352,200,detail,"Strategy Operations and Planning Manager, SMB (Industrial Operations)",drop,,,,,,,,
7528372066027374855,lifeattiktok,20250730052352,https://lifeattiktok.com/search/7528372066027374855,200,detail,"Strategy Operations and Planning Manager, SMB (Industrial Operations)",drop,,,,,,,,
7528379961965070600,lifeattiktok,20250730051023,https://lifeattiktok.com/search/7528379961965070600,200,detail,"TikTok Shop - Business Planning and Operation Strategy Analyst, Project Intern, London, 2025 Start (BS/Msc)",drop,,,,,,London,United Kingdom,
7528453410165623047,lifeattiktok,20250730074427,https://lifeattiktok.com/search/7528453410165623047,200,detail,Data Engineer - Trust & Safety - San Jose,include,trust & safety,,,,,San Jose,United States,
7528482488382621970,lifeattiktok,20250801164202,https://lifeattiktok.com/search/7528482488382621970,200,detail,"Global Account Director, CPG Global Accounts - Sao Paulo",drop,,,,,,Sao Paulo,Brazil,
7528964116267256072,lifeattiktok,20250731230644,https://lifeattiktok.com/search/7528964116267256072,200,detail,"Software Engineer Graduate- Algorithm Engineering, TikTok - 2026 Start (PhD)",drop,,,,,,,,
7529133048115235079,lifeattiktok,20250730100232,https://lifeattiktok.com/search/7529133048115235079,200,detail,Content Understanding Manager (Data Acquisition) - Data Cycling Centre,drop,,,,,,,,
7529153261905316114,lifeattiktok,20250729183626,https://lifeattiktok.com/search/7529153261905316114,200,detail,Data Scientist (User Growth) - Data Cycling Centre,drop,,,,,,,,
7529355300529473799,lifeattiktok,20250729095459,https://lifeattiktok.com/search/7529355300529473799,200,detail,TikTok Shop - Quality Assurance Program Manager,drop,,,,,,,,
7529441705998371079,lifeattiktok,20250801091230,https://lifeattiktok.com/search/7529441705998371079,200,detail,Backend Software Engineer Graduate (Search) - 2026 Start (BS/MS),drop,,,,,,,,
7529442962141514002,lifeattiktok,20250801073755,https://lifeattiktok.com/search/7529442962141514002,200,detail,Frontend Software Engineer Graduate (Search) - 2026 Start (BS/MS),drop,,,,,,,,
7529444119317498120,lifeattiktok,20250801192613,https://lifeattiktok.com/search/7529444119317498120,200,detail,Backend Software Engineer Graduate (Account) - 2026 Start (BS/MS),drop,,,,,,,,
7529474348652382472,lifeattiktok,20250729171744,https://lifeattiktok.com/search/7529474348652382472,200,detail,Backend Engineer (AI Application) - TikTok Local Service (Singapore),drop,,,,,Singapore,Singapore,Singapore,
7529509444780214535,lifeattiktok,20250730091351,https://lifeattiktok.com/search/7529509444780214535,200,detail,"Content Strategist, Regulatory Delivery & Transparency - Trust & Safety",include,trust & safety,,,,,,,
7529533402908002578,lifeattiktok,20250801123552,https://lifeattiktok.com/search/7529533402908002578,200,detail,Measurement Partner - Global Business Solutions - Europe & Israel,drop,,,,,Europe; Israel,,,"HTTPSConnectionPool(host='web.archive.org', port=443): Max retries exceeded with url: /web/20250801123552id_/https://lif"
7529575583991499016,lifeattiktok,20250821134304,https://lifeattiktok.com/search/7529575583991499016,200,detail,"E-Commerce Counsel, Logistics",drop,,,,,,,,
7529641896000751890,lifeattiktok,20250801100645,https://lifeattiktok.com/search/7529641896000751890,200,detail,Merchant Operations Project Intern (TikTok Shop - US Operation) - 2025 Start(BS/MS),drop,,,,,,,,
7529785395409864978,lifeattiktok,20260506185315,https://lifeattiktok.com/search/7529785395409864978?_rsc=1m3ql,200,js_shell,,unusable,,,,,,,,
7529788137754659090,lifeattiktok,20250801052918,https://lifeattiktok.com/search/7529788137754659090,200,detail,Backend Engineer Graduate (TikTok Shop - Customer Business) - 2026 Start (BS/MS),drop,,,,,,,,
7529793322623502600,lifeattiktok,20250801043327,https://lifeattiktok.com/search/7529793322623502600,200,detail,Backend Software Engineer - TikTok Shop (Fundamental Business),drop,,,,,,,,
7529793363122702600,lifeattiktok,20250801062034,https://lifeattiktok.com/search/7529793363122702600,200,detail,"Backend Software Engineer, TikTok Shop (Fundamental Business)",drop,,,,,,,,
7529798718955358472,lifeattiktok,20260619180323,https://lifeattiktok.com/search/7529798718955358472?_rsc=1m3ql,200,js_shell,,unusable,,,,,,,,
7529803551935400210,lifeattiktok,20250731222424,https://lifeattiktok.com/search/7529803551935400210,200,detail,Backend Engineer Graduate (TikTok Shop - Supply Chain and Logistics) - 2026 Start (BS/MS),drop,,,,,,,,
7529806085818124562,lifeattiktok,20250731202953,https://lifeattiktok.com/search/7529806085818124562,200,detail,Frontend Engineer Graduate (TikTok Shop - Governance Service) - 2026 Start (BS/MS),include,governance,,,,,,,
7529813930433153287,lifeattiktok,20250801114525,https://lifeattiktok.com/search/7529813930433153287,200,detail,Quality Assurance Engineer Graduate (TikTok Shop) - 2026 Start (BS/MS),drop,,,,,,,,
7529828959078271239,lifeattiktok,20250801190539,https://lifeattiktok.com/search/7529828959078271239,200,detail,Mobile Software Engineer Intern (Social) - 2026 Start (BS/MS),drop,,,,,,,,
7529837862532811026,lifeattiktok,20250801131208,https://lifeattiktok.com/search/7529837862532811026,200,detail,Account Manager Graduate (TikTok Shop - Beauty) 2026 Start (BS/MS),drop,,,,,,,,
7529846838952184082,lifeattiktok,20250908085124,https://lifeattiktok.com/search/7529846838952184082,200,detail,Brand Partnerships Manager - Global Business Solutions - Paris,drop,,,,,,Paris,France,
7529896750870481160,lifeattiktok,20250801050348,https://lifeattiktok.com/search/7529896750870481160,200,detail,Talent Acquisition Partner - Trust & Safety - Dublin (Fixed-Term Contract),include,trust & safety,,,,Ireland,Dublin,Ireland,
7529942794146121991,lifeattiktok,20251209104950,https://lifeattiktok.com/search/7529942794146121991,200,detail,Product Manager - Search Ads,drop,,,,,,,,
7529956169709701383,lifeattiktok,20250801032500,https://lifeattiktok.com/search/7529956169709701383,200,detail,Creator Operations Growth Lead - TikTok LIVE,drop,,,,,,,,
7529996927507499272,lifeattiktok,20250814113739,https://lifeattiktok.com/search/7529996927507499272,200,detail,Resiliency Integration Specialist - USDS,drop,,,,,,,,
7529997825732577543,lifeattiktok,20250801102941,https://lifeattiktok.com/search/7529997825732577543,200,detail,Resiliency Integration Specialist - USDS,drop,,,,,,,,
7530001756907931922,lifeattiktok,20250801014615,https://lifeattiktok.com/search/7530001756907931922,200,detail,"Mobile Software Engineer, iOS Performance",drop,,,,,,,,
7530003479109044488,lifeattiktok,20250801052523,https://lifeattiktok.com/search/7530003479109044488,200,detail,"Senior Mobile Software Engineer, iOS Performance",drop,,,,,,,,"HTTPSConnectionPool(host='web.archive.org', port=443): Max retries exceeded with url: /web/20250801052523id_/https://lif"
7530027625667987730,lifeattiktok,20250801091757,https://lifeattiktok.com/search/7530027625667987730,200,detail,"Machine Learning Engineer, Risk Management -Agentic AI",drop,,,,,,,,
7530123565145147655,lifeattiktok,20250922141158,https://lifeattiktok.com/search/7530123565145147655?_rsc=1y1fq,200,js_shell,,unusable,,,,,,,,
7530286323479972114,lifeattiktok,20250801064443,https://lifeattiktok.com/search/7530286323479972114,200,detail,Data Engineering Manager (Data Governance) - Data Cycling Center,include,governance,,,,,,,
7530301431917185287,lifeattiktok,20250801021915,https://lifeattiktok.com/search/7530301431917185287,200,detail,TikTok Shop - GTL Logistics- Inventory & Special Projects Analyst - Indonesia,drop,,,,,Indonesia,,,
7530344852765296904,lifeattiktok,20251016003343,https://lifeattiktok.com/search/7530344852765296904,200,detail,ADSEO Quality Assurance - Arabic (12 Month Fixed Term Contract),drop,,,,arabic,,,,
7530350943830296850,lifeattiktok,20250801152504,https://lifeattiktok.com/search/7530350943830296850,200,detail,ADSEO Quality Assurance - English (12-Month Fixed-term Contract),drop,,,,english,,,,
7530352346321799431,lifeattiktok,20250801071302,https://lifeattiktok.com/search/7530352346321799431,200,detail,ADSEO Quality Assurance - Russian (12 Month - Fixed Term Contract),drop,,,,russian,,,,
7530352346322028807,lifeattiktok,20250801210758,https://lifeattiktok.com/search/7530352346322028807,200,detail,ADSEO Quality Assurance - Turkish (12 Month - Fixed Term Contract),drop,,,,turkish,,,,
7530356992188942599,lifeattiktok,20250801104602,https://lifeattiktok.com/search/7530356992188942599,200,detail,Search Operations Quality Assurance - French (12 Month - Fixed Term Contract),drop,,,,french,,,,
7530379071436933394,lifeattiktok,20260112010254,https://lifeattiktok.com/search/7530379071436933394,200,detail,"Product Manager, Identity Resolution",drop,,,,,,,,
7530389941411940615,lifeattiktok,20250731211153,https://lifeattiktok.com/search/7530389941411940615,200,detail,Cybersecurity Controls Analyst - USDS,drop,,,,,,,,
7530389941412137223,lifeattiktok,20250801092851,https://lifeattiktok.com/search/7530389941412137223,200,detail,Cybersecurity Controls Analyst - USDS,drop,,,,,,,,
7530390505324087559,lifeattiktok,20250801052513,https://lifeattiktok.com/search/7530390505324087559,200,detail,"TikTok Shop - Assortment Growth Strategy Manager, User Growth Operations",drop,,,,,,,,
7530402262691498248,lifeattiktok,20250801063048,https://lifeattiktok.com/search/7530402262691498248,200,detail,Governance Analyst - USDS,include,governance,,,,,,,
7530432176208726279,lifeattiktok,20250801210144,https://lifeattiktok.com/search/7530432176208726279,200,detail,"Regulatory Response Analyst, Risk Containment (Bilingual Turkish) - Trust and Safety",include,trust and safety,,,turkish,,,,
7530474543971371271,lifeattiktok,20250801182554,https://lifeattiktok.com/search/7530474543971371271,200,detail,"Senior Frontend Software Engineer, Content E-commerce",drop,,,,,,,,
7530513185797359880,lifeattiktok,20260902100621,https://lifeattiktok.com/search/7530513185797359880?utm_source=Simplify,200,detail,Software Engineer Project Intern (Platform efficiency) - 2026 Start (BS/MS),drop,,,,,,,,
7530522365064743175,lifeattiktok,20250801154722,https://lifeattiktok.com/search/7530522365064743175,200,detail,Category Strategy Project Intern (TikTok Shop by Tokopedia) - 2025 Start (BS/MS),drop,,,,,,,,
7530522445167708424,lifeattiktok,20250801023203,https://lifeattiktok.com/search/7530522445167708424,200,detail,TikTok Senior Product Designer – Local Services,drop,,,,,,,,
7530544428538235144,lifeattiktok,20260506185315,https://lifeattiktok.com/search/7530544428538235144?_rsc=1m3ql,200,js_shell,,unusable,,,,,,,,"HTTPSConnectionPool(host='web.archive.org', port=443): Max retries exceeded with url: /web/20260506185315id_/https://lif"
7530548779231267080,lifeattiktok,20250731224648,https://lifeattiktok.com/search/7530548779231267080,200,detail,Data Scientist Intern (User Growth) - 2026 Start (BS/MS),drop,,,,,,,,
7530551881640560904,lifeattiktok,20250801210821,https://lifeattiktok.com/search/7530551881640560904,200,detail,Backend Software Engineer Intern (User Growth) - 2026 Start (BS/MS),drop,,,,,,,,
7530553125037705479,lifeattiktok,20250908004659,https://lifeattiktok.com/search/7530553125037705479,200,detail,TikTok Shop - GTL Logistics- Network Performance Lead - Indonesia,drop,,,,,Indonesia,,,
7530557300432947474,lifeattiktok,20250801160008,https://lifeattiktok.com/search/7530557300432947474,200,detail,Product Operation Specialist - Photo Text,drop,,,,,,,,
7530558287583217938,lifeattiktok,20250801054353,https://lifeattiktok.com/search/7530558287583217938,200,detail,Product Operation Specialist - Comprehensive Search Operation,drop,,,,,,,,
7530560015720319250,lifeattiktok,20250801031428,https://lifeattiktok.com/search/7530560015720319250,200,detail,Frontend Software Engineer Intern (User Growth) - 2026 Start (BS/MS),drop,,,,,,,,
7530564837836605704,lifeattiktok,20250801030941,https://lifeattiktok.com/search/7530564837836605704,200,detail,Frontend Software Engineer Intern (Search) - 2026 Start (BS/MS),drop,,,,,,,,
7530565058259618055,lifeattiktok,20250731211807,https://lifeattiktok.com/search/7530565058259618055,200,detail,Backend Software Engineer Intern (Search) - 2026 Start (BS/MS),drop,,,,,,,,
7530577031588972818,lifeattiktok,20250801204922,https://lifeattiktok.com/search/7530577031588972818,200,detail,Issue Discovery Intern (TikTok Live Ecosystem Governance) - 2025 Start (BS/MS),include,governance,,,,,,,
7530587261105883410,lifeattiktok,20250801055113,https://lifeattiktok.com/search/7530587261105883410,200,detail,"Algorithm Engineer Graduate (TikTok Shop Global E-Commerce, Supply Chain and Logistics) - 2026 Start (BS/MS)",drop,,,,,,,,
7530587421126265095,lifeattiktok,20260208210044,https://lifeattiktok.com/search/7530587421126265095,200,detail,TikTok Shop - GTL Logistics-Performance Management Lead - Indonesia,drop,,,,,Indonesia,,,
7530609308984707336,lifeattiktok,20250731205939,https://lifeattiktok.com/search/7530609308984707336,200,detail,"Client Solutions Manager, Apps & Services, Global Business Solutions - Central Europe",drop,,,,,Europe,,,
7530625969200924936,lifeattiktok,20250731203451,https://lifeattiktok.com/search/7530625969200924936,200,detail,"Algorithm Engineer Intern (TikTok Shop Global E-Commerce, Supply Chain and Logistics) - 2026 Start (BS/MS)",drop,,,,,,,,
7530635826352556306,lifeattiktok,20250801065626,https://lifeattiktok.com/search/7530635826352556306,200,detail,Search Operations Quality Assurance - German (12 Month - Fixed Term Contract),drop,,,,german,,,,
7530646380378196242,lifeattiktok,20250813112258,https://lifeattiktok.com/search/7530646380378196242?_rsc=jxgm5,200,js_shell,,unusable,,,,,,,,
7530654487871113479,lifeattiktok,20250801063038,https://lifeattiktok.com/search/7530654487871113479,200,detail,Search Operation Specialist - German ( 12 month - Fixed Term Contract),drop,,,,german,,,,
7530654747376961810,lifeattiktok,20250731221208,https://lifeattiktok.com/search/7530654747376961810,200,detail,Search Operations Quality Assurance - German Speaking,drop,,,,german,,,,
7530661078881536274,lifeattiktok,20250801031937,https://lifeattiktok.com/search/7530661078881536274,200,detail,Product and Risk Communications Manager,drop,,,,,,,,
7530663121578035463,lifeattiktok,20250801002223,https://lifeattiktok.com/search/7530663121578035463,200,detail,Electronic Category Account Project Intern (TikTok Shop by Tokopedia) 2025 Start (BS/MS),drop,,,,,,,,
7530669699354577160,lifeattiktok,20250801153841,https://lifeattiktok.com/search/7530669699354577160,200,detail,Search Operations Quality Assurance - French Speaking ( 12 month - Fixed Term Contract),drop,,,,french,,,,"HTTPSConnectionPool(host='web.archive.org', port=443): Max retries exceeded with url: /web/20250801153841id_/https://lif"
7530671155453495570,lifeattiktok,20250801053151,https://lifeattiktok.com/search/7530671155453495570,200,detail,Search Operations Quality Assurance - Italian Speaking ( 12 month - Fixed Term Contract),drop,,,,italian,,,,
7530679101751052552,lifeattiktok,20250801071932,https://lifeattiktok.com/search/7530679101751052552,200,detail,"Frontend Software Engineer, Content E-commerce",drop,,,,,,,,
7530687476277545224,lifeattiktok,20250731204206,https://lifeattiktok.com/search/7530687476277545224,200,detail,"Frontend Software Engineer, Content E-commerce",drop,,,,,,,,
7530700056707680520,lifeattiktok,20250801164540,https://lifeattiktok.com/search/7530700056707680520,200,detail,Category Management Project Intern (TikTok Shop - US Operation) - 2025 Start (BS/MS),drop,,,,,,,,
7530709041648503048,lifeattiktok,20251202071356,https://lifeattiktok.com/search/7530709041648503048?spread=5MWH5CQ,200,detail,Creator Partnership Intern - (TikTok Shop - Global Selling) - 2026 Summer(BS/MS)),drop,,,,,,,,
7530728287904844050,lifeattiktok,20260609061541,https://lifeattiktok.com/search/7530728287904844050?spread=5MWH5CQ&utm_source=selectfrom.work,200,detail,Data Scientist Intern (Privacy and Data Protection Office)- 2026 Summer (BS/MS),drop,,,,,,,,
7530752375372466439,lifeattiktok,20260103171823,https://lifeattiktok.com/search/7530752375372466439?_rsc=1m3ql,200,js_shell,,unusable,,,,,,,,
7530759729113680135,lifeattiktok,20260115013340,https://lifeattiktok.com/search/7530759729113680135,200,detail,"Fullstack Engineer Graduate, Trust and Safety - 2026 Start (BS/MS)",include,trust and safety,,,,,,,
7530759738491226386,lifeattiktok,20260103171823,https://lifeattiktok.com/search/7530759738491226386?_rsc=1m3ql,200,js_shell,,unusable,,,,,,,,
7530765464767826184,lifeattiktok,20251123162525,https://lifeattiktok.com/search/7530765464767826184?utm_source=Simplify,200,detail,Software Development Engineer in Test Graduate (Trust and Safety) - 2026 Start (BS/MS),include,trust and safety,,,,,,,
7530765470187866386,lifeattiktok,20250801150421,https://lifeattiktok.com/search/7530765470187866386,200,detail,"Engineer Graduate, User Experience - TikTok - 2026 Start (BS/MS)",drop,,,,,,,,
7530765471130683666,lifeattiktok,20250731200925,https://lifeattiktok.com/search/7530765471130683666,200,detail,"Engineer Graduate, AI Safety - San Jose, TikTok - 2026 Start (BS/ MS)",drop,,,,,,San Jose,United States,
7530770310150392072,lifeattiktok,20250801032233,https://lifeattiktok.com/search/7530770310150392072,200,detail,"Engineer Graduate, Implementation - Algorithm Engineering, TikTok - 2026 Start (BS/MS)",drop,,,,,,,,
7530770310342379783,lifeattiktok,20250731233718,https://lifeattiktok.com/search/7530770310342379783,200,detail,Tech Lead Software Engineer - TikTok Monetization GenAI - San Jose,drop,,,,,,San Jose,United States,
7530772847212644616,lifeattiktok,20260710212811,https://lifeattiktok.com/search/7530772847212644616,200,detail,"Research Scientist Graduate - (Trust and Safety - CV/NLP/Multimodal LLM, San Jose) - 2026 Start (BS/MS)",include,trust and safety,,,,,San Jose,United States,
7530775582141892882,lifeattiktok,20250801033451,https://lifeattiktok.com/search/7530775582141892882,200,detail,Research Scientist Graduate (Monetization GenAI) - 2026 Start (PhD),drop,,,,,,,,
7530776023969909000,lifeattiktok,20250801102720,https://lifeattiktok.com/search/7530776023969909000,200,detail,"Product Manager Intern (TikTok Shop, Merchandise Growth) - 2026 Start (BS/MS)",drop,,,,,,,,
7530846269200877842,lifeattiktok,20250801165136,https://lifeattiktok.com/search/7530846269200877842,200,detail,Organizational Effectiveness Partner - Trust & Safety,include,trust & safety,,,,,,,
7530848902367791378,lifeattiktok,20250813125009,https://lifeattiktok.com/search/7530848902367791378,200,detail,Copywriter - TikTok LIVE (LATAM),drop,,,,,LATAM,,,
7530861005548767496,lifeattiktok,20250801024423,https://lifeattiktok.com/search/7530861005548767496,200,detail,TikTok Shop - Global Compensation Solution Program Manager,drop,,,,,,,,"HTTPSConnectionPool(host='web.archive.org', port=443): Max retries exceeded with url: /web/20250801024423id_/https://lif"
7530861008044181767,lifeattiktok,20250801124010,https://lifeattiktok.com/search/7530861008044181767,200,detail,"Machine Learning Engineer Graduate (TikTok Shop Global E-Commerce, Search) - 2026 Start (BS/MS)",drop,,,,,,,,
7530862586574096658,lifeattiktok,20250801043136,https://lifeattiktok.com/search/7530862586574096658,200,detail,"Machine Learning Engineer Graduate (TikTok Shop Global E-Commerce, Platform Governance) - 2026 Start (BS/MS)",include,governance,,,,,,,
7530864651635575058,lifeattiktok,20251111225036,https://lifeattiktok.com/search/7530864651635575058?utm_source=levels.fyi&spread=5MWH5CQ,200,detail,"Machine Learning Engineer Graduate (TikTok Shop Global E-Commerce, Recommendation Alliance) - 2026 Start (BS/MS)",drop,,,,,,,,"HTTPSConnectionPool(host='web.archive.org', port=443): Max retries exceeded with url: /web/20251111225036id_/https://lif"
7530867677587687687,lifeattiktok,20250801081947,https://lifeattiktok.com/search/7530867677587687687,200,detail,"Algorithm Engineer Graduate (TikTok Shop Global E-Commerce, Knowledge Graph) - 2026 Start (BS/MS)",drop,,,,,,,,
7530868912565586184,lifeattiktok,20250801102102,https://lifeattiktok.com/search/7530868912565586184,200,detail,"Machine Learning Engineer Graduate (TikTok Shop Global E-Commerce, Conversational AI) - 2026 Start (BS/MS)",drop,,,,,,,,
7530870992785525010,lifeattiktok,20250731234636,https://lifeattiktok.com/search/7530870992785525010,200,detail,"Machine Learning Engineer Graduate (TikTok Shop Global E-Commerce, User Growth & Intelligent Marketing) - 2026 Start (BS/MS)",drop,,,,,,,,
7530885056641501458,lifeattiktok,20250801115923,https://lifeattiktok.com/search/7530885056641501458,200,detail,Backend Software Engineer Graduate (Video-On-Demand) - 2026 Start (BS/MS),drop,,,,,,,,
7530885289750677778,lifeattiktok,20250731203806,https://lifeattiktok.com/search/7530885289750677778,200,detail,Big Data Engineer Intern (Monetization Data) - 2026 Start (BS/MS),drop,,,,,,,,
7530886488156227847,lifeattiktok,20250731223510,https://lifeattiktok.com/search/7530886488156227847,200,detail,Content Moderator - Live & Monetization - Indonesia,include,content moderat*; moderat*,,,,Indonesia,,,
7530891009901185298,lifeattiktok,20250731234528,https://lifeattiktok.com/search/7530891009901185298,200,detail,Big Data Engineer Graduate (Monetization Data) - 2026 Start (BS/MS),drop,,,,,,,,
7530893325454428423,lifeattiktok,20250801012457,https://lifeattiktok.com/search/7530893325454428423,200,detail,TikTok Shop - Ecommerce Anti-fraud Investigations and Operations Specialist,include,fraud,,,,,,,
7530895739720288520,lifeattiktok,20250801031505,https://lifeattiktok.com/search/7530895739720288520,200,detail,"TikTok Shop - Special Project & Analytics Strategist, Integrated Marketing (Singapore, E-commerce)",drop,,,,,Singapore,Singapore,Singapore,
7530897600477808914,lifeattiktok,20260111044218,https://lifeattiktok.com/search/7530897600477808914?_rsc=1m3ql,200,js_shell,,unusable,,,,,,,,
7530899288109746450,lifeattiktok,20250908102551,https://lifeattiktok.com/search/7530899288109746450?spread=5MWH5CQ&utm_source=levels.fyi,200,detail,Application Security Engineer Graduate (TikTok) - 2026 Start (BS/MS),drop,,,,,,,,
7530916762100435208,lifeattiktok,20250801154548,https://lifeattiktok.com/search/7530916762100435208,200,detail,"Data Warehouse Engineer Graduate (Data Platform, TikTok Live) - 2026 Start (BS/MS)",drop,,,,,,,,
7530919342977452295,lifeattiktok,20250801003825,https://lifeattiktok.com/search/7530919342977452295,200,detail,"Data Warehouse Engineer Intern (Data Platform, TikTok Live) - 2026 Start (BS/MS)",drop,,,,,,,,
7530923612875704594,lifeattiktok,20250801185718,https://lifeattiktok.com/search/7530923612875704594,200,detail,Site Reliability Engineer Graduate (Monetization) - 2026 Start (BS/MS),exclude,,site reliability,,,,,,
7530923845474584850,lifeattiktok,20250801115609,https://lifeattiktok.com/search/7530923845474584850,200,detail,"Machine Learning Engineer Graduate (TikTok Shop Global E-Commerce, Recommendation) - 2026 Start (BS/MS)",drop,,,,,,,,
7530924060991129864,lifeattiktok,20250801110357,https://lifeattiktok.com/search/7530924060991129864,200,detail,"Big Data Engineer Graduate (Data Platform, TikTok Global E-Commerce) - 2026 Start (BS/MS)",drop,,,,,,,,
7530924255426709768,lifeattiktok,20250801221326,https://lifeattiktok.com/search/7530924255426709768,200,detail,"Machine Learning Engineer Graduate (TikTok Shop Global E-Commerce, Risk Control) - 2026 Start (BS/MS)",drop,,,,,,,,"HTTPSConnectionPool(host='web.archive.org', port=443): Max retries exceeded with url: /web/20250801221326id_/https://lif"
7530924721442162962,lifeattiktok,20250801160039,https://lifeattiktok.com/search/7530924721442162962,200,detail,"Big Data Engineer Intern (Data Platform, TikTok Global E-Commerce) 2026 Start (BS/MS)",drop,,,,,,,,
7530926044292401416,lifeattiktok,20250922141158,https://lifeattiktok.com/search/7530926044292401416?_rsc=1y1fq,200,js_shell,,unusable,,,,,,,,
7530933554366040338,lifeattiktok,20250731233048,https://lifeattiktok.com/search/7530933554366040338,200,detail,Site Reliability Engineer Intern (Monetization) - 2026 Start (BS/MS),exclude,,site reliability,,,,,,
7530937799190792455,lifeattiktok,20250801114555,https://lifeattiktok.com/search/7530937799190792455,200,detail,"Agency Growth Partners, TSP Project Intern (TikTok Shop - Vietnam) - 2025 Start (BS/MS)",drop,,,,,Vietnam,,,
7530938809447270674,lifeattiktok,20250801074306,https://lifeattiktok.com/search/7530938809447270674,200,detail,APAC Product Marketing Intern (SMB) - 2026 Start (BS/MS),drop,,,,,APAC,,,
7530940847085406472,lifeattiktok,20250801171452,https://lifeattiktok.com/search/7530940847085406472,200,detail,Global Emergency Response Specialist - Trust & Safety,include,trust & safety,,,,,,,
7530942692562520328,lifeattiktok,20250801045158,https://lifeattiktok.com/search/7530942692562520328,200,detail,Product Solutions & Operations Project Intern (Content & Service) - 2026 Start (BS/MS),drop,,,,,,,,
7530950345036564744,lifeattiktok,20250801051838,https://lifeattiktok.com/search/7530950345036564744,200,detail,"Communications Lead, Thailand",drop,,,,,Thailand,,,
7530955214620346642,lifeattiktok,20250801085524,https://lifeattiktok.com/search/7530955214620346642,200,detail,"Machine Learning Engineer Graduate (TikTok Shop Global E-Commerce, Platform Governance) - 2026 Start (PhD)",include,governance,,,,,,,
7530956078936148242,lifeattiktok,20250801050826,https://lifeattiktok.com/search/7530956078936148242,200,detail,APAC Social Lead,drop,,,,,APAC,,,
7530956400816720136,lifeattiktok,20250801083813,https://lifeattiktok.com/search/7530956400816720136,200,detail,"Algorithm Engineer Graduate (TikTok Shop Global E-Commerce, Supply Chain and Logistics) - 2026 Start (PhD)",drop,,,,,,,,
7530957295765850386,lifeattiktok,20250801080238,https://lifeattiktok.com/search/7530957295765850386,200,detail,Creator Manager Project Intern (Tiktok Shop) - 2025 Start (BS/MS/MBA),drop,,,,,,,,
7530957296097134855,lifeattiktok,20250731235334,https://lifeattiktok.com/search/7530957296097134855,200,detail,"Machine Learning Engineer Graduate (TikTok Shop Global E-Commerce, Recommendation) - 2026 Start (PhD)",drop,,,,,,,,
7530979904054790407,lifeattiktok,20260515014852,https://lifeattiktok.com/search/7530979904054790407?spread=XKM9ZXE,200,detail,Research Scientist Graduate Graphics Engine - 2026 Start (PhD),drop,,,,,,,,
7530994605405604104,lifeattiktok,20251003171634,https://lifeattiktok.com/search/7530994605405604104?spread=5MWH5CQ%5Cu0026ref%3Dlevels.fyi%5Cu0026src%3Dlevels.fyi%5Cu0026utm_source%3Dlevels.fyi,200,detail,Backend Engineer Intern (QA) 2026 Start (BS/MS),drop,,,,,,,,
7531002656581716242,lifeattiktok,20251016004638,https://lifeattiktok.com/search/7531002656581716242,200,detail,Supply Chain Strategy Analysis Intern (TikTok Shop) - 2026 Summer (MBA),drop,,,,,,,,
7531008051147507976,lifeattiktok,20260422030010,https://lifeattiktok.com/search/7531008051147507976?_rsc=1m3ql,200,js_shell,,unusable,,,,,,,,
7531034549237713170,lifeattiktok,20250801014247,https://lifeattiktok.com/search/7531034549237713170,200,detail,"Brand Partnerships Manager, Specialty Retail - Global Business Solutions - Los Angeles",drop,,,,,,Los Angeles,United States,
7531102192955230472,lifeattiktok,20250801135418,https://lifeattiktok.com/search/7531102192955230472,200,detail,Privacy Risk Analyst - USDS,include,risk analyst,,,,,,,
7531106131181127954,lifeattiktok,20250801080658,https://lifeattiktok.com/search/7531106131181127954,200,detail,Security Infrastructure Engineer - USDS,drop,,,,,,,,"HTTPSConnectionPool(host='web.archive.org', port=443): Max retries exceeded with url: /web/20250801080658id_/https://lif"
7531119098610616594,lifeattiktok,20250801062259,https://lifeattiktok.com/search/7531119098610616594,200,detail,Cloud Security Specialist - USDS,drop,,,,,,,,
7531125528737646866,lifeattiktok,20250814023451,https://lifeattiktok.com/search/7531125528737646866,200,detail,"Global Privacy Project Manager, Regulatory & Security",drop,,,,,,,,
7531158600791705874,lifeattiktok,20250801065335,https://lifeattiktok.com/search/7531158600791705874,200,detail,Software Engineer Graduate (Ads ML Infrastructure) - 2026 Start (BS/MS),drop,,,,,,,,
7531158608336242962,lifeattiktok,20251125145417,https://lifeattiktok.com/search/7531158608336242962,200,detail,Machine Learning Engineer Graduate (Commerce Ads) - 2026 Start (BS/MS),drop,,,,,,,,
7531161909594507528,lifeattiktok,20250817035417,https://lifeattiktok.com/search/7531161909594507528,200,detail,Software Engineer Graduate (Ads Identity and Attribution Technology) - 2026 Start (BS/MS),drop,,,,,,,,
7531161909615593735,lifeattiktok,20250817035432,https://lifeattiktok.com/search/7531161909615593735,200,detail,Software Engineer Graduate (Ads Measurement Signal Technology) - 2026 Start (BS/MS),drop,,,,,,,,
7531164305472358663,lifeattiktok,20250817035452,https://lifeattiktok.com/search/7531164305472358663,200,detail,Software Engineer Graduate (Global SRE) - 2026 Start (BS/MS),drop,,,,,,,,
7531164307980749063,lifeattiktok,20250801055054,https://lifeattiktok.com/search/7531164307980749063,200,detail,"Model Policy Lead, Video Policy - Trust and Safety",include,trust and safety; policy lead,,,,,,,
7531175534148045063,lifeattiktok,20250817035443,https://lifeattiktok.com/search/7531175534148045063,200,detail,Software Engineer Graduate (Ads Measurement Signal and Privacy Infra Technology) - 2026 Start (BS/MS),drop,,,,,,,,
7531673648638232839,lifeattiktok,20250801092125,https://lifeattiktok.com/search/7531673648638232839,200,detail,"Backend Engineer Graduate (TikTok Shop Global E-Commerce, Search Architecture) - 2026 Start (BS/MS)",drop,,,,,,,,
7531673648911370514,lifeattiktok,20250731221721,https://lifeattiktok.com/search/7531673648911370514,200,detail,Backend Engineer Graduate (TikTok Search Architecture) - 2026 Start (BS/MS),drop,,,,,,,,
7531673940323420434,lifeattiktok,20250801094314,https://lifeattiktok.com/search/7531673940323420434,200,detail,Machine Learning Engineer Graduate (TikTok Local Service Search) - 2026 Start (BS/MS),drop,,,,,,,,
7531673940324190482,lifeattiktok,20250801034543,https://lifeattiktok.com/search/7531673940324190482,200,detail,Deep Learning Algorithm Graduate (TikTok Search Ranking) - 2026 Start (BS/MS),drop,,,,,,,,
7531675350661646610,lifeattiktok,20250813112127,https://lifeattiktok.com/search/7531675350661646610?_rsc=ptnuc,200,js_shell,,unusable,,,,,,,,
7531678122157623560,lifeattiktok,20250801020316,https://lifeattiktok.com/search/7531678122157623560,200,detail,Backend Engineer Intern (TikTok Search Architecture) - 2026 Start (BS/MS),drop,,,,,,,,
7531679443716589831,lifeattiktok,20250801083453,https://lifeattiktok.com/search/7531679443716589831,200,detail,Machine Learning Engineer Intern (TikTok Local Services Search) - 2026 Start (BS/MS),drop,,,,,,,,
7531683890512562440,lifeattiktok,20250815034426,https://lifeattiktok.com/search/7531683890512562440?_rsc=16c6u,200,js_shell,,unusable,,,,,,,,
7531687680808913160,lifeattiktok,20250801091906,https://lifeattiktok.com/search/7531687680808913160,200,detail,Backend Engineer Graduate (TikTok Recommendation Architecture) - 2026 Start (BS/MS),drop,,,,,,,,
7531689400276535559,lifeattiktok,20250801124820,https://lifeattiktok.com/search/7531689400276535559,200,detail,Machine Learning Engineer Intern (TikTok Vertical Search) - 2026 Start (BS/MS),drop,,,,,,,,
7531690102730803463,lifeattiktok,20250801154421,https://lifeattiktok.com/search/7531690102730803463,200,detail,MLLM Algorithm Engineer Graduate (TikTok Search) - 2026 Start (BS/MS),drop,,,,,,,,"HTTPSConnectionPool(host='web.archive.org', port=443): Max retries exceeded with url: /web/20250801154421id_/https://lif"
7531694520855021831,lifeattiktok,20250801203826,https://lifeattiktok.com/search/7531694520855021831,200,detail,AI Algorithm Engineer Intern (TikTok Search) - 2026 Start (BS/MS),drop,,,,,,,,
7531701262510344456,lifeattiktok,20250801055446,https://lifeattiktok.com/search/7531701262510344456,200,detail,MLLM Algorithm Engineer Intern (TikTok Search) - 2026 Start (BS/MS),drop,,,,,,,,
7531709006790052114,lifeattiktok,20250801040042,https://lifeattiktok.com/search/7531709006790052114,200,detail,AI Machine Learning Engineer Graduate (TikTok Search) - 2026 Start (PhD),drop,,,,,,,,
7531714599947815175,lifeattiktok,20250801141326,https://lifeattiktok.com/search/7531714599947815175,200,detail,Deep Learning Algorithm Engineer Intern (TikTok Search Ranking) - 2026 Start (BS/MS),drop,,,,,,,,
7531716084228278536,lifeattiktok,20251020171226,https://lifeattiktok.com/search/7531716084228278536?_rsc=1m3ql,200,js_shell,,unusable,,,,,,,,
7531722631180142866,lifeattiktok,20250801035903,https://lifeattiktok.com/search/7531722631180142866,200,detail,Backend Engineer Graduate (TikTok Vertical Recommendation Architecture) - 2026 Start (BS/MS),drop,,,,,,,,
7531722631180585234,lifeattiktok,20250801095915,https://lifeattiktok.com/search/7531722631180585234,200,detail,Backend Engineer Graduate (TikTok Global E-commerce Recommendation Architecture) - 2026 Start (BS/MS),drop,,,,,,,,
7531725997906184466,lifeattiktok,20260619180322,https://lifeattiktok.com/search/7531725997906184466?_rsc=1m3ql,200,js_shell,,unusable,,,,,,,,
7531726920771717384,lifeattiktok,20250801075027,https://lifeattiktok.com/search/7531726920771717384,200,detail,Model Infrastructure Engineer Graduate (TikTok Recommendation Architecture) - 2026 Start (BS/MS),drop,,,,,,,,
7531728877581191442,lifeattiktok,20250801070500,https://lifeattiktok.com/search/7531728877581191442,200,detail,"Big Data Engineer Graduate (TikTok Application Computing, Data + AI) - 2026 Start (BS/MS)",drop,,,,,,,,
7531730450876860680,lifeattiktok,20251018083507,https://lifeattiktok.com/search/7531730450876860680?spread=5MWH5CQ&utm_source=levels.fyi,200,detail,Backend Engineer Graduate (TikTok Live Recommendation Architecture) - 2026 Start (BS/MS),drop,,,,,,,,
7531731301621106952,lifeattiktok,20250801142503,https://lifeattiktok.com/search/7531731301621106952,200,detail,Backend Engineer Graduate (ByteRec Recommendation Infrastructure) - 2026 Start (BS/MS),drop,,,,,,,,
7531731322260769031,lifeattiktok,20250801042557,https://lifeattiktok.com/search/7531731322260769031,200,detail,"Backend Engineer Intern (TikTok Recommendation Architecture, Content Intelligence) - 2026 Start (BS/MS)",drop,,,,,,,,
7531731901447735559,lifeattiktok,20250731205900,https://lifeattiktok.com/search/7531731901447735559,200,detail,Backend Engineer Graduate (TikTok ShortText Recommendation Infrastructure) - 2026 Start (BS/MS),drop,,,,,,,,
7531731901713074439,lifeattiktok,20250801114346,https://lifeattiktok.com/search/7531731901713074439,200,detail,Big Data Engineer Graduate (TikTok Live Recommendation Architecture) - 2026 Start (BS/MS),drop,,,,,,,,
7531731902501177607,lifeattiktok,20250801211756,https://lifeattiktok.com/search/7531731902501177607,200,detail,Backend Engineer Graduate (TikTok Recommendation Foundation Infrastructure) - 2026 Start (BS/MS),drop,,,,,,,,
7531736308369312007,lifeattiktok,20250801165427,https://lifeattiktok.com/search/7531736308369312007,200,detail,Big Data Engineer Intern (TikTok Global Ecommerce Recommendation Architecture) - 2026 Start (BS/MS),drop,,,,,,,,
7531736710506678546,lifeattiktok,20250801095801,https://lifeattiktok.com/search/7531736710506678546,200,detail,"Backend Engineer Graduate (TikTok Vertical Recommendation Architecture, Content Intelligence) - 2026 Start (BS/MS)",drop,,,,,,,,
7531736712172308754,lifeattiktok,20250801211246,https://lifeattiktok.com/search/7531736712172308754,200,detail,Backend Engineer Intern (TikTok Glocal Ecommerce Recommendation Architecture) - 2026 Start (BS/MS),drop,,,,,,,,
7531736712244201735,lifeattiktok,20250731232923,https://lifeattiktok.com/search/7531736712244201735,200,detail,Big Data Engineer Intern (TikTok Recommendation Architecture) - 2026 Start (BS/MS),drop,,,,,,,,"HTTPSConnectionPool(host='web.archive.org', port=443): Max retries exceeded with url: /web/20250731232923id_/https://lif"
7531736718752827655,lifeattiktok,20250801204338,https://lifeattiktok.com/search/7531736718752827655,200,detail,Backend Engineer Intern (TikTok Recommendation Architecture) - 2026 Start (BS/MS),drop,,,,,,,,
7531736718753646855,lifeattiktok,20250801200532,https://lifeattiktok.com/search/7531736718753646855,200,detail,Model Infra Engineer Intern (TikTok Recommendation Architecture) - 2026 Start (BS/MS),drop,,,,,,,,
7531737953237305618,lifeattiktok,20250801131503,https://lifeattiktok.com/search/7531737953237305618,200,detail,Backend Engineer Intern (TikTok Live Recommendation Architecture) - 2026 Start (BS/MS),drop,,,,,,,,
7531740438266317063,lifeattiktok,20250731225240,https://lifeattiktok.com/search/7531740438266317063,200,detail,Backend Engineer Intern (TikTok ShortText Recommendation Infrastructure) - 2026 Start (BS/MS),drop,,,,,,,,
7531742281800927496,lifeattiktok,20250801111408,https://lifeattiktok.com/search/7531742281800927496,200,detail,Backend Engineer Intern (TikTok Recommendation Foundation Infrastructure) - 2026 Start (BS/MS),drop,,,,,,,,
7531743690163980552,lifeattiktok,20250801090652,https://lifeattiktok.com/search/7531743690163980552,200,detail,Backend Engineer Intern (ByteRec Recommendation Infrastructure) - 2026 Start (BS/MS),drop,,,,,,,,
7531744596456573192,lifeattiktok,20250801050737,https://lifeattiktok.com/search/7531744596456573192,200,detail,Big Data Engineer Intern (TikTok Live Recommendation Architecture) - 2026 Start (BS/MS),drop,,,,,,,,
7531745852018706706,lifeattiktok,20250801053157,https://lifeattiktok.com/search/7531745852018706706,200,detail,"Software Engineer Intern (TikTok Application Computing, Data + AI) - 2026 Start (BS/MS)",drop,,,,,,,,
7531941984614795527,lifeattiktok,20250801115709,https://lifeattiktok.com/search/7531941984614795527,200,detail,Delivery Management Intern (TikTok Shop Singapore) - 2026 Start (BS/MS),drop,,,,,Singapore,Singapore,Singapore,
7531951730708285714,lifeattiktok,20250801025359,https://lifeattiktok.com/search/7531951730708285714,200,detail,TikTok Shop - Product Listing Compliance and Strategy Operations,drop,,,,,,,,
7531957077511588103,lifeattiktok,20250815091544,https://lifeattiktok.com/search/7531957077511588103,200,detail,Frontend Software Engineer Graduate (Trust & Safety) - 2026 Start (BS/MS),include,trust & safety,,,,,,,
7531975926205352210,lifeattiktok,20250801202420,https://lifeattiktok.com/search/7531975926205352210,200,detail,IT Service Desk Specialist Graduate (IT APAC) - 2026 Start (BS/MS),drop,,,,,APAC,,,
7531983487470110984,lifeattiktok,20250801043429,https://lifeattiktok.com/search/7531983487470110984,200,detail,Product Manager Intern (TikTok Shop IPR Product) - 2026 Summer (BS/MS),drop,,,,,,,,
7531991763930827016,lifeattiktok,20250731231916,https://lifeattiktok.com/search/7531991763930827016,200,detail,Product Manager Intern (TikTok Shop Seller Risk/Performance Score Product) - 2026 Summer (BS/MS）,drop,,,,,,,,
7532002369376520466,lifeattiktok,20250731232329,https://lifeattiktok.com/search/7532002369376520466,200,detail,Software Engineer Graduate (TikTok Recommendation Ecosystem Infrastructure) - 2026 Start (BS/MS),drop,,,,,,,,
7532003755413702919,lifeattiktok,20250801062232,https://lifeattiktok.com/search/7532003755413702919,200,detail,TikTok LIVE - Global Customer Service Support Lead,drop,,,,,,,,
7532004520819034376,lifeattiktok,20250801145547,https://lifeattiktok.com/search/7532004520819034376,200,detail,Backend Engineer Intern (TikTok Recommendation Ecosystem Infrastructure) - 2026 Start (BS/MS),drop,,,,,,,,
7532006305218447623,lifeattiktok,20250801071936,https://lifeattiktok.com/search/7532006305218447623,200,detail,Machine Learning Engineer Graduate (App Ads and Gaming) - 2026 Start (BS/MS),drop,,,,,,,,
7532009088536889607,lifeattiktok,20251004063252,https://lifeattiktok.com/search/7532009088536889607,200,detail,"Manager, Commercial Partnership Solutions - Global Business Marketing - METAP",drop,,,,,,,,
7532009150009755911,lifeattiktok,20250801211155,https://lifeattiktok.com/search/7532009150009755911,200,detail,Software Engineer Graduate (Capital Platform) - 2026 Start (BS/MS),drop,,,,,,,,"HTTPSConnectionPool(host='web.archive.org', port=443): Max retries exceeded with url: /web/20250801211155id_/https://lif"
7532009495959521554,lifeattiktok,20250801014934,https://lifeattiktok.com/search/7532009495959521554,200,detail,Software Engineer Graduate (Global CRM) - 2026 Start (BS/MS),drop,,,,,,,,
7532011065635588370,lifeattiktok,20250801154812,https://lifeattiktok.com/search/7532011065635588370,200,detail,Machine Learning Engineer Graduate (Search Ads Technology) - 2026 Start (BS/MS),drop,,,,,,,,
7532013244916435207,lifeattiktok,20251003171634,https://lifeattiktok.com/search/7532013244916435207?spread=5MWH5CQ%5Cu0026ref%3Dlevels.fyi%5Cu0026src%3Dlevels.fyi%5Cu0026utm_source%3Dlevels.fyi,200,detail,Data Engineer Graduate (Monetization Data) - 2026 Start (BS/MS),drop,,,,,,,,
7532018362201786632,lifeattiktok,20250801103531,https://lifeattiktok.com/search/7532018362201786632,200,detail,Site Reliability Engineer Intern (Video & Edge Global Engineering) - 2026 Start (BS/MS),exclude,,site reliability,,,,,,
7532020817963600135,lifeattiktok,20250801084347,https://lifeattiktok.com/search/7532020817963600135,200,detail,Site Reliability Engineer Graduate (Video & Edge Global Engineering) - 2026 Start (BS/MS),exclude,,site reliability,,,,,,
7532021448631601416,lifeattiktok,20250801090756,https://lifeattiktok.com/search/7532021448631601416,200,detail,TikTok Shop E-Commerce Anti-fraud Investigations and Operations Specialist,include,fraud,,,,,,,
7532021573718018312,lifeattiktok,20251011183053,https://lifeattiktok.com/search/7532021573718018312,200,detail,Machine Learning Scientist Intern (TikTok-Local Services) - 2026 Start (PhD),drop,,,,,,,,
7532027352008837394,lifeattiktok,20251003171637,https://lifeattiktok.com/search/7532027352008837394?spread=5MWH5CQ&utm_source=levels.fyi,200,detail,Machine Learning Engineer Graduate (TikTok BRIC) - 2026 Start (BS/MS),drop,,,,,,,,
7532030112306202888,lifeattiktok,20250731212240,https://lifeattiktok.com/search/7532030112306202888,200,detail,Machine Learning Engineer Intern (TikTok BRIC Singapore) - 2026 Start (BS/MS),drop,,,,,Singapore,Singapore,Singapore,
7532041143002843399,lifeattiktok,20250801035839,https://lifeattiktok.com/search/7532041143002843399,200,detail,"Agencies Partnerships Manager, Global Business Solutions - Romania & Hungary (Based in Bucharest)",drop,,,,,,,,
7532068915875973383,lifeattiktok,20250801212945,https://lifeattiktok.com/search/7532068915875973383,200,detail,"Machine Learning Engineer Intern (TikTok Shop Global E-Commerce, Recommendation) - 2026 Start (BS/MS)",drop,,,,,,,,
7532069091214362888,lifeattiktok,20250801005657,https://lifeattiktok.com/search/7532069091214362888,200,detail,"Machine Learning Engineer Intern (TikTok Shop Global E-Commerce, Risk Control) - 2026 Start (BS/MS)",drop,,,,,,,,
7532069808561981714,lifeattiktok,20250801195121,https://lifeattiktok.com/search/7532069808561981714,200,detail,"Machine Learning Engineer Intern (TikTok Shop Global E-Commerce, Recommendation) - 2026 Start (PhD)",drop,,,,,,,,
7532069808562374930,lifeattiktok,20250801210725,https://lifeattiktok.com/search/7532069808562374930,200,detail,"Algorithm Engineer Intern (TikTok Shop Global E-Commerce, Knowledge Graph) - 2026 Start (PhD)",drop,,,,,,,,
7532071220980959495,lifeattiktok,20250815034425,https://lifeattiktok.com/search/7532071220980959495?_rsc=16c6u,200,js_shell,,unusable,,,,,,,,"HTTPSConnectionPool(host='web.archive.org', port=443): Max retries exceeded with url: /web/20250815034425id_/https://lif"
7532072880160147730,lifeattiktok,20250801062824,https://lifeattiktok.com/search/7532072880160147730,200,detail,"SEA Product Marketing Manager, Full Funnel Products",drop,,,,,,,,
7532073373783853320,lifeattiktok,20250801210737,https://lifeattiktok.com/search/7532073373783853320,200,detail,Backend Engineer Intern (TikTok Recommendation Architecture) - 2026 Start (PhD),drop,,,,,,,,
7532111716513368327,lifeattiktok,20250813112325,https://lifeattiktok.com/search/7532111716513368327?_rsc=19g5c,200,js_shell,,unusable,,,,,,,,
7532120261425006856,lifeattiktok,20250801154426,https://lifeattiktok.com/search/7532120261425006856,200,detail,"Machine Learning Engineer Intern (TikTok Shop Global E-Commerce, User Growth & Intelligent Marketing) - 2026 Start (BS/MS)",drop,,,,,,,,
7532121024382781704,lifeattiktok,20250801020315,https://lifeattiktok.com/search/7532121024382781704,200,detail,"Machine Learning Engineer Intern (TikTok Shop Global E-Commerce, Search) - 2026 Start (PhD)",drop,,,,,,,,"HTTPSConnectionPool(host='web.archive.org', port=443): Max retries exceeded with url: /web/20250801020315id_/https://lif"
7532121986488994055,lifeattiktok,20250813112126,https://lifeattiktok.com/search/7532121986488994055?_rsc=ptnuc,200,js_shell,,unusable,,,,,,,,
7532122183015975186,lifeattiktok,20250801141210,https://lifeattiktok.com/search/7532122183015975186,200,detail,"Machine Learning Engineer Intern (TikTok Shop Global E-Commerce, Conversational AI) - 2026 Start (BS/MS)",drop,,,,,,,,
7532122183729219858,lifeattiktok,20250801045746,https://lifeattiktok.com/search/7532122183729219858,200,detail,"Machine Learning Engineer Intern (TikTok Shop Global E-Commerce, Platform Governance) - 2026 Start (BS/MS)",include,governance,,,,,,,
7532122879539251474,lifeattiktok,20250801075019,https://lifeattiktok.com/search/7532122879539251474,200,detail,"Machine Learning Engineer Intern (TikTok Shop Global E-Commerce, Recommendation Alliance) - 2026 Start (BS/MS)",drop,,,,,,,,
7532123012494051592,lifeattiktok,20250801122929,https://lifeattiktok.com/search/7532123012494051592,200,detail,"Algorithm Engineer Intern (TikTok Shop Global E-Commerce, Knowledge Graph) - 2026 Start (BS/MS)",drop,,,,,,,,
7532182374135040263,lifeattiktok,20250801214952,https://lifeattiktok.com/search/7532182374135040263,200,detail,Machine Learning Engineer Graduate Local Services - 2026 Start (PhD),drop,,,,,,,,
7532183663443839250,lifeattiktok,20250908102551,https://lifeattiktok.com/search/7532183663443839250?utm_source=levels.fyi&spread=5MWH5CQ,200,detail,QA Engineer Intern (TikTok-Privacy and Security-Product Privacy)- 2026 Summer (BS/MS),drop,,,,,,,,
7532184150112635144,lifeattiktok,20250814001928,https://lifeattiktok.com/search/7532184150112635144,200,detail,Strategy & Intelligence Specialist(Fashion) - TikTok Shop,drop,,,,,,,,
7532187133094054162,lifeattiktok,20250908164646,https://lifeattiktok.com/search/7532187133094054162,200,detail,Product Manager Intern (TikTok Shop Apps and API) - 2026 Summer (MBA),drop,,,,,,,,
7532194295143532807,lifeattiktok,20250801003121,https://lifeattiktok.com/search/7532194295143532807,200,detail,Product Operations Intern (TikTok Shop Apps and API) - 2026 Summer (BS/MS),drop,,,,,,,,
7532194296440965383,lifeattiktok,20250907130318,https://lifeattiktok.com/search/7532194296440965383,200,detail,"Product Manager Intern (TikTok Shop Operation Product, CRM) - 2026 Summer (BS/MS)",drop,,,,,,,,
7532216894792222994,lifeattiktok,20260710181115,https://lifeattiktok.com/search/7532216894792222994?spread=5MWH5CQ,200,detail,(General Hire) Research Scientist Graduate (TikTok Recommendation) - 2026 Start (BS/MS),drop,,,,,,,,
7532228795757037842,lifeattiktok,20250801052412,https://lifeattiktok.com/search/7532228795757037842,200,detail,"Brand Partnerships Manager, Food & Beverage - Global Business Solutions - New York",drop,,,,,,New York,United States,
7532235099938441490,lifeattiktok,20250801083817,https://lifeattiktok.com/search/7532235099938441490,200,detail,Payment Customer Experience Operations - USDS,drop,,,,,,,,
7532238337198622983,lifeattiktok,20250908121035,https://lifeattiktok.com/search/7532238337198622983,200,detail,Data Scientist Intern (TikTok Shop Business Product DS) - 2026 Start (BS/MS),drop,,,,,,,,
7532238677780138247,lifeattiktok,20250801214450,https://lifeattiktok.com/search/7532238677780138247,200,detail,Product Manager Graduate (TikTok Shop FBT Fulfillment Center) - 2026 Summer (BS/MS),drop,,,,,,,,
7532240517976721671,lifeattiktok,20251017080250,https://lifeattiktok.com/search/7532240517976721671,200,detail,Machine Learning Engineer Graduate (Lead Ads Technology) - 2026 Start (BS/MS),drop,,,,,,,,
7532247736243865864,lifeattiktok,20260105014504,https://lifeattiktok.com/search/7532247736243865864?spread=5MWH5CQ,200,detail,Software Engineer Intern (Global CRM) - 2026 Start (BS/MS),drop,,,,,,,,
7532254890627696903,lifeattiktok,20260114211751,https://lifeattiktok.com/search/7532254890627696903?utm_source=newsletter.interninsider.me&utm_medium=referral&utm_campaign=100-summer-2026-internships-released-this-week,200,detail,Data Scientist Intern (TikTok Shop User Product DS) - 2026 Start (PhD),drop,,,,,,,,
7532267134924867847,lifeattiktok,20260208195940,https://lifeattiktok.com/search/7532267134924867847,200,detail,Data Analyst Intern (TikTok Shop AMS Data Science) - 2026 Summer (BS/MS),drop,,,,,,,,"HTTPSConnectionPool(host='web.archive.org', port=443): Max retries exceeded with url: /web/20260208195940id_/https://lif"
7532272949161593096,lifeattiktok,20260225210737,https://lifeattiktok.com/search/7532272949161593096?_rsc=1m3ql,200,js_shell,,unusable,,,,,,,,
7532279656999127314,lifeattiktok,20260902100325,https://lifeattiktok.com/search/7532279656999127314?utm_source=Simplify,200,detail,Product Manager Graduate (TikTok Shop User Product) - 2026 Start (MBA),drop,,,,,,,,
7532281787985840392,lifeattiktok,20260902100321,https://lifeattiktok.com/search/7532281787985840392?utm_source=Simplify,200,detail,Product Manager Graduate (TikTok Shop User Product) - 2026 Start (BS/MS),drop,,,,,,,,"HTTPSConnectionPool(host='web.archive.org', port=443): Max retries exceeded with url: /web/20260902100321id_/https://lif"
7532287836311144711,lifeattiktok,20250910235412,https://lifeattiktok.com/search/7532287836311144711?spread=5MWH5CQ,200,detail,Software Engineer Intern (TikTok-Music-Music Content Ecosystem) - 2026 Summer (BS/MS),drop,,,,,,,,
7532305400672127239,lifeattiktok,20260129194228,https://lifeattiktok.com/search/7532305400672127239,200,detail,Strategy Associate Graduate (TikTok Shop Category Strategy) - 2026 Start (MBA),drop,,,,,,,,
7532309511244728584,lifeattiktok,20250814021101,https://lifeattiktok.com/search/7532309511244728584,200,detail,"Data Scientist, Financial Crimes - USDS",drop,,,,,,,,
7532331624621426951,lifeattiktok,20260619180322,https://lifeattiktok.com/search/7532331624621426951?_rsc=1m3ql,200,js_shell,,unusable,,,,,,,,
7532332633632917767,lifeattiktok,20250801022303,https://lifeattiktok.com/search/7532332633632917767,200,detail,"Software Engineer, Security Intern (TikTok BRIC Singapore) - 2026 Start (BS/MS)",drop,,,,,Singapore,Singapore,Singapore,
7532335993703549202,lifeattiktok,20250801145430,https://lifeattiktok.com/search/7532335993703549202,200,detail,Data Scientist Intern (TikTok BRIC Singapore) - 2026 Start (BS/MS),drop,,,,,Singapore,Singapore,Singapore,
7532336595883591943,lifeattiktok,20260817160756,https://lifeattiktok.com/search/7532336595883591943,200,detail,Tech Lead Mobile Engineer - User Growth,drop,,,,,,,,
7532337827700230407,lifeattiktok,20250801063104,https://lifeattiktok.com/search/7532337827700230407,200,detail,Data Scientist Graduate (TikTok BRIC Singapore) - 2026 Start (BS/MS),drop,,,,,Singapore,Singapore,Singapore,
7532340993791002887,lifeattiktok,20250801110642,https://lifeattiktok.com/search/7532340993791002887,200,detail,Backend Engineer Intern (TikTok BRIC Singapore) - 2026 Start (BS/MS),drop,,,,,Singapore,Singapore,Singapore,
7532341407769348359,lifeattiktok,20250801133537,https://lifeattiktok.com/search/7532341407769348359,200,detail,Backend Engineer Graduate (TikTok BRIC Singapore) - 2026 Start (BS/MS),drop,,,,,Singapore,Singapore,Singapore,
7532342282029975815,lifeattiktok,20250801075724,https://lifeattiktok.com/search/7532342282029975815,200,detail,Product Manager Graduate (TikTok BRIC Singapore) - 2026 Start (BS/MS),drop,,,,,Singapore,Singapore,Singapore,
7532349111480273159,lifeattiktok,20251211192855,https://lifeattiktok.com/search/7532349111480273159?spread=5MWH5CQ&utm_source=Simplify,200,detail,Machine Learning/Research Engineer Graduate (Ads Core Global) - 2026 Start (BS/MS),drop,,,,,,,,
7532351099798882568,lifeattiktok,20251011183049,https://lifeattiktok.com/search/7532351099798882568,200,detail,Mobile Security Engineer Intern (TikTok-Business Risk Integrated Control-Anti Automation Solutions) - 2026 Summer (BS/MS),drop,,,,,,,,
7532363726756202770,lifeattiktok,20250801041805,https://lifeattiktok.com/search/7532363726756202770,200,detail,Industry Client Solutions Manager - Marketplaces - Global Business Solutions - METAP,drop,,,,,,,,
7532386808648665352,lifeattiktok,20250907095127,https://lifeattiktok.com/search/7532386808648665352,200,detail,Machine Learning Engineer Intern (TikTok-Business Risk Integrated Control-Finance Safety) - 2026 Summer (PhD),drop,,,,,,,,
7532387524292364552,lifeattiktok,20250903071833,https://lifeattiktok.com/search/7532387524292364552,200,detail,Product Manager Intern (TikTok-Business Risk Integrated Control) - 2026 Summer (BS/MS),drop,,,,,,,,
7532390182411405586,lifeattiktok,20251016010004,https://lifeattiktok.com/search/7532390182411405586,200,detail,Machine Learning Scientist Intern (TikTok-Content Ecology—LLM application) - 2026 Start (PhD),drop,,,,,,,,"HTTPSConnectionPool(host='web.archive.org', port=443): Max retries exceeded with url: /web/20251016010004id_/https://lif"
7532398040058513671,lifeattiktok,20250731233009,https://lifeattiktok.com/search/7532398040058513671,200,detail,Product Management Project Intern (Trust and Safety-Monetization Integrity-Data Cycling Center) - 2025 Start (BS/MS),include,trust and safety; integrity,,,,,,,
7532398199429613842,lifeattiktok,20260121220325,https://lifeattiktok.com/search/7532398199429613842?_rsc=1m3ql,200,js_shell,,unusable,,,,,,,,
7532399896344463624,lifeattiktok,20251114064822,https://lifeattiktok.com/search/7532399896344463624?spread=5MWH5CQ,200,detail,Algorithm Engineer Graduate (TikTok LBS Singapore) - 2026 Start (BS/MS),drop,,,,,Singapore,Singapore,Singapore,
7532403966370760968,lifeattiktok,20260619180330,https://lifeattiktok.com/search/7532403966370760968,200,detail,Algorithm Engineer Graduate (Global Live Operation Intelligence) - 2026 Start (PHD),drop,,,,,,,,
7532406261142538514,lifeattiktok,20250831102010,https://lifeattiktok.com/search/7532406261142538514?utm_source=Simplify,200,detail,Machine Learning Engineer Intern (Monetization Technology - Ads Core Global)- 2026 Start (PhD),drop,,,,,,,,
7532428753344710930,lifeattiktok,20250801073448,https://lifeattiktok.com/search/7532428753344710930,200,detail,"Client Solutions Manager (Acquisitions, Education and Wagering)",drop,,,,,,,,
7532433801260517640,lifeattiktok,20250801004845,https://lifeattiktok.com/search/7532433801260517640,200,detail,"Measurement Partner - Global Business Solutions - UK, Tech & Telco",drop,,,,,,,,
7532434992555903239,lifeattiktok,20250801220328,https://lifeattiktok.com/search/7532434992555903239,200,detail,Talent Acquisition Project Intern (E-Commerce) - 2025 Start (BS/MS),drop,,,,,,,,
7532435181467453704,lifeattiktok,20260217074338,https://lifeattiktok.com/search/7532435181467453704,200,detail,Search Trending Product Operations Specialist - German Speaking,drop,,,,german,,,,
7532436539684702471,lifeattiktok,20260609063317,https://lifeattiktok.com/search/7532436539684702471?utm_source=early-talent.diversifytech.com&utm_medium=referral&utm_campaign=student-edition-issue-223,200,detail,Software Engineer/Mobile Engineer Graduate (Monetization Technology - Ads Core Demonstration) - 2026 Start (BS/MS),drop,,,,,,,,
7532444719809628424,lifeattiktok,20250823141851,https://lifeattiktok.com/search/7532444719809628424?utm_source=Simplify,200,detail,Software Engineer/Mobile Engineer Intern (Monetization Technology - Ads Core Demonstration) - 2026 Start (BS/MS),drop,,,,,,,,
7532451878320408840,lifeattiktok,20260315104208,https://lifeattiktok.com/search/7532451878320408840?spread=5MWH5CQ&utm_source=thedeepview&utm_medium=newsletter&utm_campaign=openai-caves-to-ads-it-ll-be-fine,200,detail,Research Scientist Graduate (Ads Integrity) - 2026 (PhD),include,integrity,,,,,,,
7532457296103295239,lifeattiktok,20250817035347,https://lifeattiktok.com/search/7532457296103295239,200,detail,Software Engineer Graduate (Monetization Technology - Ads Creative) - 2026 Start (BS/MS),drop,,,,,,,,
7532460740410738952,lifeattiktok,20250826032149,https://lifeattiktok.com/search/7532460740410738952,200,detail,Software Engineer Intern (Monetization Technology - Ads Creative) - 2026 Summer (BS/MS),drop,,,,,,,,
7532494912476104978,lifeattiktok,20260202140316,https://lifeattiktok.com/search/7532494912476104978,200,detail,"Account Management Intern (TikTok Shop - Home & Living), 2026 Summer (BS/MS)",drop,,,,,,,,
7532496222876616978,lifeattiktok,20251016002425,https://lifeattiktok.com/search/7532496222876616978,200,detail,"Account Management Intern (TikTok Shop - Home & Electronics), 2026 Summer (BS/MS)",drop,,,,,,,,
7532508151880567048,lifeattiktok,20260210164010,https://lifeattiktok.com/search/7532508151880567048?spread=5MWH5CQ,200,detail,"Program Management Graduate, Rotational Program (TikTok Shop - Governance & Experience) - 2026 Start (BS/MS)",include,governance,,,,,,,
7532564024822614280,lifeattiktok,20251011183049,https://lifeattiktok.com/search/7532564024822614280,200,detail,Product Operations Project Intern - Search Ads - Fall 2025 (BS/ MS),drop,,,,,,,,
7532582984265812231,lifeattiktok,20250822020738,https://lifeattiktok.com/search/7532582984265812231,200,detail,Tool Software Engineer Intern (TikTok-Intelligent Creation-Effect House) - 2026 Summer (BS/MS),drop,,,,,,,,
7532588321273301255,lifeattiktok,20250928084607,https://lifeattiktok.com/search/7532588321273301255,200,detail,Data Engineer - USDS,drop,,,,,,,,"HTTPSConnectionPool(host='web.archive.org', port=443): Max retries exceeded with url: /web/20250928084607id_/https://lif"
7532591857751787783,lifeattiktok,20250821080348,https://lifeattiktok.com/search/7532591857751787783,200,detail,Brand Partnerships Manager - SMB Apps & Services,drop,,,,,,,,
7532604203891247367,lifeattiktok,20250823151141,https://lifeattiktok.com/search/7532604203891247367,200,detail,Data Scientist Intern (TikTok-Business Risk Integrated Control-Risk Measurement) - 2026 Summer (BS/MS),drop,,,,,,,,
7532611737456970002,lifeattiktok,20260228190950,https://lifeattiktok.com/search/7532611737456970002,200,detail,Data Science Graduate (Advertisement Team) - 2026 Start (BS/MS),drop,,,,,,,,
7532626300897937682,lifeattiktok,20250817035545,https://lifeattiktok.com/search/7532626300897937682,200,detail,Software Engineer Graduate Short Video - 2026 Start (BS/MS),drop,,,,,,,,
7532626353242786055,lifeattiktok,20250817035602,https://lifeattiktok.com/search/7532626353242786055,200,detail,Software Engineer Graduate Open Platform - 2026 Start (BS/MS),drop,,,,,,,,
7532626482364909842,lifeattiktok,20260103171823,https://lifeattiktok.com/search/7532626482364909842?_rsc=1m3ql,200,js_shell,,unusable,,,,,,,,
7532626984539539719,lifeattiktok,20250817035250,https://lifeattiktok.com/search/7532626984539539719,200,detail,Software Engineer Graduate PGC - 2026 Start (BS/MS),drop,,,,,,,,
7532627066714753288,lifeattiktok,20250817035528,https://lifeattiktok.com/search/7532627066714753288,200,detail,Software Engineer Graduate Music - 2026 Start (BS/MS),drop,,,,,,,,
7532627069594224903,lifeattiktok,20250817035542,https://lifeattiktok.com/search/7532627069594224903,200,detail,Software Engineer Graduate Short Video - 2026 Start (BS/MS),drop,,,,,,,,
7532627070011230482,lifeattiktok,20260315110728,https://lifeattiktok.com/search/7532627070011230482?utm_source=early-talent.diversifytech.com&utm_medium=referral&utm_campaign=student-edition-issue-235,200,detail,Software Engineer Graduate Social - 2026 Start (BS/MS),drop,,,,,,,,
7532627070011771154,lifeattiktok,20250817035300,https://lifeattiktok.com/search/7532627070011771154,200,detail,Software Engineer Graduate Search - 2026 Start (BS/MS),drop,,,,,,,,
7532629934058178824,lifeattiktok,20250817035314,https://lifeattiktok.com/search/7532629934058178824,200,detail,Software Engineer Graduate User Growth - 2026 Start (BS/MS),drop,,,,,,,,
7532629935045232903,lifeattiktok,20250817035505,https://lifeattiktok.com/search/7532629935045232903,200,detail,Software Engineer Graduate Intelligent Creation - 2026 Start (BS/MS),drop,,,,,,,,
7532629935644002578,lifeattiktok,20250817035545,https://lifeattiktok.com/search/7532629935644002578,200,detail,Software Engineer Graduate Short Video - 2026 Start (BS/MS),drop,,,,,,,,
7532631803707738376,lifeattiktok,20250817035314,https://lifeattiktok.com/search/7532631803707738376,200,detail,Software Engineer Graduate Live-Foundation-Ecosystem - 2026 Start (BS/MS),drop,,,,,,,,
7532640666636437767,lifeattiktok,20250908191007,https://lifeattiktok.com/search/7532640666636437767?spread=5MWH5CQ,200,detail,Anti-Fraud Data Analyst Graduate (TikTok Shop - Governance & Experience) - 2026 Start (BS/ MS),include,fraud; governance,,,,,,,
7532666812300855570,lifeattiktok,20250908123921,https://lifeattiktok.com/search/7532666812300855570,200,detail,Machine Learning Engineer Graduate (Ads Interface and Platform) - 2026 Start (BS/MS),drop,,,,,,,,
7532726241255180562,lifeattiktok,20250817035518,https://lifeattiktok.com/search/7532726241255180562,200,detail,"SDET, Software Development Engineer in Test Graduate (TikTok Eng - Testing) - 2026 Start (BS/MS)",drop,,,,,,,,
7532735339883710728,lifeattiktok,20250822023004,https://lifeattiktok.com/search/7532735339883710728?utm_source=Simplify,200,detail,Machine Learning Engineer Intern (TikTok-Engine and Tools-3D graphics) - 2026 Start (PhD),drop,,,,,,,,
7532737135130216712,lifeattiktok,20250820191937,https://lifeattiktok.com/search/7532737135130216712?utm_source=Simplify,200,detail,Machine Learning Engineer Intern (TikTok-Business Risk Integrated Control-Community Health) - 2026 Summer (BS/MS),drop,,,,,,,,"HTTPSConnectionPool(host='web.archive.org', port=443): Max retries exceeded with url: /web/20250820191937id_/https://lif"
7532747012510386440,lifeattiktok,20250817035558,https://lifeattiktok.com/search/7532747012510386440,200,detail,Frontend Software Engineer Graduate (Ads Interface and Platform) - 2026 Start (BS/MS),drop,,,,,,,,
7532747264248301842,lifeattiktok,20250817035444,https://lifeattiktok.com/search/7532747264248301842,200,detail,Software Engineer Graduate (Ads Interface and Platform) - 2026 Start (BS/MS),drop,,,,,,,,
7532747359991859463,lifeattiktok,20250827095735,https://lifeattiktok.com/search/7532747359991859463,200,detail,Software Engineer Intern (TikTok-Growth-Customer Lifecycle) - 2026 Summer (BS/MS),drop,,,,,,,,
7532748736225904903,lifeattiktok,20250829193053,https://lifeattiktok.com/search/7532748736225904903?utm_source=Simplify,200,detail,Software Engineer Intern (TikTok-Growth-Innovative Growth) - 2026 Summer (BS/MS),drop,,,,,,,,
7532750976021973256,lifeattiktok,20250826030220,https://lifeattiktok.com/search/7532750976021973256,200,detail,Backend Software Engineer Intern (TikTok-Growth-Innovative Growth) - 2026 Summer (BS/MS),drop,,,,,,,,
7532751373918652679,lifeattiktok,20250817035443,https://lifeattiktok.com/search/7532751373918652679,200,detail,Software Engineer Graduate (Quality and Efficiency Technology) - 2026 Start (BS/MS),drop,,,,,,,,
7532752999941949703,lifeattiktok,20250822114757,https://lifeattiktok.com/search/7532752999941949703,200,detail,Backend Software Engineer Intern (TikTok-Growth-Customer Lifecycle) - 2026 Summer (BS/MS),drop,,,,,,,,
7532756507083950354,lifeattiktok,20250823155426,https://lifeattiktok.com/search/7532756507083950354?utm_source=Simplify,200,detail,Mobile Audio/Video Software Engineer Intern (TikTok-Intelligent Creation) - 2026 Summer (BS/MS),drop,,,,,,,,
7532756766799644946,lifeattiktok,20250820123701,https://lifeattiktok.com/search/7532756766799644946?utm_source=Simplify,200,detail,Backend Software Engineer Intern (TikTok-Intelligent Creation) - 2026 Summer (BS/MS),drop,,,,,,,,
7532758054421530887,lifeattiktok,20250821072944,https://lifeattiktok.com/search/7532758054421530887?utm_source=Simplify,200,detail,Software Engineer Intern (TikTok-Intelligent Creation) - 2026 Summer (BS/MS,drop,,,,,,,,
7532759383232858376,lifeattiktok,20250821230922,https://lifeattiktok.com/search/7532759383232858376,200,detail,Software Engineer Intern (TikTok Intelligent Creation Effects ) - 2026 Summer (BS/MS),drop,,,,,,,,
7532812450681489682,lifeattiktok,20260902100326,https://lifeattiktok.com/search/7532812450681489682?utm_source=Simplify,200,detail,AI Product Manager Graduate (TikTok-Product-Social and Creation) - 2026 Start (BS/MS),drop,,,,,,,,
7532812459514562824,lifeattiktok,20251003171637,https://lifeattiktok.com/search/7532812459514562824?spread=5MWH5CQ&utm_source=levels.fyi,200,detail,Backend Software Engineer Intern (Global LIVE Fund Safety) - 2026 Start (BS/MS),drop,,,,,,,,
7532814138180241682,lifeattiktok,20260506185317,https://lifeattiktok.com/search/7532814138180241682?_rsc=1m3ql,200,js_shell,,unusable,,,,,,,,
7532821738473064711,lifeattiktok,20250813132817,https://lifeattiktok.com/search/7532821738473064711,200,detail,Product Manager Graduate (TikTok-Search-Vertical) - 2026 Start (BS/MS),drop,,,,,,,,
7532830217401338119,lifeattiktok,20260515020750,https://lifeattiktok.com/search/7532830217401338119?spread=5MWH5CQ,200,detail,AI Product Manager Intern (TikTok-Product-Social and Creation)- 2026 Summer (BS/MS),drop,,,,,,,,
7532864203293247752,lifeattiktok,20250909234823,https://lifeattiktok.com/search/7532864203293247752,200,detail,"Program Management Graduate, Rotational Program (TikTok Shop - Governance & Experience SSC) - 2026 Start (BS/MS)",include,governance,,,,,,,
7532868033884702994,lifeattiktok,20250906174233,https://lifeattiktok.com/search/7532868033884702994,200,detail,Campaign Manager Graduate(TikTok Shop)- 2026 Start (BS/MS),drop,,,,,,,,
7532876733516040455,lifeattiktok,20250831110301,https://lifeattiktok.com/search/7532876733516040455?utm_source=Simplify,200,detail,User Product Operations Intern [TikTok Local Services] - 2026 Summer (BS/MS),drop,,,,,,,,
7532876734105848072,lifeattiktok,20250814054212,https://lifeattiktok.com/search/7532876734105848072,200,detail,User Product Operations Intern (TikTok Local Services) 2026 Start (BS/MS),drop,,,,,,,,"HTTPSConnectionPool(host='web.archive.org', port=443): Max retries exceeded with url: /web/20250814054212id_/https://lif"
7532914913515292946,lifeattiktok,20260114192939,https://lifeattiktok.com/search/7532914913515292946,200,detail,Data Scientist Graduate [TikTok LIVE-Data Science] - 2026 Start (BS/MS),drop,,,,,,,,
7532963302877563143,lifeattiktok,20250920062140,https://lifeattiktok.com/search/7532963302877563143,200,detail,Growth Marketing Intern (SMB Product) 2026 Summer (BS/ MS),drop,,,,,,,,
7532999154101487890,lifeattiktok,20251015234127,https://lifeattiktok.com/search/7532999154101487890,200,detail,Machine Learning Engineer Intern (Privacy and Data Protection Office) - 2026 Start (PhD),drop,,,,,,,,
7533003732948617480,lifeattiktok,20260506184926,https://lifeattiktok.com/search/7533003732948617480?spread=5MWH5CQ,200,detail,Software Engineer Intern (Recommendation Infrastructure) - 2026 Summer (Bachelor/Master),drop,,,,,,,,
7533010433386809607,lifeattiktok,20250904074457,https://lifeattiktok.com/search/7533010433386809607,200,detail,Software Engineer Intern (Recommendation Infrastructure) - 2026 Start (PhD),drop,,,,,,,,
7533019095227648263,lifeattiktok,20250821164902,https://lifeattiktok.com/search/7533019095227648263,200,detail,Data Scientist Intern (TikTok-Product-Data Science)-2026 Summer (BS/MS),drop,,,,,,,,
7533020328604649746,lifeattiktok,20250916044950,https://lifeattiktok.com/search/7533020328604649746,200,detail,Data Scientist Intern (TikTok-Product-Data Science)-2026 Summer (PhD),drop,,,,,,,,
7533023896800495890,lifeattiktok,20250831020040,https://lifeattiktok.com/search/7533023896800495890,200,detail,Intelligent Camera Effects Software Engineer Intern (Effect-TikTok) - 2026 Summer (BS/MS),drop,,,,,,,,
7533023909790501138,lifeattiktok,20251016001652,https://lifeattiktok.com/search/7533023909790501138,200,detail,Data Scientist Graduate (TikTok-Product-Data Science)-2026 Start (BS/MS),drop,,,,,,,,
7533029768360724744,lifeattiktok,20251016010209,https://lifeattiktok.com/search/7533029768360724744,200,detail,Data Scientist Graduate (TikTok-Product-Data Science)-2026 Start (PhD),drop,,,,,,,,
7533029779479791890,lifeattiktok,20250926032518,https://lifeattiktok.com/search/7533029779479791890?spread=XKM9ZXE,200,detail,Software Engineer Intern (TikTok-Intelligent Creation - Generative AI and Graphics)- 2026 Summer (BS/MS),drop,,,,,,,,
7533031179462101255,lifeattiktok,20250814094516,https://lifeattiktok.com/search/7533031179462101255,200,detail,TikTok Shop- Global Strategic Brand Partnerships Lead,drop,,,,,,,,
7533035030336538887,lifeattiktok,20250820162313,https://lifeattiktok.com/search/7533035030336538887,200,detail,Software Engineer Intern (Recommendation Infrastructure) - 2026 Summer (BS/ MS),drop,,,,,,,,
7533074079042095368,lifeattiktok,20260902100326,https://lifeattiktok.com/search/7533074079042095368?utm_source=Simplify,200,detail,Product Manager Graduate(Commerce Ads ) - 2026 (BS/MS),drop,,,,,,,,
7533083363810330887,lifeattiktok,20260226165833,https://lifeattiktok.com/search/7533083363810330887?_rsc=1m3ql,200,js_shell,,unusable,,,,,,,,
7533086912362596626,lifeattiktok,20250814025129,https://lifeattiktok.com/search/7533086912362596626,200,detail,Product Designer Intern (TikTok-Design-UX) - 2026 Start (BS/MS）,drop,,,,,,,,
7533094529978976520,lifeattiktok,20260114204924,https://lifeattiktok.com/search/7533094529978976520?utm_source=newsletter.interninsider.me&utm_medium=referral&utm_campaign=just-dropped-50-internships-openai-nvidia-hackathon,200,detail,Software Engineer Intern (TikTok-Open Platform) - 2026 Summer(BS/MS),drop,,,,,,,,
7533095458232584466,lifeattiktok,20250823232917,https://lifeattiktok.com/search/7533095458232584466?utm_source=Simplify,200,detail,Software Engineer Intern (TikTok-PGC) - 2026 Summer (BS/MS),drop,,,,,,,,
7533096848266709266,lifeattiktok,20250819191306,https://lifeattiktok.com/search/7533096848266709266?_rsc=1e325,200,js_shell,,unusable,,,,,,,,
7533096917765802258,lifeattiktok,20250819173508,https://lifeattiktok.com/search/7533096917765802258?utm_source=Simplify,200,detail,Issue Discovery Operation Intern [TikTok-Product-Content Ecosystem]- 2026 Summer (BS/MS),drop,,,,,,,,"HTTPSConnectionPool(host='web.archive.org', port=443): Max retries exceeded with url: /web/20250819173508id_/https://lif"
7533103422570203400,lifeattiktok,20250831210833,https://lifeattiktok.com/search/7533103422570203400?utm_source=Simplify,200,detail,Policy Operation Intern [TikTok-Product-Content Ecosystem]- 2026 Summer (BS/MS),drop,,,,,,,,
7533103422804232455,lifeattiktok,20250824044241,https://lifeattiktok.com/search/7533103422804232455,200,detail,LLM Operation Intern [TikTok-Product-Content Ecosystem]- 2026 Summer Start (BS/MS),drop,,,,,,,,
7533103422821828872,lifeattiktok,20260902100318,https://lifeattiktok.com/search/7533103422821828872?utm_source=Simplify,200,detail,Product Manager Graduate (TikTok-PGC) - 2026 Start (BS/MS),drop,,,,,,,,
7533103822098532626,lifeattiktok,20260609060708,https://lifeattiktok.com/search/7533103822098532626,200,detail,Policy Operation Intern (TikTok - Product - Content Ecosystem) - 2026 Start (BS/MS),drop,,,,,,,,
7533106620768012562,lifeattiktok,20250817035535,https://lifeattiktok.com/search/7533106620768012562,200,detail,Software Engineer Graduate Product Infrastructure - 2026 Start (BS/MS),drop,,,,,,,,
7533106667609917703,lifeattiktok,20250820001129,https://lifeattiktok.com/search/7533106667609917703?utm_source=Simplify,200,detail,Software Engineer Intern (TikTok-PGC-AI Platform) - 2026 Summer (BS/MS),drop,,,,,,,,
7533107403265624338,lifeattiktok,20250821090646,https://lifeattiktok.com/search/7533107403265624338?utm_source=Simplify,200,detail,Software Engineer Intern (TikTok-PGC-OGC) - 2026 Summer(BS/MS),drop,,,,,,,,
7533113811977554183,lifeattiktok,20250826012846,https://lifeattiktok.com/search/7533113811977554183,200,detail,Backend Software Engineer Intern (TikTok-Privacy and Security-Data Lifecycle Management) - 2026 Summer (BS/MS),drop,,,,,,,,
7533114979626109191,lifeattiktok,20250820170302,https://lifeattiktok.com/search/7533114979626109191,200,detail,Backend Software Engineer Intern (TikTok-Privacy and Security-Age Compliance) - 2026 Summer (BS/MS),drop,,,,,,,,
7533117357264111890,lifeattiktok,20251117010247,https://lifeattiktok.com/search/7533117357264111890?spread=5MWH5CQ,200,detail,Software Engineer Intern (TikTok-Privacy and Security-Product) - 2026 Summer (BS/MS),drop,,,,,,,,
7533124077981370631,lifeattiktok,20250825195156,https://lifeattiktok.com/search/7533124077981370631?utm_source=Simplify,200,detail,Software Engineer Intern (TikTok-Social-Friend Interaction) - 2026 Summer (BS/MS),drop,,,,,,,,
7533124079211399432,lifeattiktok,20260306000817,https://lifeattiktok.com/search/7533124079211399432,200,detail,Algorithm Engineer Intern (Global Live Operation Intelligence) - 2026 Start (PHD),drop,,,,,,,,
7533125274016221448,lifeattiktok,20250820095629,https://lifeattiktok.com/search/7533125274016221448,200,detail,Backend Software Engineer Intern (TikTok-Social-Friend Interaction) - 2026 Summer (BS/MS),drop,,,,,,,,
7533130219693115655,lifeattiktok,20251022025308,https://lifeattiktok.com/search/7533130219693115655?spread=5MWH5CQ,200,detail,Backend Software Engineer Intern (TikTok-Social-Photo and Text) - 2026 Summer (BS/MS),drop,,,,,,,,
7533130855972702472,lifeattiktok,20250823031556,https://lifeattiktok.com/search/7533130855972702472?utm_source=Simplify,200,detail,Backend Software Engineer Intern (TikTok-Social-User and Relation) - 2026 Summer (BS/MS),drop,,,,,,,,
7533132837038819591,lifeattiktok,20250829193226,https://lifeattiktok.com/search/7533132837038819591,200,detail,Software Engineer Intern (TikTok-Social-User and Relation) - 2026 Summer (BS/MS),drop,,,,,,,,
7533134867878922504,lifeattiktok,20250823193916,https://lifeattiktok.com/search/7533134867878922504?utm_source=Simplify,200,detail,Software Development Engineer in Test Intern (TikTok-Global Live-Fundamental)- 2026 Summer (BS/MS),drop,,,,,,,,
7533135081482324231,lifeattiktok,20250904132653,https://lifeattiktok.com/search/7533135081482324231?utm_source=Simplify,200,detail,Software Development Engineer in Test Intern (TikTok-Growth)- 2026 Summer (BS/MS),drop,,,,,,,,
7533136806755617031,lifeattiktok,20250825042126,https://lifeattiktok.com/search/7533136806755617031?utm_source=Simplify,200,detail,Software Development Engineer in Test Intern (TikTok-Intelligent Creation)- 2026 Summer (BS/MS),drop,,,,,,,,
7533137637281384712,lifeattiktok,20250825174050,https://lifeattiktok.com/search/7533137637281384712,200,detail,Software Development Engineer in Test Intern (TikTok-PGC)- 2026 Summer (BS/MS),drop,,,,,,,,"HTTPSConnectionPool(host='web.archive.org', port=443): Max retries exceeded with url: /web/20250825174050id_/https://lif"
7533137639197853960,lifeattiktok,20250829174513,https://lifeattiktok.com/search/7533137639197853960?utm_source=Simplify,200,detail,Product Manager Intern [TikTok-Product-Privacy and Responsibility]- 2026 Summer (BS/MS),drop,,,,,,,,
7533137928836778247,lifeattiktok,20251230085453,https://lifeattiktok.com/search/7533137928836778247?spread=5MWH5CQ,200,detail,Software Development Engineer in Test Intern (TikTok-Privacy and Security-Business Risk Integrated Control)- 2026 Summer (BS/MS),drop,,,,,,,,
7533145457216899336,lifeattiktok,20250813124646,https://lifeattiktok.com/search/7533145457216899336,200,detail,Machine Learning Engineer Intern (Recommendation) - 2026 Start (BS/MS),drop,,,,,,,,
7533145462880127240,lifeattiktok,20260120001131,https://lifeattiktok.com/search/7533145462880127240?spread=5MWH5CQ,200,detail,Product Designer Intern [TikTok-Design-UX]- 2026 Summer (BS/MS),drop,,,,,,,,
7533154379143973128,lifeattiktok,20250910061904,https://lifeattiktok.com/search/7533154379143973128,200,detail,Creator Business Development Graduate (TikTok Shop - Creator) 2026 Start (BS/MS),drop,,,,,,,,
7533183490184923400,lifeattiktok,20260114211930,https://lifeattiktok.com/search/7533183490184923400,200,detail,Monetization Strategy & Operations Manager - Global Business Solutions (MSO) - METAP,drop,,,,,,,,
7533196615177324818,lifeattiktok,20250815034425,https://lifeattiktok.com/search/7533196615177324818?_rsc=16c6u,200,js_shell,,unusable,,,,,,,,
7533243315292031250,lifeattiktok,20250809030336,https://lifeattiktok.com/search/7533243315292031250,200,detail,Creative Designer Graduate [TikTok-Design-Effect]- 2026 Start (BS/MS),drop,,,,,,,,
7533248755841485063,lifeattiktok,20260902100319,https://lifeattiktok.com/search/7533248755841485063?utm_source=Simplify,200,detail,Product Manager Graduate (TikTok-Product-Product Infrastructure) - 2026 Start (BS/MS),drop,,,,,,,,
7533251224087464199,lifeattiktok,20250830065129,https://lifeattiktok.com/search/7533251224087464199?utm_source=Simplify,200,detail,Product Manager Intern [TikTok-Product Infrastructure]- 2026 Summer (BS/MS),drop,,,,,,,,
7533256188446148872,lifeattiktok,20260315105611,https://lifeattiktok.com/search/7533256188446148872,200,detail,Operations Intern (TikTok LIVE-AMS)-2026 Summer (BS/MS),drop,,,,,,,,
7533256628356991240,lifeattiktok,20250908050057,https://lifeattiktok.com/search/7533256628356991240,200,detail,TikTok Shop - Creator Incubation Country Manager,drop,,,,,,,,
7533277622298953991,lifeattiktok,20250830111125,https://lifeattiktok.com/search/7533277622298953991?utm_source=Simplify,200,detail,Product Manager Intern [TikTok-Product-Comprehensive Search]- 2026 Summer (BS/MS),drop,,,,,,,,
7533277623380740370,lifeattiktok,20250903114347,https://lifeattiktok.com/search/7533277623380740370,200,detail,Product Manager Intern [TikTok-Product-Search Growth]- 2026 Summer (BS/MS),drop,,,,,,,,
7533278507767761170,lifeattiktok,20250822103715,https://lifeattiktok.com/search/7533278507767761170,200,detail,Data Scientist Intern (Privacy and Data Protection Office)- 2025 Start (BS/MS),drop,,,,,,,,
7533292447687493896,lifeattiktok,20260515023149,https://lifeattiktok.com/search/7533292447687493896?spread=5MWH5CQ&utm_source=selectfrom.work,200,detail,Data Engineer Graduate (Data Platfrom TikTok BP) - 2026 Start (BS/MS),drop,,,,,,,,
7533292448483920136,lifeattiktok,20260515022220,https://lifeattiktok.com/search/7533292448483920136?spread=5MWH5CQ&utm_source=selectfrom.work,200,detail,Data Engineer Graduate (E-commerce) - 2026 Start (BS/MS),drop,,,,,,,,"HTTPSConnectionPool(host='web.archive.org', port=443): Max retries exceeded with url: /web/20260515022220id_/https://lif"
7533295344253143314,lifeattiktok,20250820205629,https://lifeattiktok.com/search/7533295344253143314?utm_source=Simplify,200,detail,Software Engineer Intern (TikTok-Engineering Excellence-Dev Infra) - 2026 Summer (BS/MS),drop,,,,,,,,
7533295761208559890,lifeattiktok,20251021145006,https://lifeattiktok.com/search/7533295761208559890?spread=5MWH5CQ,200,detail,Software Engineer Intern (TikTok-Product Infrastructure-Customer Service Platform) - 2026 Summer(BS/MS),drop,,,,,,,,
7533297873255385352,lifeattiktok,20250908082253,https://lifeattiktok.com/search/7533297873255385352,200,detail,Seller Experience Graduate (TikTok Shop) - 2026 Start (BS/MS),drop,,,,,,,,"HTTPSConnectionPool(host='web.archive.org', port=443): Max retries exceeded with url: /web/20250908082253id_/https://lif"
7533302395993426183,lifeattiktok,20250819234240,https://lifeattiktok.com/search/7533302395993426183?utm_source=Simplify,200,detail,Backend Software Engineer Intern (TikTok-Product Infrastructure-Customer Service Platform) - 2026 Summer(BS/MS),drop,,,,,,,,
7533326705823779090,lifeattiktok,20250830143828,https://lifeattiktok.com/search/7533326705823779090?utm_source=Simplify,200,detail,Product Manager Intern (Content and Service Lead Ads ) - 2026 Summer (BS/MS),drop,,,,,,,,
7533351749085989128,lifeattiktok,20250814025134,https://lifeattiktok.com/search/7533351749085989128,200,detail,"Security Operations Analyst – Detection Engineering & Threat Hunting, Global SOC",drop,,,,,,,,
7533371534829095175,lifeattiktok,20260225210659,https://lifeattiktok.com/search/7533371534829095175?_rsc=1m3ql,200,js_shell,,unusable,,,,,,,,
7533377192370194706,lifeattiktok,20251111225036,https://lifeattiktok.com/search/7533377192370194706?utm_source=levels.fyi&spread=5MWH5CQ,200,detail,"Engineer Graduate: (Machine Learning Engineer, Data-Search-TikTok Recommendation - San Jose) - 2026 Start (BS/MS)",drop,,,,,,San Jose,United States,
7533377193083177234,lifeattiktok,20260103171824,https://lifeattiktok.com/search/7533377193083177234?_rsc=1m3ql,200,js_shell,,unusable,,,,,,,,
7533379024174237970,lifeattiktok,20250920111247,https://lifeattiktok.com/search/7533379024174237970?utm_source=levels.fyi&spread=5MWH5CQ,200,detail,"Machine Learning Engineer Graduate (Monetization Technology - GenAI , Ads Creative & Ecosystem) - 2026 Start (BS/MS)",drop,,,,,,,,
7533387057666754834,lifeattiktok,20260225210659,https://lifeattiktok.com/search/7533387057666754834?_rsc=1m3ql,200,js_shell,,unusable,,,,,,,,
7533387057667934482,lifeattiktok,20250823120315,https://lifeattiktok.com/search/7533387057667934482,200,detail,Software Engineer Intern (Data Ecosystem) - 2026 Summer (BS/MS),drop,,,,,,,,
7533388869200333074,lifeattiktok,20251003171637,https://lifeattiktok.com/search/7533388869200333074?spread=5MWH5CQ&utm_source=levels.fyi,200,detail,Software Engineer Intern (Data Ecosystem) - 2026 Summer (BS/MS),drop,,,,,,,,
7533404377287280903,lifeattiktok,20250828064803,https://lifeattiktok.com/search/7533404377287280903,200,detail,Data Scientist Intern (TikTok-Search)-2026 Summer (BS/MS),drop,,,,,,,,
7533404385150470408,lifeattiktok,20250822183651,https://lifeattiktok.com/search/7533404385150470408,200,detail,Backend Software Engineer Intern (TikTok-PGC-Ecosystem Platform) - 2026 Summer (BS/MS),drop,,,,,,,,
7533416449727432968,lifeattiktok,20251024013325,https://lifeattiktok.com/search/7533416449727432968?spread=5MWH5CQ,200,detail,Data Scientist Graduate (TikTok-Search)-2026 Start (BS/MS),drop,,,,,,,,
7533433249885128967,lifeattiktok,20250820061749,https://lifeattiktok.com/search/7533433249885128967,200,detail,Backend Software Engineer Intern (TikTok-Product Infrastructure-Account) - 2026 Summer(BS/MS),drop,,,,,,,,
7533452888360061202,lifeattiktok,20250903080400,https://lifeattiktok.com/search/7533452888360061202,200,detail,Backend Software Engineer Intern (TikTok-PGC-UCP) - 2026 Summer(BS/MS),drop,,,,,,,,
7533460936096631047,lifeattiktok,20250820184201,https://lifeattiktok.com/search/7533460936096631047?utm_source=Simplify,200,detail,Backend Software Engineer Intern (TikTok-Search) - 2026 Summer (BS/MS),drop,,,,,,,,
7533471551095933192,lifeattiktok,20250826125111,https://lifeattiktok.com/search/7533471551095933192,200,detail,Software Engineer Intern (TikTok-PGC) - 2026 Summer (BS/MS),drop,,,,,,,,
7533474834463508743,lifeattiktok,20250817035445,https://lifeattiktok.com/search/7533474834463508743,200,detail,Software Engineer Graduate (Privacy & Security) - 2026 Start (BS/MS),drop,,,,,,,,
7533480928821610759,lifeattiktok,20250813121857,https://lifeattiktok.com/search/7533480928821610759,200,detail,UX Researcher-Global E-commerce,drop,,,,,,,,
7533482613907081480,lifeattiktok,20250821091602,https://lifeattiktok.com/search/7533482613907081480,200,detail,Software Engineer Intern (TikTok-PGC-LLM Applications and AI Agents) - 2026 Summer (BS/MS),drop,,,,,,,,"HTTPSConnectionPool(host='web.archive.org', port=443): Max retries exceeded with url: /web/20250821091602id_/https://lif"
7533484041950546194,lifeattiktok,20250907170039,https://lifeattiktok.com/search/7533484041950546194,200,detail,Data Analyst Graduate (TikTok Shop Supply Chain and Logistics) - 2026 Start (MBA),drop,,,,,,,,
7533507946605873416,lifeattiktok,20250924120622,https://lifeattiktok.com/search/7533507946605873416?spread=5MWH5CQ,404,js_shell,Wayback Machine,unusable,,,,,,,,
7533509326340049159,lifeattiktok,20250823032900,https://lifeattiktok.com/search/7533509326340049159?utm_source=levels.fyi&spread=5MWH5CQ,200,detail,LLM Algorithm Research Scientist Code AI Intern (AI Innovation Center) - 2026 Start (PhD),drop,,,,,,,,
7533509940511312136,lifeattiktok,20251023195855,https://lifeattiktok.com/search/7533509940511312136,200,detail,Research Scientist-CV/NLP/Multimodal LLM Graduate (Trust and Safety Platform)- 2026 Start (PhD),include,trust and safety,,,,,,,
7533511155060279559,lifeattiktok,20251117005847,https://lifeattiktok.com/search/7533511155060279559?spread=5MWH5CQ&utm_source=Trust+and+Safety+Jobs,200,detail,Machine Learning Engineer Graduate (Trust and Safety Platform)- 2026 Start (BS/MS),include,trust and safety,,,,,,,
7533517945307089159,lifeattiktok,20250817035449,https://lifeattiktok.com/search/7533517945307089159,200,detail,Software Engineer Graduate (Search Ads Technology) - 2026 Start (BS/MS),drop,,,,,,,,
7533543586774173970,lifeattiktok,20250908074155,https://lifeattiktok.com/search/7533543586774173970,200,detail,Business Developer Graduate (TikTok Shop - Beauty) 2026 Start (BS/MS),drop,,,,,,,,
7533593992182532370,lifeattiktok,20250915140824,https://lifeattiktok.com/search/7533593992182532370,200,detail,Partner Operations Graduate (TikTok Shop) - 2026 Start (BS/MS),drop,,,,,,,,
7533607359470848264,lifeattiktok,20260515010558,https://lifeattiktok.com/search/7533607359470848264?spread=5MWH5CQ,200,detail,Product Manager Intern (TikTok-PGC)- 2026 Summer (BS/MS),drop,,,,,,,,
7533607364466526482,lifeattiktok,20260114205702,https://lifeattiktok.com/search/7533607364466526482,200,detail,Regional Operations Intern (TikTok LIVE-MENAT)-2026 Summer (BS/MS),drop,,,,,,,,
7533612220728707335,lifeattiktok,20251209103507,https://lifeattiktok.com/search/7533612220728707335,200,detail,Campaign Marketing Graduate (TikTok Shop - Operations) - 2026 Start (BS/MS),drop,,,,,,,,
7533617198151452936,lifeattiktok,20250907223610,https://lifeattiktok.com/search/7533617198151452936,200,detail,Global Partnerships Intern (TikTok Shop) - 2026 Summer (MBA),drop,,,,,,,,
7533618933593540882,lifeattiktok,20250814172844,https://lifeattiktok.com/search/7533618933593540882,200,detail,TikTok Shop - Integrated Campaign Marketing Manager,drop,,,,,,,,
7533624334928414994,lifeattiktok,20251016001740,https://lifeattiktok.com/search/7533624334928414994,200,detail,Data Scientist Graduate [TikTok LIVE-Data Science] - 2026 Start (PhD),drop,,,,,,,,
7533653012498303239,lifeattiktok,20251003201326,https://lifeattiktok.com/search/7533653012498303239,200,detail,Central Strategy and Research Intern (Global Business Solutions-MSO-SMB)- 2026 Summer (MBA),drop,,,,,,,,
7533653044933626130,lifeattiktok,20250908022157,https://lifeattiktok.com/search/7533653044933626130,200,detail,Business Planning Strategy Analyst Graduate (TikTok Shop Business Planning & Operation - DE/FR) - 2026 Start (MBA),drop,,,,,,,,
7533673691735361799,lifeattiktok,20250821055828,https://lifeattiktok.com/search/7533673691735361799,200,detail,Global Monetization Strategy and Analytics Intern-(MSO) 2026 Summer (BS/MS),drop,,,,,,,,
7533676360347207944,lifeattiktok,20250915053102,https://lifeattiktok.com/search/7533676360347207944,200,detail,"Acquisition & Development Manager Graduate (TikTok Shop,FMCG)- 2026 Start (BS/MS)",drop,,,,,,,,
7533712039580993799,lifeattiktok,20260421222534,https://lifeattiktok.com/search/7533712039580993799?spread=5MWH5CQ,200,detail,Category Manager Intern (TikTok Shop - Operations) - 2026 Summer (BS/ MS),drop,,,,,,,,
7533712518582503687,lifeattiktok,20251123103500,https://lifeattiktok.com/search/7533712518582503687?spread=5MWH5CQ&utm_source=Simplify,200,detail,Product Security Engineer Graduate (Security Assurance) - 2026 Start (BS/MS),drop,,,,,,,,"HTTPSConnectionPool(host='web.archive.org', port=443): Max retries exceeded with url: /web/20251123103500id_/https://lif"
7533719102990190866,lifeattiktok,20250817035453,https://lifeattiktok.com/search/7533719102990190866,200,detail,Engineer Graduate: (Software Engineer Graduate - Data-Search-TikTok.US) - 2026 Start (BS/MS),drop,,,,,,,,
7533723396988864786,lifeattiktok,20250908170644,https://lifeattiktok.com/search/7533723396988864786,200,detail,Business Planning Strategy Analyst Graduate (TikTok Shop Business Planning & Operation - UK) - 2026 Start (MBA),drop,,,,,,,,
7533726054554503442,lifeattiktok,20260114192648,https://lifeattiktok.com/search/7533726054554503442?utm_source=newsletter.interninsider.me&utm_medium=referral&utm_campaign=just-dropped-50-internships-openai-nvidia-hackathon,200,detail,Software Engineer Intern (Recommendation Platform) - 2026 Summer (BS/MS),drop,,,,,,,,
7533728329376811272,lifeattiktok,20250907140116,https://lifeattiktok.com/search/7533728329376811272,200,detail,Business Planning Strategy Analyst Intern (TikTok Shop Business Planning & Operation - UK) - 2026 Summer (MBA),drop,,,,,,,,
7533733894363252999,lifeattiktok,20251005001705,https://lifeattiktok.com/search/7533733894363252999,200,detail,Monetization Strategy and Operations Intern-(MSO) 2026 Summer (MBA),drop,,,,,,,,
7533739605041645832,lifeattiktok,20260902100933,https://lifeattiktok.com/search/7533739605041645832?utm_source=Simplify,200,detail,"SDET, Software Development Engineer in Test Graduate (TikTok Eng Test-PGC) - 2026 Start (BS/MS)",drop,,,,,,,,
7533742270916905223,lifeattiktok,20260902100935,https://lifeattiktok.com/search/7533742270916905223?utm_source=Simplify,200,detail,"SDET, Software Development Engineer in Test Graduate (TikTok Eng Test-Intelligent Creation) - 2026 Start (BS/MS)",drop,,,,,,,,
7533745453742000402,lifeattiktok,20260315071927,https://lifeattiktok.com/search/7533745453742000402?spread=5MWH5CQ&utm_source=levels.fyi,200,detail,"SDET, Software Development Engineer in Test Graduate (TikTok Eng Test-BRIC) - 2026 Start (BS/MS)",drop,,,,,,,,
7533746937851857159,lifeattiktok,20260902100934,https://lifeattiktok.com/search/7533746937851857159?utm_source=Simplify,200,detail,"SDET, Software Development Engineer in Test Graduate (TikTok Eng Test-Global Live) - 2026 Start (BS/MS)",drop,,,,,,,,
7533748742635456776,lifeattiktok,20251005015410,https://lifeattiktok.com/search/7533748742635456776,200,detail,HR Business Partner - Global E-Commerce Operations - Ho Chi Minh,drop,,,,,,Ho Chi Minh,Vietnam,
7533767426492860679,lifeattiktok,20251005065158,https://lifeattiktok.com/search/7533767426492860679,200,detail,Strategy Operations Intern-(MSO) 2026 Summer (MBA),drop,,,,,,,,
7533770205199386887,lifeattiktok,20250827152037,https://lifeattiktok.com/search/7533770205199386887?utm_source=Simplify,200,detail,Machine Learning Engineer Intern (Monetization GenAI) - 2026 Start (BS/MS),drop,,,,,,,,
7533770966762064136,lifeattiktok,20250814160012,https://lifeattiktok.com/search/7533770966762064136,200,detail,Data Science Graduate (BRIC Risk Measurement) - 2026 Start (BS/MS),drop,,,,,,,,
7533782486234007816,lifeattiktok,20251011183054,https://lifeattiktok.com/search/7533782486234007816,200,detail,Frontend Engineer Project Intern (TikTok-Search-Client) - 2025 Start (BS/MS),drop,,,,,,,,
7533795446322383111,lifeattiktok,20251024095241,https://lifeattiktok.com/search/7533795446322383111?spread=5MWH5CQ,200,detail,Software Engineer Intern (TikTok-Intelligent Creation-Creation Experience) - 2026 Summer (BS/MS),drop,,,,,,,,
7533903394441873682,lifeattiktok,20260515011755,https://lifeattiktok.com/search/7533903394441873682?spread=5MWH5CQ,200,detail,Product Manager Intern [TikTok LIVE-Ecosystem Governance]-2026 Summer (BS/MS),include,governance,,,,,,,
7533907343470840072,lifeattiktok,20251011183237,https://lifeattiktok.com/search/7533907343470840072?utm_source=Simplify,200,detail,Product Manager Intern [TikTok LIVE-Ecosystem Governance]-2026 Summer (MBA),include,governance,,,,,,,
7533923467012344071,lifeattiktok,20250816125631,https://lifeattiktok.com/search/7533923467012344071,200,detail,Product Manager Intern [TikTok LIVE-User Product]-2026 Summer (MBA),drop,,,,,,,,
7533924293513464071,lifeattiktok,20250821104038,https://lifeattiktok.com/search/7533924293513464071?utm_source=Simplify,200,detail,Data Scientist Intern [TikTok LIVE-Data Science]-2026 Summer (BS/MS),drop,,,,,,,,
7533924309006960903,lifeattiktok,20251030102151,https://lifeattiktok.com/search/7533924309006960903?spread=128SD3R,200,detail,Data Scientist Intern [TikTok LIVE-Data Science]-2026 Summer (BS/MS),drop,,,,,,,,"HTTPSConnectionPool(host='web.archive.org', port=443): Max retries exceeded with url: /web/20251030102151id_/https://lif"
7533925369424316680,lifeattiktok,20251016004910,https://lifeattiktok.com/search/7533925369424316680,200,detail,Data Scientist Intern [TikTok LIVE-Data Science]-2026 Start (PhD),drop,,,,,,,,
7533926061685016839,lifeattiktok,20260114192122,https://lifeattiktok.com/search/7533926061685016839,200,detail,Data Scientist Intern [TikTok LIVE-Data Science]-2026 Summer (MBA),drop,,,,,,,,
7533930515775113479,lifeattiktok,20251016005923,https://lifeattiktok.com/search/7533930515775113479,200,detail,Data Scientist Intern [TikTok LIVE-Data Science]-2026 Start (PhD),drop,,,,,,,,
7534226100340590855,lifeattiktok,20260515021207,https://lifeattiktok.com/search/7534226100340590855,200,detail,"Graduate Development Program (TikTok Shop by Tokopedia, Indonesia) - 2026 Start (BS/MS)",drop,,,,,Indonesia,,,
7534237016561813768,lifeattiktok,20250815113201,https://lifeattiktok.com/search/7534237016561813768,200,detail,"Graduate Development Program (TikTok Shop, Vietnam) - 2026 Start (BS/MS)",drop,,,,,Vietnam,,,
7534535543939778823,lifeattiktok,20260114192535,https://lifeattiktok.com/search/7534535543939778823,200,detail,Senior Creative Designer - TikTok LIVE（MENAT）,drop,,,,,,,,
7534536157456058632,lifeattiktok,20250821151932,https://lifeattiktok.com/search/7534536157456058632?utm_source=Simplify,200,detail,Software Engineer Intern (Capital Platform) - 2026 Summer (BS/MS),drop,,,,,,,,
7534626087721240839,lifeattiktok,20250824051503,https://lifeattiktok.com/search/7534626087721240839,200,detail,Machine Learning Engineer Intern - TikTok Search E-Commerce team - 2026 Summer (BS/MS),drop,,,,,,,,
7534626306991016199,lifeattiktok,20250820134026,https://lifeattiktok.com/search/7534626306991016199?utm_source=Simplify,200,detail,Software Engineer Intern - TikTok Search Architecture team - 2026 Summer (BS/MS),drop,,,,,,,,
7534626464240994568,lifeattiktok,20250821011637,https://lifeattiktok.com/search/7534626464240994568,200,detail,Machine Learning Engineer Intern - TikTok Search Local Services team - 2026 Summer (BS/MS),drop,,,,,,,,
7534641634584185095,lifeattiktok,20251124041323,https://lifeattiktok.com/search/7534641634584185095?utm_source=Simplify&spread=5MWH5CQ,200,detail,Engineer Graduate: (Machine Learning Engineer Graduate - Search E-Commerce) - 2026 Start (BS/MS),drop,,,,,,,,
7534641735767738631,lifeattiktok,20250814145421,https://lifeattiktok.com/search/7534641735767738631,200,detail,Machine Learning Engineer Graduate - Search Local Services team - 2026 Start (BS/MS),drop,,,,,,,,
7534677906761779464,lifeattiktok,20251016002044,https://lifeattiktok.com/search/7534677906761779464,200,detail,"Technical Program Manager, Infrastructure Engineering",drop,,,,,,,,
7534717939942377735,lifeattiktok,20250822100402,https://lifeattiktok.com/search/7534717939942377735,200,detail,"Seller Acquisition Project Intern (TikTok Shop - MAI EU), 2025 Start",drop,,,,,,,,
7534728189815752978,lifeattiktok,20250820091431,https://lifeattiktok.com/search/7534728189815752978,200,detail,Data Scientist - Search Optimization,drop,,,,,,,,
7534753139578325256,lifeattiktok,20250902053800,https://lifeattiktok.com/search/7534753139578325256,200,detail,"Sr. Security Architect - Enterprise to Edge Security, Global Security Organization",drop,,,,,,,,
7534761681911908615,lifeattiktok,20251023050214,https://lifeattiktok.com/search/7534761681911908615?spread=5MWH5CQ,200,detail,Fashion Campaign Project Intern (TikTok Shop by Tokopedia) - 2025 Start (BS/MS),drop,,,,,,,,
7534767099475478802,lifeattiktok,20251004110300,https://lifeattiktok.com/search/7534767099475478802,200,detail,Global Product Strategist Intern-(MSO) 2026 Summer (MBA),drop,,,,,,,,
7534793633532479751,lifeattiktok,20260112225529,https://lifeattiktok.com/search/7534793633532479751?spread=5MWH5CQ,200,detail,"Software Engineer Intern (Experimentation & Evaluation, Data Platform) - 2026 Summer (BS/MS)",drop,,,,,,,,
7534794210978187527,lifeattiktok,20260319172508,https://lifeattiktok.com/search/7534794210978187527?spread=5MWH5CQ,200,detail,"Mobile Software Engineer Graduate (Mobile Reliability, Android) - 2026 Start (BS/MS)",drop,,,,,,,,"HTTPSConnectionPool(host='web.archive.org', port=443): Max retries exceeded with url: /web/20260319172508id_/https://lif"
7534797131279976722,lifeattiktok,20260114203709,https://lifeattiktok.com/search/7534797131279976722,200,detail,Site Reliability Engineer Intern (Compute Platform) - 2026 Summer (BS/MS),exclude,,site reliability,,,,,,
7534800139048175880,lifeattiktok,20250821002036,https://lifeattiktok.com/search/7534800139048175880,200,detail,Software Engineer Intern (Agentic AI Engine - Data Management platform) - 2026 Summer (BS/MS),drop,,,,,,,,
7534801099577215250,lifeattiktok,20250811170515,https://lifeattiktok.com/search/7534801099577215250,200,detail,"Head of Data Science, Trust and Safety - USDS",include,trust and safety,,,,,,,
7534803858175576327,lifeattiktok,20260515022432,https://lifeattiktok.com/search/7534803858175576327?spread=5MWH5CQ&utm_source=selectfrom.work,200,detail,Data Engineer Intern (Data Platfrom TikTok BP) - 2026 Summer (BS/MS),drop,,,,,,,,
7534816689659218184,lifeattiktok,20250814084907,https://lifeattiktok.com/search/7534816689659218184,200,detail,"Site Reliability Engineer, Infrastructure and Assurance Services - USDS",exclude,,site reliability,,,,,,
7534817408415861000,lifeattiktok,20260515012420,https://lifeattiktok.com/search/7534817408415861000?spread=5MWH5CQ&utm_source=selectfrom.work,200,detail,Data Engineer Intern (E-commerce) - 2026 Summer (BS/MS),drop,,,,,,,,
7534818364393654535,lifeattiktok,20260114191115,https://lifeattiktok.com/search/7534818364393654535?utm_source=newsletter.interninsider.me&utm_medium=referral&utm_campaign=100-summer-2026-internships-released-this-week,200,detail,Data Engineer Intern (E-commerce) - 2026 Summer (BS/MS),drop,,,,,,,,
7534832642707097874,lifeattiktok,20250822063503,https://lifeattiktok.com/search/7534832642707097874,200,detail,"Front End Engineer, TikTok Multimedia Arch",drop,,,,,,,,
7534851658053830930,lifeattiktok,20250822063037,https://lifeattiktok.com/search/7534851658053830930,200,detail,Machine Learning Engineer Intern - Data-Search-TikTok Recommendation Team - 2026 Summer (BS/MS),drop,,,,,,,,
7534852684386617618,lifeattiktok,20260515023519,https://lifeattiktok.com/search/7534852684386617618?spread=5MWH5CQ,200,detail,Machine Learning Engineer Intern - TikTok Search Team - 2026 Summer (BS/MS),drop,,,,,,,,
7534855949620119815,lifeattiktok,20260421233356,https://lifeattiktok.com/search/7534855949620119815?spread=5MWH5CQ,200,detail,(General Hire) Machine Learning Engineer Intern (Commerce& Content Service & Search Ads)- 2026 Summer (BS/MS),drop,,,,,,,,
7534876494804388103,lifeattiktok,20260609052349,https://lifeattiktok.com/search/7534876494804388103?utm_source=early-talent.diversifytech.com&utm_medium=referral&utm_campaign=student-edition-issue-223,200,detail,Product Designer Graduate (TikTok Design UX) - 2026 Start (BS/MS),drop,,,,,,,,
7534878965941766408,lifeattiktok,20251011183054,https://lifeattiktok.com/search/7534878965941766408,200,detail,Software Engineer Intern (Recommendation Infrastructure) - 2026 Fall (BS/ MS),drop,,,,,,,,
7534915593318140167,lifeattiktok,20260306122523,https://lifeattiktok.com/search/7534915593318140167?utm_source=levels.fyi&spread=5MWH5CQ,200,detail,Backend Software Engineer Intern (Global LIVE Data Platform) - 2026 Start (BS/MS),drop,,,,,,,,
7534981143928998151,lifeattiktok,20260422030017,https://lifeattiktok.com/search/7534981143928998151,200,detail,Machine Learning Engineer - TikTok Short Video Content Understanding/Multimodal Recommendation,drop,,,,,,,,
7534982208201984274,lifeattiktok,20260619180322,https://lifeattiktok.com/search/7534982208201984274?_rsc=1m3ql,200,js_shell,,unusable,,,,,,,,
7535013932776327432,lifeattiktok,20250814125131,https://lifeattiktok.com/search/7535013932776327432,200,detail,"Frontend Software Engineer, Trust & Safety (Risk & Response)",include,trust & safety,,,,,,,
7535042386088151304,lifeattiktok,20251016002512,https://lifeattiktok.com/search/7535042386088151304,200,detail,Business Intelligence Project Intern (GBS-Monetization Strategy and Operations - Data Analytics) - 2026 Start (BS/MS）,drop,,,,,,,,
7535138913175111944,lifeattiktok,20251011183237,https://lifeattiktok.com/search/7535138913175111944?utm_source=Simplify,200,detail,Product Manager Project Intern (AIGC - Monetization Product) 2025 Start (BS/ MS),drop,,,,,,,,
7535139620498278663,lifeattiktok,20250813235711,https://lifeattiktok.com/search/7535139620498278663,200,detail,Data Understanding Specialist - Trust & Safety - French Speaking,include,trust & safety,,,french,,,,"HTTPSConnectionPool(host='web.archive.org', port=443): Max retries exceeded with url: /web/20250813235711id_/https://lif"
7535141242318178568,lifeattiktok,20250813204644,https://lifeattiktok.com/search/7535141242318178568,200,detail,Data Understanding Specialist - Trust & Safety - Filipino Speaking,include,trust & safety,,,filipino,,,,
7535141242318506248,lifeattiktok,20251103023730,https://lifeattiktok.com/search/7535141242318506248?utm_source=greenjobs.beehiiv.com&utm_medium=newsletter&utm_campaign=250-green-climate-jobs-edf-climate-corps-internships,200,detail,"Policy Manager, Mental Health - Trust and Safety",include,trust and safety; policy manager,,,,,,,
7535142230873950472,lifeattiktok,20250813213136,https://lifeattiktok.com/search/7535142230873950472,200,detail,Data Understanding Specialist - Trust & Safety - Thai Speaking,include,trust & safety,,,thai,,,,
7535143917377816850,lifeattiktok,20250813190918,https://lifeattiktok.com/search/7535143917377816850,200,detail,Data Understanding Specialist - Trust & Safety - German Speaking,include,trust & safety,,,german,,,,
7535156407059106066,lifeattiktok,20250811170516,https://lifeattiktok.com/search/7535156407059106066,200,detail,"Data Science Manager, Trust and Safety - USDS",include,trust and safety,,,,,,,
7535161796786751751,lifeattiktok,20250815225757,https://lifeattiktok.com/search/7535161796786751751,200,detail,Data Scientist Graduate (TikTok Shop Business Product DS) - 2026 Start (PhD),drop,,,,,,,,
7535177693803202824,lifeattiktok,20260226165857,https://lifeattiktok.com/search/7535177693803202824?_rsc=1m3ql,200,js_shell,,unusable,,,,,,,,
7535205332496582920,lifeattiktok,20250815032925,https://lifeattiktok.com/search/7535205332496582920,200,detail,Data Scientist - USDS,drop,,,,,,,,
7535209688213686536,lifeattiktok,20250815013228,https://lifeattiktok.com/search/7535209688213686536,200,detail,Data Scientist - USDS,drop,,,,,,,,
7535211530868017415,lifeattiktok,20250814163809,https://lifeattiktok.com/search/7535211530868017415,200,detail,Talent Acquisition Partner Intern (Data) 2026 Summer (BS/MS),drop,,,,,,,,
7535215880826538247,lifeattiktok,20260103171847,https://lifeattiktok.com/search/7535215880826538247?_rsc=1m3ql,200,js_shell,,unusable,,,,,,,,
7535215880842791176,lifeattiktok,20250817035408,https://lifeattiktok.com/search/7535215880842791176,200,detail,Software Engineer Graduate (Data Arch - AI/ML Infrastructure) - 2026 Start (BS/MS),drop,,,,,,,,
7535220808265681159,lifeattiktok,20250817035400,https://lifeattiktok.com/search/7535220808265681159,200,detail,Software Engineer Graduate (Data Arch - Data Ecosystem ) - 2026 Start (BS/MS),drop,,,,,,,,
7535220827098302738,lifeattiktok,20260114211136,https://lifeattiktok.com/search/7535220827098302738?utm_source=newsletter.interninsider.me&utm_medium=referral&utm_campaign=100-summer-2026-internships-released-this-week,200,detail,Software Engineer Intern (TikTok-Search) - 2026 Summer(BS/MS),drop,,,,,,,,
7535234137146444040,lifeattiktok,20250820171020,https://lifeattiktok.com/search/7535234137146444040?utm_source=Simplify,200,detail,Machine Learning Engineer Intern - Data-Search-TikTok Recommendation Team - 2026 Summer (BS/MS),drop,,,,,,,,
7535238327160637703,lifeattiktok,20250813185709,https://lifeattiktok.com/search/7535238327160637703,200,detail,Software Engineer Graduate (Data Arch - E-commerce) - 2026 Start (BS/MS),drop,,,,,,,,
7535250563068528903,lifeattiktok,20260609063227,https://lifeattiktok.com/search/7535250563068528903?utm_source=early-talent.diversifytech.com&utm_medium=referral&utm_campaign=student-edition-issue-223,200,detail,Software Engineer Graduate (Data Arch - ShortText Rec) - 2026 Start (BS/MS),drop,,,,,,,,
7535250563514059016,lifeattiktok,20250822164931,https://lifeattiktok.com/search/7535250563514059016?utm_source=Simplify,200,detail,Software Engineer Intern (Data Arch - ShortText Rec) - 2026 Summer (BS/MS),drop,,,,,,,,
7535258965904656647,lifeattiktok,20250813211339,https://lifeattiktok.com/search/7535258965904656647,200,detail,"Senior Product Ops Specialist, Search User Experience - USDS",drop,,,,,,,,
7535302756963567880,lifeattiktok,20260306122523,https://lifeattiktok.com/search/7535302756963567880?spread=5MWH5CQ&utm_source=levels.fyi,200,detail,Frontend Software Engineer Intern (Trust & Safety) - 2026 Start (BS/MS),include,trust & safety,,,,,,,"HTTPSConnectionPool(host='web.archive.org', port=443): Max retries exceeded with url: /web/20260306122523id_/https://lif"
7535321209305008391,lifeattiktok,20250908124917,https://lifeattiktok.com/search/7535321209305008391?_rsc=1vrt0,200,js_shell,,unusable,,,,,,,,
7535359973058038024,lifeattiktok,20250911041153,https://lifeattiktok.com/search/7535359973058038024,200,detail,"Senior Security Analyst, Incident Response, Global Insider Risk - Global Security Organisation",drop,,,,,,,,
7535396503751772423,lifeattiktok,20260226013357,https://lifeattiktok.com/search/7535396503751772423,200,detail,Machine Learning Engineer Graduate (Brand Ads) - 2026 Start (BS/MS),drop,,,,,,,,
7535471480898160914,lifeattiktok,20250821072637,https://lifeattiktok.com/search/7535471480898160914,200,detail,Content & Safety Operations Project Intern (TikTok LIVE) 2025 Start (BS/MS),include,safety operations,,,,,,,
7535479282253203730,lifeattiktok,20250814202317,https://lifeattiktok.com/search/7535479282253203730,200,detail,TikTok Shop - Business development Manager (Multiple Categories),drop,,,,,,,,
7535507709606054162,lifeattiktok,20250814174246,https://lifeattiktok.com/search/7535507709606054162,200,detail,TikTok Shop - Logistics Procurement Manager – Seattle,drop,,,,,,Seattle,United States,
7535508165191043336,lifeattiktok,20250814073710,https://lifeattiktok.com/search/7535508165191043336,200,detail,TikTok Shop - Logistics Process Improvement Manager – Seattle,drop,,,,,,Seattle,United States,
7535509881782208786,lifeattiktok,20250813212448,https://lifeattiktok.com/search/7535509881782208786,200,detail,TikTok Shop - Accounts Receivable Specialist – US Local Logistics Settlement,drop,,,,,,,,
7535519592984217864,lifeattiktok,20250814190328,https://lifeattiktok.com/search/7535519592984217864,200,detail,Content & Creator Operations Specialist Graduate (CapCut) - 2026 Start (BS/MS),drop,,,,,,,,
7535522229851310354,lifeattiktok,20250813232104,https://lifeattiktok.com/search/7535522229851310354,200,detail,TikTok Shop - Logistics Service Excellence Program Manager – Seattle,drop,,,,,,Seattle,United States,
7535528357414570248,lifeattiktok,20260609052822,https://lifeattiktok.com/search/7535528357414570248?spread=5MWH5CQ&utm_source=selectfrom.work,200,detail,Software Engineer Graduate (Data Platfrom TikTok BP) - 2026 Start (BS/MS),drop,,,,,,,,
7535531509818951944,lifeattiktok,20251003201117,https://lifeattiktok.com/search/7535531509818951944,200,detail,Content & Creator Operations Specialist Graduate (Capcut) - 2026 Start (BS/MS),drop,,,,,,,,
7535554741796014344,lifeattiktok,20260609060250,https://lifeattiktok.com/search/7535554741796014344,200,detail,Site Reliability Engineer Intern (Compute Platform) - 2026 Summer (BS/MS),exclude,,site reliability,,,,,,
7535557954553481479,lifeattiktok,20250825202238,https://lifeattiktok.com/search/7535557954553481479,200,detail,Privacy Awareness and Enablement Specialist - USDS,drop,,,,,,,,
7535589188009625863,lifeattiktok,20250814041944,https://lifeattiktok.com/search/7535589188009625863,200,detail,Data Lifecycle Management (DLM) Governance Specialist - USDS,include,governance,,,,,,,
7535598027533863175,lifeattiktok,20250814071857,https://lifeattiktok.com/search/7535598027533863175,200,detail,Privacy Technical Compliance Specialist - USDS,drop,,,,,,,,
7535599554659010834,lifeattiktok,20250817035419,https://lifeattiktok.com/search/7535599554659010834,200,detail,Software Engineer Graduate (Monetization Technology - Brand Ads) - 2026 Start (BS/MS),drop,,,,,,,,
7535601047362029831,lifeattiktok,20250817035438,https://lifeattiktok.com/search/7535601047362029831,200,detail,Software Engineer Graduate (Monetization Technology - TikTok Ads Creator Monetization) - 2026 Start (BS/MS),drop,,,,,,,,
7535606471191824647,lifeattiktok,20250814031300,https://lifeattiktok.com/search/7535606471191824647,200,detail,Machine Learning Engineer Graduate (Monetization Technology - TikTok Ads Creative & Ecosystem) - 2026 Start (BS/MS),drop,,,,,,,,
7535607378248550674,lifeattiktok,20250908115407,https://lifeattiktok.com/search/7535607378248550674?utm_source=www.interninsider.me&utm_medium=referral&utm_campaign=just-dropped-45-new-tech-business-internships-advanced-hackathon,200,detail,Machine Learning Engineer Intern (Monetization Technology - Ads Creative AI) - 2026 Summer (BS/MS),drop,,,,,,,,"HTTPSConnectionPool(host='web.archive.org', port=443): Max retries exceeded with url: /web/20250908115407id_/https://lif"
7535617494221048082,lifeattiktok,20250821122028,https://lifeattiktok.com/search/7535617494221048082?utm_source=Simplify,200,detail,Software Engineer Intern (Monetization Technology - Ads Creative AI) - 2026 Summer (BS/MS),drop,,,,,,,,
7535620364752390408,lifeattiktok,20250814195034,https://lifeattiktok.com/search/7535620364752390408,200,detail,"Software Engineer, SRE - USDS (Multiple Positions)",drop,,,,,,,,
7535622052284680466,lifeattiktok,20250814163814,https://lifeattiktok.com/search/7535622052284680466,200,detail,Machine Learning Scientist (Multiple Positions),drop,,,,,,,,
7535622462303373575,lifeattiktok,20250813211939,https://lifeattiktok.com/search/7535622462303373575,200,detail,Senior Data Solution Architect/Engineer (Multiple Positions),drop,,,,,,,,
7535622462303553799,lifeattiktok,20250814023959,https://lifeattiktok.com/search/7535622462303553799,200,detail,Senior Android Software Engineer (Multiple Positions),drop,,,,,,,,
7535623487194253575,lifeattiktok,20250814050938,https://lifeattiktok.com/search/7535623487194253575,200,detail,Finance Business Partner Focusing on Fixed Asset – USDS (Multiple Positions),drop,,,,,,,,
7535638120210286856,lifeattiktok,20250814055637,https://lifeattiktok.com/search/7535638120210286856,200,detail,Solutions Engineer (Multiple Positions),drop,,,,,,,,
7535699096511809799,lifeattiktok,20250814122014,https://lifeattiktok.com/search/7535699096511809799,200,detail,Localization Program Manager - TikTok Design (San Jose),drop,,,,,,San Jose,United States,
7535701869734725895,lifeattiktok,20250819164324,https://lifeattiktok.com/search/7535701869734725895,200,detail,Scaled Operation Manager - TikTok LIVE,drop,,,,,,,,
7535721208764877063,lifeattiktok,20250814211736,https://lifeattiktok.com/search/7535721208764877063,200,detail,Growth Strategy Analyst,drop,,,,,,,,
7535738211260696840,lifeattiktok,20250814143202,https://lifeattiktok.com/search/7535738211260696840,200,detail,"Backend Software Engineer, TikTok Shop (Supply Chain and Logistics)",drop,,,,,,,,
7535738211361802503,lifeattiktok,20250813204757,https://lifeattiktok.com/search/7535738211361802503,200,detail,Backend Software Engineer - TikTok Shop (Supply Chain and Logistics),drop,,,,,,,,
7535743686236948744,lifeattiktok,20250814212728,https://lifeattiktok.com/search/7535743686236948744,200,detail,"SEA Product Marketing Manager, Apps",drop,,,,,,,,
7535744264476707080,lifeattiktok,20250814113353,https://lifeattiktok.com/search/7535744264476707080,200,detail,"Measurement Partner, Global Business Solutions, Indonesia",drop,,,,,Indonesia,,,
7535758661652072711,lifeattiktok,20250814043518,https://lifeattiktok.com/search/7535758661652072711,200,detail,Senior 3D/Motion Designer(Gifts & Effects)-TikTok LIVE (Europe),drop,,,,,Europe,,,
7535760171340400914,lifeattiktok,20250814144711,https://lifeattiktok.com/search/7535760171340400914,200,detail,User Product Manager Intern (TikTok Shop EMEA PM) - 2026 Summer (BS/MS),drop,,,,,EMEA,,,
7535764561032169735,lifeattiktok,20250814155245,https://lifeattiktok.com/search/7535764561032169735,200,detail,Agency Operations Project Intern (TikTok Live) 2025 Start (BS/MS),drop,,,,,,,,
7535783419583580434,lifeattiktok,20250814205809,https://lifeattiktok.com/search/7535783419583580434,200,detail,ADSEO Team Leader - Eco Governance,include,governance,,,,,,,
7535797405469919495,lifeattiktok,20250814113001,https://lifeattiktok.com/search/7535797405469919495,200,detail,Payroll Analyst - HR Operations - EMEA - Dubai,drop,,,,,EMEA; MENA,Dubai,United Arab Emirates,
7535797410251360519,lifeattiktok,20251004070626,https://lifeattiktok.com/search/7535797410251360519,200,detail,"Brand Partnerships Manager, Entertainment - Global Business Solutions - London",drop,,,,,,London,United Kingdom,"HTTPSConnectionPool(host='web.archive.org', port=443): Max retries exceeded with url: /web/20251004070626id_/https://lif"
7535814755094317319,lifeattiktok,20250814003219,https://lifeattiktok.com/search/7535814755094317319,200,detail,TikTok Shop - Fashion Business Developer - London,drop,,,,,,London,United Kingdom,
7535823111595641095,lifeattiktok,20250815063322,https://lifeattiktok.com/search/7535823111595641095,200,detail,Campaign Operation Project Intern (TikTok Shop) - 2026 Start (BS/MS),drop,,,,,,,,
7535871317771634952,lifeattiktok,20250821084618,https://lifeattiktok.com/search/7535871317771634952,200,detail,Software Engineer Graduate (Data Arch - E-commerce) - 2026 Start (BS/MS),drop,,,,,,,,
7535874271214618887,lifeattiktok,20250829060411,https://lifeattiktok.com/search/7535874271214618887,200,detail,"Legal Counsel/ Senior Legal Counsel (EU Digital Infrastructure), London or Dublin",drop,,,,,Ireland,Dublin; London,Ireland; United Kingdom,
7535915473150675208,lifeattiktok,20250814092745,https://lifeattiktok.com/search/7535915473150675208,200,detail,"Anti-Fraud Operations, Global Selling Specialist - USDS",include,fraud,,,,,,,
7535919991884990727,lifeattiktok,20250814022353,https://lifeattiktok.com/search/7535919991884990727,200,detail,Sourcer - Technical - San Jose (Third-Party Contractor),drop,,,,,,San Jose,United States,
7535930249152022792,lifeattiktok,20250813182105,https://lifeattiktok.com/search/7535930249152022792,200,detail,Head of Industry | Tech and Experiences,drop,,,,,,,,
7535952148070402311,lifeattiktok,20250813203908,https://lifeattiktok.com/search/7535952148070402311,200,detail,Product Strategy & Operations Manager (Multiple Positions),drop,,,,,,,,
7535952262514903303,lifeattiktok,20250813203251,https://lifeattiktok.com/search/7535952262514903303,200,detail,"Anti-Fraud Operations, Global Selling Specialist - USDS",include,fraud,,,,,,,
7535954056104773895,lifeattiktok,20250814164836,https://lifeattiktok.com/search/7535954056104773895,200,detail,Data Engineer - USDS (Multiple Positions),drop,,,,,,,,
7535954500705044744,lifeattiktok,20250813193446,https://lifeattiktok.com/search/7535954500705044744,200,detail,"Talent Acquisition Partner - TikTok Engineering, USDS - San Jose",drop,,,,,,San Jose,United States,
7535955647230445842,lifeattiktok,20250814101733,https://lifeattiktok.com/search/7535955647230445842,200,detail,"Senior Fullstack Software Engineer, Trust & Safety (Multiple Positions)",include,trust & safety,,,,,,,
7535964884862093576,lifeattiktok,20250814130936,https://lifeattiktok.com/search/7535964884862093576,200,detail,Data Defense Operations Analyst - USDS (Multiple Positions),drop,,,,,,,,
7535967735609854226,lifeattiktok,20250814195251,https://lifeattiktok.com/search/7535967735609854226,200,detail,Senior Product Manager (Multiple Positions),drop,,,,,,,,
7535970119664208136,lifeattiktok,20250814194441,https://lifeattiktok.com/search/7535970119664208136,200,detail,Anti-Fraud Data Analyst - USDS (Multiple Positions),include,fraud,,,,,,,
7535971095381575943,lifeattiktok,20250813201256,https://lifeattiktok.com/search/7535971095381575943,200,detail,US Fashion Special Project Analyst (Multiple Positions),drop,,,,,,,,
7535976277507000584,lifeattiktok,20250814144320,https://lifeattiktok.com/search/7535976277507000584,200,detail,Senior Software Engineer - Android/iOS (Multiple Positions),drop,,,,,,,,
7535979221731412242,lifeattiktok,20250814124203,https://lifeattiktok.com/search/7535979221731412242,200,detail,Lead Machine Learning Engineer (Multiple Positions),drop,,,,,,,,
7536000924142749970,lifeattiktok,20250813180506,https://lifeattiktok.com/search/7536000924142749970,200,detail,"Software Engineer, Fullstack (Trust and Safety), TikTok-San Jose",include,trust and safety,,,,,San Jose,United States,
7536027172781705490,lifeattiktok,20250813190335,https://lifeattiktok.com/search/7536027172781705490,200,detail,Affiliate Marketing Project Intern (TikTok Shop - MX Operation) - 2025 Start (BS/MS),drop,,,,,,,,"HTTPSConnectionPool(host='web.archive.org', port=443): Max retries exceeded with url: /web/20250813190335id_/https://lif"
7536034223640168711,lifeattiktok,20250815034425,https://lifeattiktok.com/search/7536034223640168711?_rsc=16c6u,200,js_shell,,unusable,,,,,,,,
7536036423725173010,lifeattiktok,20250814041047,https://lifeattiktok.com/search/7536036423725173010,200,detail,"iOS Software Engineer, TikTok - Social User and Relation",drop,,,,,,,,
7536059319257172232,lifeattiktok,20250813165401,https://lifeattiktok.com/search/7536059319257172232,200,detail,Campaign Strategist Project Intern (TikTok Shop Vietnam) - 2025 Start (BS/MS),drop,,,,,Vietnam,,,
7536059830286944520,lifeattiktok,20250813200720,https://lifeattiktok.com/search/7536059830286944520,200,detail,Marketing Project Intern (TikTok Shop Vietnam) - 2025 Start (BS/MS),drop,,,,,Vietnam,,,
7536063188309215495,lifeattiktok,20250814030954,https://lifeattiktok.com/search/7536063188309215495,200,detail,IP Campaign Project Intern (TikTok Shop Vietnam) - 2025 Start (BS/MS),drop,,,,,Vietnam,,,
7536063226775439624,lifeattiktok,20250814091927,https://lifeattiktok.com/search/7536063226775439624,200,detail,Senior Software Engineer (Multiple Positions),drop,,,,,,,,
7536066838859516178,lifeattiktok,20250814161843,https://lifeattiktok.com/search/7536066838859516178,200,detail,"Fashion Campaign Management Project Intern (TikTok Shop, Thailand) - 2025 Start (BS/MS)",drop,,,,,Thailand,,,
7536071475981093138,lifeattiktok,20250814135822,https://lifeattiktok.com/search/7536071475981093138,200,detail,Program Manager (Multiple Positions),drop,,,,,,,,
7536082204842445063,lifeattiktok,20250814114403,https://lifeattiktok.com/search/7536082204842445063,200,detail,Client Solutions Manager - Mobile Gaming Key Accounts (Russian Speaker),drop,,,,russian,,,,
7536082204863580423,lifeattiktok,20250814214147,https://lifeattiktok.com/search/7536082204863580423,200,detail,"Frontend Software Engineer - TikTok LIVE, Sydney",drop,,,,,,Sydney,Australia,
7536105296076425480,lifeattiktok,20250814013244,https://lifeattiktok.com/search/7536105296076425480,200,detail,Data Engineer - Infrastructure Platform - San Jose,drop,,,,,,San Jose,United States,
7536118774174501128,lifeattiktok,20250922141158,https://lifeattiktok.com/search/7536118774174501128?_rsc=1y1fq,200,js_shell,,unusable,,,,,,,,
7536143109916428552,lifeattiktok,20250814194706,https://lifeattiktok.com/search/7536143109916428552,200,detail,HR Operations Advisor Intern (HR Operations-APAC-Lifecycle Operations) 2026 Start (BS/MS),drop,,,,,APAC,,,
7536163431986514183,lifeattiktok,20250814074451,https://lifeattiktok.com/search/7536163431986514183,200,detail,Content Operations Graduate (CapCut) - 2026 Start (BS/MS),drop,,,,,,,,
7536174904292165895,lifeattiktok,20250813194446,https://lifeattiktok.com/search/7536174904292165895,200,detail,Content Operations Project Intern (TikTok LIVE) 2025 Start (BS/MS),drop,,,,,,,,
7536194922488580370,lifeattiktok,20250813220426,https://lifeattiktok.com/search/7536194922488580370,200,detail,Product Marketing Project Intern (SMB Advertising) 2025 (BS/MS),drop,,,,,,,,
7536219537423845639,lifeattiktok,20250814173842,https://lifeattiktok.com/search/7536219537423845639,200,detail,"TikTok Shop - QA Strategy Program Manager, EMEA Moderation",include,moderat*,,,,EMEA,,,
7536255223284025608,lifeattiktok,20250813183038,https://lifeattiktok.com/search/7536255223284025608,200,detail,Head of New Building Launch and Operations Integration (Multiple Positions),drop,,,,,,,,
7536267335963855122,lifeattiktok,20250814193755,https://lifeattiktok.com/search/7536267335963855122,200,detail,Lead Recommendation Architecture Engineer (Multiple Positions),drop,,,,,,,,
7536272294525847826,lifeattiktok,20250814105643,https://lifeattiktok.com/search/7536272294525847826,200,detail,Android Software Engineer (Multiple Positions),drop,,,,,,,,"HTTPSConnectionPool(host='web.archive.org', port=443): Max retries exceeded with url: /web/20250814105643id_/https://lif"
7536282669077055751,lifeattiktok,20250814173104,https://lifeattiktok.com/search/7536282669077055751,200,detail,Senior Machine Learning Engineer (Multiple Positions),drop,,,,,,,,
7536282991459354898,lifeattiktok,20250814093117,https://lifeattiktok.com/search/7536282991459354898,200,detail,"Vertical Product Marketing Manager, Healthcare - New York",drop,,,,,,New York,United States,
7536282992093235464,lifeattiktok,20250814213308,https://lifeattiktok.com/search/7536282992093235464,200,detail,"Vertical Product Marketing Manager, Media & Entertainment - New York",drop,,,,,,New York,United States,
7536285233633904903,lifeattiktok,20250813213418,https://lifeattiktok.com/search/7536285233633904903,200,detail,"Vertical Product Marketing Manager, Media & Entertainment - Los Angeles",drop,,,,,,Los Angeles,United States,
7536285794765129992,lifeattiktok,20250814064429,https://lifeattiktok.com/search/7536285794765129992,200,detail,"Program Manager, Business Operations (GM) - USDS",drop,,,,,,,,
7536307775551965447,lifeattiktok,20250814110937,https://lifeattiktok.com/search/7536307775551965447,200,detail,"Senior Software Engineering Lead, Trust & Safety - USDS",include,trust & safety,,,,,,,
7536323523712583954,lifeattiktok,20250821032141,https://lifeattiktok.com/search/7536323523712583954?utm_source=Simplify,200,detail,AI Effects Workflow Engineer Intern (TikTok-Intelligent Creation-LLM Driven Creation) - 2026 Summer (BS/MS),drop,,,,,,,,
7536334561249970450,lifeattiktok,20250814054430,https://lifeattiktok.com/search/7536334561249970450,200,detail,"Product Manager, Anti-Fraud Solutions - USDS",include,fraud,,,,,,,
7536340749630327058,lifeattiktok,20250821214903,https://lifeattiktok.com/search/7536340749630327058,200,detail,Product Manager – Ads Platform (Creative),drop,,,,,,,,
7536343738811320583,lifeattiktok,20250814064438,https://lifeattiktok.com/search/7536343738811320583,200,detail,BI Analyst - USDS,drop,,,,,,,,
7536348540806711570,lifeattiktok,20250814050116,https://lifeattiktok.com/search/7536348540806711570,200,detail,Training Specialist - USDS,drop,,,,,,,,
7536356589390301458,lifeattiktok,20251003171634,https://lifeattiktok.com/search/7536356589390301458?spread=5MWH5CQ%5Cu0026ref%3Dlevels.fyi%5Cu0026src%3Dlevels.fyi%5Cu0026utm_source%3Dlevels.fyi,200,detail,Software Engineer Graduate (Recommendation Platform) - 2026 Start (BS/MS),drop,,,,,,,,
7536465656788502792,lifeattiktok,20250814031827,https://lifeattiktok.com/search/7536465656788502792,200,detail,Financial Operations Analyst Lead - Infrastructure Engineering,drop,,,,,,,,
7536872771830204690,lifeattiktok,20250814182523,https://lifeattiktok.com/search/7536872771830204690,200,detail,"Marketing Manager, Global Business Marketing - Israel [Fixed-Term Contract]",drop,,,,,Israel,,,
7537241632550127880,lifeattiktok,20250813205159,https://lifeattiktok.com/search/7537241632550127880,200,detail,"LPO Triage Specialist, EMEA - Trust & Safety",include,trust & safety,,,,EMEA,,,
7537244549992417543,lifeattiktok,20250814122528,https://lifeattiktok.com/search/7537244549992417543,200,detail,Machine Learning Engineer Graduate (TikTok Shop - Data Intelligence) - 2026 Start (BS/MS),drop,,,,,,,,
7537253469402401031,lifeattiktok,20250814124202,https://lifeattiktok.com/search/7537253469402401031,200,detail,"Client Solutions Manager - TikTok Shop COE, GBS, TikTok Korea",drop,,,,,Korea,,,
7537267561811396872,lifeattiktok,20250813170107,https://lifeattiktok.com/search/7537267561811396872,200,detail,"Greater APAC Product Strategy and Solutions Manager, Pangle",drop,,,,,APAC,,,
7537273328131557639,lifeattiktok,20250907074750,https://lifeattiktok.com/search/7537273328131557639,200,detail,"Senior Legal Counsel (Content Regulation), London",drop,,,,,,London,United Kingdom,
7537295800641849608,lifeattiktok,20250814111052,https://lifeattiktok.com/search/7537295800641849608,200,detail,"TikTok Shop-Cost & Revenue Manager, Logistics",drop,,,,,,,,"HTTPSConnectionPool(host='web.archive.org', port=443): Max retries exceeded with url: /web/20250814111052id_/https://lif"
7537313990549621000,lifeattiktok,20250813180949,https://lifeattiktok.com/search/7537313990549621000,200,detail,"Global Privacy Counsel, Payments",drop,,,,,,,,
7537319718816237831,lifeattiktok,20250814181005,https://lifeattiktok.com/search/7537319718816237831,200,detail,FMCG Account Management Project Intern (TikTok Shop Singapore) - 2025 Start (BS/MS),drop,,,,,Singapore,Singapore,Singapore,
7537338412572985608,lifeattiktok,20250813133517,https://lifeattiktok.com/search/7537338412572985608,200,detail,"Client Solutions Manager (FMCG), Vietnam",drop,,,,,Vietnam,,,
7537339148751931666,lifeattiktok,20250814080916,https://lifeattiktok.com/search/7537339148751931666,200,detail,TikTok Shop - Logistics Quality & Performance Management Lead,drop,,,,,,,,
7537366616570284295,lifeattiktok,20260710212811,https://lifeattiktok.com/search/7537366616570284295,200,detail,AI Product Manager Intern (TikTok LIVE - Ecosystem Governance) - 2026 Start (BS/MS),include,governance,,,,,,,
7537378020802939143,lifeattiktok,20250814065951,https://lifeattiktok.com/search/7537378020802939143,200,detail,"Research Scientist, Marketing Insights and Analytics",drop,,,,,,,,
7537387126649391368,lifeattiktok,20260609050924,https://lifeattiktok.com/search/7537387126649391368,200,detail,"Backend Software Engineer Graduate (Search, USDS) - 2025 Start (BS/MS)",drop,,,,,,,,
7537405111104194823,lifeattiktok,20250814111454,https://lifeattiktok.com/search/7537405111104194823,200,detail,"Global Product Marketing Lead, Targeting and Signals",drop,,,,,,,,
7537489406471604498,lifeattiktok,20260902100355,https://lifeattiktok.com/search/7537489406471604498?utm_source=Simplify,200,detail,Creative Product Manager Graduate (Creative and Brand Innovation) - 2026 Start (BS/MS),drop,,,,,,,,
7537491011187902727,lifeattiktok,20260515022649,https://lifeattiktok.com/search/7537491011187902727?spread=5MWH5CQ,200,detail,[Online Assessment] Software Engineer Intern (Recommendation Infrastructure) - 2026 Summer (BS/ MS),drop,,,,,,,,
7537493362585979154,lifeattiktok,20260511212943,https://lifeattiktok.com/search/7537493362585979154?spread=5MWH5CQ,200,detail,[Online Assessment] Software Engineer Intern (Recommendation Infrastructure) - 2026 Fall (BS/ MS),drop,,,,,,,,
7537530610248943890,lifeattiktok,20250814143840,https://lifeattiktok.com/search/7537530610248943890,200,detail,"Prioritization and Enforcement Regional Team Lead, Trust & Safety",include,trust & safety,,,,,,,
7537576008980547848,lifeattiktok,20250814040715,https://lifeattiktok.com/search/7537576008980547848,200,detail,Monetization Product Operation Manager,drop,,,,,,,,
7537576695710566664,lifeattiktok,20250821024936,https://lifeattiktok.com/search/7537576695710566664,200,detail,Payment Customer Support Specialist - USDS,drop,,,,,,,,
7537627771758102802,lifeattiktok,20250814134953,https://lifeattiktok.com/search/7537627771758102802,200,detail,"TikTok Shop - Collectibles Account Manager / Business Developer , London",drop,,,,,,London,United Kingdom,
7537648349147859207,lifeattiktok,20250908122104,https://lifeattiktok.com/search/7537648349147859207,200,detail,EU Marketing Project Intern (Tiktok Shop) - 2025 Start (BS/MS),drop,,,,,,,,
7537691728314485010,lifeattiktok,20250929115344,https://lifeattiktok.com/search/7537691728314485010,200,detail,TikTok Shop - Creator Growth Strategy & Analytics Manager,drop,,,,,,,,
7537760530178853138,lifeattiktok,20251016001606,https://lifeattiktok.com/search/7537760530178853138,200,detail,Product Strategy & Operations Manager Project Intern- PSO Commerce - 2025 Start (BS/MS),drop,,,,,,,,
7537772369399417106,lifeattiktok,20250821194021,https://lifeattiktok.com/search/7537772369399417106,200,detail,"Senior Capacity Planner, CDN Edge Capacity Planning",drop,,,,,,,,
7537845175428729095,lifeattiktok,20250821170334,https://lifeattiktok.com/search/7537845175428729095,200,detail,Site Reliability Engineer - USDS,exclude,,site reliability,,,,,,"HTTPSConnectionPool(host='web.archive.org', port=443): Max retries exceeded with url: /web/20250821170334id_/https://lif"
7537919455499094280,lifeattiktok,20250821004300,https://lifeattiktok.com/search/7537919455499094280,200,detail,TikTok Shop - Logistics Experience Solution and Operation Program Manager,drop,,,,,,,,
7537989253386733831,lifeattiktok,20250908031706,https://lifeattiktok.com/search/7537989253386733831,200,detail,"TikTok Shop by Tokopedia - FMCG Account Manager (Mandarin Speaking), International Strategic Partnership (Indonesia)",drop,,,,mandarin,Indonesia,,,
7538065288156809479,lifeattiktok,20260114210258,https://lifeattiktok.com/search/7538065288156809479?utm_source=newsletter.interninsider.me&utm_medium=referral&utm_campaign=just-dropped-50-internships-openai-nvidia-hackathon,200,detail,Product Manager Intern [TikTok LIVE-Recommend Product]-2026 Summer (BS/MS),drop,,,,,,,,
7538067880584153362,lifeattiktok,20251011183238,https://lifeattiktok.com/search/7538067880584153362?utm_source=Simplify,200,detail,Product Manager Intern [TikTok LIVE-Recommend Product]-2026 Summer (MBA),drop,,,,,,,,
7538129755129432327,lifeattiktok,20250821051238,https://lifeattiktok.com/search/7538129755129432327,200,detail,Product Operations Manager (AI Data Annotation) - Customer Service Platform (San Jose),include,annotat*,,,,,San Jose,United States,
7538166176267421959,lifeattiktok,20251015233501,https://lifeattiktok.com/search/7538166176267421959,200,detail,Tech Lead Mobile Infrastructure Engineer - TikTok Dev Infra,drop,,,,,,,,
7538213896365689096,lifeattiktok,20250817035314,https://lifeattiktok.com/search/7538213896365689096,200,detail,Software Engineer Graduate (Commerce Ads) - 2026 Start (BS/MS),drop,,,,,,,,
7538258169378801938,lifeattiktok,20250815135825,https://lifeattiktok.com/search/7538258169378801938,200,detail,Backend Software Engineer - Music,drop,,,,,,,,
7538285732869130503,lifeattiktok,20250821214203,https://lifeattiktok.com/search/7538285732869130503,200,detail,Senior Product Manager (SEO) - User Growth (San Jose),drop,,,,,,San Jose,United States,
7538301580093720840,lifeattiktok,20260506185316,https://lifeattiktok.com/search/7538301580093720840?_rsc=1m3ql,200,js_shell,,unusable,,,,,,,,
7538304000404244743,lifeattiktok,20251026141519,https://lifeattiktok.com/search/7538304000404244743?spread=5MWH5CQ,200,detail,Software Engineer Intern(Video-on-Demand Algorithm) - 2026 Summer (BS/MS),drop,,,,,,,,
7538304108715198727,lifeattiktok,20250913201758,https://lifeattiktok.com/search/7538304108715198727?spread=5MWH5CQ,200,detail,Software Engineer Intern(Media Engine) - 2026 Summer (BS/MS),drop,,,,,,,,
7538307729329277202,lifeattiktok,20260113002535,https://lifeattiktok.com/search/7538307729329277202?spread=5MWH5CQ,200,detail,Backend Software Engineer Intern(Foundation Platform) - 2026 Summer (BS/MS),drop,,,,,,,,
7538314547103762696,lifeattiktok,20250821050312,https://lifeattiktok.com/search/7538314547103762696?utm_source=Simplify,200,detail,Software Engineer Intern(Live Service) - 2026 Summer (BS/MS),drop,,,,,,,,
7538319953965287698,lifeattiktok,20250821170455,https://lifeattiktok.com/search/7538319953965287698,200,detail,Software Engineer Graduate (Video-on-Demand Algorithm) - 2026 Start (BS/MS),drop,,,,,,,,
7538320612860446994,lifeattiktok,20250817035315,https://lifeattiktok.com/search/7538320612860446994,200,detail,Software Engineer Graduate (Media Engine) - 2026 Start (BS/MS),drop,,,,,,,,
7538325343598741767,lifeattiktok,20250817035315,https://lifeattiktok.com/search/7538325343598741767,200,detail,Software Engineer Graduate (Foundation Platform) - 2026 Start (BS/MS),drop,,,,,,,,
7538325771954637074,lifeattiktok,20260902100930,https://lifeattiktok.com/search/7538325771954637074?utm_source=Simplify,200,detail,Software Engineer Graduate (Live Service) - 2026 Start (BS/MS),drop,,,,,,,,
7538343387038468370,lifeattiktok,20250821115203,https://lifeattiktok.com/search/7538343387038468370,200,detail,TikTok Shop by Tokopedia - Listing Governance Program Manager (Product Quality & Compliance),include,governance,,,,,,,
7538379338141485320,lifeattiktok,20250821115318,https://lifeattiktok.com/search/7538379338141485320,200,detail,Creator Management Project Intern (TikTok Live Japan) - 2026 Start (BS/MS),drop,,,,,Japan,,,"HTTPSConnectionPool(host='web.archive.org', port=443): Max retries exceeded with url: /web/20250821115318id_/https://lif"
7538379338766403847,lifeattiktok,20250821051954,https://lifeattiktok.com/search/7538379338766403847,200,detail,"Client Solutions Manager - E-Commerce, GBS TikTok Korea",drop,,,,,Korea,,,
7538380070097701128,lifeattiktok,20250821211041,https://lifeattiktok.com/search/7538380070097701128,200,detail,"Client Solutions Manager - E-Commerce, GBS, TikTok Korea (12-month Fixed-term Contract)",drop,,,,,Korea,,,
7538397304139745554,lifeattiktok,20250821114922,https://lifeattiktok.com/search/7538397304139745554,200,detail,TikTok Shop - Regional Quality Assurance Lead,drop,,,,,,,,
7538481979043039496,lifeattiktok,20250821175141,https://lifeattiktok.com/search/7538481979043039496,200,detail,Business Development Manager (DACH) - TikTok LIVE - Munich,drop,,,,,Germany,,,"HTTPSConnectionPool(host='web.archive.org', port=443): Max retries exceeded with url: /web/20250821175141id_/https://lif"
7538495412894976264,lifeattiktok,20250908125339,https://lifeattiktok.com/search/7538495412894976264?utm_source=www.interninsider.me&utm_medium=referral&utm_campaign=just-released-45-internships-a-36-hour-hackathon,200,detail,Machine Learning Engineer Intern (TikTok Short Video Content Understanding/Multimodal Recommendation) - 2026 Summer (BS/MS),drop,,,,,,,,
7538499752448903432,lifeattiktok,20250821185505,https://lifeattiktok.com/search/7538499752448903432,200,detail,Account Manager - Shop Amplify - (Mandarin Speaker) São Paulo,drop,,,,mandarin,,São Paulo,Brazil,
7538500921422383367,lifeattiktok,20250821072022,https://lifeattiktok.com/search/7538500921422383367,200,detail,Account Manager - Shop Amplify - São Paulo,drop,,,,,,São Paulo,Brazil,
7538523774527932690,lifeattiktok,20250821153110,https://lifeattiktok.com/search/7538523774527932690,200,detail,North America GTM Product Marketing Manager - New York,drop,,,,,,New York,United States,
7538529661288286471,lifeattiktok,20250821102256,https://lifeattiktok.com/search/7538529661288286471,200,detail,North America GTM Product Marketing Manager - Los Angeles,drop,,,,,,Los Angeles,United States,
7538551640845109511,lifeattiktok,20250821121932,https://lifeattiktok.com/search/7538551640845109511,200,detail,"TikTok Shop - Product Manager, Tracking - Seattle",drop,,,,,,Seattle,United States,
7538571774872013063,lifeattiktok,20250821084920,https://lifeattiktok.com/search/7538571774872013063,200,detail,"Senior Android Software Engineer, Global E-commerce",drop,,,,,,,,
7538571931517159698,lifeattiktok,20250821142311,https://lifeattiktok.com/search/7538571931517159698,200,detail,Special Project Strategist Graduate (TikTok Shop - Operations) - 2026 Start (BS/ MS),drop,,,,,,,,
7538575293381462279,lifeattiktok,20250821121028,https://lifeattiktok.com/search/7538575293381462279,200,detail,"Creator Network Client Support Specialist, TikTok LIVE",drop,,,,,,,,
7538616667044907271,lifeattiktok,20250821172637,https://lifeattiktok.com/search/7538616667044907271,200,detail,Financial Crimes Compliance Risk Specialist - USDS,drop,,,,,,,,
7538625092726180103,lifeattiktok,20250821161814,https://lifeattiktok.com/search/7538625092726180103,200,detail,Special Project Strategist Intern (TikTok Shop - Operations) - 2026 Summer (BS/ MS),drop,,,,,,,,
7538630419958630674,lifeattiktok,20250821061114,https://lifeattiktok.com/search/7538630419958630674,200,detail,"Data Engineer, Financial Crimes - USDS",drop,,,,,,,,
7538687113601272082,lifeattiktok,20250821110903,https://lifeattiktok.com/search/7538687113601272082,200,detail,EMEA Employee Relations - Employment Investigator,drop,,,,,EMEA,,,
7538703585607190792,lifeattiktok,20250821122742,https://lifeattiktok.com/search/7538703585607190792,200,detail,Creator Operations Project Intern (TikTok LIVE) - 2025 Start (BS/MS),drop,,,,,,,,
7538709260742887687,lifeattiktok,20250821184112,https://lifeattiktok.com/search/7538709260742887687,200,detail,"FMCG Category Strategy Project Intern (TikTok Shop, Thailand) - 2025 Start (BS/MS)",drop,,,,,Thailand,,,
7538738038362786066,lifeattiktok,20250821101725,https://lifeattiktok.com/search/7538738038362786066,200,detail,Backend Software Engineer Graduate (Reliability) - 2026 Start (BS/MS),drop,,,,,,,,"HTTPSConnectionPool(host='web.archive.org', port=443): Max retries exceeded with url: /web/20250821101725id_/https://lif"
7538739616565299474,lifeattiktok,20260422030017,https://lifeattiktok.com/search/7538739616565299474,200,detail,Backend Software Engineer Intern (Reliability) - 2026 Start (BS/MS),drop,,,,,,,,
7538746518527101202,lifeattiktok,20250821141343,https://lifeattiktok.com/search/7538746518527101202,200,detail,TikTok Shop - SMB Top Seller BPO Lead (E-commerce),drop,,,,,,,,
7538753894388025607,lifeattiktok,20250821153050,https://lifeattiktok.com/search/7538753894388025607,200,detail,"Analysis & Prevention Analyst, Trust & Safety",include,trust & safety,,,,,,,
7538771740936358162,lifeattiktok,20251016012231,https://lifeattiktok.com/search/7538771740936358162,200,detail,Creator Manager Project Intern (TikTok Shop) - 2025 Start (BS/MS),drop,,,,,,,,"HTTPSConnectionPool(host='web.archive.org', port=443): Max retries exceeded with url: /web/20251016012231id_/https://lif"
7538795781584259346,lifeattiktok,20250821020653,https://lifeattiktok.com/search/7538795781584259346,200,detail,Backend Software Engineer (Architect) -Reliability -Singapore,drop,,,,,Singapore,Singapore,Singapore,
7538801369751243016,lifeattiktok,20250821170422,https://lifeattiktok.com/search/7538801369751243016,200,detail,"Measurement Partner, Financial Services",drop,,,,,,,,
7538828742874122504,lifeattiktok,20250821195656,https://lifeattiktok.com/search/7538828742874122504,200,detail,Creative Product Operations Graduate (International Advertising - Creative and Brand Innovation) - 2026 Start (BS/MS),drop,,,,,,,,
7538835271232653576,lifeattiktok,20250821204213,https://lifeattiktok.com/search/7538835271232653576,200,detail,Business Analyst Graduate (Creative and Brand Innovation) - 2026 Start (BS/MS),drop,,,,,,,,
7538835271233997064,lifeattiktok,20250821214208,https://lifeattiktok.com/search/7538835271233997064,200,detail,Client Solutions Manager - Global Business Solutions - New York,drop,,,,,,New York,United States,
7538836736014403858,lifeattiktok,20250821184421,https://lifeattiktok.com/search/7538836736014403858,200,detail,Client Solutions Manager - Global Business Solutions - Los Angeles,drop,,,,,,Los Angeles,United States,
7538836736034687239,lifeattiktok,20250821074737,https://lifeattiktok.com/search/7538836736034687239,200,detail,Client Solutions Manager - Global Business Solutions - Chicago,drop,,,,,,Chicago,United States,
7538843829304117512,lifeattiktok,20250821200454,https://lifeattiktok.com/search/7538843829304117512,200,detail,User Support Associate - USDS,drop,,,,,,,,
7538845346568358162,lifeattiktok,20250821065901,https://lifeattiktok.com/search/7538845346568358162,200,detail,User Support Lead - USDS,drop,,,,,,,,
7538878376309557511,lifeattiktok,20250821080843,https://lifeattiktok.com/search/7538878376309557511,200,detail,Global Rotation Program Graduate (GBS) - 2026 Start (BS/MS),drop,,,,,,,,
7538896279595338002,lifeattiktok,20250821043149,https://lifeattiktok.com/search/7538896279595338002,200,detail,"Product Manager, Ads Privacy & Targeting Graduate (Measurement Signal and Privacy Product) - 2026 (BS/MS)",drop,,,,,,,,
7538896306908252434,lifeattiktok,20250821215457,https://lifeattiktok.com/search/7538896306908252434,200,detail,Product Manager Ads Attribution and Measurement Graduate (Measurement Signal and Privacy Product) - 2026 Start (BS/MS),drop,,,,,,,,
7538903496654407943,lifeattiktok,20250821081417,https://lifeattiktok.com/search/7538903496654407943,200,detail,Product Manager Ads Measurement Graduate (Measurement Signal and Privacy Product) - 2026 (BS/MS),drop,,,,,,,,
7538934102780512520,lifeattiktok,20250830001552,https://lifeattiktok.com/search/7538934102780512520,200,detail,"Creative Experiential Manager, CPS, NA Business Marketing",drop,,,,,,,,
7538943251353553160,lifeattiktok,20250821081001,https://lifeattiktok.com/search/7538943251353553160,200,detail,Brand Ads Product Manager Graduate (Creative and Brand Innovation) - 2026 Start (BS/MS),drop,,,,,,,,
7538948353619888402,lifeattiktok,20260902100318,https://lifeattiktok.com/search/7538948353619888402?utm_source=Simplify,200,detail,Product Manager Graduate (Measurement Signal and Privacy Product) - 2026 (BS/MS),drop,,,,,,,,"HTTPSConnectionPool(host='web.archive.org', port=443): Max retries exceeded with url: /web/20260902100318id_/https://lif"
7538953858287323410,lifeattiktok,20250821095053,https://lifeattiktok.com/search/7538953858287323410,200,detail,"Translation & Localization Manager, Regulatory Delivery & Transparency - Trust and Safety",include,trust and safety,,,,,,,
7538954193542383890,lifeattiktok,20250821071948,https://lifeattiktok.com/search/7538954193542383890,200,detail,"Product Policy Manager, LIVE - Trust and Safety",include,trust and safety; policy manager,,,,,,,
7538954193542727954,lifeattiktok,20250821054351,https://lifeattiktok.com/search/7538954193542727954,200,detail,"Product Policy Manager, LIVE - Trust and Safety",include,trust and safety; policy manager,,,,,,,
7539075002492455175,lifeattiktok,20250821043641,https://lifeattiktok.com/search/7539075002492455175,200,detail,TikTok Shop - Massive Creator Assortment & Content Quality Senior/Specialist (Vietnam),include,content quality,,,,Vietnam,,,
7539799898469058823,lifeattiktok,20250821185746,https://lifeattiktok.com/search/7539799898469058823,200,detail,"Client Solutions Manager (Apps & Gaming), Vietnam",drop,,,,,Vietnam,,,
7539806948645882130,lifeattiktok,20250821120012,https://lifeattiktok.com/search/7539806948645882130,200,detail,"Account Manager, Beauty Project Intern (TikTok Shop) - 2025 Start (BS/MS)",drop,,,,,,,,
7539854088262371592,lifeattiktok,20250821080145,https://lifeattiktok.com/search/7539854088262371592,200,detail,"Fullstack Software Engineer,TikTok Web Arch",drop,,,,,,,,
7539864873631893778,lifeattiktok,20250821210626,https://lifeattiktok.com/search/7539864873631893778,200,detail,Senior Business Analyst - Global Business Solutions - METAP,drop,,,,,,,,
7539867492211820818,lifeattiktok,20250821150332,https://lifeattiktok.com/search/7539867492211820818,200,detail,"Prioritization and Enforcement Analyst, EMEA - Trust & Safety",include,trust & safety,,,,EMEA,,,
7539872466832623890,lifeattiktok,20250821172935,https://lifeattiktok.com/search/7539872466832623890,200,detail,"Prioritization and Enforcement Analyst, French - Trust & Safety",include,trust & safety,,,french,,,,
7539884432196241671,lifeattiktok,20250821181701,https://lifeattiktok.com/search/7539884432196241671,200,detail,"Client Solutions Manager, Apps & Services - Global Business Solutions",drop,,,,,,,,
7539911203503917330,lifeattiktok,20250821145133,https://lifeattiktok.com/search/7539911203503917330,200,detail,"Senior Finance Business Partner, TikTok Shop (Mandarin Speaking)",drop,,,,mandarin,,,,
7539921736679983367,lifeattiktok,20250821120901,https://lifeattiktok.com/search/7539921736679983367,200,detail,"Strategy and Operations Manager, Client Incentives - Global Business Solutions",drop,,,,,,,,
7539922732143954183,lifeattiktok,20251015235919,https://lifeattiktok.com/search/7539922732143954183,200,detail,"TikTok Shop - EMEA Appeal Program Manager (12-Month Maternity Cover, Fixed-Term Contract)",drop,,,,,EMEA,,,"HTTPSConnectionPool(host='web.archive.org', port=443): Max retries exceeded with url: /web/20251015235919id_/https://lif"
7539948367481751816,lifeattiktok,20250821195515,https://lifeattiktok.com/search/7539948367481751816,200,detail,Real Estate Lease Data Specialist - EMEA,drop,,,,,EMEA,,,
7539962300909078791,lifeattiktok,20250821195405,https://lifeattiktok.com/search/7539962300909078791,200,detail,TikTok Shop- Service Insights Associate,drop,,,,,,,,
7539967373501122834,lifeattiktok,20250821043857,https://lifeattiktok.com/search/7539967373501122834,200,detail,Europe VAT Compliance Manager,drop,,,,,Europe,,,
7539975953020766471,lifeattiktok,20250821031904,https://lifeattiktok.com/search/7539975953020766471,200,detail,Safety Model Operations Quality Assurance - Turkish,drop,,,,turkish,,,,
7540010625628997895,lifeattiktok,20250821121206,https://lifeattiktok.com/search/7540010625628997895,200,detail,"Staff Product Designer, Monetization Business Integrity",include,integrity,,,,,,,
7540031168227625224,lifeattiktok,20250821102710,https://lifeattiktok.com/search/7540031168227625224,200,detail,"Product Policy Manager, GenAI Safety Policy - Trust and Safety",include,trust and safety; policy manager; safety policy,,,,,,,"HTTPSConnectionPool(host='web.archive.org', port=443): Max retries exceeded with url: /web/20250821102710id_/https://lif"
7540050913652033800,lifeattiktok,20250908113058,https://lifeattiktok.com/search/7540050913652033800?spread=XKM9ZXE,200,detail,"Communications Manager, AI + Innovation",drop,,,,,,,,
7540063663148747026,lifeattiktok,20250821103502,https://lifeattiktok.com/search/7540063663148747026,200,detail,AI Agent Development Project Intern (TikTok Shop-Governance and Experience)-2025 Start (BS/MS),include,governance,,,,,,,
7540118348412668168,lifeattiktok,20250821060701,https://lifeattiktok.com/search/7540118348412668168,200,detail,"Senior Security Specialist , Detection & Response - Global Security Organisation",drop,,,,,,,,
7540136762255051016,lifeattiktok,20251015232912,https://lifeattiktok.com/search/7540136762255051016,200,detail,Sr Backend Software Engineer - User Growth Customer Life Cycle,drop,,,,,,,,"HTTPSConnectionPool(host='web.archive.org', port=443): Max retries exceeded with url: /web/20251015232912id_/https://lif"
7540152295620544776,lifeattiktok,20250821174414,https://lifeattiktok.com/search/7540152295620544776,200,detail,"Team Lead Project Manager, Eco Governance - AI Data Service and Operations",include,governance,,,,,,,
7540212286516283655,lifeattiktok,20260226165833,https://lifeattiktok.com/search/7540212286516283655?_rsc=1m3ql,200,js_shell,,unusable,,,,,,,,
7540218009802590471,lifeattiktok,20250821045621,https://lifeattiktok.com/search/7540218009802590471,200,detail,Client Solutions Manager - Global Business Solutions - Southern Europe,drop,,,,,Europe,,,
7540262977703774471,lifeattiktok,20260114211858,https://lifeattiktok.com/search/7540262977703774471,200,detail,"Business Development Manager, Distribution Partnerships - EMEA (Fixed term contract)",drop,,,,,EMEA,,,
7540270284247681287,lifeattiktok,20260114200458,https://lifeattiktok.com/search/7540270284247681287,200,detail,Regional Measurement Operations Coordinator - Global Business Solutions - CALM,drop,,,,,,,,
7540508448272189703,lifeattiktok,20250908225331,https://lifeattiktok.com/search/7540508448272189703,200,detail,TikTok Shop - Logistics Service & Experience Analyst (Mandarin Speaker) - Malaysia,drop,,,,mandarin,Malaysia,,,
7540583325774891282,lifeattiktok,20260114190057,https://lifeattiktok.com/search/7540583325774891282,200,detail,Client Partner - Utilities & FinTech,drop,,,,,,,,
7540587473467115783,lifeattiktok,20250922141158,https://lifeattiktok.com/search/7540587473467115783?_rsc=1y1fq,200,js_shell,,unusable,,,,,,,,
7540718347169892626,lifeattiktok,20251015233324,https://lifeattiktok.com/search/7540718347169892626,200,detail,Product Marketing Manager - Shop Ads Commerce - Global Business Solutions - London,drop,,,,,,London,United Kingdom,
7540798268650211592,lifeattiktok,20250828145840,https://lifeattiktok.com/search/7540798268650211592,200,detail,"Backend Software Engineer, Customer Service Platform - USDS",drop,,,,,,,,"HTTPSConnectionPool(host='web.archive.org', port=443): Max retries exceeded with url: /web/20250828145840id_/https://lif"
7540823204350527752,lifeattiktok,20250918052250,https://lifeattiktok.com/search/7540823204350527752?utm_source=Simplify,200,detail,Software Engineer Intern (AI Applications) - 2026 Fall (BS/MS),drop,,,,,,,,
7540836922060589320,lifeattiktok,20250828160033,https://lifeattiktok.com/search/7540836922060589320,200,detail,Software Engineer Graduate (Ads Interface and Platform) - 2026 Start (BS/MS),drop,,,,,,,,
7540857159211911431,lifeattiktok,20250829194529,https://lifeattiktok.com/search/7540857159211911431,200,detail,"Frontend Software Engineer, Global E-Commerce - US Shelf",drop,,,,,,,,
7540876774696798482,lifeattiktok,20250828152532,https://lifeattiktok.com/search/7540876774696798482,200,detail,HR Business Partner-Global Monetization Product and Technology,drop,,,,,,,,
7540901150327032082,lifeattiktok,20250829192340,https://lifeattiktok.com/search/7540901150327032082,200,detail,"Product Manager - TikTok Shop, Category Solutions",drop,,,,,,,,
7540952353860716807,lifeattiktok,20250829223722,https://lifeattiktok.com/search/7540952353860716807,200,detail,Lifestyle Account Manager Project Intern (TikTok Shop) - 2025 Start (BS/MS),drop,,,,,,,,"HTTPSConnectionPool(host='web.archive.org', port=443): Max retries exceeded with url: /web/20250829223722id_/https://lif"
7540984784756033810,lifeattiktok,20260109020800,https://lifeattiktok.com/search/7540984784756033810,200,detail,Sales Graduate (GBS Cluster 3) - 2026 Start (BS/MS),drop,,,,,,,,
7541083326154918162,lifeattiktok,20251004212757,https://lifeattiktok.com/search/7541083326154918162,200,detail,Strategy & Operations Analyst Graduate (MSO SMB) - 2026 Start (BS/MS),drop,,,,,,,,
7541096326982027538,lifeattiktok,20251016000939,https://lifeattiktok.com/search/7541096326982027538,200,detail,Product Solutions and Operations Project Intern - Content and Service Ads- Fall 2025 (BS/ MS),drop,,,,,,,,
7541147724641470728,lifeattiktok,20250828115948,https://lifeattiktok.com/search/7541147724641470728,200,detail,Strategy & Operations Project Intern (GBS) - 2025 Start (BS/MS),drop,,,,,,,,"HTTPSConnectionPool(host='web.archive.org', port=443): Max retries exceeded with url: /web/20250828115948id_/https://lif"
7541195980872501511,lifeattiktok,20250828183034,https://lifeattiktok.com/search/7541195980872501511,200,detail,"SMB Agency Team Lead, Japan & Korea",drop,,,,,Korea; Japan,,,
7541228535394928903,lifeattiktok,20250830005710,https://lifeattiktok.com/search/7541228535394928903,200,detail,Senior Product Manager (Identity Security) - Account (San Jose),drop,,,,,,San Jose,United States,
7541311190677326087,lifeattiktok,20250829221200,https://lifeattiktok.com/search/7541311190677326087,200,detail,"Wellbeing Partnership and Operations Lead, Trust & Safety",include,trust & safety,,,,,,,
7541313773111019784,lifeattiktok,20250829154151,https://lifeattiktok.com/search/7541313773111019784,200,detail,Client Solutions Lead - Food & Nutrition - Global Business Solutions - Munich,drop,,,,,,,,
7541313773132777746,lifeattiktok,20250830000136,https://lifeattiktok.com/search/7541313773132777746,200,detail,Client Solutions Lead - Food & Nutrition - Global Business Solutions - Hamburg,drop,,,,,,,,
7541328701435480327,lifeattiktok,20250907212836,https://lifeattiktok.com/search/7541328701435480327,200,detail,Dine-In Key Account Management Graduate (TikTok Local Services) - 2026 Start (BS/MS),drop,,,,,,,,
7541328806267783432,lifeattiktok,20250828224829,https://lifeattiktok.com/search/7541328806267783432,200,detail,Full Stack Engineer - Traffic Management - London,drop,,,,,,London,United Kingdom,
7541330350216726802,lifeattiktok,20260225210700,https://lifeattiktok.com/search/7541330350216726802?_rsc=1m3ql,200,js_shell,,unusable,,,,,,,,
7541333326264092946,lifeattiktok,20250829163732,https://lifeattiktok.com/search/7541333326264092946,200,detail,Global Events Operation Intern (TikTok Location Based Service) - 2026 Start (BS/MS),drop,,,,,,,,
7541361127956285703,lifeattiktok,20260114203440,https://lifeattiktok.com/search/7541361127956285703,200,detail,Client Partner - Apps-Incubation - Global Business Solutions - METAP,drop,,,,,,,,"HTTPSConnectionPool(host='web.archive.org', port=443): Max retries exceeded with url: /web/20260114203440id_/https://lif"
7541512774477728008,lifeattiktok,20250829084642,https://lifeattiktok.com/search/7541512774477728008,200,detail,Software Engineer Graduate (Ads Infrastructure-Ranking) - 2026 Start (BS/MS),drop,,,,,,,,
7541512820980418824,lifeattiktok,20250828212859,https://lifeattiktok.com/search/7541512820980418824,200,detail,Software Engineer Graduate (Ads Infrastructure) - 2026 Start (BS/MS),drop,,,,,,,,
7541516408564992264,lifeattiktok,20250828191927,https://lifeattiktok.com/search/7541516408564992264,200,detail,Software Engineer Graduate (Ads Infrastructure-MLDP) - 2026 Start (BS/MS),drop,,,,,,,,
7541646999775365383,lifeattiktok,20250908124949,https://lifeattiktok.com/search/7541646999775365383,200,detail,Cyber Threat Intelligence Analyst - USDS,include,threat intelligence,,,,,,,
7541647002095880455,lifeattiktok,20250828173149,https://lifeattiktok.com/search/7541647002095880455,200,detail,AI & Security Process Engineer - USDS,drop,,,,,,,,
7541652568851269895,lifeattiktok,20250908124925,https://lifeattiktok.com/search/7541652568851269895?_rsc=1wrds,200,js_shell,,unusable,,,,,,,,"HTTPSConnectionPool(host='web.archive.org', port=443): Max retries exceeded with url: /web/20250908124925id_/https://lif"
7541652569928616210,lifeattiktok,20250904195005,https://lifeattiktok.com/search/7541652569928616210?_rsc=pyzdg,200,js_shell,,unusable,,,,,,,,
7541656536768104712,lifeattiktok,20250904195005,https://lifeattiktok.com/search/7541656536768104712?_rsc=pyzdg,200,js_shell,,unusable,,,,,,,,
7542083891809634568,lifeattiktok,20250829135622,https://lifeattiktok.com/search/7542083891809634568,200,detail,APAC Integrated Marketing Communications Manager - Event,drop,,,,,APAC,,,
7542093395569690887,lifeattiktok,20250829112439,https://lifeattiktok.com/search/7542093395569690887,200,detail,APAC Integrated Marketing Communications Manager - Creative,drop,,,,,APAC,,,"HTTPSConnectionPool(host='web.archive.org', port=443): Max retries exceeded with url: /web/20250829112439id_/https://lif"
7542359937256982791,lifeattiktok,20250830011321,https://lifeattiktok.com/search/7542359937256982791,200,detail,Data Scientist Graduate (TikTok UG-Mid Platform) - 2026 Start (BS/MS）,drop,,,,,,,,
7542362042540558610,lifeattiktok,20250829051713,https://lifeattiktok.com/search/7542362042540558610,200,detail,Backend Engineering Manager - TikTok Shop (Europe),drop,,,,,Europe,,,
7542469638828886290,lifeattiktok,20250829161639,https://lifeattiktok.com/search/7542469638828886290,200,detail,Customer Growth Manager (Programmatic Advertising Direction),drop,,,,,,,,
7542538151857293586,lifeattiktok,20250830011347,https://lifeattiktok.com/search/7542538151857293586,200,detail,Data Scientist (Resource Allocation/Capacity Planning) - Data Cycling Centre,drop,,,,,,,,
7542570828296325383,lifeattiktok,20251003171637,https://lifeattiktok.com/search/7542570828296325383?spread=5MWH5CQ&utm_source=levels.fyi,200,detail,Software Engineer Graduate (AI Model Optimization) - 2026 Start (BS/MS),drop,,,,,,,,
7542584919815325960,lifeattiktok,20260225210659,https://lifeattiktok.com/search/7542584919815325960?_rsc=1m3ql,200,js_shell,,unusable,,,,,,,,
7542592700550678791,lifeattiktok,20250828234721,https://lifeattiktok.com/search/7542592700550678791,200,detail,"TikTok Shop - Policy & Programs Manager, Content & Creator Governance",include,governance,,,,,,,
7542594441245624584,lifeattiktok,20250828164100,https://lifeattiktok.com/search/7542594441245624584,200,detail,Product Operations Project Intern - SMB Industry Operations - 2025 Start (BS/ MS),drop,,,,,,,,
7542646748470003976,lifeattiktok,20250829151418,https://lifeattiktok.com/search/7542646748470003976,200,detail,TikTok Shop - Service Experience Strategy Program Manager,drop,,,,,,,,
7542714368766396680,lifeattiktok,20250829182625,https://lifeattiktok.com/search/7542714368766396680,200,detail,Backend Engineer - AML Engine Orchestration,drop,,,,,,,,"HTTPSConnectionPool(host='web.archive.org', port=443): Max retries exceeded with url: /web/20250829182625id_/https://lif"
7542790797884967176,lifeattiktok,20250828203149,https://lifeattiktok.com/search/7542790797884967176,200,detail,Sales Graduate (GBS Cluster 2) - 2026 Start (BS/MS),drop,,,,,,,,
7542792359999883527,lifeattiktok,20250828093942,https://lifeattiktok.com/search/7542792359999883527,200,detail,Sales Graduate (GBS Cluster 4) - 2026 Start (BS/MS),drop,,,,,,,,
7542796141802572040,lifeattiktok,20250829132851,https://lifeattiktok.com/search/7542796141802572040,200,detail,"Operations Data Analyst, Trust & Safety",include,trust & safety,,,,,,,
7542810173011675400,lifeattiktok,20250828205532,https://lifeattiktok.com/search/7542810173011675400,200,detail,Process Streamline & Optimization Specialist - AI Data Service Operations,drop,,,,,,,,
7542812610615085330,lifeattiktok,20250828152453,https://lifeattiktok.com/search/7542812610615085330,200,detail,"TikTok Shop by Tokopedia - Seller Education Lead, SMB (Indonesia)",drop,,,,,Indonesia,,,
7542812610615593234,lifeattiktok,20250829195910,https://lifeattiktok.com/search/7542812610615593234,200,detail,"TikTok Shop by Tokopedia - Seller Education Specialist, SMB (Indonesia)",drop,,,,,Indonesia,,,"HTTPSConnectionPool(host='web.archive.org', port=443): Max retries exceeded with url: /web/20250829195910id_/https://lif"
7542823421601417479,lifeattiktok,20250829013843,https://lifeattiktok.com/search/7542823421601417479,200,detail,EMEA Training and Communications Specialist Graduate (Ethics Office) - 2026 Start (BS/MS),drop,,,,,EMEA,,,
7542825010006935826,lifeattiktok,20250828235133,https://lifeattiktok.com/search/7542825010006935826,200,detail,Agency Operations Manager - TikTok LIVE - Bucharest,drop,,,,,,,,
7542832612239919378,lifeattiktok,20250829135819,https://lifeattiktok.com/search/7542832612239919378,200,detail,Strategy Building and Implementation Specialist - AI Data Service Operations,drop,,,,,,,,
7542833727027857682,lifeattiktok,20250829195055,https://lifeattiktok.com/search/7542833727027857682,200,detail,Talent Acquisition Partner - TikTok Product & Design - EMEA,drop,,,,,EMEA,,,"HTTPSConnectionPool(host='web.archive.org', port=443): Max retries exceeded with url: /web/20250829195055id_/https://lif"
7542835197198108935,lifeattiktok,20260114191846,https://lifeattiktok.com/search/7542835197198108935,200,detail,Talent Acquisition Partner - TikTok Product & Design - EMEA,drop,,,,,EMEA,,,
7542846003968330002,lifeattiktok,20250829042849,https://lifeattiktok.com/search/7542846003968330002,200,detail,"Client Solutions Manager - Healthcare/Finance, GBS TikTok Japan",drop,,,,,Japan,,,
7542876962247690503,lifeattiktok,20250829052459,https://lifeattiktok.com/search/7542876962247690503,200,detail,Media Agency Partnerships Manager - Global Business Solutions - Berlin,drop,,,,,,Berlin,Germany,
7542878248091519240,lifeattiktok,20250829173843,https://lifeattiktok.com/search/7542878248091519240,200,detail,Media Agency Partnerships Manager - Global Business Solutions - Hamburg,drop,,,,,,,,
7542880652569364744,lifeattiktok,20250828134156,https://lifeattiktok.com/search/7542880652569364744,200,detail,Media Agency Partnerships Manager - Global Business Solutions - Munich,drop,,,,,,,,
7542882496158288136,lifeattiktok,20250829180139,https://lifeattiktok.com/search/7542882496158288136,200,detail,Agency Partner Manager - Small and Medium Business,drop,,,,,,,,
7542889828112173320,lifeattiktok,20250828042324,https://lifeattiktok.com/search/7542889828112173320,200,detail,"Measurement Partner, Global Business Solutions - DACH",drop,,,,,Germany,,,
7542890237799336200,lifeattiktok,20250828062605,https://lifeattiktok.com/search/7542890237799336200,200,detail,"Client Solutions Manager, Multicategory - Global Business Solutions, Spain",drop,,,,,Spain,,,
7542899130381732103,lifeattiktok,20250828210915,https://lifeattiktok.com/search/7542899130381732103,200,detail,Data Analyst Project Intern (TikTok Shop - User Growth) -2026 Start (BS/MS),drop,,,,,,,,
7542916962571258120,lifeattiktok,20250829141037,https://lifeattiktok.com/search/7542916962571258120,200,detail,Data Analyst Project Intern (TikTok Shop - FMCG) - 2025 Start (BS/MS),drop,,,,,,,,"HTTPSConnectionPool(host='web.archive.org', port=443): Max retries exceeded with url: /web/20250829141037id_/https://lif"
7543114224130689287,lifeattiktok,20251117010805,https://lifeattiktok.com/search/7543114224130689287,200,detail,Data Science Graduate (Advertisement Team) - 2026 Start (PhD),drop,,,,,,,,
7543122134575794440,lifeattiktok,20250829055518,https://lifeattiktok.com/search/7543122134575794440,200,detail,Creator Strategist Project Intern (TikTok Shop) - 2025 Start (BS/MS),drop,,,,,,,,
7543296595908479240,lifeattiktok,20250831235452,https://lifeattiktok.com/search/7543296595908479240?gh_src=Tech%3ANYC+job+board,200,detail,Senior Commercial Counsel,drop,,,,,,,,
7543326735086536968,lifeattiktok,20250912193257,https://lifeattiktok.com/search/7543326735086536968,200,detail,Lead Cyber Security Operations Center (CSOC) Analyst - USDS,drop,,,,,,,,
7543398010026838280,lifeattiktok,20250908144746,https://lifeattiktok.com/search/7543398010026838280,200,detail,"TikTok Shop - Lead of Account Managers, Beauty",drop,,,,,,,,
7543420658085185799,lifeattiktok,20260114194342,https://lifeattiktok.com/search/7543420658085185799?utm_source=newsletter.interninsider.me&utm_medium=referral&utm_campaign=just-released-over-40-new-internships-women-in-ai-hackathon,200,detail,Software Engineer Intern (Business Integrity) - 2026 Summer (BS/MS),include,integrity,,,,,,,"HTTPSConnectionPool(host='web.archive.org', port=443): Max retries exceeded with url: /web/20260114194342id_/https://lif"
7543739160449337608,lifeattiktok,20251103052541,https://lifeattiktok.com/search/7543739160449337608?spread=5MWH5CQ,200,detail,"Category Manager Graduate (TikTok Shop - Grocery, Electronics, Books & Hardlines) - 2026 Start (MBA)",drop,,,,,,,,
7543848881622452487,lifeattiktok,20250907221032,https://lifeattiktok.com/search/7543848881622452487,200,detail,HR Business Partner - TikTok Global Public Policy - Singapore,include,public policy,,,,Singapore,Singapore,Singapore,
7543914957513312530,lifeattiktok,20250909002242,https://lifeattiktok.com/search/7543914957513312530,200,detail,UX Researcher-Global E-commerce,drop,,,,,,,,
7543925259307010312,lifeattiktok,20250907224545,https://lifeattiktok.com/search/7543925259307010312,200,detail,Data Scientist - TikTok Shop (Trading Center),drop,,,,,,,,"HTTPSConnectionPool(host='web.archive.org', port=443): Max retries exceeded with url: /web/20250907224545id_/https://lif"
7543927573417265426,lifeattiktok,20250908100126,https://lifeattiktok.com/search/7543927573417265426,200,detail,"TikTok Shop - Special Project, Top Creator Manager - Vietnam",drop,,,,,Vietnam,,,
7543940778277882119,lifeattiktok,20250908033147,https://lifeattiktok.com/search/7543940778277882119,200,detail,"Product Manager, User Data & Privacy Experience",drop,,,,,,,,
7544046879211620626,lifeattiktok,20251003212716,https://lifeattiktok.com/search/7544046879211620626,200,detail,Monetization Strategy & Operations Associate Graduate (MSO) - 2026 Start (MBA),drop,,,,,,,,
7544056698366232839,lifeattiktok,20250907235555,https://lifeattiktok.com/search/7544056698366232839,200,detail,GEC Evaluation Specialist - Trust & Safety,include,trust & safety,,,,,,,
7544065848908318983,lifeattiktok,20250908125236,https://lifeattiktok.com/search/7544065848908318983,200,detail,"Category Manager Graduate (TikTok Shop - Home, Luxury Resale & Collectibles) - 2026 Start (MBA)",drop,,,,,,,,
7544082428291041554,lifeattiktok,20251001064203,https://lifeattiktok.com/search/7544082428291041554?spread=5MWH5CQ&utm_source=levels.fyi,200,detail,Category Manager Graduate (TikTok Shop - Beauty) - 2026 Start (MBA),drop,,,,,,,,
7544084757333199122,lifeattiktok,20250908002321,https://lifeattiktok.com/search/7544084757333199122,200,detail,Safety Model Operations Quality Assurance - Azerbaijani,drop,,,,azerbaijani,,,,
7544085062250154258,lifeattiktok,20250907190422,https://lifeattiktok.com/search/7544085062250154258,200,detail,Category Manager Graduate (TikTok Shop - Health) - 2026 Start (MBA),drop,,,,,,,,
7544086503410485522,lifeattiktok,20250908043827,https://lifeattiktok.com/search/7544086503410485522,200,detail,Safety Model Operations Quality Assurance - Swahili,drop,,,swahili,,,,,
7544086503410682130,lifeattiktok,20250908082237,https://lifeattiktok.com/search/7544086503410682130,200,detail,Category Manager Graduate (TikTok Shop - Mass Acquisition & Incubation) - 2026 Start (MBA),drop,,,,,,,,"HTTPSConnectionPool(host='web.archive.org', port=443): Max retries exceeded with url: /web/20250908082237id_/https://lif"
7544096131766389000,lifeattiktok,20250908030518,https://lifeattiktok.com/search/7544096131766389000,200,detail,Talent Acquisition Partner - E-commerce - Kuala Lumpur,drop,,,,,,Kuala Lumpur,Malaysia,
7544114735785658642,lifeattiktok,20250908051153,https://lifeattiktok.com/search/7544114735785658642,200,detail,Creator Operation Manager Graduate (TikTok Shop - Operations) - 2026 Start (MBA),drop,,,,,,,,
7544114735811709191,lifeattiktok,20250908080625,https://lifeattiktok.com/search/7544114735811709191,200,detail,Supply Chain and Logistics Specialist - USDS,drop,,,,,,,,
7544115021937527047,lifeattiktok,20250908220217,https://lifeattiktok.com/search/7544115021937527047,200,detail,Special Project Strategist Graduate (TikTok Shop - Operations) - 2026 Start (MBA),drop,,,,,,,,
7544139637230110984,lifeattiktok,20250907183319,https://lifeattiktok.com/search/7544139637230110984,200,detail,Category Manager Intern (TikTok Shop - Operations) - 2026 Summer (MBA),drop,,,,,,,,
7544141810042702087,lifeattiktok,20250908000109,https://lifeattiktok.com/search/7544141810042702087,200,detail,Category Manager Intern (TikTok Shop - Operations) - 2026 Summer (MBA),drop,,,,,,,,"HTTPSConnectionPool(host='web.archive.org', port=443): Max retries exceeded with url: /web/20250908000109id_/https://lif"
7544142909584656658,lifeattiktok,20250908104818,https://lifeattiktok.com/search/7544142909584656658,200,detail,Creator Operation Manager Intern (TikTok Shop - Operations) - 2026 Summer (MBA),drop,,,,,,,,
7544146412490934535,lifeattiktok,20250907223022,https://lifeattiktok.com/search/7544146412490934535,200,detail,Special Project Strategist Intern (TikTok Shop - Operations) - 2026 Summer (MBA),drop,,,,,,,,
7544146412491163911,lifeattiktok,20250908122543,https://lifeattiktok.com/search/7544146412491163911,200,detail,TikTok LIVE - Americas Business Operations Associate,drop,,,,,,,,
7544147442612455688,lifeattiktok,20250908160707,https://lifeattiktok.com/search/7544147442612455688,200,detail,Integrated Marketing & Promotion Manager Intern (TikTok Shop - Operations) - 2026 Summer (MBA),drop,,,,,,,,"HTTPSConnectionPool(host='web.archive.org', port=443): Max retries exceeded with url: /web/20250908160707id_/https://lif"
7544149141841398024,lifeattiktok,20251016004351,https://lifeattiktok.com/search/7544149141841398024,200,detail,Special Project Strategist Intern (TikTok Shop - Operations) - 2026 Summer (MBA),drop,,,,,,,,
7544150366742497554,lifeattiktok,20250908123318,https://lifeattiktok.com/search/7544150366742497554,200,detail,Strategic Partner Manager Intern (TikTok Shop - Operations) - 2026 Summer (MBA),drop,,,,,,,,
7544689408454478098,lifeattiktok,20250909005242,https://lifeattiktok.com/search/7544689408454478098,200,detail,"Creative Strategy Specialist - Integrated Marketing (TikTok Shop by Tokopedia, Indonesia)",drop,,,,,Indonesia,,,
7544960997808146695,lifeattiktok,20250908071320,https://lifeattiktok.com/search/7544960997808146695,200,detail,Creator Operations Manager - TikTok Local Services (Japanese Speaking),drop,,,,japanese,,,,
7544991766861515015,lifeattiktok,20250908044616,https://lifeattiktok.com/search/7544991766861515015,200,detail,Creator Agency Growth Manager - TikTok Local Services (Japanese Speaking),drop,,,,japanese,,,,
7544991913780578568,lifeattiktok,20250908032040,https://lifeattiktok.com/search/7544991913780578568,200,detail,Recruiting Program Partner - Talent Acquisition Operations - EMEA - London,drop,,,,,EMEA,London,United Kingdom,
7545091411244157202,lifeattiktok,20250908111702,https://lifeattiktok.com/search/7545091411244157202,200,detail,Safety Model Operations Quality Assurance - Kazakh,drop,,,,kazakh,,,,
7545146673924950279,lifeattiktok,20250907224329,https://lifeattiktok.com/search/7545146673924950279,200,detail,"Brand Partnerships Manager, Travel - Global Business Solutions - Paris",drop,,,,,,Paris,France,
7545225552739780882,lifeattiktok,20250907200123,https://lifeattiktok.com/search/7545225552739780882,200,detail,Account Manager - SMB - Hebrew Speaking,drop,,,,hebrew,,,,
7545336023779215634,lifeattiktok,20250908082437,https://lifeattiktok.com/search/7545336023779215634,200,detail,Special Project Central Live Project Intern (TikTok Shop - US Operation) - 2025 Start (BS/MS),drop,,,,,,,,"HTTPSConnectionPool(host='web.archive.org', port=443): Max retries exceeded with url: /web/20250908082437id_/https://lif"
7545367803567999240,lifeattiktok,20250908132944,https://lifeattiktok.com/search/7545367803567999240,200,detail,Content Strategist - SoundOn - NEA,drop,,,,,,,,
7545374306726660359,lifeattiktok,20250908144321,https://lifeattiktok.com/search/7545374306726660359,200,detail,"APAC Partner Manager, Product Partnerships",drop,,,,,APAC,,,
7545377871142619399,lifeattiktok,20250907190725,https://lifeattiktok.com/search/7545377871142619399,200,detail,Risk Strategy & Operations Analyst Graduate (Business Integrity) - 2026 Start (BS/MS),include,integrity,,,,,,,
7545385711894546706,lifeattiktok,20250908230442,https://lifeattiktok.com/search/7545385711894546706,200,detail,TPM - Edge Strategy,drop,,,,,,,,
7545425342337911048,lifeattiktok,20250907223359,https://lifeattiktok.com/search/7545425342337911048,200,detail,"Business Development & Growth Project Intern (TikTok Shop - Fashion), 2025 Start (BS/MS)",drop,,,,,,,,
7545431098924304648,lifeattiktok,20250908172533,https://lifeattiktok.com/search/7545431098924304648,200,detail,Client Solutions Manager - Apps - Global Business Solutions - METAP,drop,,,,,,,,"HTTPSConnectionPool(host='web.archive.org', port=443): Max retries exceeded with url: /web/20250908172533id_/https://lif"
7545483860378650887,lifeattiktok,20250907220610,https://lifeattiktok.com/search/7545483860378650887,200,detail,Customer Support Specialist (User Support),drop,,,,,,,,
7545503495006406919,lifeattiktok,20250907165443,https://lifeattiktok.com/search/7545503495006406919,200,detail,"Brand Partnerships Manager, Big Box - Global Business Solutions - New York",drop,,,,,,New York,United States,
7545546623285709064,lifeattiktok,20250908232346,https://lifeattiktok.com/search/7545546623285709064,200,detail,"Tech Lead Software Engineer, Ads CRM Data Application",drop,,,,,,,,
7545560260807788818,lifeattiktok,20260306002511,https://lifeattiktok.com/search/7545560260807788818,200,detail,Creator Growth Operations Graduate (TikTok-PGC) - 2026 Start (BS/MS),drop,,,,,,,,"HTTPSConnectionPool(host='web.archive.org', port=443): Max retries exceeded with url: /web/20260306002511id_/https://lif"
7545561366468462855,lifeattiktok,20250908171459,https://lifeattiktok.com/search/7545561366468462855,200,detail,Business Operations Lead - Product Partnerships,drop,,,,,,,,
7545578837918206216,lifeattiktok,20250907223907,https://lifeattiktok.com/search/7545578837918206216,200,detail,"Software Engineer, SRE, Payments - USDS",drop,,,,,,,,
7545589383261767954,lifeattiktok,20250907222034,https://lifeattiktok.com/search/7545589383261767954,200,detail,"Senior Backend Software Engineer, TikTok Online Infrastructure",drop,,,,,,,,
7545589852957247752,lifeattiktok,20250908033337,https://lifeattiktok.com/search/7545589852957247752,200,detail,"Backend Software Engineer, TikTok Online Infrastructure",drop,,,,,,,,
7545616906431678727,lifeattiktok,20250908034547,https://lifeattiktok.com/search/7545616906431678727,200,detail,"Global Product Solutions and Operations Manager, Search Ads Vertical",drop,,,,,,,,
7545714308614883602,lifeattiktok,20251117005630,https://lifeattiktok.com/search/7545714308614883602,200,detail,Integrated Marketing Communications Manager-Global Business Solutions,drop,,,,,,,,
7545793887983454471,lifeattiktok,20250908032934,https://lifeattiktok.com/search/7545793887983454471,200,detail,Moderation Operations Project Intern (TikTok Shop)- 2025 Start (BS/MS),include,moderat*,,,,,,,
7545799990024554759,lifeattiktok,20250909004548,https://lifeattiktok.com/search/7545799990024554759,200,detail,"Head of Brand Partnerships (CPG), Vietnam",drop,,,,,Vietnam,,,
7545832525399656711,lifeattiktok,20251016001435,https://lifeattiktok.com/search/7545832525399656711,200,detail,"Creator Team Project Intern (TikTok Shop), 2025 Start (BS/MS)",drop,,,,,,,,
7546019543127804167,lifeattiktok,20251011183058,https://lifeattiktok.com/search/7546019543127804167,200,detail,CRM Product Project Intern [TikTok-PGC-Creator Strategy]-2025 Start (BS/MS),drop,,,,,,,,"HTTPSConnectionPool(host='web.archive.org', port=443): Max retries exceeded with url: /web/20251011183058id_/https://lif"
7546449050544032008,lifeattiktok,20250922141157,https://lifeattiktok.com/search/7546449050544032008?_rsc=1y1fq,200,js_shell,,unusable,,,,,,,,
7546480442279594258,lifeattiktok,20251011183104,https://lifeattiktok.com/search/7546480442279594258,200,detail,Data Engineer Intern (Privacy and Data Protection Office)- 2026 Summer (BS/MS),drop,,,,,,,,
7546565903572830471,lifeattiktok,20251209111453,https://lifeattiktok.com/search/7546565903572830471,200,detail,Lead Machine Learning Engineer - Core Feed Recommendation - Singapore,drop,,,,,Singapore,Singapore,Singapore,
7546701395496667399,lifeattiktok,20250929033604,https://lifeattiktok.com/search/7546701395496667399,200,detail,TikTok Shop - Andon Cord/Xbuzz Program Manager,drop,,,,,,,,
7546705692590819602,lifeattiktok,20251015233410,https://lifeattiktok.com/search/7546705692590819602,200,detail,"Senior Backend Software Engineer, TikTok - Social User and Relation",drop,,,,,,,,
7546726994756651282,lifeattiktok,20251011183047,https://lifeattiktok.com/search/7546726994756651282,200,detail,Research Scientist Intern (Ads Integrity) - 2026 Start (PhD),include,integrity,,,,,,,"HTTPSConnectionPool(host='web.archive.org', port=443): Max retries exceeded with url: /web/20251011183047id_/https://lif"
7546735459566799111,lifeattiktok,20260113180047,https://lifeattiktok.com/search/7546735459566799111,200,detail,"Senior Site Reliability Engineer, Cloud Infrastructure - USDS",exclude,,site reliability,,,,,,
7546743361374980359,lifeattiktok,20260112180740,https://lifeattiktok.com/search/7546743361374980359,200,detail,"Senior Site Reliability Engineer, Network and Traffic - USDS",exclude,,site reliability,,,,,,
7546747649119602962,lifeattiktok,20251015232249,https://lifeattiktok.com/search/7546747649119602962?utm_source=Tech%3ANYC+job+board&utm_medium=getro.com&gh_src=Tech%3ANYC+job+board,200,detail,"Site Reliability Engineer, Cloud Infrastructure - USDS",exclude,,site reliability,,,,,,
7546752403678169362,lifeattiktok,20251015233810,https://lifeattiktok.com/search/7546752403678169362,200,detail,"Marketing Manager, NA SMB Marketing",drop,,,,,,,,"HTTPSConnectionPool(host='web.archive.org', port=443): Max retries exceeded with url: /web/20251015233810id_/https://lif"
7547370946877901063,lifeattiktok,20250920021019,https://lifeattiktok.com/search/7547370946877901063,200,detail,Machine Learning Engineer Intern (USDS) - 2026 Summer (BS/MS),drop,,,,,,,,
7547455054472694023,lifeattiktok,20250928200452,https://lifeattiktok.com/search/7547455054472694023,200,detail,ADSEO Quality Assurance - French (12 Month Fixed-Term Contract),drop,,,,french,,,,
7547455762814896391,lifeattiktok,20250929054946,https://lifeattiktok.com/search/7547455762814896391,200,detail,ADSEO Quality Assurance - Dutch (12 Month Fixed-term Contract),drop,,,,dutch,,,,
7547765259139025170,lifeattiktok,20250922141157,https://lifeattiktok.com/search/7547765259139025170?_rsc=1y1fq,200,js_shell,,unusable,,,,,,,,
7547820324465674503,lifeattiktok,20251117003422,https://lifeattiktok.com/search/7547820324465674503,200,detail,Data Science Manager - USDS,drop,,,,,,,,
7547822812507343122,lifeattiktok,20251117004132,https://lifeattiktok.com/search/7547822812507343122,200,detail,Data Science Manager - USDS,drop,,,,,,,,
7547874300750825736,lifeattiktok,20251016004518,https://lifeattiktok.com/search/7547874300750825736,200,detail,Senior Backend Software Engineer - Innovative Growth,drop,,,,,,,,
7547992547182086407,lifeattiktok,20251016005643,https://lifeattiktok.com/search/7547992547182086407,200,detail,Machine Learning Engineer Project Intern (Business Integrity) - 2026 Start (BS/MS),include,integrity,,,,,,,
7548040191861393672,lifeattiktok,20251011183050,https://lifeattiktok.com/search/7548040191861393672,200,detail,Data Analyst Project Intern (TikTok Shop-Supply Chain & Logistics) - 2025 Start (BS/MS),drop,,,,,,,,
7548044239008647442,lifeattiktok,20260114201442,https://lifeattiktok.com/search/7548044239008647442,200,detail,Client Solutions Manager - F&B - Global Business Solutions - MENA,drop,,,,,MENA,,,"HTTPSConnectionPool(host='web.archive.org', port=443): Max retries exceeded with url: /web/20260114201442id_/https://lif"
7548183795784222984,lifeattiktok,20250922035718,https://lifeattiktok.com/search/7548183795784222984,200,detail,Research Scientist Intern (TikTok Recommendation-Large Recommender Models) - 2026 Start (PhD),drop,,,,,,,,
7548286590054992135,lifeattiktok,20250921033509,https://lifeattiktok.com/search/7548286590054992135,200,detail,"FMCG Special Project and Analytics Strategist (TikTok Shop, Malaysia)",drop,,,,,Malaysia,,,
7548303794150279431,lifeattiktok,20250920224406,https://lifeattiktok.com/search/7548303794150279431,200,detail,TikTok Local Services - Merchant & Listing Governance,include,governance,,,,,,,
7548488470755690759,lifeattiktok,20251027084906,https://lifeattiktok.com/search/7548488470755690759,200,detail,Senior Third Party Security Monitoring Specialist - Governance Risk and Compliance,include,governance,,,,,,,
7548586133308524807,lifeattiktok,20250920000419,https://lifeattiktok.com/search/7548586133308524807,200,detail,TikTok Shop - Customer & Competitive Insights Program Manager,drop,,,,,,,,
7548586133572208903,lifeattiktok,20250920093333,https://lifeattiktok.com/search/7548586133572208903,200,detail,Visual Designer - TikTok LIVE - Los Angeles,drop,,,,,,Los Angeles,United States,"HTTPSConnectionPool(host='web.archive.org', port=443): Max retries exceeded with url: /web/20250920093333id_/https://lif"
7548681359578155282,lifeattiktok,20250921031119,https://lifeattiktok.com/search/7548681359578155282,200,detail,User Operations Specialist - Trust and Safety,include,trust and safety,,,,,,,
7548785970020124946,lifeattiktok,20251011183057,https://lifeattiktok.com/search/7548785970020124946,200,detail,Product Operations Project Intern (Global Monetization Product - Advertising - Creative) - 2025 Start (BS/MS),drop,,,,,,,,
7548812717307037970,lifeattiktok,20260114201831,https://lifeattiktok.com/search/7548812717307037970,200,detail,Measurement Partner - Global Monetization Product and Technology,drop,,,,,,,,
7548909197187844360,lifeattiktok,20251022113948,https://lifeattiktok.com/search/7548909197187844360,200,detail,Data analyst - Performance Vertical COE - Marketing Science,drop,,,,,,,,"HTTPSConnectionPool(host='web.archive.org', port=443): Max retries exceeded with url: /web/20251022113948id_/https://lif"
7548965194279012616,lifeattiktok,20250920221926,https://lifeattiktok.com/search/7548965194279012616,200,detail,Senior Product Manager (Account) - Product Infrastructure (San Jose),drop,,,,,,San Jose,United States,
7548968891328006418,lifeattiktok,20250921060322,https://lifeattiktok.com/search/7548968891328006418,200,detail,Product Manager (Account) - Product Infrastructure (San Jose),drop,,,,,,San Jose,United States,
7548975695407319304,lifeattiktok,20251015235346,https://lifeattiktok.com/search/7548975695407319304,200,detail,"Regional Marketing Manager (UKI), EMEA SMB Marketing",drop,,,,,EMEA,,,
7549070768300591367,lifeattiktok,20250920065021,https://lifeattiktok.com/search/7549070768300591367,200,detail,Country Tax Manager - Vietnam,drop,,,,,Vietnam,,,
7549326779380730130,lifeattiktok,20250919235326,https://lifeattiktok.com/search/7549326779380730130,200,detail,Sourcing Coordinator - Product - Los Angeles (Third-Party Contractor),drop,,,,,,Los Angeles,United States,
7549345723381467400,lifeattiktok,20260609061045,https://lifeattiktok.com/search/7549345723381467400,200,detail,"Site Reliability Engineer, Data Management and Applications - USDS",exclude,,site reliability,,,,,,
7549357947320797448,lifeattiktok,20250922141157,https://lifeattiktok.com/search/7549357947320797448?_rsc=1y1fq,200,js_shell,,unusable,,,,,,,,
7549455772666988818,lifeattiktok,20250921011617,https://lifeattiktok.com/search/7549455772666988818,200,detail,Machine Learning Engineer Intern (TikTok Recommendation-Live) - 2026 Summer (BS/MS),drop,,,,,,,,
7549821188689135890,lifeattiktok,20250922141157,https://lifeattiktok.com/search/7549821188689135890?_rsc=1y1fq,200,js_shell,,unusable,,,,,,,,
7549823493438392584,lifeattiktok,20250920232737,https://lifeattiktok.com/search/7549823493438392584,200,detail,"Senior Security Analytics Engineer, Global E-Commerce Security Platform",drop,,,,,,,,"HTTPSConnectionPool(host='web.archive.org', port=443): Max retries exceeded with url: /web/20250920232737id_/https://lif"
7550199559432276242,lifeattiktok,20250920155700,https://lifeattiktok.com/search/7550199559432276242,200,detail,"Creators & Public Figures Manager, ANZ",drop,,,,,Australia,,,
7550241074758928658,lifeattiktok,20250920081135,https://lifeattiktok.com/search/7550241074758928658,200,detail,TikTok Shop - Global Service Strategy and Operations Lead,drop,,,,,,,,
7550241803702847762,lifeattiktok,20250929111609,https://lifeattiktok.com/search/7550241803702847762,200,detail,Product Manager - Trust & Safety (Regional Safety & Risk Response),include,trust & safety,,,,,,,
7550246755356952840,lifeattiktok,20250920154949,https://lifeattiktok.com/search/7550246755356952840,200,detail,"Brand Marketing IP - Mall Mega Deals Senior Associate - Integrated Marketing (TikTok Shop by Tokopedia, Indonesia)",drop,,,,,Indonesia,,,
7550247603330369810,lifeattiktok,20250919222525,https://lifeattiktok.com/search/7550247603330369810,200,detail,TikTok Shop - Global Automation Service Delivery Lead,drop,,,,,,,,
7550286118604966152,lifeattiktok,20250920013922,https://lifeattiktok.com/search/7550286118604966152,200,detail,Content & Campaign Coordinator Project Intern (TikTok LIVE) - 2025 Start (BS/MS),drop,,,,,,,,"HTTPSConnectionPool(host='web.archive.org', port=443): Max retries exceeded with url: /web/20250920013922id_/https://lif"
7550298460433041672,lifeattiktok,20250920030141,https://lifeattiktok.com/search/7550298460433041672,200,detail,Marketing Manager - Global Business Marketing - Malaysia,drop,,,,,Malaysia,,,
7550316692452624648,lifeattiktok,20250920081358,https://lifeattiktok.com/search/7550316692452624648,200,detail,APAC Integrated Marketing Communications Manager - Strategy & Operations,drop,,,,,APAC,,,
7550325265348905224,lifeattiktok,20250921044938,https://lifeattiktok.com/search/7550325265348905224,200,detail,Product Manager - AI Data Service Operations,drop,,,,,,,,
7550337927508199688,lifeattiktok,20250919225746,https://lifeattiktok.com/search/7550337927508199688,200,detail,"TikTok Shop - Analytics & Program Manager, Content & Creator",drop,,,,,,,,"HTTPSConnectionPool(host='web.archive.org', port=443): Max retries exceeded with url: /web/20250919225746id_/https://lif"
7550558072105044231,lifeattiktok,20250921061003,https://lifeattiktok.com/search/7550558072105044231,200,detail,Client Solutions Manager - Government - Global Business Solutions - Kingdom of Saudi Arabia,drop,,,,,MENA,,,
7550565934059243784,lifeattiktok,20250921035144,https://lifeattiktok.com/search/7550565934059243784,200,detail,"Agency Solutions Manager - Performance Ads, GBS Japan",drop,,,,,Japan,,,
7550570642559600904,lifeattiktok,20250920213316,https://lifeattiktok.com/search/7550570642559600904,200,detail,"Client Partner - Recruiting and Real Estate, GBS Japan",drop,,,,,Japan,,,
7550613309499394322,lifeattiktok,20250920225750,https://lifeattiktok.com/search/7550613309499394322,200,detail,Safety Product Operations Lead - Process Delivery Management,drop,,,,,,,,
7550627286904310034,lifeattiktok,20250918123304,https://lifeattiktok.com/search/7550627286904310034,200,detail,"Publisher Manager - News, DACH",drop,,,,,Germany,,,
7550670753504872722,lifeattiktok,20250929010834,https://lifeattiktok.com/search/7550670753504872722,200,detail,Data Scientist - TikTok Integrity and Safety,include,integrity,,,,,,,
7550683490686863623,lifeattiktok,20260114194021,https://lifeattiktok.com/search/7550683490686863623,200,detail,Client Partner - Lifestyle & Genesis Outbound - Dubai,drop,,,,,MENA,Dubai,United Arab Emirates,
7550763298204731666,lifeattiktok,20250922141157,https://lifeattiktok.com/search/7550763298204731666?_rsc=1y1fq,200,js_shell,,unusable,,,,,,,,
7550790814831511815,lifeattiktok,20260104120828,https://lifeattiktok.com/search/7550790814831511815,200,detail,Machine Learning Engineer Graduate - Global E-commerce Recommendation/Search - 2026 Start (PhD),drop,,,,,,,,
7550872544346949895,lifeattiktok,20260114211318,https://lifeattiktok.com/search/7550872544346949895,200,detail,LLM Code AI Algorithm Research Scientist Graduate (AI Innovation Center) - 2026 (PhD),drop,,,,,,,,"HTTPSConnectionPool(host='web.archive.org', port=443): Max retries exceeded with url: /web/20260114211318id_/https://lif"
7550950550511421703,lifeattiktok,20250928172636,https://lifeattiktok.com/search/7550950550511421703,200,detail,Creator&Affiliate Product Manager Intern (TikTok Shop EMEA PM) - 2026 Summer (BS/MS),drop,,,,,EMEA,,,
7551144402438441234,lifeattiktok,20250922141157,https://lifeattiktok.com/search/7551144402438441234?_rsc=1y1fq,200,js_shell,,unusable,,,,,,,,
7551156727774120210,lifeattiktok,20260421231137,https://lifeattiktok.com/search/7551156727774120210,200,detail,"Real Estate Program Manager, AMS",drop,,,,,,,,
7551533863102089490,lifeattiktok,20251015233642,https://lifeattiktok.com/search/7551533863102089490?spread=XKM9ZXE,200,detail,Product Public Policy Manager,include,policy manager; public policy,,,,,,,
7551545194593290504,lifeattiktok,20250929050530,https://lifeattiktok.com/search/7551545194593290504,200,detail,Product Manager (Integrity and Authenticity) - TikTok Safety Product (San Jose),include,integrity,,,,,San Jose,United States,
7551554567801047304,lifeattiktok,20260519211329,https://lifeattiktok.com/search/7551554567801047304?utm_source=bandana,200,detail,Product Designer (Content Ecosystem & Integrity) - TikTok UX (San Jose),include,integrity,,,,,San Jose,United States,"HTTPSConnectionPool(host='web.archive.org', port=443): Max retries exceeded with url: /web/20260519211329id_/https://lif"
7551574702218627335,lifeattiktok,20250929002403,https://lifeattiktok.com/search/7551574702218627335,200,detail,Machine Learning Engineer - Global E-commerce Recommendation/Search,drop,,,,,,,,
7551577279320557832,lifeattiktok,20251005050529,https://lifeattiktok.com/search/7551577279320557832,200,detail,Design Graduate (TikTok Shop UX Design) - 2026 Start (BS/MS),drop,,,,,,,,
7551586670366181639,lifeattiktok,20251117002910,https://lifeattiktok.com/search/7551586670366181639,200,detail,Design Graduate (TikTok Shop UX Design) - 2026 Start (BS/MS),drop,,,,,,,,
7551588636535572754,lifeattiktok,20251004142333,https://lifeattiktok.com/search/7551588636535572754,200,detail,Design Graduate (TikTok Shop Creative Design) - 2026 Start (BS/MS),drop,,,,,,,,"HTTPSConnectionPool(host='web.archive.org', port=443): Max retries exceeded with url: /web/20251004142333id_/https://lif"
7551590804033800466,lifeattiktok,20251004150554,https://lifeattiktok.com/search/7551590804033800466,200,detail,Design Graduate (TikTok Shop Creator & Affiliate Design) - 2026 Start (BS/MS),drop,,,,,,,,
7551590804570999047,lifeattiktok,20250929013057,https://lifeattiktok.com/search/7551590804570999047,200,detail,"TikTok Shop - UX Designer, Creator & Affiliate Product",drop,,,,,,,,
7551595988507674888,lifeattiktok,20250929060217,https://lifeattiktok.com/search/7551595988507674888,200,detail,"TikTok Shop - UX Designer, Creator & Affiliate Product",drop,,,,,,,,
7551595990982527250,lifeattiktok,20250929122420,https://lifeattiktok.com/search/7551595990982527250,200,detail,"TikTok Shop - UX Designer, Creator & Affiliate Product",drop,,,,,,,,
7551705406859610386,lifeattiktok,20250928100301,https://lifeattiktok.com/search/7551705406859610386,200,detail,Emerging Creator Operations Manager Project Intern (TikTok Live) - 2025 Start (BS/MS),drop,,,,,,,,
7551730859776084242,lifeattiktok,20250929125357,https://lifeattiktok.com/search/7551730859776084242,200,detail,"Business Data Analyst, Video Safety Operations - Trust & Safety - San Jose",include,trust & safety; safety operations,,,,,San Jose,United States,
7551770208336791816,lifeattiktok,20250929103624,https://lifeattiktok.com/search/7551770208336791816,200,detail,Business Analytics Project Intern (TikTok LIVE) - 2025 Start (BS/MS),drop,,,,,,,,
7551870172760770824,lifeattiktok,20260615205941,https://lifeattiktok.com/search/7551870172760770824?_rsc=1m3ql,200,js_shell,,unusable,,,,,,,,
7551911857762896146,lifeattiktok,20250928134504,https://lifeattiktok.com/search/7551911857762896146,200,detail,TikTok Shop - Business Analyst,drop,,,,,,,,
7551914894279608583,lifeattiktok,20251011183235,https://lifeattiktok.com/search/7551914894279608583?utm_source=Simplify,200,detail,"Product Manager,Project Intern (Travel & Entertainment Ads) - 2025 Fall (BS/MS)",drop,,,,,,,,"HTTPSConnectionPool(host='web.archive.org', port=443): Max retries exceeded with url: /web/20251011183235id_/https://lif"
7552734613891156232,lifeattiktok,20250928160215,https://lifeattiktok.com/search/7552734613891156232,200,detail,"Client Solutions Manager - CPG & 3C, GBS Korea",drop,,,,,Korea,,,
7552743336973650184,lifeattiktok,20251004093939,https://lifeattiktok.com/search/7552743336973650184,200,detail,TikTok Shop - Content and Product Governance Strategy Manager (Japan Market),include,governance,,,,Japan,,,
7552744684599331079,lifeattiktok,20250929042727,https://lifeattiktok.com/search/7552744684599331079,200,detail,"Product Manager, Vertical Search Safety, TikTok Safety Product",drop,,,,,,,,
7552753449945205000,lifeattiktok,20251025195447,https://lifeattiktok.com/search/7552753449945205000?spread=5MWH5CQ,200,detail,Key Account Client Solutions Manager Graduate (Global Business Solutions) - 2026 Start (BS/MS),drop,,,,,,,,
7552830592397117704,lifeattiktok,20250928185355,https://lifeattiktok.com/search/7552830592397117704,200,detail,"Head of EUI, Brand Technical Ad Campaign Management & Operations, MPO",drop,,,,,,,,
7552883765052803335,lifeattiktok,20250928063024,https://lifeattiktok.com/search/7552883765052803335,200,detail,Account Management Fashion Project Intern (TikTok Shop) - 2025 Start (BS/MS),drop,,,,,,,,"HTTPSConnectionPool(host='web.archive.org', port=443): Max retries exceeded with url: /web/20250928063024id_/https://lif"
7552906417335044370,lifeattiktok,20250928085408,https://lifeattiktok.com/search/7552906417335044370,200,detail,Agency Operations Project Intern (TikTok Live) - 2026 Start (BS/MS),drop,,,,,,,,
7552911160912169223,lifeattiktok,20250928231049,https://lifeattiktok.com/search/7552911160912169223,200,detail,Monetization Strategy & Operations Associate - Business Planning,drop,,,,,,,,
7552915940180150535,lifeattiktok,20250929092658,https://lifeattiktok.com/search/7552915940180150535,200,detail,"Technical Project Manager, Distribution Partnerships",drop,,,,,,,,
7552959832609966343,lifeattiktok,20250928193148,https://lifeattiktok.com/search/7552959832609966343,200,detail,"Process and Policy Lead, Customer Support - Trust & Safety",include,trust & safety; policy lead,,,,,,,"HTTPSConnectionPool(host='web.archive.org', port=443): Max retries exceeded with url: /web/20250928193148id_/https://lif"
7552972859305265415,lifeattiktok,20251011183236,https://lifeattiktok.com/search/7552972859305265415?utm_source=Simplify,200,detail,Product Manager Project Intern (Brand Effectiveness - Monetization Product) 2025 Start (BS/ MS),drop,,,,,,,,
7552974163100043527,lifeattiktok,20250928103454,https://lifeattiktok.com/search/7552974163100043527,200,detail,"TikTok Shop - Logistics Operation Manager, CBT - Los Angeles",drop,,,,,,Los Angeles,United States,
7553020962615773447,lifeattiktok,20250929082701,https://lifeattiktok.com/search/7553020962615773447,200,detail,EUI Credit Control Manager,drop,,,,,,,,
7553055988711868690,lifeattiktok,20250929053257,https://lifeattiktok.com/search/7553055988711868690,200,detail,"Creator Management Lead, Sports",drop,,,,,,,,
7553149906053302546,lifeattiktok,20250929110928,https://lifeattiktok.com/search/7553149906053302546,200,detail,"Technical Program Manager, TikTok Global Live",drop,,,,,,,,
7553161334104459528,lifeattiktok,20250929023705,https://lifeattiktok.com/search/7553161334104459528,200,detail,"Labeling Specialist, Data Annotation Lab - AI Data Service Operations",include,annotat*; labeling specialist,,,,,,,
7553175919394638087,lifeattiktok,20250929025952,https://lifeattiktok.com/search/7553175919394638087,200,detail,Machine Learning Scientist Graduate - Global E-commerce Content Recommendation - 2026 Start (BS/MS),drop,,,,,,,,
7553180770287241490,lifeattiktok,20250928180403,https://lifeattiktok.com/search/7553180770287241490,200,detail,APAC Commercial Partnership Solutions - Data Analyst,drop,,,,,APAC,,,
7553187214310656274,lifeattiktok,20250928095606,https://lifeattiktok.com/search/7553187214310656274,200,detail,Senior Machine Learning Engineer - TikTok Short Video Content Understanding/Multimodal Recommendation,drop,,,,,,,,
7553193925771757832,lifeattiktok,20250929105611,https://lifeattiktok.com/search/7553193925771757832,200,detail,"TikTok Shop - Account Manager , Paris",drop,,,,,,Paris,France,"HTTPSConnectionPool(host='web.archive.org', port=443): Max retries exceeded with url: /web/20250929105611id_/https://lif"
7553208536190716167,lifeattiktok,20250929145049,https://lifeattiktok.com/search/7553208536190716167,200,detail,TikTok - Music Creator Operations Specialist,drop,,,,,,,,
7553213021033302279,lifeattiktok,20250929104205,https://lifeattiktok.com/search/7553213021033302279,200,detail,Creator&Affiliate Product Manager Project Intern (TikTok Shop EMEA PM) - 2025 Start (BS/MS),drop,,,,,EMEA,,,
7553275286339504392,lifeattiktok,20250928151553,https://lifeattiktok.com/search/7553275286339504392,200,detail,"Brand Partnerships Manager, Beauty & Luxury - Global Business Solutions - New York",drop,,,,,,New York,United States,
7553291663260813576,lifeattiktok,20250929140412,https://lifeattiktok.com/search/7553291663260813576,200,detail,"Search Operations Quality Assurance, Ads - AI Data Service Operations",drop,,,,,,,,
7553316363885103368,lifeattiktok,20250929050403,https://lifeattiktok.com/search/7553316363885103368,200,detail,"Analyst, Influence Operations - Global Security Organization",drop,,,,,,,,
7553321473487538440,lifeattiktok,20250929120205,https://lifeattiktok.com/search/7553321473487538440,200,detail,"Brand Partnerships Manager, Big Box - Global Business Solutions - Chicago",drop,,,,,,Chicago,United States,"HTTPSConnectionPool(host='web.archive.org', port=443): Max retries exceeded with url: /web/20250929120205id_/https://lif"
7553329183243143432,lifeattiktok,20251005035527,https://lifeattiktok.com/search/7553329183243143432,200,detail,"Content Designer, Ads",drop,,,,,,,,
7553409083094911250,lifeattiktok,20250929122903,https://lifeattiktok.com/search/7553409083094911250,200,detail,TikTok Shop - Logistics Process Improvement Manager – Los Angeles,drop,,,,,,Los Angeles,United States,
7553434302518003976,lifeattiktok,20251011183236,https://lifeattiktok.com/search/7553434302518003976?utm_source=Simplify,200,detail,Product Manager Project Intern (Creative Product - Monetization) 2025 Start (BS/ MS),drop,,,,,,,,
7553491193785633031,lifeattiktok,20250928081815,https://lifeattiktok.com/search/7553491193785633031,200,detail,"Client Partner - Scaled Business Acceleration, GBS Japan",drop,,,,,Japan,,,"HTTPSConnectionPool(host='web.archive.org', port=443): Max retries exceeded with url: /web/20250928081815id_/https://lif"
7553531426836236562,lifeattiktok,20250929025339,https://lifeattiktok.com/search/7553531426836236562,200,detail,"Client Partner - E-Commerce, GBS Korea",drop,,,,,Korea,,,
7553621130499918087,lifeattiktok,20251003173049,https://lifeattiktok.com/search/7553621130499918087,200,detail,"Client Solutions Manager, Commerce - Global Business Solutions - Amsterdam",drop,,,,,,Amsterdam,Netherlands,
7553646782182836498,lifeattiktok,20260121220324,https://lifeattiktok.com/search/7553646782182836498?_rsc=1m3ql,200,js_shell,,unusable,,,,,,,,
7553658306654734599,lifeattiktok,20251003230934,https://lifeattiktok.com/search/7553658306654734599,200,detail,Monetization Strategy & Operations Associate Graduate (GBS) - 2026 Start (MS/BS),drop,,,,,,,,
7553776897322191111,lifeattiktok,20260902100935,https://lifeattiktok.com/search/7553776897322191111?utm_source=Simplify,200,detail,Software Engineer Graduate Online Infrastructure - 2026 Start (BS/MS),drop,,,,,,,,
7553833208288561415,lifeattiktok,20251003132743,https://lifeattiktok.com/search/7553833208288561415,200,detail,HR Business Partner - Global E-Commerce - London,drop,,,,,,London,United Kingdom,
7553882083882797330,lifeattiktok,20251004042415,https://lifeattiktok.com/search/7553882083882797330,200,detail,Product Strategist Intern [Global Monetization Product and Technology]-2026 Summer (BS/MS),drop,,,,,,,,
7553986552411900167,lifeattiktok,20251004235003,https://lifeattiktok.com/search/7553986552411900167,200,detail,"Product Operations Specialist, Trust & Safety - San Jose",include,trust & safety,,,,,San Jose,United States,
7554065207470737671,lifeattiktok,20251003222709,https://lifeattiktok.com/search/7554065207470737671,200,detail,"Labelling Quality Assurance (QA) Specialist, Hungarian",drop,,,,hungarian,,,,
7554065210282330375,lifeattiktok,20251004070253,https://lifeattiktok.com/search/7554065210282330375,200,detail,Incentive Growth Operation Manager (German Speaking) - TikTok - London,drop,,,,german,,London,United Kingdom,"HTTPSConnectionPool(host='web.archive.org', port=443): Max retries exceeded with url: /web/20251004070253id_/https://lif"
7554086295992436999,lifeattiktok,20260902100928,https://lifeattiktok.com/search/7554086295992436999?utm_source=Simplify,200,detail,Mobile Software Engineer Graduate (Cross Platform) - 2026 Start (BS/MS),drop,,,,,,,,
7554110961176987911,lifeattiktok,20251004152836,https://lifeattiktok.com/search/7554110961176987911,200,detail,HR Business Partner Project Intern (Global Business Solutions) - 2026 Start (BS/MS),drop,,,,,,,,
7554211010796095752,lifeattiktok,20251004105942,https://lifeattiktok.com/search/7554211010796095752,200,detail,Backend Software Engineer Graduate (Pan-Architecture) - 2026 Start (BS/MS),drop,,,,,,,,
7554270591412341010,lifeattiktok,20251004112411,https://lifeattiktok.com/search/7554270591412341010,200,detail,Partnerships Manager - Telco - Global Business Solutions - Africa,drop,,,,,Africa,,,
7554280876458035464,lifeattiktok,20251004055832,https://lifeattiktok.com/search/7554280876458035464,200,detail,Technical Client Solutions Associate – NA PCS,drop,,,,,,,,
7554345328645622023,lifeattiktok,20251004104109,https://lifeattiktok.com/search/7554345328645622023,200,detail,"Policy Manager, Safety & Civility - Trust and Safety",include,trust and safety; policy manager,,,,,,,"HTTPSConnectionPool(host='web.archive.org', port=443): Max retries exceeded with url: /web/20251004104109id_/https://lif"
7554345329266854162,lifeattiktok,20251117004712,https://lifeattiktok.com/search/7554345329266854162?spread=XKM9ZXE,200,detail,"Policy Manager, Safety & Civility - Trust and Safety",include,trust and safety; policy manager,,,,,,,
7554393050828474642,lifeattiktok,20251004120712,https://lifeattiktok.com/search/7554393050828474642,200,detail,"People Partner - GBS, SMB - Dublin",drop,,,,,Ireland,Dublin,Ireland,
7554393050874022151,lifeattiktok,20251004004955,https://lifeattiktok.com/search/7554393050874022151,200,detail,"People Partner - GBS, SMB - Austin",drop,,,,,,Austin,United States,
7554453231532951815,lifeattiktok,20251002024517,https://lifeattiktok.com/search/7554453231532951815?gh_src=Tech%3ANYC+job+board,200,detail,Brand Partnerships Manager - CPG - Global Business Solutions - New York,drop,,,,,,New York,United States,
7554499357380692232,lifeattiktok,20260108175051,https://lifeattiktok.com/search/7554499357380692232?spread=5MWH5CQ,200,detail,Business Analysis and Strategy Project Intern (TikTok Shop - US Operation) - 2025 Start (BS/MS),drop,,,,,,,,
7554539645969123602,lifeattiktok,20251005000734,https://lifeattiktok.com/search/7554539645969123602,200,detail,"Manager, Global Commercial Partnership Solutions",drop,,,,,,,,
7554542061111478536,lifeattiktok,20260225210657,https://lifeattiktok.com/search/7554542061111478536?_rsc=1m3ql,200,js_shell,,unusable,,,,,,,,
7554547008415025415,lifeattiktok,20251004200813,https://lifeattiktok.com/search/7554547008415025415,200,detail,US Brand Operations Manager - TikTok Live,drop,,,,,,,,
7554547009617709330,lifeattiktok,20251003183057,https://lifeattiktok.com/search/7554547009617709330,200,detail,"Global Education Insights Manager, Global Engagement",drop,,,,,,,,
7554551752353450248,lifeattiktok,20251003152209,https://lifeattiktok.com/search/7554551752353450248,200,detail,Mobile Software Engineer Graduate (Intelligent Creation) - 2026 Start (BS/MS),drop,,,,,,,,
7554554345858713874,lifeattiktok,20251005005045,https://lifeattiktok.com/search/7554554345858713874,200,detail,"Program Manager, Global Business Marketing",drop,,,,,,,,
7554778527813732616,lifeattiktok,20251003232417,https://lifeattiktok.com/search/7554778527813732616,200,detail,TikTok Shop - Category Campaign Manager,drop,,,,,,,,
7555401384993310984,lifeattiktok,20260114211823,https://lifeattiktok.com/search/7555401384993310984,200,detail,Sales Support Project Intern (Global Business Solutions-CNOB & APAC & LATAM & METAP-APAC-Japan) - 2026 Start (BS/MS),drop,,,,,Japan; LATAM; APAC,,,
7555408965947181330,lifeattiktok,20251003213828,https://lifeattiktok.com/search/7555408965947181330,200,detail,Business Intelligence Project Intern（GBS-Monetization Strategy and Operations - Market Research）- 2026 Start（BS/MS）,drop,,,,,,,,
7555477891568781586,lifeattiktok,20251004034806,https://lifeattiktok.com/search/7555477891568781586,200,detail,Head of Communications - Indonesia,drop,,,,,Indonesia,,,
7555533943804020999,lifeattiktok,20251004125000,https://lifeattiktok.com/search/7555533943804020999,200,detail,"Threat Research Analyst, Global Security Organization",drop,,,,,,,,
7555536328973486344,lifeattiktok,20251005010513,https://lifeattiktok.com/search/7555536328973486344,200,detail,"Policy Guidance Specialist, Business Integrity",include,integrity,,,,,,,
7555575750196594952,lifeattiktok,20251003175234,https://lifeattiktok.com/search/7555575750196594952,200,detail,Senior Tech Lead - Global Security Organization,drop,,,,,,,,
7555576192603851026,lifeattiktok,20251004070550,https://lifeattiktok.com/search/7555576192603851026,200,detail,Senior Product Manager (AI Safety Frameworks) - TikTok Safety Product (San Jose),drop,,,,,,San Jose,United States,
7555579843799566599,lifeattiktok,20251004101433,https://lifeattiktok.com/search/7555579843799566599,200,detail,Product Manager (AI Safety Frameworks) - TikTok Safety Product (San Jose),drop,,,,,,San Jose,United States,"HTTPSConnectionPool(host='web.archive.org', port=443): Max retries exceeded with url: /web/20251004101433id_/https://lif"
7555616329621883143,lifeattiktok,20251003221351,https://lifeattiktok.com/search/7555616329621883143,200,detail,"Business Operations Manager, NA Key Accounts",drop,,,,,,,,
7555639037490120968,lifeattiktok,20251004123343,https://lifeattiktok.com/search/7555639037490120968,200,detail,"Data Scientist, Product Trust and Access Governance - Global Security Organization",include,governance,,,,,,,
7555639735994714375,lifeattiktok,20251004095358,https://lifeattiktok.com/search/7555639735994714375,200,detail,"Privileged Access Management Architect, Global Security Organization",drop,,,,,,,,
7555642356369279240,lifeattiktok,20251004144725,https://lifeattiktok.com/search/7555642356369279240,200,detail,Client Solutions Manager (CSM) - Fintech and M&E - São Paulo,drop,,,,,,São Paulo,Brazil,
7555649617507207431,lifeattiktok,20251004113531,https://lifeattiktok.com/search/7555649617507207431,200,detail,"Senior Product Manager, Measurement (Experimentation)",drop,,,,,,,,
7555654150546950418,lifeattiktok,20251004103931,https://lifeattiktok.com/search/7555654150546950418,200,detail,Software Developer - Global Security Organization,drop,,,,,,,,
7555660874145843474,lifeattiktok,20251003210446,https://lifeattiktok.com/search/7555660874145843474,200,detail,"Senior Product Manager, Measurement (Experimentation)",drop,,,,,,,,
7555662396733458706,lifeattiktok,20251005001951,https://lifeattiktok.com/search/7555662396733458706,200,detail,Software Developer - Global Security Organization,drop,,,,,,,,
7555663558845319442,lifeattiktok,20251004143550,https://lifeattiktok.com/search/7555663558845319442,200,detail,Inside Risk Investigator - Global Security Organization,drop,,,,,,,,
7555665235991185671,lifeattiktok,20251005033822,https://lifeattiktok.com/search/7555665235991185671,200,detail,"Product Marketing Manager, Attribution Measurement",drop,,,,,,,,
7555695411248498951,lifeattiktok,20251003132152,https://lifeattiktok.com/search/7555695411248498951,200,detail,Sanctions Specialist,drop,,,,,,,,
7555697389064538376,lifeattiktok,20251005031625,https://lifeattiktok.com/search/7555697389064538376,200,detail,Sanctions Specialist,drop,,,,,,,,
7555698538001942802,lifeattiktok,20251004092231,https://lifeattiktok.com/search/7555698538001942802,200,detail,Sanctions Specialist,drop,,,,,,,,
7555727118706968850,lifeattiktok,20251005021804,https://lifeattiktok.com/search/7555727118706968850,200,detail,Resource Planning Analyst - AI Data Service and Operations,drop,,,,,,,,
7555771254684092680,lifeattiktok,20251003204141,https://lifeattiktok.com/search/7555771254684092680,200,detail,Data Analyst Project Intern (TikTok Shop-POP) - 2025 Start (BS/MS),drop,,,,,,,,
7555790679546022152,lifeattiktok,20251003151315,https://lifeattiktok.com/search/7555790679546022152,200,detail,Senior Business Analyst - TikTok LIVE - Sydney,drop,,,,,,Sydney,Australia,
7555837752493230354,lifeattiktok,20251005030315,https://lifeattiktok.com/search/7555837752493230354,200,detail,TikTok Shop - Workforce Management Lead,drop,,,,,,,,
7555859892927088904,lifeattiktok,20251004221151,https://lifeattiktok.com/search/7555859892927088904,200,detail,Creator Manager Project Intern (E-Commerce-Operations) - 2026 Start (BS/MS),drop,,,,,,,,
7555879501742278920,lifeattiktok,20251005063627,https://lifeattiktok.com/search/7555879501742278920,200,detail,Monetisation Strategy & Operations Project Intern (GBS) - 2026 Start (MBA),drop,,,,,,,,
7555884580067313927,lifeattiktok,20251005033724,https://lifeattiktok.com/search/7555884580067313927,200,detail,"TikTok Shop - Affiliate Operational Strategy Manager, EU",drop,,,,,,,,"HTTPSConnectionPool(host='web.archive.org', port=443): Max retries exceeded with url: /web/20251005033724id_/https://lif"
7555897524908067090,lifeattiktok,20251004150544,https://lifeattiktok.com/search/7555897524908067090,200,detail,Content Operations Project Intern (TikTok Safety Product) - 2026 Start (BS/MS),drop,,,,,,,,
7555903620249159944,lifeattiktok,20251003212305,https://lifeattiktok.com/search/7555903620249159944,200,detail,Business Development Project Intern (E-Commerce-Operations) - 2026 Start (BS/MS),drop,,,,,,,,
7555914543966701831,lifeattiktok,20251004172404,https://lifeattiktok.com/search/7555914543966701831,200,detail,"Product Management Lead, Brand Ads (Web Traffic)",drop,,,,,,,,
7555920372707150098,lifeattiktok,20251005044530,https://lifeattiktok.com/search/7555920372707150098,200,detail,Product Manager - Creator,drop,,,,,,,,
7555921078751037703,lifeattiktok,20251004110134,https://lifeattiktok.com/search/7555921078751037703,200,detail,"Client Solutions Manager, Multicategory Retail - Global Business Solutions - London",drop,,,,,,London,United Kingdom,
7555921342177233159,lifeattiktok,20251003142605,https://lifeattiktok.com/search/7555921342177233159,200,detail,Product Manager - Creator,drop,,,,,,,,
7555939930678806791,lifeattiktok,20251004165407,https://lifeattiktok.com/search/7555939930678806791,200,detail,Product Security - AI DevOps Engineer - Global Security Organisation,drop,,,,,,,,
7555940184710318344,lifeattiktok,20251209102043,https://lifeattiktok.com/search/7555940184710318344?utm_source=Getro.org+job+board&utm_medium=getro.com&gh_src=Getro.org+job+board,200,detail,"Technical Validation Specialist, Enterprise to Edge - Global Security Organisation",drop,,,,,,,,
7555942457093343506,lifeattiktok,20251004140817,https://lifeattiktok.com/search/7555942457093343506,200,detail,"Senior Business Analyst, Identity & Access Management - Global Security Organization",drop,,,,,,,,
7555965288337525010,lifeattiktok,20251005044448,https://lifeattiktok.com/search/7555965288337525010,200,detail,"Data Scientist - Analytics, Trust & Safety",include,trust & safety,,,,,,,
7556134088492239112,lifeattiktok,20251005061953,https://lifeattiktok.com/search/7556134088492239112,200,detail,Governance Operations Project Intern (TikTok Shop - Seller Governance) - 2025 Start (BS/MS),include,governance,,,,,,,
7556169572320856327,lifeattiktok,20251004061156,https://lifeattiktok.com/search/7556169572320856327,200,detail,"Eco Operations Quality Assurance, Associate - AI Data Service Operations",drop,,,,,,,,
7556206788404988168,lifeattiktok,20251004145523,https://lifeattiktok.com/search/7556206788404988168,200,detail,"Trust & Safety and Technology Communications Manager, APAC",include,trust & safety,,,,APAC,,,
7556212898403223816,lifeattiktok,20251101055813,https://lifeattiktok.com/search/7556212898403223816?utm_source=greenjobs.beehiiv.com&utm_medium=newsletter&utm_campaign=250-green-climate-jobs-edf-climate-corps-internships,200,detail,Social Impact Manager - Global CSR - EMEA,drop,,,,,EMEA,,,
7556667429771790599,lifeattiktok,20260609051441,https://lifeattiktok.com/search/7556667429771790599,200,detail,"Product Marketing Manager, Brand Innovation",drop,,,,,,,,
7556678418675337479,lifeattiktok,20260114193518,https://lifeattiktok.com/search/7556678418675337479,200,detail,TikTok Shop - Risk and Emergency Escalation Program Manager,include,escalation*,,,,,,,
7558194751557404936,lifeattiktok,20251025130219,https://lifeattiktok.com/search/7558194751557404936,200,detail,Data Center Site Acquisition Manager (AMER) - Ashburn,exclude,,data center,,,,,,
7558624728593271048,lifeattiktok,20260203093632,https://lifeattiktok.com/search/7558624728593271048,404,js_shell,Wayback Machine,unusable,,,,,,,,
7558637853871261960,lifeattiktok,20251209115207,https://lifeattiktok.com/search/7558637853871261960?utm_source=Getro.org+job+board&utm_medium=getro.com&gh_src=Getro.org+job+board,200,detail,Senior Product Manager (Regulatory Compliance) - User-Facing Product,drop,,,,,,,,
7558738982529943826,lifeattiktok,20251209112439,https://lifeattiktok.com/search/7558738982529943826?spread=5MWH5CQ&utm_source=Trust+and+Safety+Jobs,200,detail,Operations Project Intern (TikTok LIVE) - 2026 Start (BS/MS),drop,,,,,,,,"HTTPSConnectionPool(host='web.archive.org', port=443): Max retries exceeded with url: /web/20251209112439id_/https://lif"
7558800248178510098,lifeattiktok,20251117001824,https://lifeattiktok.com/search/7558800248178510098,200,detail,Engineering Manager - USDS,drop,,,,,,,,
7558867592766949650,lifeattiktok,20260615210142,https://lifeattiktok.com/search/7558867592766949650,200,detail,TikTok Shop - Service Account Management Lead,drop,,,,,,,,
7559026733786548488,lifeattiktok,20260116160428,https://lifeattiktok.com/search/7559026733786548488,200,detail,(General Hire) Research Scientist Intern (Monetization Technology) - 2026 Start (PhD),drop,,,,,,,,
7559311409135175943,lifeattiktok,20251115082958,https://lifeattiktok.com/search/7559311409135175943,404,js_shell,Wayback Machine,unusable,,,,,,,,
7559487394932590856,lifeattiktok,20260415175519,https://lifeattiktok.com/search/7559487394932590856,200,detail,"Software Engineer - Ads Interface & Platform, Horizontal Technology",drop,,,,,,,,
7559582336288770312,lifeattiktok,20260318170640,https://lifeattiktok.com/search/7559582336288770312,200,detail,"Data Scientist, Ads - USDS",drop,,,,,,,,
7559685811000609032,lifeattiktok,20251209101129,https://lifeattiktok.com/search/7559685811000609032?utm_source=Getro.org+job+board&utm_medium=getro.com&gh_src=Getro.org+job+board,200,detail,Senior Product Manager (Feed Safety) - TikTok Safety Product (San Jose),drop,,,,,,San Jose,United States,
7559731427425257746,lifeattiktok,20260710181115,https://lifeattiktok.com/search/7559731427425257746,200,detail,Machine Learning Engineer Graduate (BRIC) - 2026 Start (BS/MS),drop,,,,,,,,
7559809302165981458,lifeattiktok,20260304155018,https://lifeattiktok.com/search/7559809302165981458,200,detail,"General Procurement Specialist, AMS",drop,,,,,,,,
7560597018509412615,lifeattiktok,20251025095259,https://lifeattiktok.com/search/7560597018509412615,200,detail,Machine Learning LLM Application Intern (Global LIVE Operation Intelligence) - 2026 Start (BS/MS),drop,,,,,,,,
7560617774373538066,lifeattiktok,20251209101027,https://lifeattiktok.com/search/7560617774373538066,200,detail,"Market Program Manager (SEA), Trust & Safety",include,trust & safety,,,,,,,
7560835687420889397,lifeattiktok,20251030093413,https://lifeattiktok.com/search/7560835687420889397?utm_source=joraau&utm_campaign=joraau&utm_medium=organic,200,detail,"Frontend Software Engineer (2D/3D Rendering) - TikTok LIVE, Sydney",drop,,,,,,Sydney,Australia,
7561941583777941813,lifeattiktok,20260627011503,https://lifeattiktok.com/search/7561941583777941813?utm_source=Simplify,200,detail,Software Engineer Intern (Monetization Technology) - 2026 Summer (BS/MS),drop,,,,,,,,
7563243159486449973,lifeattiktok,20260710212811,https://lifeattiktok.com/search/7563243159486449973,200,detail,Enablement Operation Manager Graduate (TikTok LIVE-Platform Trust and Experience) - 2026 Start (BS/MS),drop,,,,,,,,
7563707071401773365,lifeattiktok,20260130184615,https://lifeattiktok.com/search/7563707071401773365,200,detail,Policy Specialist - USDS,include,policy specialist,,,,,,,
7563732631320070405,lifeattiktok,20260902100351,https://lifeattiktok.com/search/7563732631320070405?utm_source=Simplify,200,detail,Product Manager Project Intern (Creator and Content Ads - Monetization Product) 2025 Start (MBA),drop,,,,,,,,
7564088059246512389,lifeattiktok,20260114194609,https://lifeattiktok.com/search/7564088059246512389?spread=5MWH5CQ&utm_source=Trust+and+Safety+Jobs,200,detail,Research Scientist Intern (Data-TnS-Algo-Foundations & Intelligence Service)- 2026 Start (PhD),drop,,,,,,,,
7564337321658386693,lifeattiktok,20260121220323,https://lifeattiktok.com/search/7564337321658386693?_rsc=1m3ql,200,js_shell,,unusable,,,,,,,,
7564819593578957061,lifeattiktok,20260311020426,https://lifeattiktok.com/search/7564819593578957061,200,detail,Agency Operations Manager (Greek) - TikTok LIVE - London,drop,,,,greek,,London,United Kingdom,
7564977224643512629,lifeattiktok,20260130100021,https://lifeattiktok.com/search/7564977224643512629,200,detail,Access Assurance Analyst - USDS,drop,,,,,,,,"HTTPSConnectionPool(host='web.archive.org', port=443): Max retries exceeded with url: /web/20260130100021id_/https://lif"
7565627995149633797,lifeattiktok,20260817160756,https://lifeattiktok.com/search/7565627995149633797,200,detail,E-Commerce Product Counsel,drop,,,,,,,,
7565722302072342789,lifeattiktok,20251209111628,https://lifeattiktok.com/search/7565722302072342789,200,detail,Seller Experience Project Intern (TikTok Shop Japan) - 2026 Start (BS/MS),drop,,,,,Japan,,,
7566097021079931141,lifeattiktok,20260120224106,https://lifeattiktok.com/search/7566097021079931141,200,detail,"Platform Campaign Monetisation & Marketing Project Intern, (TikTok Shop) - 2026 Start (BS/MS)",drop,,,,,,,,
7566386852330244405,lifeattiktok,20260208193515,https://lifeattiktok.com/search/7566386852330244405,200,detail,Data Understanding Specialist - Data Cycling Center - Spanish Speaking (12-Month Fixed-term Contract),drop,,,,spanish,,,,
7566579536287713541,lifeattiktok,20260422030010,https://lifeattiktok.com/search/7566579536287713541?_rsc=1m3ql,200,js_shell,,unusable,,,,,,,,
7567448557734578437,lifeattiktok,20251117012255,https://lifeattiktok.com/search/7567448557734578437,200,detail,"TikTok Shop - Strategic Growth Program Manager, UK",drop,,,,,United Kingdom,,,
7568226426202540341,lifeattiktok,20251117013943,https://lifeattiktok.com/search/7568226426202540341,200,detail,Operations Project Intern (TikTok LIVE) - 2026 Start (BS/MS),drop,,,,,,,,
7568323478786394373,lifeattiktok,20260615205939,https://lifeattiktok.com/search/7568323478786394373?_rsc=1m3ql,200,js_shell,,unusable,,,,,,,,"HTTPSConnectionPool(host='web.archive.org', port=443): Max retries exceeded with url: /web/20260615205939id_/https://lif"
7568856449286981893,lifeattiktok,20260301150542,https://lifeattiktok.com/search/7568856449286981893,200,detail,"Commercial Partnership Solutions Manager, Japan",drop,,,,,Japan,,,
7568931684455319813,lifeattiktok,20260819124021,https://lifeattiktok.com/search/7568931684455319813,200,detail,Talent Acquisition Partner - Global Monetization Product Technology (San Jose),drop,,,,,,San Jose,United States,
7568983281238313221,lifeattiktok,20260228125554,https://lifeattiktok.com/search/7568983281238313221,200,detail,"Senior Product Manager, Identity Resolution - Global Monetization Product and Technology",drop,,,,,,,,
7569052216902338869,lifeattiktok,20260130115542,https://lifeattiktok.com/search/7569052216902338869,200,detail,Technical Sourcer - USDS - Los Angeles (Third-Party Associate),drop,,,,,,Los Angeles,United States,
7569745540639344901,lifeattiktok,20260114204850,https://lifeattiktok.com/search/7569745540639344901,200,detail,Consumer Marketing Manager Graduate (TikTok Shop - Marketing) - 2026 Start (BS/MS),drop,,,,,,,,
7569766938340690229,lifeattiktok,20260902100350,https://lifeattiktok.com/search/7569766938340690229?utm_source=Simplify,200,detail,Product Manager Project Intern (Search Ads Product) - 2025 Start (BS/MS),drop,,,,,,,,
7569795917156321589,lifeattiktok,20251209114013,https://lifeattiktok.com/search/7569795917156321589,200,detail,Business Development Manager - Global Business Marketing,drop,,,,,,,,
7569971468879628549,lifeattiktok,20251209112946,https://lifeattiktok.com/search/7569971468879628549,200,detail,Live Education Operations Project Intern (TikTok Shop - EU LIVE) - 2025 Start (BS/MS),drop,,,,,,,,
7571369888846956853,lifeattiktok,20260112212143,https://lifeattiktok.com/search/7571369888846956853,200,detail,Search Model Data Team Lead - Search Operation - Japan,drop,,,,,Japan,,,
7571424312043292933,lifeattiktok,20260114204421,https://lifeattiktok.com/search/7571424312043292933,200,detail,Account Manager Project Intern (Chinese speaker) (TikTok Shop France) - 2026 Start (BS/MS),drop,,,,chinese,France,,,
7572186837932951813,lifeattiktok,20260114202355,https://lifeattiktok.com/search/7572186837932951813,200,detail,Monetisation Strategy & Operations Project Intern (GBS)- 2026 Start (BS/MS),drop,,,,,,,,
7572358528171510069,lifeattiktok,20260902100649,https://lifeattiktok.com/search/7572358528171510069?utm_source=Simplify,200,detail,GPU/AI Application System Software Engineer Intern (System Technologies and Engineering) - 2026 Summer (BS/MS),drop,,,,,,,,"HTTPSConnectionPool(host='web.archive.org', port=443): Max retries exceeded with url: /web/20260902100649id_/https://lif"
7572594562450180357,lifeattiktok,20260114193118,https://lifeattiktok.com/search/7572594562450180357,200,detail,"Market Program Manager, Israel - Trust & Safety (Specified Purpose Contract)",include,trust & safety,,,,Israel,,,
7572665884037826869,lifeattiktok,20260902100646,https://lifeattiktok.com/search/7572665884037826869?utm_source=Simplify,200,detail,Software Engineer Intern (Ads Infrastructure) - 2026 Summer (BS/MS),drop,,,,,,,,
7573738070189869365,lifeattiktok,20260208191700,https://lifeattiktok.com/search/7573738070189869365,200,detail,Brand Reputation Manager - Turkish Speaking - TikTok Live - MENA,drop,,,,turkish,MENA,,,
7573954231881910533,lifeattiktok,20260114210045,https://lifeattiktok.com/search/7573954231881910533,200,detail,Machine Learning Engineer - Trae USDS,drop,,,,,,,,
7573984180993444149,lifeattiktok,20251224152852,https://lifeattiktok.com/search/7573984180993444149,200,detail,Intellectual Property Rights IPR Project Intern (TikTok Shop) - 2026 Start (BS/MS),drop,,,,,,,,
7574012646993660165,lifeattiktok,20260208205956,https://lifeattiktok.com/search/7574012646993660165,200,detail,"Agency Partner Lead, Outbound - Global Business Solutions",drop,,,,,,,,
7574148661151156485,lifeattiktok,20260902100319,https://lifeattiktok.com/search/7574148661151156485?utm_source=Simplify,200,detail,Product Manager Graduate [TikTok Product-Search Growth]- 2026 Start (BS/MS),drop,,,,,,,,
7574456395710728501,lifeattiktok,20260114210225,https://lifeattiktok.com/search/7574456395710728501,200,detail,"Governance & Experience Project Intern, TikTok Shop, 2026 Start (BS/MS)",include,governance,,,,,,,
7574639430376556805,lifeattiktok,20260114203558,https://lifeattiktok.com/search/7574639430376556805,200,detail,"TikTok Shop - UX Designer, Seller Platfom Designer",drop,,,,,,,,
7574875673761040693,lifeattiktok,20251209105512,https://lifeattiktok.com/search/7574875673761040693,200,detail,Sport Publisher Manager - TikTok Content Operations - London,drop,,,,,,London,United Kingdom,"HTTPSConnectionPool(host='web.archive.org', port=443): Max retries exceeded with url: /web/20251209105512id_/https://lif"
7575296281283938613,lifeattiktok,20260902100349,https://lifeattiktok.com/search/7575296281283938613?utm_source=Simplify,200,detail,Product Manager Project Intern (Search Ads Product) - 2025 Start (BS/MS),drop,,,,,,,,
7576559103433132293,lifeattiktok,20260129040626,https://lifeattiktok.com/search/7576559103433132293,200,detail,Pangle Product Marketing Project Intern (GMPT Pangle Product) - 2026 Start (BS/MS),drop,,,,,,,,
7576597060629154053,lifeattiktok,20260515010244,https://lifeattiktok.com/search/7576597060629154053,200,detail,Center Of Excellence Project Intern (TikTok LIVE) - 2026 Start (BS/MS),drop,,,,,,,,
7576601313002146101,lifeattiktok,20260515023545,https://lifeattiktok.com/search/7576601313002146101,200,detail,MENA Gift Operations Project Intern (TikTok LIVE) - 2026 Start (BS/MS),drop,,,,,MENA,,,
7576860468322961717,lifeattiktok,20260112212334,https://lifeattiktok.com/search/7576860468322961717,200,detail,Marketing Lead - TikTok Gaming,drop,,,,,,,,
7576864559529658629,lifeattiktok,20260112211905,https://lifeattiktok.com/search/7576864559529658629,200,detail,Creator Operations Manager - TikTok Gaming,drop,,,,,,,,
7577181506348615989,lifeattiktok,20260106203634,https://lifeattiktok.com/search/7577181506348615989?spread=5MWH5CQ,200,detail,Operations Project Intern (TikTok LIVE-AMS-LATAM) - 2026 Start (BS/MS),drop,,,,,LATAM,,,
7578893767736789253,lifeattiktok,20260422000259,https://lifeattiktok.com/search/7578893767736789253?utm_source=Trust+and+Safety+Jobs,200,detail,"Manager, Product Listing Policy Operations, EMEA, TikTok Shop",include,policy operations,,,,EMEA,,,
7579404042251192629,lifeattiktok,20260515015406,https://lifeattiktok.com/search/7579404042251192629,200,detail,Product Manager Project Intern (Brand Advertising - Monetization Product) 2026 Start (BS/ MS),drop,,,,,,,,
7579588996705290549,lifeattiktok,20260506185147,https://lifeattiktok.com/search/7579588996705290549,200,detail,Machine Learning Engineer (Community Health) - TikTok BRIC Singapore,drop,,,,,Singapore,Singapore,Singapore,"HTTPSConnectionPool(host='web.archive.org', port=443): Max retries exceeded with url: /web/20260506185147id_/https://lif"
7579713028616734981,lifeattiktok,20260114202037,https://lifeattiktok.com/search/7579713028616734981,200,detail,Lead Program Manager (Regulatory Compliance) - User Privacy & Transparency,drop,,,,,,,,
7579755056091908405,lifeattiktok,20260105082601,https://lifeattiktok.com/search/7579755056091908405,200,detail,"Senior Algorithm Engineer, E-Commerce Governance and Experience - USDS",include,governance,,,,,,,
7579837197955434757,lifeattiktok,20260130100324,https://lifeattiktok.com/search/7579837197955434757,200,detail,Data Engineer - USDS (Multiple Positions),drop,,,,,,,,
7579975285465581829,lifeattiktok,20260515014801,https://lifeattiktok.com/search/7579975285465581829,200,detail,Live Governance Project Intern (TikTok LIVE)- 2026 Start (BS/MS),include,governance,,,,,,,
7580310357531822341,lifeattiktok,20260120224544,https://lifeattiktok.com/search/7580310357531822341,200,detail,Account Management Project Intern (TikTok Shop Electronics) - 2026 Start (BS/MS),drop,,,,,,,,
7580653816966957365,lifeattiktok,20260310042732,https://lifeattiktok.com/search/7580653816966957365,200,detail,"Senior Software Engineer, Ads Pangle - USDS",drop,,,,,,,,
7580654694347852085,lifeattiktok,20260111212514,https://lifeattiktok.com/search/7580654694347852085,200,detail,"Senior Machine Learning Engineer, Ads Pangle - USDS",drop,,,,,,,,
7580654942558980405,lifeattiktok,20260130043553,https://lifeattiktok.com/search/7580654942558980405,200,detail,"Senior Machine Learning Engineer, Ads Pangle - USDS",drop,,,,,,,,
7580654947643541765,lifeattiktok,20260113014101,https://lifeattiktok.com/search/7580654947643541765,200,detail,"Senior Machine Learning Engineer, Ads Pangle - USDS",drop,,,,,,,,
7581683901534751029,lifeattiktok,20260506185147,https://lifeattiktok.com/search/7581683901534751029,200,detail,Machine Learning Engineer Expert (User Growth & Intelligent Marketing) - Global e-Commerce,drop,,,,,,,,"HTTPSConnectionPool(host='web.archive.org', port=443): Max retries exceeded with url: /web/20260506185147id_/https://lif"
7582013793297123589,lifeattiktok,20260309031859,https://lifeattiktok.com/search/7582013793297123589,200,detail,Leave of Absence Analyst Graduate (LOA) - 2026 Start (BS/MS),drop,,,,,,,,
7582152132208429365,lifeattiktok,20260506185315,https://lifeattiktok.com/search/7582152132208429365?_rsc=1m3ql,200,js_shell,,unusable,,,,,,,,
7582628953110874421,lifeattiktok,20260515014120,https://lifeattiktok.com/search/7582628953110874421,200,detail,Ecosystem Strategy Project Intern (TikTok LIVE)- 2026 Start (BS/MS),drop,,,,,,,,
7582723632221718837,lifeattiktok,20260114205855,https://lifeattiktok.com/search/7582723632221718837?spread=XKM9ZXE,200,detail,Head of Policy Development - Trust and Safety,include,trust and safety,,,,,,,
7582800615631390981,lifeattiktok,20260615205936,https://lifeattiktok.com/search/7582800615631390981?_rsc=1m3ql,200,js_shell,,unusable,,,,,,,,
7583141608302987525,lifeattiktok,20260902100333,https://lifeattiktok.com/search/7583141608302987525?utm_source=Simplify,200,detail,Product Management Project Intern (TikTok Shop- Operations) - 2026 Start (BS/MS),drop,,,,,,,,
7583988651312695557,lifeattiktok,20260204222558,https://lifeattiktok.com/search/7583988651312695557,200,detail,"Senior Client Partner - Auto, GBS Japan",drop,,,,,Japan,,,
7584045090361952565,lifeattiktok,20260208202811,https://lifeattiktok.com/search/7584045090361952565,200,detail,"TikTok Shop - B2B Marketing Manager, EU",drop,,,,,,,,
7584045532713486645,lifeattiktok,20260208205255,https://lifeattiktok.com/search/7584045532713486645,200,detail,"TikTok Shop - B2B Marketing Manager, EU",drop,,,,,,,,
7584121077547239685,lifeattiktok,20260203214814,https://lifeattiktok.com/search/7584121077547239685,200,detail,Revenue Campaign Project Intern (TikTok LIVE) - 2026 Start (BS/MS),drop,,,,,,,,"HTTPSConnectionPool(host='web.archive.org', port=443): Max retries exceeded with url: /web/20260203214814id_/https://lif"
7584179082162653445,lifeattiktok,20260506185316,https://lifeattiktok.com/search/7584179082162653445?_rsc=1m3ql,200,js_shell,,unusable,,,,,,,,
7584522934515714357,lifeattiktok,20260902100335,https://lifeattiktok.com/search/7584522934515714357?utm_source=Simplify,200,detail,Product Management Project Intern (TikTok Shop- Operations) - 2026 Start (BS/MS),drop,,,,,,,,
7585114089765947701,lifeattiktok,20260219075558,https://lifeattiktok.com/search/7585114089765947701,200,detail,(General Hire) Machine Learning Engineer Intern (TikTok- Video Recommendation) - 2026 Summer (BS/MS),drop,,,,,,,,
7585195885773064453,lifeattiktok,20260207235247,https://lifeattiktok.com/search/7585195885773064453?spread=5MWH5CQ,200,detail,"Fashion LIVE Strategy Project Intern (TikTok Shop), 2026 Start (BS/MS)",drop,,,,,,,,
7586023715353004341,lifeattiktok,20260515015732,https://lifeattiktok.com/search/7586023715353004341,200,detail,Revenue Campaign Project Intern (TikTok LIVE) - 2026 Start (BS/MS),drop,,,,,,,,
7586547258435389749,lifeattiktok,20260515005927,https://lifeattiktok.com/search/7586547258435389749,200,detail,MENAT Short Video Operations Project Intern (TikTok LIVE) - 2026 Start (BS/MS),drop,,,,,,,,
7586586702671431941,lifeattiktok,20260515015141,https://lifeattiktok.com/search/7586586702671431941,200,detail,TCN Campaign Operation Project Intern (TikTok LIVE)- 2026 Start (BS/MS),drop,,,,,,,,
7586702384279177477,lifeattiktok,20260120225050,https://lifeattiktok.com/search/7586702384279177477,200,detail,Global Partnerships Project Intern (Global Key Accounts) - 2026 Start (BS/MS),drop,,,,,,,,
7586919482171148597,lifeattiktok,20260208201535,https://lifeattiktok.com/search/7586919482171148597,200,detail,CPG - Consumer Goods Project Intern (GBS) - 2026 Start (BS/MS),drop,,,,,,,,
7587096436127680773,lifeattiktok,20260902100349,https://lifeattiktok.com/search/7587096436127680773?utm_source=Simplify,200,detail,Product Manager Project Intern (SMB Product - Growth) 2026 Start (BS/ MS),drop,,,,,,,,
7587167518168729909,lifeattiktok,20260208201347,https://lifeattiktok.com/search/7587167518168729909,200,detail,Program Manager (Regulatory Compliance) - Teen Experiences,drop,,,,,,,,
7587311484217280773,lifeattiktok,20260120225631,https://lifeattiktok.com/search/7587311484217280773,200,detail,SEA Regional IMC Campaign Operations Project Intern (TikTok Shop) - 2026 Start (BS/MS),drop,,,,,,,,
7587373745629006133,lifeattiktok,20260515022525,https://lifeattiktok.com/search/7587373745629006133,200,detail,Brand Partnerships Manager - Global Business Solutions- Greece,drop,,,,,,,,
7589175138322024709,lifeattiktok,20260109185354,https://lifeattiktok.com/search/7589175138322024709,200,detail,Sports Creator Strategy & Product Operation Manager,drop,,,,,,,,
7589236811970054405,lifeattiktok,20260515021234,https://lifeattiktok.com/search/7589236811970054405,200,detail,MENA Operations Project Intern (Graduate-to-Hire Program) - (TikTok LIVE) - 2026 Start (BS/MS),drop,,,,,MENA,,,
7589499857627498757,lifeattiktok,20260216230921,https://lifeattiktok.com/search/7589499857627498757,200,detail,Product Strategy Project Intern (TikTok-Product-Business Analytics) - 2026 Start (BS/MS),drop,,,,,,,,
7589500133147773237,lifeattiktok,20260902100355,https://lifeattiktok.com/search/7589500133147773237?utm_source=Simplify,200,detail,Product Strategy Project Intern (TikTok-Product-Business Analytics) - 2026 Start (BS/MS),drop,,,,,,,,
7589618559078418741,lifeattiktok,20260724033205,https://lifeattiktok.com/search/7589618559078418741,200,detail,Search Product Operation Expert,drop,,,,,,,,
7591818099248367925,lifeattiktok,20260515010518,https://lifeattiktok.com/search/7591818099248367925,200,detail,Industry Operations Project Intern (GBS) - 2026 Start (BS/MS),drop,,,,,,,,
7591820752581347589,lifeattiktok,20260515014522,https://lifeattiktok.com/search/7591820752581347589,200,detail,Industry Client Solutions Project Intern (GBS) - 2026 Start (BS/MS),drop,,,,,,,,"HTTPSConnectionPool(host='web.archive.org', port=443): Max retries exceeded with url: /web/20260515014522id_/https://lif"
7591947799615260933,lifeattiktok,20260902100929,https://lifeattiktok.com/search/7591947799615260933?utm_source=Simplify,200,detail,[Online Assessment] Software Engineer Graduate (Site Reliability Engineer) - 2026 Start (BS/MS),exclude,,site reliability,,,,,,
7592014594232142085,lifeattiktok,20260112024339,https://lifeattiktok.com/search/7592014594232142085?utm_source=Simplify,200,detail,Platform Campaign Project Intern (TikTok- Operations) - 2026 Start (BS/MS),drop,,,,,,,,
7592115237932337413,lifeattiktok,20260515023632,https://lifeattiktok.com/search/7592115237932337413,200,detail,Product Data Analyst Project Intern (GBS) - 2026 Start (BS/MS),drop,,,,,,,,
7592636709283236101,lifeattiktok,20260208203902,https://lifeattiktok.com/search/7592636709283236101,200,detail,"Product Marketing Manager, Branding, Southern Europe - Madrid",drop,,,,,Europe,Madrid,Spain,
7592818424885496117,lifeattiktok,20260220170246,https://lifeattiktok.com/search/7592818424885496117,200,detail,Creator Network (Agency) Manager - TikTok LIVE,drop,,,,,,,,
7592919959140501765,lifeattiktok,20260201155157,https://lifeattiktok.com/search/7592919959140501765,200,detail,Cybersecurity Engineer Graduate (TikTok Shop) - 2026 Start (BS/MS),drop,,,,,,,,
7593091304680163637,lifeattiktok,20260609061632,https://lifeattiktok.com/search/7593091304680163637,200,detail,Talent Acquisition Partner Intern (Product&Design team) - 2026 Summer (BS/MS),drop,,,,,,,,
7593156568547084549,lifeattiktok,20260315112459,https://lifeattiktok.com/search/7593156568547084549,200,detail,"Global Product Marketing Manager, Content Ads",drop,,,,,,,,
7593280552969898245,lifeattiktok,20260422030017,https://lifeattiktok.com/search/7593280552969898245,200,detail,"Principal Business Analyst, Commercial Sustainability (TikTok Shop, Malaysia)",drop,,,,,Malaysia,,,
7593336269709068549,lifeattiktok,20260121220323,https://lifeattiktok.com/search/7593336269709068549?_rsc=1m3ql,200,js_shell,,unusable,,,,,,,,
7593337662973774085,lifeattiktok,20260114203051,https://lifeattiktok.com/search/7593337662973774085,200,detail,"Program Manager, Global Business Solutions",drop,,,,,,,,
7594328845282543925,lifeattiktok,20260309162441,https://lifeattiktok.com/search/7594328845282543925,200,detail,Data Scientist - Data Acquisition,drop,,,,,,,,
7594362449834281221,lifeattiktok,20260218200535,https://lifeattiktok.com/search/7594362449834281221,200,detail,Product Designer Project Intern (TikTok-Design-UX) - 2026 Start (BS/MS）,drop,,,,,,,,
7594494213741693237,lifeattiktok,20260515015510,https://lifeattiktok.com/search/7594494213741693237,200,detail,Operations Project Intern (GBS) - 2026 Start (BS/MS),drop,,,,,,,,
7594694345997388085,lifeattiktok,20260307210450,https://lifeattiktok.com/search/7594694345997388085,200,detail,TikTok Short Drama Project Intern (TikTok-Short-Drama) - 2026 Start (BS/MS),drop,,,,,,,,
7594884244959398197,lifeattiktok,20260201084952,https://lifeattiktok.com/search/7594884244959398197,200,detail,Creator Advocacy and Engagement Coordinator - USDS,drop,,,,,,,,
7594895259798325557,lifeattiktok,20260422030009,https://lifeattiktok.com/search/7594895259798325557?_rsc=1m3ql,200,js_shell,,unusable,,,,,,,,
7595158450729552181,lifeattiktok,20260515022459,https://lifeattiktok.com/search/7595158450729552181,200,detail,Design Operations Project Intern (TikTok LIVE) - 2026 Start (BS/MS),drop,,,,,,,,
7595207546911787317,lifeattiktok,20260228150924,https://lifeattiktok.com/search/7595207546911787317,200,detail,TikTok LIVE Content Diversification Operations Project Intern [User Product-Lead Generation] - 2026 Start (BS/MS),drop,,,,,,,,
7595295180933187845,lifeattiktok,20260208203739,https://lifeattiktok.com/search/7595295180933187845?spread=XKM9ZXE,200,detail,Central High Harm Policy Manager - Trust and Safety,include,trust and safety; policy manager,,,,,,,"HTTPSConnectionPool(host='web.archive.org', port=443): Max retries exceeded with url: /web/20260208203739id_/https://lif"
7595305817516165381,lifeattiktok,20260902100654,https://lifeattiktok.com/search/7595305817516165381?utm_source=Simplify,200,detail,Software Engineer Intern (Ads Measurement Signal and Privacy) - 2026 Summer (BS/MS),drop,,,,,,,,
7595306554946193717,lifeattiktok,20260902100650,https://lifeattiktok.com/search/7595306554946193717?utm_source=Simplify,200,detail,Frontend Software Engineer Intern (Ads Measurement Signal and Privacy) - 2026 Summer (BS/MS),drop,,,,,,,,
7595323263724407093,lifeattiktok,20260315111420,https://lifeattiktok.com/search/7595323263724407093,200,detail,Business Development Project Intern (TikTok Shop-FMCG) - 2026 Start (BS/MS),drop,,,,,,,,
7595340771562621189,lifeattiktok,20260315071927,https://lifeattiktok.com/search/7595340771562621189?utm_source=levels.fyi&spread=5MWH5CQ,200,detail,Machine Learning Engineer Intern (Monetization Technology - Ads Core Global) - 2026 Summer (BS/MS),drop,,,,,,,,
7595344466313529653,lifeattiktok,20260609051241,https://lifeattiktok.com/search/7595344466313529653,200,detail,Frontend Engineer Intern (Ads Interface and Platform) - 2026 Summer (BS/MS),drop,,,,,,,,
7595384596352698629,lifeattiktok,20260309065336,https://lifeattiktok.com/search/7595384596352698629,200,detail,Short Video Strategy Project Intern(TikTok Shop - Operation Center) - 2026 Start (BS/MS),drop,,,,,,,,
7595478117132486917,lifeattiktok,20260204031631,https://lifeattiktok.com/search/7595478117132486917,200,detail,Data Science Project Intern (TikTok Platform Responsibility) - 2026 Start (BS/MS),drop,,,,,,,,
7595507388230568245,lifeattiktok,20260208205559,https://lifeattiktok.com/search/7595507388230568245,200,detail,PR Data Science Project Intern (TikTok Platform Responsibility) - 2026 Start (BS/MS),drop,,,,,,,,
7595672941112314117,lifeattiktok,20260225210700,https://lifeattiktok.com/search/7595672941112314117?_rsc=1m3ql,200,js_shell,,unusable,,,,,,,,
7595692218011322677,lifeattiktok,20260203101720,https://lifeattiktok.com/search/7595692218011322677,200,detail,Rapid Response Specialist - USDS,drop,,,,,,,,
7595882041935055157,lifeattiktok,20260208204814,https://lifeattiktok.com/search/7595882041935055157,200,detail,Data Scientist Intern (MultiModal ML Direction) - 2026 Start (BS/MS),drop,,,,,,,,
7596036102984681733,lifeattiktok,20260225210736,https://lifeattiktok.com/search/7596036102984681733?_rsc=1m3ql,200,js_shell,,unusable,,,,,,,,
7596141169135847733,lifeattiktok,20260130123326,https://lifeattiktok.com/search/7596141169135847733,200,detail,Cybersecurity Controls Analyst - USDS,drop,,,,,,,,
7596150377198815493,lifeattiktok,20260130100417,https://lifeattiktok.com/search/7596150377198815493,200,detail,Financial Crimes Compliance Risk Specialist - USDS,drop,,,,,,,,
7597037927245154565,lifeattiktok,20260130032634,https://lifeattiktok.com/search/7597037927245154565,200,detail,"TikTok Shop - Merchandise Growth Strategy & Analytics, Project Intern (MAI UK), 2026 Start (BS/MS)",drop,,,,,,,,
7597330372545087797,lifeattiktok,20260511101229,https://lifeattiktok.com/search/7597330372545087797?_rsc=1m3ql,200,js_shell,,unusable,,,,,,,,
7597562701782599941,lifeattiktok,20260208210210,https://lifeattiktok.com/search/7597562701782599941,200,detail,"Senior Product Marketing Manager, Performance Advertising (Travel)",drop,,,,,,,,
7597885058355349813,lifeattiktok,20260208204030,https://lifeattiktok.com/search/7597885058355349813,200,detail,"Product Marketing Manager, Performance Advertising (Travel)",drop,,,,,,,,
7598083304205617461,lifeattiktok,20260515010043,https://lifeattiktok.com/search/7598083304205617461,200,detail,Industry Client Solutions Manager (Apps) - Global Business Solutions- METAP,drop,,,,,,,,
7598386500537092357,lifeattiktok,20260515012621,https://lifeattiktok.com/search/7598386500537092357,200,detail,Talent Acquisition Partner - TikTok Local Services - Los Angeles,drop,,,,,,Los Angeles,United States,"HTTPSConnectionPool(host='web.archive.org', port=443): Max retries exceeded with url: /web/20260515012621id_/https://lif"
7598406022924126517,lifeattiktok,20260226165857,https://lifeattiktok.com/search/7598406022924126517?_rsc=1m3ql,200,js_shell,,unusable,,,,,,,,
7598643737229838597,lifeattiktok,20260306040506,https://lifeattiktok.com/search/7598643737229838597,200,detail,Talent Acquisition Partner - PM & Design - San Jose,drop,,,,,,San Jose,United States,
7598849238706735365,lifeattiktok,20260902100337,https://lifeattiktok.com/search/7598849238706735365?utm_source=Simplify,200,detail,AI Product Manager Project Intern (TikTok LIVE-Ecosystem Governance) - 2026 Start (BS/MS),include,governance,,,,,,,
7599663005456664837,lifeattiktok,20260506185147,https://lifeattiktok.com/search/7599663005456664837,200,detail,Ethics and Compliance Manager - EMEA,drop,,,,,EMEA,,,
7599780302646954245,lifeattiktok,20260226165832,https://lifeattiktok.com/search/7599780302646954245?_rsc=1m3ql,200,js_shell,,unusable,,,,,,,,
7599841401208031541,lifeattiktok,20260218033218,https://lifeattiktok.com/search/7599841401208031541,200,detail,Product Manager Intern (Ads Interface and Platform) - 2026 Summer (BS/MS),drop,,,,,,,,
7599903301778950405,lifeattiktok,20260515015302,https://lifeattiktok.com/search/7599903301778950405,200,detail,Partnerships Manager (Telco) - Global Business Solutions - Africa,drop,,,,,Africa,,,
7600002352690612485,lifeattiktok,20260315105138,https://lifeattiktok.com/search/7600002352690612485,200,detail,"Business Growth Project Intern, Greek Speaking (TikTok Shop) - 2026 Start (BS/MS)",drop,,,,greek,,,,
7600124783334983989,lifeattiktok,20260315111150,https://lifeattiktok.com/search/7600124783334983989,200,detail,Recruiting Coordinator - USDS - Los Angeles (Third-Party Associate),drop,,,,,,Los Angeles,United States,
7600292878637943045,lifeattiktok,20260415175754,https://lifeattiktok.com/search/7600292878637943045,200,detail,"Tech Lead, AI Agents for Creation Tools",drop,,,,,,,,
7600475462762826037,lifeattiktok,20260519211329,https://lifeattiktok.com/search/7600475462762826037?utm_source=bandana,200,detail,Ethics Specialist,drop,,,,,,,,
7600494764903893301,lifeattiktok,20260317211655,https://lifeattiktok.com/search/7600494764903893301,200,detail,Product Manager Intern - Risk Control and Tooling (Business Integrity) - 2026 Summer (BS/MS),include,integrity,,,,,,,
7600517104210938165,lifeattiktok,20260519175424,https://lifeattiktok.com/search/7600517104210938165?_rsc=1m3ql,200,js_shell,,unusable,,,,,,,,
7600535181632457013,lifeattiktok,20260902100613,https://lifeattiktok.com/search/7600535181632457013?utm_source=Simplify,200,detail,Security Software Engineer Project Intern (Product Security) - 2026 Start (BS/MS),drop,,,,,,,,
7600539262199974197,lifeattiktok,20260315105518,https://lifeattiktok.com/search/7600539262199974197,200,detail,Financial Crimes Compliance Operations Specialist - USDS,drop,,,,,,,,
7600547425322256693,lifeattiktok,20260515012232,https://lifeattiktok.com/search/7600547425322256693,200,detail,Product Manager Intern (Ads Attribution and Measurement Product) - 2026 Summer (BS/MS),drop,,,,,,,,
7600558971164870917,lifeattiktok,20260329155835,https://lifeattiktok.com/search/7600558971164870917?utm_source=Simplify,200,detail,Product Manager Intern (Content and Service Ads) - 2026 Summer (BS/MS),drop,,,,,,,,
7600724640411683125,lifeattiktok,20260708133205,https://lifeattiktok.com/search/7600724640411683125?_rsc=1v3au,200,js_shell,,unusable,,,,,,,,
7600754933952743733,lifeattiktok,20260515005136,https://lifeattiktok.com/search/7600754933952743733,200,detail,META Marketing Project Intern (SMB) - 2026 Start (BS/MS),drop,,,,,,,,
7600809806840449333,lifeattiktok,20260515020235,https://lifeattiktok.com/search/7600809806840449333,200,detail,Partner Growth & Incubation Manager - TikTok LIVE - Dubai,drop,,,,,MENA,Dubai,United Arab Emirates,"HTTPSConnectionPool(host='web.archive.org', port=443): Max retries exceeded with url: /web/20260515020235id_/https://lif"
7600814256192014645,lifeattiktok,20260515015849,https://lifeattiktok.com/search/7600814256192014645,200,detail,Data Analyst - TikTok LIVE - Beijing & Dubai,drop,,,,,MENA,Dubai; Beijing,United Arab Emirates; China,
7601277952123603253,lifeattiktok,20260226205125,https://lifeattiktok.com/search/7601277952123603253,200,detail,Creator Growth Marketing Project Intern (TikTok LIVE-AMS) - 2026 Start (BS/MS),drop,,,,,,,,
7602207110731057461,lifeattiktok,20260515022055,https://lifeattiktok.com/search/7602207110731057461,200,detail,Client Solutions Manager - Fintech - Outbound - Global Business Solutions,drop,,,,,,,,
7602321797007329589,lifeattiktok,20260708133205,https://lifeattiktok.com/search/7602321797007329589?_rsc=1v3au,200,js_shell,,unusable,,,,,,,,
7602378133784643845,lifeattiktok,20260415175745,https://lifeattiktok.com/search/7602378133784643845,200,detail,Senior Backend Software Engineer - Trust and Safety - San Jose,include,trust and safety,,,,,San Jose,United States,
7602502480300280117,lifeattiktok,20260515020625,https://lifeattiktok.com/search/7602502480300280117,200,detail,Agency Partner Lead - Outbound - METAP -Global Business Solutions,drop,,,,,,,,
7602596392940259589,lifeattiktok,20260303172157,https://lifeattiktok.com/search/7602596392940259589,200,detail,"TikTok Product, Quality Assurance Analyst - English Speaking (Third-party Associate)",drop,,,,english,,,,
7602639582339238149,lifeattiktok,20260421225050,https://lifeattiktok.com/search/7602639582339238149?spread=5MWH5CQ&utm_source=Trust+and+Safety+Jobs,200,detail,Safety Model Operations Quality Assurance Analyst - Portuguese Speaking (Third-Party Associate),drop,,,,portuguese,,,,
7602639994192283957,lifeattiktok,20260421231334,https://lifeattiktok.com/search/7602639994192283957?spread=5MWH5CQ&utm_source=Trust+and+Safety+Jobs,200,detail,Safety Model Operations Quality Assurance Analyst - Spanish Speaking (Third Party Associate),drop,,,,spanish,,,,
7602639994319358261,lifeattiktok,20260315111127,https://lifeattiktok.com/search/7602639994319358261?spread=5MWH5CQ&utm_source=Trust+and+Safety+Jobs,200,detail,Safety Model Operations Quality Assurance Analyst - German Speaking (Third Party Associate),drop,,,,german,,,,
7602692688617752885,lifeattiktok,20260227141315,https://lifeattiktok.com/search/7602692688617752885,200,detail,Search Operations Quality Assurance Analyst - French Speaking (Third-Party Associate),drop,,,,french,,,,
7602699537740892469,lifeattiktok,20260226201632,https://lifeattiktok.com/search/7602699537740892469,200,detail,Research Scientist Intern (TikTok-Privacy Innovation Lab-GPU Systems & Model Optimization) - 2026 Start (PhD),drop,,,,,,,,
7603086882485864709,lifeattiktok,20260315105545,https://lifeattiktok.com/search/7603086882485864709,200,detail,Site Reliability Engineer - USDS (Multiple Positions),exclude,,site reliability,,,,,,
7603102902031157509,lifeattiktok,20260315110927,https://lifeattiktok.com/search/7603102902031157509,200,detail,"Data Scientist, Financial Crimes – USDS (Multiple Positions)",drop,,,,,,,,
7603115690855762181,lifeattiktok,20260315105705,https://lifeattiktok.com/search/7603115690855762181,200,detail,Site Reliability Engineer – USDS (Multiple Positions),exclude,,site reliability,,,,,,
7603151370340485381,lifeattiktok,20260226165857,https://lifeattiktok.com/search/7603151370340485381?_rsc=1m3ql,200,js_shell,,unusable,,,,,,,,
7603317198921074997,lifeattiktok,20260519211139,https://lifeattiktok.com/search/7603317198921074997?utm_source=bandana,200,detail,"Software Engineer, Ads Delivery",drop,,,,,,,,
7603317923455273221,lifeattiktok,20260515023644,https://lifeattiktok.com/search/7603317923455273221,200,detail,Client Solutions Manager - Beauty & Luxury - Global Business Solutions - MENA,drop,,,,,MENA,,,
7603320652758698293,lifeattiktok,20260506185316,https://lifeattiktok.com/search/7603320652758698293?_rsc=1m3ql,200,js_shell,,unusable,,,,,,,,
7603879407275444533,lifeattiktok,20260421221158,https://lifeattiktok.com/search/7603879407275444533,200,detail,Special Project Strategist Intern (TikTok Shop - Operations) - 2026 Summer (BS/ MS),drop,,,,,,,,"HTTPSConnectionPool(host='web.archive.org', port=443): Max retries exceeded with url: /web/20260421221158id_/https://lif"
7603921873697196293,lifeattiktok,20260422000517,https://lifeattiktok.com/search/7603921873697196293,200,detail,"Data Science Manager, Core Business - USDS",drop,,,,,,,,
7604781288859748661,lifeattiktok,20260506185324,https://lifeattiktok.com/search/7604781288859748661,200,detail,Backend Software Engineer Intern (Global LIVE Revenue) - 2026 Start (BS/MS),drop,,,,,,,,
7605165402553944325,lifeattiktok,20260421233803,https://lifeattiktok.com/search/7605165402553944325?spread=5MWH5CQ&utm_source=Trust+and+Safety+Jobs,200,detail,Machine Learning Engineer Graduate (Trust and Safety Engineering) - 2027 Start (BS/MS),include,trust and safety,,,,,,,
7605285317163387189,lifeattiktok,20260519175425,https://lifeattiktok.com/search/7605285317163387189?_rsc=1m3ql,200,js_shell,,unusable,,,,,,,,
7605353124442343733,lifeattiktok,20260710212806,https://lifeattiktok.com/search/7605353124442343733,200,detail,Data Science Project Intern (Advertising Team) - 2026 Start (BS/MS),drop,,,,,,,,
7605436552185399605,lifeattiktok,20260408060306,https://lifeattiktok.com/search/7605436552185399605,200,detail,Backend Engineer Intern (TikTok LIVE) - 2027 Start (BS/MS),drop,,,,,,,,
7605475214691928373,lifeattiktok,20260515023608,https://lifeattiktok.com/search/7605475214691928373?utm_source=early-talent.diversifytech.com&utm_medium=referral&utm_campaign=student-edition-issue-246,200,detail,"Backend Software Engineer - Global E-commerce, Supply Chain and Logistics",drop,,,,,,,,
7605659841294518581,lifeattiktok,20260315114918,https://lifeattiktok.com/search/7605659841294518581,200,detail,Product Operations Project Intern (Global Monetization Product - Advertising - Creative) - 2026 Start (BS/MS),drop,,,,,,,,
7605996823695116597,lifeattiktok,20260315112433,https://lifeattiktok.com/search/7605996823695116597,200,detail,AI Agent Project Intern (BytePlus) - 2026 Start (BS/MS),drop,,,,,,,,
7606135424729368885,lifeattiktok,20260506185147,https://lifeattiktok.com/search/7606135424729368885,200,detail,User Operation Manager,drop,,,,,,,,
7607493509502732549,lifeattiktok,20260305113852,https://lifeattiktok.com/search/7607493509502732549,200,detail,"TikTok Shop - Account Manager (Home and Living), Paris",drop,,,,,,Paris,France,
7607589832285899061,lifeattiktok,20260226165856,https://lifeattiktok.com/search/7607589832285899061?_rsc=1m3ql,200,js_shell,,unusable,,,,,,,,
7607703021669337397,lifeattiktok,20260421225530,https://lifeattiktok.com/search/7607703021669337397,200,detail,"Immigration Operations Data Analyst, AMS",drop,,,,,,,,
7607953968303982901,lifeattiktok,20260515020424,https://lifeattiktok.com/search/7607953968303982901?spread=XKM9ZXE&utm_source=vibehackers.io&utm_medium=referral&utm_campaign=vibehackers_apply,200,detail,DFIR Automation Engineer - Global Security Organization,drop,,,,,,,,
7609047550392191237,lifeattiktok,20260515014356,https://lifeattiktok.com/search/7609047550392191237,200,detail,Backend Software Engineer Project Intern (Creation Platform) - 2026 Start (BS/MS),drop,,,,,,,,
7610200965827807493,lifeattiktok,20260519175424,https://lifeattiktok.com/search/7610200965827807493?_rsc=1m3ql,200,js_shell,,unusable,,,,,,,,
7610233267577030917,lifeattiktok,20260304160544,https://lifeattiktok.com/search/7610233267577030917,200,detail,"Global Agency Acquisitions Ops Manager, SMB - San Jose",drop,,,,,,San Jose,United States,
7610363345191962933,lifeattiktok,20260515021550,https://lifeattiktok.com/search/7610363345191962933,200,detail,Ecommerce Strategic Readiness Manager/Analyst - TikTok Shop,drop,,,,,,,,
7610829534909679877,lifeattiktok,20260515012724,https://lifeattiktok.com/search/7610829534909679877,200,detail,"Policy Manager, Societal Safety (Business Integrity)",include,policy manager; integrity,,,,,,,
7611016928481298693,lifeattiktok,20260315114046,https://lifeattiktok.com/search/7611016928481298693,200,detail,Product Marketing Manager - TikTok Operations,drop,,,,,,,,"HTTPSConnectionPool(host='web.archive.org', port=443): Max retries exceeded with url: /web/20260315114046id_/https://lif"
7611026837016201477,lifeattiktok,20260515022314,https://lifeattiktok.com/search/7611026837016201477,200,detail,Partner Growth & Incubation Manager - TikTok LIVE - Dubai (Chinese - Speaking),drop,,,,chinese,MENA,Dubai,United Arab Emirates,
7611027854739294517,lifeattiktok,20260515013914,https://lifeattiktok.com/search/7611027854739294517,200,detail,Partner Operations Manager - TikTok LIVE - Dubai (Arabic Speaking),drop,,,,arabic,MENA,Dubai,United Arab Emirates,
7611343656792344885,lifeattiktok,20260315111317,https://lifeattiktok.com/search/7611343656792344885,200,detail,Operations Project Intern (TikTok LIVE-AMS) - 2026 Start (BS/MS),drop,,,,,,,,
7611430843576191237,lifeattiktok,20260619180332,https://lifeattiktok.com/search/7611430843576191237,200,detail,"Category Manager Fashion & Beauty, Graduate (TikTok Shop Japan) - 2027 Start (BS/MS)",drop,,,,,Japan,,,
7611590228230687029,lifeattiktok,20260515023621,https://lifeattiktok.com/search/7611590228230687029,200,detail,Payroll Analyst - EMEA,drop,,,,,EMEA,,,
7611820476337899781,lifeattiktok,20260413220938,https://lifeattiktok.com/search/7611820476337899781?spread=5MWH5CQ,200,detail,Music Promotions Intern (TikTok Music) - 2026 Start (BS/MS),drop,,,,,,,,
7611950589973186821,lifeattiktok,20260421224631,https://lifeattiktok.com/search/7611950589973186821?spread=5MWH5CQ&utm_source=Trust+and+Safety+Jobs,200,detail,AI Product Operations Project Intern (TikTok-Platform Responsibility-Teen Experience) - 2026 Start (BS/MS),drop,,,,,,,,
7612547552476285189,lifeattiktok,20260421224022,https://lifeattiktok.com/search/7612547552476285189,200,detail,"Endpoint Security Software Engineer, Android - USDS",drop,,,,,,,,
7612603871816354053,lifeattiktok,20260422030017,https://lifeattiktok.com/search/7612603871816354053,200,detail,TikTok Shop - Arbitration Strategy Program Manager,drop,,,,,,,,
7612776124318632197,lifeattiktok,20260421235538,https://lifeattiktok.com/search/7612776124318632197,200,detail,Product Operations Project Intern (NA Creative Product Ops) - 2026 Start (BS/ MS),drop,,,,,,,,
7613191081590294789,lifeattiktok,20260415180026,https://lifeattiktok.com/search/7613191081590294789,200,detail,Backend Software Engineer - TikTok - OGC,drop,,,,,,,,
7613222246648252677,lifeattiktok,20260515012549,https://lifeattiktok.com/search/7613222246648252677?utm_source=early-talent.diversifytech.com&utm_medium=referral&utm_campaign=student-edition-issue-246,200,detail,Software Development Engineer in Test - Global E-commerce - User Experience,drop,,,,,,,,
7613464199235438901,lifeattiktok,20260421233942,https://lifeattiktok.com/search/7613464199235438901,200,detail,Product Operations Project Intern (NA Creative Product Ops) - 2026 Start (BS/ MS),drop,,,,,,,,
7613563421813033269,lifeattiktok,20260324080038,https://lifeattiktok.com/search/7613563421813033269,200,detail,Backend Software Engineer Intern (Data Trust and Safety) - 2027 Start (BS/MS),include,trust and safety,,,,,,,
7613569281146947893,lifeattiktok,20260902100319,https://lifeattiktok.com/search/7613569281146947893?utm_source=Simplify,200,detail,Associate Product Manager - TikTok Safety Product (San Jose),drop,,,,,,San Jose,United States,
7613587198434855173,lifeattiktok,20260515022151,https://lifeattiktok.com/search/7613587198434855173?utm_medium=email&utm_source=hs_email,200,detail,Product Manager Intern (TikTok-Product-Search Evaluation) - 2026 Summer (BS/MS),drop,,,,,,,,
7614262671299529013,lifeattiktok,20260421234638,https://lifeattiktok.com/search/7614262671299529013,200,detail,TikTok Shop - Arbitration Program Manager,drop,,,,,,,,
7615075191941794101,lifeattiktok,20260421220153,https://lifeattiktok.com/search/7615075191941794101,200,detail,[General Hire] Frontend Software Engineer - Monetization Technology,drop,,,,,,,,
7615200699101792565,lifeattiktok,20260515020357,https://lifeattiktok.com/search/7615200699101792565,200,detail,EMEA Payroll Project Intern (HR Operations - EMEA) - 2026 Start (BS/MS),drop,,,,,EMEA,,,
7615451587969173813,lifeattiktok,20260720154906,https://lifeattiktok.com/search/7615451587969173813,200,detail,Monetization Strategy & Operations Associate - Global Agency Strategy,drop,,,,,,,,"HTTPSConnectionPool(host='web.archive.org', port=443): Max retries exceeded with url: /web/20260720154906id_/https://lif"
7616071047978322181,lifeattiktok,20260421235020,https://lifeattiktok.com/search/7616071047978322181,200,detail,"Software Engineer, TikTok AIGC Agentic Workflow",drop,,,,,,,,
7616106067765070133,lifeattiktok,20260515021901,https://lifeattiktok.com/search/7616106067765070133?spread=XKM9ZXE,200,detail,"Public Policy Manager, Policy & Legislative Affairs",include,policy manager; public policy,,,,,,,
7616196460171069701,lifeattiktok,20260515013101,https://lifeattiktok.com/search/7616196460171069701,200,detail,Regional Agency Strategy & Operations Manager - TikTok LIVE - Dubai,drop,,,,,MENA,Dubai,United Arab Emirates,
7616680007864731957,lifeattiktok,20260515020452,https://lifeattiktok.com/search/7616680007864731957,200,detail,Measurement Performance Center of Excellence (CoE) Lead,drop,,,,,,,,
7617988028681980213,lifeattiktok,20260515013729,https://lifeattiktok.com/search/7617988028681980213,200,detail,Global Head of Integrated Marketing Communications,drop,,,,,,,,
7618124649465481525,lifeattiktok,20260506084630,https://lifeattiktok.com/search/7618124649465481525?_rsc=1m3ql,200,js_shell,,unusable,,,,,,,,
7618330582761785605,lifeattiktok,20260422030017,https://lifeattiktok.com/search/7618330582761785605,200,detail,TikTok Shop - Strategic Partnership Manager,drop,,,,,,,,
7618673899701799221,lifeattiktok,20260615205939,https://lifeattiktok.com/search/7618673899701799221?_rsc=1m3ql,200,js_shell,,unusable,,,,,,,,
7619081961436924213,lifeattiktok,20260615205938,https://lifeattiktok.com/search/7619081961436924213?_rsc=1m3ql,200,js_shell,,unusable,,,,,,,,
7620521322171664645,lifeattiktok,20260409160046,https://lifeattiktok.com/search/7620521322171664645,200,detail,Product Designer (Design+Code/Vibe Coding) - TikTok UX (San Jose),drop,,,,,,San Jose,United States,
7620569902743406901,lifeattiktok,20260902100347,https://lifeattiktok.com/search/7620569902743406901?utm_source=Simplify,200,detail,Product Manager Project Intern (GMPT Sales and Operations Management Platform) - 2026 Start (BS/ MS),drop,,,,,,,,
7620775575152462085,lifeattiktok,20260515023246,https://lifeattiktok.com/search/7620775575152462085,200,detail,Data Analyst Project Intern (TikTok Shop EMEA Data Science) - 2026 Start (BS/MS）,drop,,,,,EMEA,,,
7621229467767376181,lifeattiktok,20260515011358,https://lifeattiktok.com/search/7621229467767376181,200,detail,Industry Client Solutions Manager - Branding & Commerce - METAP - Global Business Solutions,drop,,,,,,,,
7621299118434961669,lifeattiktok,20260425073228,https://lifeattiktok.com/search/7621299118434961669?utm_source=Simplify,200,detail,Software Engineer Project Intern (Content AI Infrastructure) - 2026 Start (BS/MS),drop,,,,,,,,
7621478498095335733,lifeattiktok,20260515020552,https://lifeattiktok.com/search/7621478498095335733,200,detail,Client Solutions Manager - Consumer (Bengali Speaking) - Global Business Solutions - METAP,drop,,,,bengali,,,,
7621483588517726469,lifeattiktok,20260515015646,https://lifeattiktok.com/search/7621483588517726469,200,detail,Client Solutions Manager - Consumer (Urdu Speaking) - Global Business Solutions - METAP,drop,,,,urdu,,,,
7621693567735810357,lifeattiktok,20260615205938,https://lifeattiktok.com/search/7621693567735810357?_rsc=1m3ql,200,js_shell,,unusable,,,,,,,,
7621699366710446389,lifeattiktok,20260615205936,https://lifeattiktok.com/search/7621699366710446389?_rsc=1m3ql,200,js_shell,,unusable,,,,,,,,
7621829063973472517,lifeattiktok,20260515023708,https://lifeattiktok.com/search/7621829063973472517,200,detail,Monetization Strategy & Operations Manager - Global Business Solutions (MSO) - METAP,drop,,,,,,,,
7623154260240255237,lifeattiktok,20260515013639,https://lifeattiktok.com/search/7623154260240255237?spread=XKM9ZXE,200,detail,"Program Manager, North America - Trust and Safety",include,trust and safety,,,,,,,"HTTPSConnectionPool(host='web.archive.org', port=443): Max retries exceeded with url: /web/20260515013639id_/https://lif"
7623166673809770757,lifeattiktok,20260515005530,https://lifeattiktok.com/search/7623166673809770757,200,detail,Machine Learning Engineer Intern (App Ads) - 2026 Fall (BS/MS),drop,,,,,,,,
7623247457581140277,lifeattiktok,20260506084631,https://lifeattiktok.com/search/7623247457581140277?_rsc=1m3ql,200,js_shell,,unusable,,,,,,,,
7623278738259593525,lifeattiktok,20260615205938,https://lifeattiktok.com/search/7623278738259593525?_rsc=1m3ql,200,js_shell,,unusable,,,,,,,,
7623293300594149637,lifeattiktok,20260615205939,https://lifeattiktok.com/search/7623293300594149637?_rsc=1m3ql,200,js_shell,,unusable,,,,,,,,
7623442583347267893,lifeattiktok,20260708133243,https://lifeattiktok.com/search/7623442583347267893,200,detail,Europe Indirect Tax Manager,drop,,,,,Europe,,,
7623465908673202485,lifeattiktok,20260615205936,https://lifeattiktok.com/search/7623465908673202485?_rsc=1m3ql,200,js_shell,,unusable,,,,,,,,
7623523061015136565,lifeattiktok,20260415175804,https://lifeattiktok.com/search/7623523061015136565,200,detail,"Senior Backend Software Engineer, Global E-commerce Core Shopping",drop,,,,,,,,
7623733872967059765,lifeattiktok,20260515014003,https://lifeattiktok.com/search/7623733872967059765,200,detail,Brand Partnerships Manager - Consumer - Turkey - Global Business Solutions,drop,,,,,Turkey,,,
7623838710577989893,lifeattiktok,20260515010353,https://lifeattiktok.com/search/7623838710577989893,200,detail,Revenue Growth Strategy & Operations Manager - TikTok LIVE - Dubai (Chinese-speaking),drop,,,,chinese,MENA,Dubai,United Arab Emirates,
7623873788948089093,lifeattiktok,20260515011623,https://lifeattiktok.com/search/7623873788948089093,200,detail,Client Solutions Manager - Consumer (Turkish Speaking) - Global Business Solutions - METAP,drop,,,,turkish,,,,
7623959020277991685,lifeattiktok,20260609054021,https://lifeattiktok.com/search/7623959020277991685,200,detail,Multimedia Arch Senior Frontend Engineer,drop,,,,,,,,
7624226452934379781,lifeattiktok,20260422030008,https://lifeattiktok.com/search/7624226452934379781?_rsc=1m3ql,200,js_shell,,unusable,,,,,,,,
7624284785283746053,lifeattiktok,20260506185324,https://lifeattiktok.com/search/7624284785283746053,200,detail,Software Engineer Project Intern (Model Infrastructure) - 2026 Start (BS/MS),drop,,,,,,,,
7624475564505860357,lifeattiktok,20260515020947,https://lifeattiktok.com/search/7624475564505860357,200,detail,"Measurement Lead, Global Monetization Product and Technology, Regional",drop,,,,,,,,
7625737306751813893,lifeattiktok,20260519211139,https://lifeattiktok.com/search/7625737306751813893?utm_source=bandana,200,detail,"Global Monetization Product Counsel, Ads",drop,,,,,,,,
7625928030560700725,lifeattiktok,20260515011933,https://lifeattiktok.com/search/7625928030560700725,200,detail,(General Hire) Research Scientist Intern (TikTok Recommendation) - 2026 Start (PhD),drop,,,,,,,,
7625929879091300613,lifeattiktok,20260515012001,https://lifeattiktok.com/search/7625929879091300613,200,detail,(General Hire) Machine Learning Engineer Intern (TikTok-Recommendation) - 2026 Fall (BS/MS),drop,,,,,,,,
7625930920206272773,lifeattiktok,20260515014028,https://lifeattiktok.com/search/7625930920206272773,200,detail,Machine Learning Scientist Intern (TikTok-Recommendation) - 2026 Start (PhD),drop,,,,,,,,
7626184811367483653,lifeattiktok,20260710212812,https://lifeattiktok.com/search/7626184811367483653,200,detail,Network Engineer Graduate (Technical Infrastructures) - 2027 Start (BS/MS),drop,,,,,,,,
7626306561301612805,lifeattiktok,20260506084630,https://lifeattiktok.com/search/7626306561301612805?_rsc=1m3ql,200,js_shell,,unusable,,,,,,,,"HTTPSConnectionPool(host='web.archive.org', port=443): Max retries exceeded with url: /web/20260506084630id_/https://lif"
7626378781549414709,lifeattiktok,20260720154906,https://lifeattiktok.com/search/7626378781549414709,200,detail,"SEA Product Marketing Manager, Brand Ads",drop,,,,,,,,
7626592103511001397,lifeattiktok,20260515011725,https://lifeattiktok.com/search/7626592103511001397,200,detail,Product Strategist Project Intern (TikTok-Product-Business Analytics) - 2026 Start (BS/MS),drop,,,,,,,,
7626895406677707061,lifeattiktok,20260515023454,https://lifeattiktok.com/search/7626895406677707061,200,detail,Creator&Partner Strategy Project Intern (TikTok Shop - Operation) - 2026 Start (BS/MS),drop,,,,,,,,"HTTPSConnectionPool(host='web.archive.org', port=443): Max retries exceeded with url: /web/20260515023454id_/https://lif"
7626898982108039477,lifeattiktok,20260515013823,https://lifeattiktok.com/search/7626898982108039477,200,detail,"Backend Software Engineer - TikTok, Social Foundation",drop,,,,,,,,
7627060308124830005,lifeattiktok,20260515012827,https://lifeattiktok.com/search/7627060308124830005,200,detail,"Product Marketing & Operations Manager, Creative - METAP - Arabic Speaking",drop,,,,arabic,,,,
7627084698107824437,lifeattiktok,20260515012117,https://lifeattiktok.com/search/7627084698107824437,200,detail,Creator Manager (Lead Generation) - TikTok LIVE,drop,,,,,,,,
7627269344636864821,lifeattiktok,20260506084636,https://lifeattiktok.com/search/7627269344636864821,200,detail,Creator Growth Strategist - TikTok LIVE,drop,,,,,,,,
7628304546007320837,lifeattiktok,20260515013256,https://lifeattiktok.com/search/7628304546007320837,200,detail,Machine Learning Engineer - TikTok-Data-Search-Search Quality,drop,,,,,,,,
7628352960953207045,lifeattiktok,20260515021454,https://lifeattiktok.com/search/7628352960953207045,200,detail,Talent Acquisition Project Intern (E-Commerce) - 2026 Summer (BS/MS),drop,,,,,,,,
7628548754983733557,lifeattiktok,20260511101228,https://lifeattiktok.com/search/7628548754983733557?_rsc=1m3ql,200,js_shell,,unusable,,,,,,,,
7628874607467809029,lifeattiktok,20260506084636,https://lifeattiktok.com/search/7628874607467809029,200,detail,Back End Engineer - Video and Edge,drop,,,,,,,,
7628994830705871157,lifeattiktok,20260902100349,https://lifeattiktok.com/search/7628994830705871157?utm_source=Simplify,200,detail,Product Manager Project Intern (Brand Effectiveness - Monetization Product) - 2026 Start (BS/MS),drop,,,,,,,,
7629187524074342709,lifeattiktok,20260609053817,https://lifeattiktok.com/search/7629187524074342709,200,detail,Research Scientist Intern– E-commerce Recommendation(LLM Applications) - Global Frontier Tech Recruitment Program - 2027 Start (PhD),drop,,,,,,,,
7629446562023819525,lifeattiktok,20260710212811,https://lifeattiktok.com/search/7629446562023819525,200,detail,Implementation Support Specialist - Advertisement Team (Portuguese Speaker) - (Third Party Associate),drop,,,,portuguese,,,,
7629500062003218741,lifeattiktok,20260425073228,https://lifeattiktok.com/search/7629500062003218741?utm_source=Simplify,200,detail,"Software Engineer Project Intern (Recommendation Infrastructure, TikTok Video Social) - 2026 Start (BS/MS)",drop,,,,,,,,
7629632305942432053,lifeattiktok,20260902100932,https://lifeattiktok.com/search/7629632305942432053?utm_source=Simplify,200,detail,Backend Software Engineer - Innovative Growth,drop,,,,,,,,
7629781193366554933,lifeattiktok,20260609061423,https://lifeattiktok.com/search/7629781193366554933?spread=G1DWUPV,200,detail,"Senior Partnerships Manager, Entertainment - TikTok Operations (Los Angeles)",drop,,,,,,Los Angeles,United States,
7630766859083925813,lifeattiktok,20260506084631,https://lifeattiktok.com/search/7630766859083925813?_rsc=1m3ql,200,js_shell,,unusable,,,,,,,,
7630767896739154229,lifeattiktok,20260710212808,https://lifeattiktok.com/search/7630767896739154229,200,detail,Data Analyst Project Intern (TikTok Shop - EMEA Data Science) - 2026 Start (BS/MS）,drop,,,,,EMEA,,,
7631062649025857797,lifeattiktok,20260609063449,https://lifeattiktok.com/search/7631062649025857797,200,detail,Applied Scientist Intern - Monetization GenAI - Global Frontier Tech Recruitment Program - 2027 Start (PhD),drop,,,,,,,,"HTTPSConnectionPool(host='web.archive.org', port=443): Max retries exceeded with url: /web/20260609063449id_/https://lif"
7631070962359912757,lifeattiktok,20260506084636,https://lifeattiktok.com/search/7631070962359912757,200,detail,"Client Solutions Manager, Commerce - AUNZ",drop,,,,,,,,
7631277919231625525,lifeattiktok,20260902100333,https://lifeattiktok.com/search/7631277919231625525?utm_source=Simplify,200,detail,Data Product Manager Project Intern (Monetization) - 2026 Start (BS/MS),drop,,,,,,,,
7631316976024160517,lifeattiktok,20260511101235,https://lifeattiktok.com/search/7631316976024160517,200,detail,TikTok Shop - Customer Trust & Communication Strategy Program Manager,drop,,,,,,,,"HTTPSConnectionPool(host='web.archive.org', port=443): Max retries exceeded with url: /web/20260511101235id_/https://lif"
7631636225092716805,lifeattiktok,20260511101227,https://lifeattiktok.com/search/7631636225092716805?_rsc=1m3ql,200,js_shell,,unusable,,,,,,,,
7631979676697200949,lifeattiktok,20260515020302,https://lifeattiktok.com/search/7631979676697200949,200,detail,"Head of Communications, MENA",drop,,,,,MENA,,,
7632074411612997941,lifeattiktok,20260609062514,https://lifeattiktok.com/search/7632074411612997941,200,detail,"Global Account Director, Entertainment",drop,,,,,,,,
7632245868753750325,lifeattiktok,20260511101227,https://lifeattiktok.com/search/7632245868753750325?_rsc=1m3ql,200,js_shell,,unusable,,,,,,,,
7632363492922034485,lifeattiktok,20260427145839,https://lifeattiktok.com/search/7632363492922034485,200,detail,Creative Product Operations Project Intern (Monetization Product) - 2026 Start (BS/MS),drop,,,,,,,,
7632474163383765301,lifeattiktok,20260428020142,https://lifeattiktok.com/search/7632474163383765301,200,detail,Product Manager Project Intern (Brand Advertising - Monetization Product) - 2026 Start (BS/MS),drop,,,,,,,,
7633608237116393781,lifeattiktok,20260503194425,https://lifeattiktok.com/search/7633608237116393781,200,detail,Product Solutions and Operations Project Intern (Content and Service Ads- Search Ads) - 2026 Start (BS/MS),drop,,,,,,,,
7633688919816882485,lifeattiktok,20260519175425,https://lifeattiktok.com/search/7633688919816882485?_rsc=1m3ql,200,js_shell,,unusable,,,,,,,,
7633693332430047493,lifeattiktok,20260511101227,https://lifeattiktok.com/search/7633693332430047493?_rsc=1m3ql,200,js_shell,,unusable,,,,,,,,
7634027348048709941,lifeattiktok,20260902100334,https://lifeattiktok.com/search/7634027348048709941?utm_source=Simplify,200,detail,Product Manager Project Intern (Ads Interface and Platform) - 2026 Start (BS/MS),drop,,,,,,,,
7634667327843535109,lifeattiktok,20260902100354,https://lifeattiktok.com/search/7634667327843535109?utm_source=Simplify,200,detail,Product Manager Core Ads Project Intern (Ads Interface and Platform Product-Ads Manager) - 2026 Start (BS/MS),drop,,,,,,,,
7634671830016542981,lifeattiktok,20260519175426,https://lifeattiktok.com/search/7634671830016542981?_rsc=1m3ql,200,js_shell,,unusable,,,,,,,,
7634933956631300405,lifeattiktok,20260511101235,https://lifeattiktok.com/search/7634933956631300405,200,detail,"Agency Solutions Manager, Agency Acquisition, Scaled Growth NA+LATAM - NY",drop,,,,,LATAM,,,
7634995623021136181,lifeattiktok,20260519175424,https://lifeattiktok.com/search/7634995623021136181?_rsc=1m3ql,200,js_shell,,unusable,,,,,,,,
7636039592689027381,lifeattiktok,20260506185147,https://lifeattiktok.com/search/7636039592689027381,200,detail,TikTok Shop - Category Manager - K-Beauty,drop,,,,,,,,
7636098286617512197,lifeattiktok,20260511101235,https://lifeattiktok.com/search/7636098286617512197,200,detail,"TikTok Shop - EHS & Safety Manager, Sorting Center",drop,,,,,,,,
7636202394477709573,lifeattiktok,20260519175426,https://lifeattiktok.com/search/7636202394477709573?_rsc=1m3ql,200,js_shell,,unusable,,,,,,,,
7636202397128526133,lifeattiktok,20260519175426,https://lifeattiktok.com/search/7636202397128526133?_rsc=1m3ql,200,js_shell,,unusable,,,,,,,,
7636505871966832901,lifeattiktok,20260609053427,https://lifeattiktok.com/search/7636505871966832901,200,detail,"Global Product Marketing Manager, TikTok One",drop,,,,,,,,
7637047421538404613,lifeattiktok,20260902100655,https://lifeattiktok.com/search/7637047421538404613?utm_source=Simplify,200,detail,Software Engineer Intern (Quality and Efficiency Technology) - 2026 Summer (BS/MS),drop,,,,,,,,"HTTPSConnectionPool(host='web.archive.org', port=443): Max retries exceeded with url: /web/20260902100655id_/https://lif"
7637247068168702261,lifeattiktok,20260710212806,https://lifeattiktok.com/search/7637247068168702261,200,detail,"Software Engineer - Computer Graphics, Physics and Animation (Multiple Positions)",drop,,,,,,,,
7638887044509468981,lifeattiktok,20260609062657,https://lifeattiktok.com/search/7638887044509468981,200,detail,Trending Sports Product Operation Project Intern (TikTok-Search) - 2026 Start (BS/MS),drop,,,,,,,,
7639326056648902917,lifeattiktok,20260519020742,https://lifeattiktok.com/search/7639326056648902917,200,detail,UX Researcher - Global E-Commerce - Singapore,drop,,,,,Singapore,Singapore,Singapore,
7639440318003300613,lifeattiktok,20260619180332,https://lifeattiktok.com/search/7639440318003300613,200,detail,Machine Learning Engineer Graduate (TikTok-Data-Search-Basic Ranking) - 2026 Start (BS/MS),drop,,,,,,,,
7639514228211124533,lifeattiktok,20260609063202,https://lifeattiktok.com/search/7639514228211124533,200,detail,Product Operations Project Intern Pangle (Advertisement Team) - 2026 Start (BS/MS),drop,,,,,,,,
7641769406597499141,lifeattiktok,20260609055650,https://lifeattiktok.com/search/7641769406597499141,200,detail,"Creator Partnerships Manager, Emerging Verticals- TikTok Operations (Los Angeles)",drop,,,,,,Los Angeles,United States,
7642080350810229045,lifeattiktok,20260724033205,https://lifeattiktok.com/search/7642080350810229045,200,detail,"TikTok Shop - Acquisition Manager, Polish speaking",drop,,,,polish,,,,
7642122226588535045,lifeattiktok,20260527054203,https://lifeattiktok.com/search/7642122226588535045,200,detail,Software Development Engineer in Test Intern (Global E-Commerce) - 2026 Summer (BS/MS),drop,,,,,,,,
7642172457369717045,lifeattiktok,20260615210045,https://lifeattiktok.com/search/7642172457369717045,200,detail,TikTok Shop – Campaign Management Manager,drop,,,,,,,,
7644492491715086645,lifeattiktok,20260619180330,https://lifeattiktok.com/search/7644492491715086645,200,detail,Search Product Operation Expert Graduate (ADSO) - 2026 Start (BS/MS),drop,,,,,,,,
7644968740786309429,lifeattiktok,20260715005744,https://lifeattiktok.com/search/7644968740786309429,200,detail,Sales Agency Project Intern (Scaled Growth) - 2026 Start (BS/MS),drop,,,,,,,,
7644986569989032197,lifeattiktok,20260902100334,https://lifeattiktok.com/search/7644986569989032197?utm_source=Simplify,200,detail,Product Manager Shop Ads Creative Project Intern (Ads Interface and Platform) - 2026 Start (BS/MS),drop,,,,,,,,
7646621925436131637,lifeattiktok,20260902100649,https://lifeattiktok.com/search/7646621925436131637?utm_source=Simplify,200,detail,AI software Engineer Project Intern (Transaction Platform) - 2026 Start (BS/MS),drop,,,,,,,,
7646695339021715717,lifeattiktok,20260824161338,https://lifeattiktok.com/search/7646695339021715717,200,detail,"Machine Learning Engineer, TikTok Brand Ads",drop,,,,,,,,
7647015240097630469,lifeattiktok,20260724033157,https://lifeattiktok.com/search/7647015240097630469?_rsc=1m3ql,200,js_shell,,unusable,,,,,,,,
7648962845480454405,lifeattiktok,20260708133155,https://lifeattiktok.com/search/7648962845480454405,200,detail,TikTok Shop Partners Intern (TikTok Shop) - 2026 Start (BS/MS),drop,,,,,,,,
7649013736124090677,lifeattiktok,20260708133205,https://lifeattiktok.com/search/7649013736124090677?_rsc=1v3au,200,js_shell,,unusable,,,,,,,,
7649673091993454853,lifeattiktok,20260902100355,https://lifeattiktok.com/search/7649673091993454853?utm_source=Simplify,200,detail,Strategy Product Manager Project Intern (TikTok-Platform Responsibility) - 2026 Start (BS/MS）,drop,,,,,,,,
7649694757699406133,lifeattiktok,20260708133248,https://lifeattiktok.com/search/7649694757699406133,200,detail,Agency Partner Manager - Global Business Solutions - London,drop,,,,,,London,United Kingdom,
7649701545844590853,lifeattiktok,20260708133243,https://lifeattiktok.com/search/7649701545844590853,200,detail,"Brand Partnerships Manager, Travel - Global Business Solutions - London",drop,,,,,,London,United Kingdom,"HTTPSConnectionPool(host='web.archive.org', port=443): Max retries exceeded with url: /web/20260708133243id_/https://lif"
7649923614818208005,lifeattiktok,20260615210002,https://lifeattiktok.com/search/7649923614818208005?_rsc=1m3ql,200,js_shell,,unusable,,,,,,,,
7652790330597640453,lifeattiktok,20260817160756,https://lifeattiktok.com/search/7652790330597640453,200,detail,Senior Technical Compliance Manager,drop,,,,,,,,
7654431844394322229,lifeattiktok,20260902100647,https://lifeattiktok.com/search/7654431844394322229?utm_source=Simplify,200,detail,Frontend Software Engineer Project Intern (Global CRM) - 2026 Start（BS/MS）,drop,,,,,,,,
7655410730217048373,lifeattiktok,20260902100333,https://lifeattiktok.com/search/7655410730217048373?utm_source=Simplify,200,detail,Product Manager Vertical Search Ads Mandarin Speaking Project intern (Content and Service Ads) - 2026 Start (BS/MS),drop,,,,mandarin,,,,
7655421207605889333,lifeattiktok,20260902100353,https://lifeattiktok.com/search/7655421207605889333?utm_source=Simplify,200,detail,Product-Led-Growth Product Manager Project Intern (Product Lead Growth) - 2026 Start (BS/MS),drop,,,,,,,,
7655820180341393717,lifeattiktok,20260708133245,https://lifeattiktok.com/search/7655820180341393717,200,detail,E-Commerce Safety Communications Manager,drop,,,,,,,,
7656050596338108677,lifeattiktok,20260708133245,https://lifeattiktok.com/search/7656050596338108677,200,detail,"Brand Partnerships Manager, CPG - Global Business Solutions London",drop,,,,,,London,United Kingdom,
7657136115824183605,lifeattiktok,20260710204647,https://lifeattiktok.com/search/7657136115824183605?spread=XKM9ZXE,200,detail,"Quality & Training Specialist, Live & Monetization - Lisbon - Portuguese Speaker (Fixed-term Contract)",drop,,,,portuguese,,Lisbon,Portugal,
7657161146902808837,lifeattiktok,20260817160756,https://lifeattiktok.com/search/7657161146902808837,200,detail,"Quality & Training Specialist - German Speaker, Video Safety Operations (Dublin)",include,safety operations,,,german,Ireland,Dublin,Ireland,
7657230457256560949,lifeattiktok,20260724033156,https://lifeattiktok.com/search/7657230457256560949?_rsc=1m3ql,200,js_shell,,unusable,,,,,,,,
7657305784535861557,lifeattiktok,20260708133243,https://lifeattiktok.com/search/7657305784535861557,200,detail,"Communications Manager, Global T&S and Technology Communications",include,t&s,,,,,,,
7657426283753326853,lifeattiktok,20260708133243,https://lifeattiktok.com/search/7657426283753326853,200,detail,Internal Communications Partner - EU,drop,,,,,,,,
7657521249987447093,lifeattiktok,20260708133245,https://lifeattiktok.com/search/7657521249987447093,200,detail,"Platform Campaign Merchandise Manager, Project Intern (Campaign UK), 2026 Start (BS/MS)",drop,,,,,,,,
7657541997725288757,lifeattiktok,20260902100337,https://lifeattiktok.com/search/7657541997725288757?utm_source=Simplify,200,detail,Copyright Solution Product Manager Project Intern (TikTok-Music) - 2026 Start (BS/MS),drop,,,,,,,,
7657728959042046213,lifeattiktok,20260902100347,https://lifeattiktok.com/search/7657728959042046213?utm_source=Simplify,200,detail,Product Manager Project Intern (TikTok Ads Agent-Scaled Growth) - 2026 Start (BS/MS),drop,,,,,,,,
7657791178633136437,lifeattiktok,20260817160756,https://lifeattiktok.com/search/7657791178633136437,200,detail,TikTok Shop - Category Manager Lead - Collectibles,drop,,,,,,,,
7657889445472913669,lifeattiktok,20260708133245,https://lifeattiktok.com/search/7657889445472913669,200,detail,UX Researcher - Global E-Commerce (UK),drop,,,,,United Kingdom,,,
7658175518694852869,lifeattiktok,20260708133243,https://lifeattiktok.com/search/7658175518694852869,200,detail,Intra-EU Business Analyst - TikTok Shop,drop,,,,,,,,
7659810488421091589,lifeattiktok,20260807172342,https://lifeattiktok.com/search/7659810488421091589,200,detail,"Tech Lead Research Scientist/Engineer, Neural Graphics and World Models",drop,,,,,,,,
7660338485345405237,lifeattiktok,20260710135648,https://lifeattiktok.com/search/7660338485345405237,200,detail,Senior Indirect Tax Manager - US (New York),drop,,,,,,New York,United States,"HTTPSConnectionPool(host='web.archive.org', port=443): Max retries exceeded with url: /web/20260710135648id_/https://lif"
7660444834546141445,lifeattiktok,20260724033156,https://lifeattiktok.com/search/7660444834546141445?_rsc=1m3ql,200,js_shell,,unusable,,,,,,,,
7662234280765180165,lifeattiktok,20260817160756,https://lifeattiktok.com/search/7662234280765180165,200,detail,TikTok Shop - Service Solution Program Manager (Risk Management),drop,,,,,,,,
7662594807715072261,lifeattiktok,20260902100633,https://lifeattiktok.com/search/7662594807715072261?utm_source=Simplify,200,detail,Software Engineer Project Intern (Global E-Commerce Search Infrastructure) - 2026 Start,drop,,,,,,,,
7662674773743405365,lifeattiktok,20260724033205,https://lifeattiktok.com/search/7662674773743405365,200,detail,Operation Guidelines & Standard Specialist - Kuala Lampur - VSO,drop,,,,,,,,
7662684280234232117,lifeattiktok,20260902100638,https://lifeattiktok.com/search/7662684280234232117?utm_source=Simplify,200,detail,(General Hire) Software Engineer Intern (Trust and Safety-Engineering) - 2027 Summer,include,trust and safety,,,,,,,
7662700594251958581,lifeattiktok,20260902100638,https://lifeattiktok.com/search/7662700594251958581?utm_source=Simplify,200,detail,(General Hire) Software Engineer Intern (Trust and Safety-Engineering) - 2027 Summer,include,trust and safety,,,,,,,
7662786030903429429,lifeattiktok,20260724033156,https://lifeattiktok.com/search/7662786030903429429?_rsc=1m3ql,200,js_shell,,unusable,,,,,,,,
7663000152511072517,lifeattiktok,20260826030028,https://lifeattiktok.com/search/7663000152511072517,200,detail,Digital Marketing Project Intern (TikTok Shop - Seller Marketing) - 2026 Start,drop,,,,,,,,
7663028952600807733,lifeattiktok,20260902100926,https://lifeattiktok.com/search/7663028952600807733?utm_source=Simplify,200,detail,Backend Software Engineer Graduate (Feed Safety) - 2027 Start,drop,,,,,,,,
7663032057264244997,lifeattiktok,20260902100925,https://lifeattiktok.com/search/7663032057264244997?utm_source=Simplify,200,detail,Backend Software Engineer Graduate (Risk & Response) - 2027 Start,drop,,,,,,,,
7663036952090347829,lifeattiktok,20260902100915,https://lifeattiktok.com/search/7663036952090347829?utm_source=Simplify,200,detail,Backend Software Engineer Graduate (Emerging Products & AI Safety) - 2027 Start,drop,,,,,,,,
7663042453461600517,lifeattiktok,20260902100925,https://lifeattiktok.com/search/7663042453461600517?utm_source=Simplify,200,detail,Backend Software Engineer Graduate (Business Governance) - 2027 Start,include,governance,,,,,,,
7663343916948703493,lifeattiktok,20260720154906,https://lifeattiktok.com/search/7663343916948703493,200,detail,AI Strategic Analyst,drop,,,,,,,,
7663389745178757429,lifeattiktok,20260902165803,https://lifeattiktok.com/search/7663389745178757429,200,detail,(General Hire)Machine Learning Engineer Graduate (TikTok Recommendation) - 2027 Start,drop,,,,,,,,
7663395219129223429,lifeattiktok,20260904122222,https://lifeattiktok.com/search/7663395219129223429,200,detail,Backend Software Engineer Graduate (Global LIVE Fund Safety) - 2027 Start,drop,,,,,,,,
7663396538815826229,lifeattiktok,20260811034440,https://lifeattiktok.com/search/7663396538815826229,200,detail,Backend Software Engineer Intern (Global LIVE Fund Safety) - 2027 Start,drop,,,,,,,,
7663433892689201461,lifeattiktok,20260720154905,https://lifeattiktok.com/search/7663433892689201461,200,detail,"Agency Acquisition Manager, SEA",drop,,,,,,,,
7664533229944178949,lifeattiktok,20260902100915,https://lifeattiktok.com/search/7664533229944178949?utm_source=Simplify,200,detail,(General hire) Backend Software Engineer Graduate (Trust & Safety) - 2027 Start,include,trust & safety,,,,,,,
7664833114619545861,lifeattiktok,20260724093721,https://lifeattiktok.com/search/7664833114619545861,200,detail,Brand Campaign Project Intern (TikTok Shop - US Operation) - 2026 Start,drop,,,,,,,,
7665039510518319413,lifeattiktok,20260724093721,https://lifeattiktok.com/search/7665039510518319413,200,detail,TikTok Shop - FBT Logistics Solution Manager,drop,,,,,,,,"HTTPSConnectionPool(host='web.archive.org', port=443): Max retries exceeded with url: /web/20260724093721id_/https://lif"
7665181666126432565,lifeattiktok,20260724093721,https://lifeattiktok.com/search/7665181666126432565,200,detail,Platform Campaign Project Intern (TikTok Shop - US Campaign) - 2026 Start,drop,,,,,,,,
7665475888805611781,lifeattiktok,20260811034440,https://lifeattiktok.com/search/7665475888805611781,200,detail,Machine Learning Engineer Intern (TikTok-Data-Search-Search Quality) - 2027 Start (PhD),drop,,,,,,,,
7665547610124323125,lifeattiktok,20260724093721,https://lifeattiktok.com/search/7665547610124323125,200,detail,Mobility Operation Specialist Graduate (AI & Automation) - 2026 Start,drop,,,,,,,,
7665646635395188997,lifeattiktok,20260817160756,https://lifeattiktok.com/search/7665646635395188997,200,detail,LLM & Agent Algorithm Intern (Search) - 2027 Start (PhD),drop,,,,,,,,
7665890556955101493,lifeattiktok,20260727084344,https://lifeattiktok.com/search/7665890556955101493,200,detail,"Partner Marketing Manager, GBM",drop,,,,,,,,
7665994926887291189,lifeattiktok,20260902100915,https://lifeattiktok.com/search/7665994926887291189?utm_source=Simplify,200,detail,(General Hire) Backend Software Engineer Graduate (Trust & Safety) - 2027 Start,include,trust & safety,,,,,,,
7666146839179380997,lifeattiktok,20260727084344,https://lifeattiktok.com/search/7666146839179380997,200,detail,TikTok Shop - Logistics Experience Product Solution & Operation Manager,drop,,,,,,,,
7666282799471528197,lifeattiktok,20260811035146,https://lifeattiktok.com/search/7666282799471528197,200,detail,Large Recommendation Model Algorithm Engineer Intern (Global E-Commerce) - 2027 Start,drop,,,,,,,,
7666292282597591349,lifeattiktok,20260817160756,https://lifeattiktok.com/search/7666292282597591349,200,detail,Machine Learning Engineer Intern (Global E-Commerce) - 2027 Start,drop,,,,,,,,
7667248888101685509,lifeattiktok,20260812140618,https://lifeattiktok.com/search/7667248888101685509,200,detail,Efficiency Analyst/Methodologist Project Intern (Content Operations - TikTok-Operations-Operations Efficiency) - 2026 Start,drop,,,,,,,,
7667350291952765237,lifeattiktok,20260824144757,https://lifeattiktok.com/search/7667350291952765237,200,detail,Machine Learning Engineer Intern (TikTok-Data-Search-Visual Search) - 2027 Summer,drop,,,,,,,,
7667578131150506293,lifeattiktok,20260902100337,https://lifeattiktok.com/search/7667578131150506293?utm_source=Simplify,200,detail,AI Product Manager Intern (TikTok-Product-Content Ecosystem) - 2027 Summer,drop,,,,,,,,
7667874197682899205,lifeattiktok,20260902100334,https://lifeattiktok.com/search/7667874197682899205?utm_source=Simplify,200,detail,Recommendation Product Manager Intern (TikTok-Product-Content Ecosystem) - 2027 Summer,drop,,,,,,,,
7667908293442275589,lifeattiktok,20260811034440,https://lifeattiktok.com/search/7667908293442275589,200,detail,Software Engineer Intern (TikTok Recommendation Architecture) - 2027 Start,drop,,,,,,,,
7667933335084124469,lifeattiktok,20260902100615,https://lifeattiktok.com/search/7667933335084124469?utm_source=Simplify,200,detail,Backend Software Engineer Intern (TikTok-Search) - 2027 Summer,drop,,,,,,,,
7667933770819897605,lifeattiktok,20260902100615,https://lifeattiktok.com/search/7667933770819897605?utm_source=Simplify,200,detail,Backend Software Engineer Intern (TikTok-PGC-Creator Strategy) - 2027 Summer,drop,,,,,,,,
7667934302872537397,lifeattiktok,20260902100615,https://lifeattiktok.com/search/7667934302872537397?utm_source=Simplify,200,detail,Backend Software Engineer Intern (TikTok- PGC-Digital Content Center) - 2027 Summer,drop,,,,,,,,
7667934635573692725,lifeattiktok,20260902100617,https://lifeattiktok.com/search/7667934635573692725?utm_source=Simplify,200,detail,Backend Software Engineer Intern (TikTok-Social-Friending) - 2027 Summer,drop,,,,,,,,
7667934759481526581,lifeattiktok,20260902100625,https://lifeattiktok.com/search/7667934759481526581?utm_source=Simplify,200,detail,Software Development Engineer in Test Intern（TikTok-Testing）- 2027 Summer,drop,,,,,,,,
7667934792727906565,lifeattiktok,20260811035619,https://lifeattiktok.com/search/7667934792727906565,200,detail,"Research Engineer Intern, Agentic Systems & AI Infrastructure (TikTok-Generalized Arch) - 2027 Summer",drop,,,,,,,,"HTTPSConnectionPool(host='web.archive.org', port=443): Max retries exceeded with url: /web/20260811035619id_/https://lif"
7667934860750063925,lifeattiktok,20260902100614,https://lifeattiktok.com/search/7667934860750063925?utm_source=Simplify,200,detail,Backend Software Engineer Intern (TikTok-Growth-Innovative Growth) - 2027 Summer,drop,,,,,,,,
7667935150530840837,lifeattiktok,20260902100613,https://lifeattiktok.com/search/7667935150530840837?utm_source=Simplify,200,detail,Backend Software Engineer Intern (TikTok-Global Live-Foundation) - 2027 Summer,drop,,,,,,,,
7667935399050692917,lifeattiktok,20260902100638,https://lifeattiktok.com/search/7667935399050692917?utm_source=Simplify,200,detail,Software Engineer Intern (TikTok-Social-Friending) - 2027 Summer,drop,,,,,,,,
7667935565120112949,lifeattiktok,20260902100614,https://lifeattiktok.com/search/7667935565120112949?utm_source=Simplify,200,detail,Backend Software Engineer Intern (TikTok-Social-Foundation) - 2027 Summer,drop,,,,,,,,
7667935568626043141,lifeattiktok,20260817160748,https://lifeattiktok.com/search/7667935568626043141?_rsc=1m3ql,200,js_shell,,unusable,,,,,,,,
7667935633764370741,lifeattiktok,20260902100613,https://lifeattiktok.com/search/7667935633764370741?utm_source=Simplify,200,detail,Backend Software Engineer Intern (TikTok - Product Infrastructure) - 2027 Summer,drop,,,,,,,,
7667935738376227077,lifeattiktok,20260902100640,https://lifeattiktok.com/search/7667935738376227077?utm_source=Simplify,200,detail,Software Engineer Intern (TikTok-Generalized Arch-Code Intelligence & Quality Validation) - 2027 Summer,drop,,,,,,,,"HTTPSConnectionPool(host='web.archive.org', port=443): Max retries exceeded with url: /web/20260902100640id_/https://lif"
7667935739300317493,lifeattiktok,20260902100619,https://lifeattiktok.com/search/7667935739300317493?utm_source=Simplify,200,detail,Backend Software Engineer Intern (TikTok-Privacy and Security) - 2027 Summer,drop,,,,,,,,
7667935739300792629,lifeattiktok,20260902100639,https://lifeattiktok.com/search/7667935739300792629?utm_source=Simplify,200,detail,Software Engineer Intern (TikTok- Developer Platform) - 2027 Summer,drop,,,,,,,,
7668066625135921413,lifeattiktok,20260810183238,https://lifeattiktok.com/search/7668066625135921413,200,detail,Ticketing System Product Operations Specialist - Advertisement Team,drop,,,,,,,,
7668445566565321013,lifeattiktok,20260902100641,https://lifeattiktok.com/search/7668445566565321013?utm_source=Simplify,200,detail,Software Engineer Intern (TikTok-Agentic Creation-Effect Platform) - 2027 Summer,drop,,,,,,,,
7668554579301124357,lifeattiktok,20260902100916,https://lifeattiktok.com/search/7668554579301124357?utm_source=Simplify,200,detail,Software Engineer Graduate (Global CRM) - 2027 Start,drop,,,,,,,,
7668557209047894325,lifeattiktok,20260902100919,https://lifeattiktok.com/search/7668557209047894325?utm_source=Simplify,200,detail,Software Engineer Graduate (Transaction Platform) - 2027 Start,drop,,,,,,,,
7668561079544154373,lifeattiktok,20260902100927,https://lifeattiktok.com/search/7668561079544154373?utm_source=Simplify,200,detail,Frontend Software Engineer Graduate (Global CRM) - 2027 Start,drop,,,,,,,,
7668565377911163189,lifeattiktok,20260811034924,https://lifeattiktok.com/search/7668565377911163189,200,detail,AI Agent Engineer Intern (TikTok Shop - SEA) - 2027 Start,drop,,,,,,,,
7668566347702569269,lifeattiktok,20260902100917,https://lifeattiktok.com/search/7668566347702569269?utm_source=Simplify,200,detail,Software Engineer Graduate (AI Agent & Global Revenue Platform) - 2027 Start,drop,,,,,,,,
7668569995571726597,lifeattiktok,20260902100149,https://lifeattiktok.com/search/7668569995571726597?utm_source=Simplify,200,detail,Frontend Software Engineer Graduate (Ads Interface) - 2027 Start,drop,,,,,,,,
7668581636242016565,lifeattiktok,20260902100644,https://lifeattiktok.com/search/7668581636242016565?utm_source=Simplify,200,detail,Software Engineer Intern (Ads Infrastructure) - 2027 Summer,drop,,,,,,,,
7668582031916435717,lifeattiktok,20260902100643,https://lifeattiktok.com/search/7668582031916435717?utm_source=Simplify,200,detail,Software Engineer Intern (Ads Measurement Signal and Privacy) - 2027 Summer,drop,,,,,,,,
7668582086899763461,lifeattiktok,20260902100644,https://lifeattiktok.com/search/7668582086899763461?utm_source=Simplify,200,detail,Software Engineer Intern (Data Arch - E-commerce) - 2027 Summer,drop,,,,,,,,"HTTPSConnectionPool(host='web.archive.org', port=443): Max retries exceeded with url: /web/20260902100644id_/https://lif"
7668582086900680965,lifeattiktok,20260902100909,https://lifeattiktok.com/search/7668582086900680965?utm_source=Simplify,200,detail,Software Engineer Graduate (Data Arch - E-commerce) - 2027 Start,drop,,,,,,,,
7668582146236631349,lifeattiktok,20260902100641,https://lifeattiktok.com/search/7668582146236631349?utm_source=Simplify,200,detail,Software Engineer Intern (Data Arch - E-commerce) - 2027 Summer,drop,,,,,,,,
7668582542044072245,lifeattiktok,20260902100910,https://lifeattiktok.com/search/7668582542044072245?utm_source=Simplify,200,detail,Software Engineer Graduate (Data Arch - E-commerce) - 2027 Start,drop,,,,,,,,
7668584161852229893,lifeattiktok,20260902100619,https://lifeattiktok.com/search/7668584161852229893?utm_source=Simplify,200,detail,Frontend Software Engineer Intern (Ads Measurement Signal and Privacy) - 2027 Summer,drop,,,,,,,,
7668584916620527925,lifeattiktok,20260902100642,https://lifeattiktok.com/search/7668584916620527925?utm_source=Simplify,200,detail,Software Engineer Intern (Business Integrity) - 2027 Summer,include,integrity,,,,,,,
7668592494649690421,lifeattiktok,20260902100901,https://lifeattiktok.com/search/7668592494649690421?utm_source=Simplify,200,detail,Software Engineer Graduate (Business Integrity) - 2027 Start,include,integrity,,,,,,,
7668642761473902901,lifeattiktok,20260902100643,https://lifeattiktok.com/search/7668642761473902901?utm_source=Simplify,200,detail,Software Engineer Intern (Creative Intelligence and Brand Innovation) - 2027 Summer,drop,,,,,,,,"HTTPSConnectionPool(host='web.archive.org', port=443): Max retries exceeded with url: /web/20260902100643id_/https://lif"
7668662545059023157,lifeattiktok,20260902100901,https://lifeattiktok.com/search/7668662545059023157?utm_source=Simplify,200,detail,Software Engineer Graduate (Ads Delivery) - 2027 Start,drop,,,,,,,,
7668675500744837381,lifeattiktok,20260902100646,https://lifeattiktok.com/search/7668675500744837381?utm_source=Simplify,200,detail,Software Engineer Intern (TikTok-Agentic Creation-AIGC) - 2027 Summer,drop,,,,,,,,
7668680253677504821,lifeattiktok,20260902100901,https://lifeattiktok.com/search/7668680253677504821?utm_source=Simplify,200,detail,Software Engineer Graduate (Quality and Efficiency Technology) - 2027 Start,drop,,,,,,,,
7668698260232702261,lifeattiktok,20260817160756,https://lifeattiktok.com/search/7668698260232702261,200,detail,Machine Learning Engineer Graduate (Brand Ads) - 2027 Start (PhD),drop,,,,,,,,
7668701834807101749,lifeattiktok,20260902100921,https://lifeattiktok.com/search/7668701834807101749?utm_source=Simplify,200,detail,Software Engineer/Mobile Engineer Graduate (Ads Core Demonstration) - 2027 Start,drop,,,,,,,,
7668717356843977013,lifeattiktok,20260902100902,https://lifeattiktok.com/search/7668717356843977013?utm_source=Simplify,200,detail,Software Engineer Graduate (Ads Measurement Signal Technology) - 2027 Start,drop,,,,,,,,
7668724383120804149,lifeattiktok,20260902100902,https://lifeattiktok.com/search/7668724383120804149?utm_source=Simplify,200,detail,Software Engineer Graduate (Ads Signal & Measurement) - 2027 Start,drop,,,,,,,,
7668725183121000757,lifeattiktok,20260902100636,https://lifeattiktok.com/search/7668725183121000757?utm_source=Simplify,200,detail,Software Engineer Intern (TikTok - Effects Performance) - 2027 Summer,drop,,,,,,,,
7668824169648097541,lifeattiktok,20260902100925,https://lifeattiktok.com/search/7668824169648097541?utm_source=Simplify,200,detail,Backend Software Engineer Graduate (Global E-commerce) - 2027 Start,drop,,,,,,,,
7668824172279875845,lifeattiktok,20260902100933,https://lifeattiktok.com/search/7668824172279875845?utm_source=Simplify,200,detail,Software Development Engineer in Test Graduate (Global E-commerce) - 2027 Start,drop,,,,,,,,
7668827379083823413,lifeattiktok,20260902100923,https://lifeattiktok.com/search/7668827379083823413?utm_source=Simplify,200,detail,Backend Software Engineer Graduate (Global E-commerce) - 2027 Start,drop,,,,,,,,
7668827381435517237,lifeattiktok,20260902100911,https://lifeattiktok.com/search/7668827381435517237?utm_source=Simplify,200,detail,Software Development Engineer Graduate (Global E-Commerce-Quality Platform & AI Test Automation) - 2027 Start,drop,,,,,,,,
7668828193675036981,lifeattiktok,20260902100859,https://lifeattiktok.com/search/7668828193675036981?utm_source=Simplify,200,detail,Fullstack Software Engineer Graduate (Global E-commerce) - 2027 Start,drop,,,,,,,,"HTTPSConnectionPool(host='web.archive.org', port=443): Max retries exceeded with url: /web/20260902100859id_/https://lif"
7668831181590513925,lifeattiktok,20260902100859,https://lifeattiktok.com/search/7668831181590513925?utm_source=Simplify,200,detail,Mobile Software Engineer Graduate (Global E-commerce) - 2027 Start,drop,,,,,,,,
7668831188103481605,lifeattiktok,20260902100900,https://lifeattiktok.com/search/7668831188103481605?utm_source=Simplify,200,detail,"Neural Graphics and World Models Research Scientist/Software Engineer Graduate (TikTok, Engine&Tools) - 2027 Start (PhD)",drop,,,,,,,,
7668834837268138293,lifeattiktok,20260902100613,https://lifeattiktok.com/search/7668834837268138293?utm_source=Simplify,200,detail,Backend Software Engineer Intern (Global E-Commerce) - 2027 Summer,drop,,,,,,,,
7668834837268416821,lifeattiktok,20260902100613,https://lifeattiktok.com/search/7668834837268416821?utm_source=Simplify,200,detail,Backend Software Engineer Intern (Global E-Commerce) - 2027 Summer,drop,,,,,,,,
7668837275459324213,lifeattiktok,20260902100648,https://lifeattiktok.com/search/7668837275459324213?utm_source=Simplify,200,detail,Software Development Engineer Intern (Global E-Commerce - Quality Platform & AI Test Automation) - 2027 Summer,drop,,,,,,,,
7668837276597127477,lifeattiktok,20260902100636,https://lifeattiktok.com/search/7668837276597127477?utm_source=Simplify,200,detail,Software Development Engineer Intern (Global E-Commerce-Quality Platform & AI Test Automation) - 2027 Summer,drop,,,,,,,,
7668838052657678597,lifeattiktok,20260902100903,https://lifeattiktok.com/search/7668838052657678597?utm_source=Simplify,200,detail,Machine Learning Software Engineer Graduate (TikTok Content Ecology) - 2027 Start (PhD),drop,,,,,,,,"HTTPSConnectionPool(host='web.archive.org', port=443): Max retries exceeded with url: /web/20260902100903id_/https://lif"
7668843238309824773,lifeattiktok,20260902100924,https://lifeattiktok.com/search/7668843238309824773?utm_source=Simplify,200,detail,Backend Software Engineer Graduate (TikTok-PGC-Digital Content Center) - 2027 Start,drop,,,,,,,,
7668845522007722245,lifeattiktok,20260902100918,https://lifeattiktok.com/search/7668845522007722245?utm_source=Simplify,200,detail,Software Engineer Graduate (TikTok Global Live) - 2027 Start,drop,,,,,,,,
7668854153882011957,lifeattiktok,20260902100859,https://lifeattiktok.com/search/7668854153882011957?utm_source=Simplify,200,detail,"Research Scientist/Software Engineer, Neural Graphics and World Models - Global Frontier Tech Recruitment Program - 2027 Start (PhD)",drop,,,,,,,,
7668862422178318597,lifeattiktok,20260902100635,https://lifeattiktok.com/search/7668862422178318597?utm_source=Simplify,200,detail,Software Engineer Intern (TikTok-Intelligent Creation-Camera) - 2027 Summer,drop,,,,,,,,
7668879883938203957,lifeattiktok,20260902100901,https://lifeattiktok.com/search/7668879883938203957?utm_source=Simplify,200,detail,Software Engineer Graduate(Ads Infrastructure) - 2027 Start,drop,,,,,,,,
7668921505254410549,lifeattiktok,20260902100636,https://lifeattiktok.com/search/7668921505254410549?utm_source=Simplify,200,detail,Software Engineer Intern (TikTok - Shoot Experience Optimization) - 2027 Summer,drop,,,,,,,,
7669693163422845237,lifeattiktok,20260811034432,https://lifeattiktok.com/search/7669693163422845237?_rsc=1m3ql,200,js_shell,,unusable,,,,,,,,
7669705525866383621,lifeattiktok,20260824144810,https://lifeattiktok.com/search/7669705525866383621?utm_source=Simplify,200,detail,Product Operations Intern (TikTok Shop Apps and API) - 2027 Summer,drop,,,,,,,,
7669705785962727733,lifeattiktok,20260902100637,https://lifeattiktok.com/search/7669705785962727733?utm_source=Simplify,200,detail,Software Engineer Intern (Ads Interface) - 2027 Summer,drop,,,,,,,,
7669711844487399685,lifeattiktok,20260902100637,https://lifeattiktok.com/search/7669711844487399685?utm_source=Simplify,200,detail,Software Engineer Intern (Global CRM) - 2027 Summer,drop,,,,,,,,
7669712589169117445,lifeattiktok,20260902100635,https://lifeattiktok.com/search/7669712589169117445?utm_source=Simplify,200,detail,Software Engineer Intern (AI Agent & Global Revenue Platform) - 2027 Summer,drop,,,,,,,,
7669905277419948293,lifeattiktok,20260902100931,https://lifeattiktok.com/search/7669905277419948293?utm_source=Simplify,200,detail,AI Effects Workflow Software Engineer Graduate (TikTok-Agentic Creation-Effect House) - 2027 Start,drop,,,,,,,,
7669909088788138245,lifeattiktok,20260810175849,https://lifeattiktok.com/search/7669909088788138245,200,detail,Machine Learning Engineer Graduate (E-Commerce Recommendation/Search Alliance) - 2027 Start (PhD),drop,,,,,,,,"HTTPSConnectionPool(host='web.archive.org', port=443): Max retries exceeded with url: /web/20260810175849id_/https://lif"
7669943120351906053,lifeattiktok,20260902100636,https://lifeattiktok.com/search/7669943120351906053?utm_source=Simplify,200,detail,Software Engineer Intern (Transaction Platform) - 2027 Summer,drop,,,,,,,,
7669957922422507781,lifeattiktok,20260902100927,https://lifeattiktok.com/search/7669957922422507781?utm_source=Simplify,200,detail,Software Development Engineer Graduate (TikTok - Testing - Growth) - 2027 Start,drop,,,,,,,,
7669958554492815621,lifeattiktok,20260808202206,https://lifeattiktok.com/search/7669958554492815621,200,detail,"Security Engineer, Product Security - Global Security Organization",drop,,,,,,,,
7670009830602721589,lifeattiktok,20260902100347,https://lifeattiktok.com/search/7670009830602721589?utm_source=Simplify,200,detail,Product Manager Intern (TikTok-Product Infrastructure-Account) - 2027 Summer,drop,,,,,,,,
7670010726514493749,lifeattiktok,20260902100333,https://lifeattiktok.com/search/7670010726514493749?utm_source=Simplify,200,detail,AI Agent Product Manager Intern (TikTok-Product Infrastructure-Customer Service Platform) - 2027 Summer,drop,,,,,,,,
7670062655184308533,lifeattiktok,20260811034440,https://lifeattiktok.com/search/7670062655184308533,200,detail,Software Test Engineer Intern (AI) - 2027 Start,drop,,,,,,,,
7670276769459456309,lifeattiktok,20260902100909,https://lifeattiktok.com/search/7670276769459456309?utm_source=Simplify,200,detail,Software Engineer Graduate (Foundation Platform) - 2027 Start,drop,,,,,,,,
7670281449668905269,lifeattiktok,20260902100634,https://lifeattiktok.com/search/7670281449668905269?utm_source=Simplify,200,detail,Software Engineer Intern (Foundation Platform) - 2027 Summer,drop,,,,,,,,
7670282906426476853,lifeattiktok,20260902100909,https://lifeattiktok.com/search/7670282906426476853?utm_source=Simplify,200,detail,Software Engineer Graduate (Video-on-Demand Algorithm) - 2027 Start,drop,,,,,,,,
7670289874020993285,lifeattiktok,20260902100613,https://lifeattiktok.com/search/7670289874020993285?utm_source=Simplify,200,detail,Backend Software Engineer Intern (Creation Platform) - 2027 Summer,drop,,,,,,,,
7670295535077427509,lifeattiktok,20260902100634,https://lifeattiktok.com/search/7670295535077427509?utm_source=Simplify,200,detail,Software Engineer Intern (Media Engine) - 2027 Summer,drop,,,,,,,,
7670364202242427189,lifeattiktok,20260819123804,https://lifeattiktok.com/search/7670364202242427189,200,detail,Self-Built Engineer Graduate (CDN Platform) - 2027 Start,drop,,,,,,,,
7670367152357673221,lifeattiktok,20260902100915,https://lifeattiktok.com/search/7670367152357673221?utm_source=Simplify,200,detail,Software Engineer Graduate (Media Engine) - 2027 Start,drop,,,,,,,,
7670377824340379957,lifeattiktok,20260807170924,https://lifeattiktok.com/search/7670377824340379957,200,detail,Senior Software Engineer (Backend) - TikTok Open Platform,drop,,,,,,,,
7670387719826786565,lifeattiktok,20260902100922,https://lifeattiktok.com/search/7670387719826786565?utm_source=Simplify,200,detail,Backend Software Engineer Graduate (TikTok - Privacy and Security - Product) - 2027 Start,drop,,,,,,,,
7670391173613160757,lifeattiktok,20260902100922,https://lifeattiktok.com/search/7670391173613160757?utm_source=Simplify,200,detail,Backend Software Engineer Graduate (TikTok - Data Lifecycle Management) - 2027 Start,drop,,,,,,,,
7670420287191517493,lifeattiktok,20260902100335,https://lifeattiktok.com/search/7670420287191517493?utm_source=Simplify,200,detail,Strategy Product Manager Intern (TikTok-Platform Responsibility) - 2027 Summer,drop,,,,,,,,
7670529537944766773,lifeattiktok,20260902100333,https://lifeattiktok.com/search/7670529537944766773?utm_source=Simplify,200,detail,AI Safety Evaluation & Governance Product Manager Intern (TikTok-Platform Responsibility-Feed Safety) - 2027 Summer,include,governance,,,,,,,
7670558992960358661,lifeattiktok,20260902100911,https://lifeattiktok.com/search/7670558992960358661?utm_source=Simplify,200,detail,Software Engineer Graduate (Global E-commerce-Search) - 2027 Start,drop,,,,,,,,
7670700387322300677,lifeattiktok,20260902100619,https://lifeattiktok.com/search/7670700387322300677?utm_source=Simplify,200,detail,Fullstack Software Engineer Intern (Global E-Commerce) - 2027 Summer,drop,,,,,,,,"HTTPSConnectionPool(host='web.archive.org', port=443): Max retries exceeded with url: /web/20260902100619id_/https://lif"
7670729943510829317,lifeattiktok,20260811181931,https://lifeattiktok.com/search/7670729943510829317,200,detail,Search Security Strategy Operations Intern (TikTok-Platform Responsibility-Search) - 2027 Summer,drop,,,,,,,,
7670738362521520437,lifeattiktok,20260902100619,https://lifeattiktok.com/search/7670738362521520437?utm_source=Simplify,200,detail,Fullstack Software Engineer Intern (Global E-Commerce) - 2027 Summer,drop,,,,,,,,
7670829441360906501,lifeattiktok,20260811034440,https://lifeattiktok.com/search/7670829441360906501,200,detail,Data Science Intern (TikTok LIVE) - 2027 Start,drop,,,,,,,,
7670835209797650693,lifeattiktok,20260824190211,https://lifeattiktok.com/search/7670835209797650693,200,detail,IT Security Tools Operations Engineer,drop,,,,,,,,
7670839727059339525,lifeattiktok,20260902100632,https://lifeattiktok.com/search/7670839727059339525?utm_source=Simplify,200,detail,Software Engineer Intern (Global E-commerce-Search) - 2027 Summer,drop,,,,,,,,
7670839752644233525,lifeattiktok,20260902100633,https://lifeattiktok.com/search/7670839752644233525?utm_source=Simplify,200,detail,Software Engineer Intern (Global E-commerce-Search) - 2027 Fall,drop,,,,,,,,
7670844011885299973,lifeattiktok,20260811034440,https://lifeattiktok.com/search/7670844011885299973,200,detail,Data Science Intern (TikTok Integrity and Safety) - 2027 start,include,integrity,,,,,,,
7670846725481777461,lifeattiktok,20260817160756,https://lifeattiktok.com/search/7670846725481777461,200,detail,IT Security Tools Operations Engineer,drop,,,,,,,,
7670876223732762933,lifeattiktok,20260826030530,https://lifeattiktok.com/search/7670876223732762933,200,detail,Recommendation Architecture AI/ML Infrastructure Engineer Intern (Data-Arch-TikTok Live) - 2027 Summer,drop,,,,,,,,
7672464282566871349,lifeattiktok,20260813203042,https://lifeattiktok.com/search/7672464282566871349,200,detail,Business Analyst (Multiple Positions),drop,,,,,,,,
7672517471946000645,lifeattiktok,20260902100909,https://lifeattiktok.com/search/7672517471946000645?utm_source=Simplify,200,detail,Software Engineer Graduate (TikTok AI Search & Visual Search Infra Team) - 2027 Start,drop,,,,,,,,
7672530785573980421,lifeattiktok,20260902100905,https://lifeattiktok.com/search/7672530785573980421?utm_source=Simplify,200,detail,"Software Engineer Graduate (Recommendation Architecture, Feeds Infrastructure) - 2027 Start",drop,,,,,,,,
7672554809555192117,lifeattiktok,20260902100344,https://lifeattiktok.com/search/7672554809555192117?utm_source=Simplify,200,detail,Product Manager Intern (Signal and Identity Product) - 2027 Summer,drop,,,,,,,,
7672557943224961333,lifeattiktok,20260902100345,https://lifeattiktok.com/search/7672557943224961333?utm_source=Simplify,200,detail,Product Manager Intern (Commerce Ads) - 2027 Summer,drop,,,,,,,,
7672562486917286149,lifeattiktok,20260902100346,https://lifeattiktok.com/search/7672562486917286149?utm_source=Simplify,200,detail,Product Manager Intern (Ads Interface and Platform) - 2027 Summer,drop,,,,,,,,
7672569081632229685,lifeattiktok,20260902100346,https://lifeattiktok.com/search/7672569081632229685?utm_source=Simplify,200,detail,Product Manager Intern (Ads Interface and Platform) - 2027 Summer,drop,,,,,,,,
7672671220798818613,lifeattiktok,20260826030028,https://lifeattiktok.com/search/7672671220798818613,200,detail,AI Infra Engineer Intern (Recommendation & LLM) - 2027 Summer,drop,,,,,,,,
7672926068681951493,lifeattiktok,20260902100626,https://lifeattiktok.com/search/7672926068681951493?utm_source=Simplify,200,detail,"Software Engineer Intern (Recommendation Architecture, Feeds Infrastructure) - 2027 Summer",drop,,,,,,,,
7672930401597671733,lifeattiktok,20260902100626,https://lifeattiktok.com/search/7672930401597671733?utm_source=Simplify,200,detail,"Software Engineer Intern (Recommendation Architecture, Feeds Infrastructure) - 2027 Summer",drop,,,,,,,,
7672934842451577141,lifeattiktok,20260902100626,https://lifeattiktok.com/search/7672934842451577141?utm_source=Simplify,200,detail,"Software Engineer Intern (Recommendation Architecture, Feeds Infrastructure) - 2027 Fall",drop,,,,,,,,"HTTPSConnectionPool(host='web.archive.org', port=443): Max retries exceeded with url: /web/20260902100626id_/https://lif"
7672976491146004741,lifeattiktok,20260902100914,https://lifeattiktok.com/search/7672976491146004741?utm_source=Simplify,200,detail,Backend Software Engineer Graduate (TikTok-PGC-Creator Strategy) - 2027 Start,drop,,,,,,,,
7673226686054107445,lifeattiktok,20260815161828,https://lifeattiktok.com/search/7673226686054107445,200,detail,Data Science Intern (Advertisement Team) - 2027 Start (PhD),drop,,,,,,,,
7673284715407886597,lifeattiktok,20260902100905,https://lifeattiktok.com/search/7673284715407886597?utm_source=Simplify,200,detail,Software Engineer Graduate (Recommendation Infrastructure) - 2027 Start,drop,,,,,,,,
7673337777708550405,lifeattiktok,20260902100343,https://lifeattiktok.com/search/7673337777708550405?utm_source=Simplify,200,detail,Product Manager Intern (Content and Services) - 2027 Summer,drop,,,,,,,,
7673365416605010229,lifeattiktok,20260902100341,https://lifeattiktok.com/search/7673365416605010229?utm_source=Simplify,200,detail,Product Manager Intern (PGC) - 2027 Summer,drop,,,,,,,,
7673365923163638069,lifeattiktok,20260902100340,https://lifeattiktok.com/search/7673365923163638069?utm_source=Simplify,200,detail,Product Manager Intern (PGC) - 2027 Summer,drop,,,,,,,,
7673409179353139461,lifeattiktok,20260902100904,https://lifeattiktok.com/search/7673409179353139461?utm_source=Simplify,200,detail,Software Engineer Graduate (Ads Infra) - 2027 Start,drop,,,,,,,,
7673559305519794437,lifeattiktok,20260902100343,https://lifeattiktok.com/search/7673559305519794437?utm_source=Simplify,200,detail,Product Manager Intern (Scaled Growth) - 2027 Summer,drop,,,,,,,,
7673663349758675205,lifeattiktok,20260902100620,https://lifeattiktok.com/search/7673663349758675205?utm_source=Simplify,200,detail,Mobile Software Engineer Intern (Global E-Commerce) - 2027 Summer,drop,,,,,,,,
7673667938889009461,lifeattiktok,20260902100905,https://lifeattiktok.com/search/7673667938889009461?utm_source=Simplify,200,detail,Software Engineer Graduate (Media Engine) - 2027 Start,drop,,,,,,,,
7673674249270839557,lifeattiktok,20260902100903,https://lifeattiktok.com/search/7673674249270839557?utm_source=Simplify,200,detail,Software Engineer Graduate (Video-on-Demand Algorithm) - 2027 Start,drop,,,,,,,,
7673674252889246005,lifeattiktok,20260902100903,https://lifeattiktok.com/search/7673674252889246005?utm_source=Simplify,200,detail,Software Engineer Graduate (Foundation Platform) - 2027 Start,drop,,,,,,,,
7673895973460576517,lifeattiktok,20260902100341,https://lifeattiktok.com/search/7673895973460576517?utm_source=Simplify,200,detail,Product Manager Project Intern (Business Integrity) - 2026 Start (MBA),include,integrity,,,,,,,
7674025781001062709,lifeattiktok,20260819233657,https://lifeattiktok.com/search/7674025781001062709,200,detail,Machine Learning Engineer Graduate (E-Commerce Governance) - 2027 Start,include,governance,,,,,,,
7674029284224092421,lifeattiktok,20260902100627,https://lifeattiktok.com/search/7674029284224092421?utm_source=Simplify,200,detail,"Software Engineer Intern (Recommendation Architecture, Feeds Infrastructure) - 2027 Fall",drop,,,,,,,,
7675128776856029445,lifeattiktok,20260902100632,https://lifeattiktok.com/search/7675128776856029445?utm_source=Simplify,200,detail,Software Engineer Intern (TikTok Search Data Infra) - 2027 Summer,drop,,,,,,,,
7675129440242010421,lifeattiktok,20260902100632,https://lifeattiktok.com/search/7675129440242010421?utm_source=Simplify,200,detail,Software Engineer Intern (TikTok Search Data Infra) - 2027 Fall,drop,,,,,,,,
7675159726676101381,lifeattiktok,20260902171351,https://lifeattiktok.com/search/7675159726676101381,200,detail,"Software Engineer Intern (Recommendation Infra, Performance Efficiency) - 2027 Summer",drop,,,,,,,,
7675163472469444917,lifeattiktok,20260902100629,https://lifeattiktok.com/search/7675163472469444917?utm_source=Simplify,200,detail,"Software Engineer Intern (Recommendation Infra, Performance Efficiency) - 2027 Fall",drop,,,,,,,,
7675440171819960629,lifeattiktok,20260819232901,https://lifeattiktok.com/search/7675440171819960629,200,detail,"Product Manager Graduate (Content and Service, Search Ads) - 2027 Start",drop,,,,,,,,"HTTPSConnectionPool(host='web.archive.org', port=443): Max retries exceeded with url: /web/20260819232901id_/https://lif"
7675510156642142469,lifeattiktok,20260819210224,https://lifeattiktok.com/search/7675510156642142469,200,detail,Data Analyst Graduate (Supply Chain and Logistics- Fulfillment Centers Operations) - 2027 Start,drop,,,,,,,,
7675517686256863541,lifeattiktok,20260902100630,https://lifeattiktok.com/search/7675517686256863541?utm_source=Simplify,200,detail,Software Engineer Intern (TikTok Search Architecture) - 2027 Summer,drop,,,,,,,,
7675524738811218229,lifeattiktok,20260902100629,https://lifeattiktok.com/search/7675524738811218229?utm_source=Simplify,200,detail,Software Engineer Intern (TikTok Search Architecture) - 2027 Fall,drop,,,,,,,,
7675616554318596357,lifeattiktok,20260902100337,https://lifeattiktok.com/search/7675616554318596357?utm_source=Simplify,200,detail,AI Product Manager Intern (TikTok-Product-Social) - 2027 Summer,drop,,,,,,,,
7675829388634392837,lifeattiktok,20260902100915,https://lifeattiktok.com/search/7675829388634392837?utm_source=Simplify,200,detail,Software Engineer Graduate (TikTok Search Data Infra) - 2027 Start,drop,,,,,,,,
7675842865566222597,lifeattiktok,20260826021905,https://lifeattiktok.com/search/7675842865566222597,200,detail,Machine Learning Engineer Graduate (E-Commerce Supply Chain & Logistics - LLM/Agent) - 2027 Start (PhD),drop,,,,,,,,
7675877203024775477,lifeattiktok,20260824161343,https://lifeattiktok.com/search/7675877203024775477,200,detail,"LLM & Agentic AI Machine Learning Software Engineer, TikTok - Content Ecology Local Services",drop,,,,,,,,
7676250516494436661,lifeattiktok,20260824161040,https://lifeattiktok.com/search/7676250516494436661,200,detail,Data Engineer Intern (E-commerce) - 2027 Summer,drop,,,,,,,,
7676276048527214901,lifeattiktok,20260902100625,https://lifeattiktok.com/search/7676276048527214901?utm_source=Simplify,200,detail,Software Engineer Intern (TikTok AI Search & Visual Search Infra Team) - 2027 Summer,drop,,,,,,,,
7676283436713593093,lifeattiktok,20260902100341,https://lifeattiktok.com/search/7676283436713593093?utm_source=Simplify,200,detail,Product Manager Intern (Content and Service Ads) - 2027 Summer (MBA),drop,,,,,,,,
7677522750321838341,lifeattiktok,20260826030335,https://lifeattiktok.com/search/7677522750321838341,200,detail,"Data Analyst Project Intern (Measurement, CALM) - 2026 Start",drop,,,,,,,,
7679147369590737205,lifeattiktok,20260902100339,https://lifeattiktok.com/search/7679147369590737205?utm_source=Simplify,200,detail,Product Manager Project Intern (Business Integrity) - 2026 Start (MBA),include,integrity,,,,,,,
6863478486973040910,lifeattiktok,20260421230913,https://lifeattiktok.com/search/6863478486973040910?source=datasciencejobs.com&utm_source=datasciencejobs.com,200,detail,Data Scientist - TikTok Ads,drop,,,,,,,,
6916328817117186318,lifeattiktok,20250831230211,https://lifeattiktok.com/search/6916328817117186318,200,detail,Site Reliability Engineer (Infrastructure)-2021 Start,exclude,,site reliability,,,,,,
6949232660007274788,lifeattiktok,20250125053038,https://lifeattiktok.com/search/6949232660007274788?utm_campaign=Mobile-Growth-News&utm_medium=web&utm_source=Mobile_Growth_News_Issue_29,200,detail,Growth Marketing Manager,drop,,,,,,,,
6981778230148909349,lifeattiktok,20250901024237,https://lifeattiktok.com/search/6981778230148909349,200,detail,Employee Relations Specialist - EMEA - Dublin,drop,,,,,Ireland; EMEA,Dublin,Ireland,
7002060678023022885,lifeattiktok,20260106204637,https://lifeattiktok.com/search/7002060678023022885,200,detail,"Site Reliability Engineer, Recommendation Infrastructure - USDS",exclude,,site reliability,,,,,,
7019059139666905380,lifeattiktok,20250426162441,https://lifeattiktok.com/search/7019059139666905380,200,detail,Privacy Communications Lead,drop,,,,,,,,
7032054818228144398,lifeattiktok,20241208100110,https://lifeattiktok.com/search/7032054818228144398,200,detail,Community Growth Manager - TikTok LIVE,drop,,,,,,,,
7053223368427112741,lifeattiktok,20250516043947,https://lifeattiktok.com/search/7053223368427112741?spread=XKM9ZXE,200,detail,Content Programming Editorial Intern - Summer 2022,drop,,,,,,,,
7058166930352490766,lifeattiktok,20250302203333,https://lifeattiktok.com/search/7058166930352490766,200,detail,Lead Software Engineer - Algorithm System,drop,,,,,,,,
7073122299772602631,lifeattiktok,20250206224706,https://lifeattiktok.com/search/7073122299772602631,200,detail,LIVE Producer,drop,,,,,,,,
7088365389110118669,lifeattiktok,20241206071027,https://lifeattiktok.com/search/7088365389110118669,200,detail,Senior UX Researcher,drop,,,,,,,,
7101196084571949320,lifeattiktok,20250427201226,https://lifeattiktok.com/search/7101196084571949320?spread=5MWH5CQ,200,detail,"Product Policy Manager, LATAM Central America",include,policy manager,,,,LATAM,,,
7109847910682970398,lifeattiktok,20251111035524,https://lifeattiktok.com/search/7109847910682970398,200,detail,Brand Partnerships Manager (Telco),drop,,,,,,,,
7116392555554752798,lifeattiktok,20250506104254,https://lifeattiktok.com/search/7116392555554752798?spread=5MWH5CQ,200,detail,Head of Emerging Markets Government Relations and Public Policy,include,public policy,,,,,,,
7124651268480190727,lifeattiktok,20250516042817,https://lifeattiktok.com/search/7124651268480190727,200,detail,Recommendation Search Operations Quality Assurance - Arabic,drop,,,,arabic,,,,
7137462063291205919,lifeattiktok,20250427204922,https://lifeattiktok.com/search/7137462063291205919?spread=5MWH5CQ,200,detail,"Investigations Analyst, Spanish - Trust & Safety",include,trust & safety,,,spanish,,,,
7140589998042859784,lifeattiktok,20250206223027,https://lifeattiktok.com/search/7140589998042859784?spread=5MWH5CQ,200,detail,Policy Deployment Strategist,drop,,,,,,,,
7147823786451208478,lifeattiktok,20250427035317,https://lifeattiktok.com/search/7147823786451208478,200,detail,Product Manager MBA Intern (Monetization Product) - Summer 2023 (MBA),drop,,,,,,,,
7158503972922312973,lifeattiktok,20250428193436,https://lifeattiktok.com/search/7158503972922312973,200,detail,"Responsible Innovation Lead, Platform Inclusion & Fairness - Trust & Safety",include,trust & safety,,,,,,,
7173739211711318308,lifeattiktok,20250206220532,https://lifeattiktok.com/search/7173739211711318308,200,detail,Data Scientist - PDPO (Privacy and Data Protection Organization),drop,,,,,,,,
7187518203508345148,lifeattiktok,20250829082945,https://lifeattiktok.com/search/7187518203508345148,0,fetch_failed,,unusable,,,,,,,,"HTTPSConnectionPool(host='web.archive.org', port=443): Max retries exceeded with url: /web/20250829082945id_/https://lif"
7195826755160557885,lifeattiktok,20250516050923,https://lifeattiktok.com/search/7195826755160557885,200,detail,Legal Counsel - Privacy & Regulatory Affairs,drop,,,,,,,,"HTTPSConnectionPool(host='web.archive.org', port=443): Max retries exceeded with url: /web/20250516050923id_/https://lif"
7200009631991777597,lifeattiktok,20241206081024,https://lifeattiktok.com/search/7200009631991777597?spread=5MWH5CQ,200,detail,Content Partnerships Manager - Entertainment (West Africa),drop,,,,,Africa,,,
7203824415330339127,lifeattiktok,20251117010835,https://lifeattiktok.com/search/7203824415330339127,200,detail,"Trust & Safety Communications Manager, Advertising & Product",include,trust & safety,,,,,,,
7208063279787346233,lifeattiktok,20251015104222,https://lifeattiktok.com/search/7208063279787346233,200,detail,TikTok Shop - Senior Product Manager - Marketing Automation,drop,,,,,,,,
7216101325707544888,lifeattiktok,20250206233430,https://lifeattiktok.com/search/7216101325707544888,200,detail,"Senior/Lead Data Scientist, E-commerce Risk/Fraud - USDS",include,fraud,,,,,,,
7219327830832040252,lifeattiktok,20250206222432,https://lifeattiktok.com/search/7219327830832040252,200,detail,"Product Manager, Safety Tools - USDS",drop,,,,,,,,
7226942917485660474,lifeattiktok,20241216230528,https://lifeattiktok.com/search/7226942917485660474?_rsc=183cz,200,js_shell,,unusable,,,,,,,,
7236217515097442615,lifeattiktok,20251021081236,https://lifeattiktok.com/search/7236217515097442615,200,detail,"Data Strategy Engineer, Paid Ads",drop,,,,,,,,
7242140098643446074,lifeattiktok,20250520040758,https://lifeattiktok.com/search/7242140098643446074?utm_source=Trust+and+Safety+Jobs,200,detail,"Product Manager (Human Moderation), Trust and Safety",include,trust and safety; moderat*,,,,,,,
7249295088139192633,lifeattiktok,20241216230537,https://lifeattiktok.com/search/7249295088139192633?_rsc=1vvd9,200,js_shell,,unusable,,,,,,,,
7257849018147146045,lifeattiktok,20250206220815,https://lifeattiktok.com/search/7257849018147146045,200,detail,Platform Solutions Strategist - MENA Market - Global Business Marketing,drop,,,,,MENA,,,
7260324404310264120,lifeattiktok,20250516042957,https://lifeattiktok.com/search/7260324404310264120?spread=5MWH5CQ,200,detail,TikTok Shop Graduate Development Program (Indonesia E-commerce) - 2024 Start,drop,,,,,Indonesia,,,
7263218039146219831,lifeattiktok,20250329044815,https://lifeattiktok.com/search/7263218039146219831?spread=5MWH5CQ,200,detail,"Frontend Software Engineer, Ads Measurement",drop,,,,,,,,
7267035371972036919,lifeattiktok,20250821234742,https://lifeattiktok.com/search/7267035371972036919,200,detail,Machine Learning Engineer Graduate (eCommerce Recommendation) - 2025 Start (BS/MA),drop,,,,,,,,
7272248366863141180,lifeattiktok,20250809000721,https://lifeattiktok.com/search/7272248366863141180,404,js_shell,Wayback Machine,unusable,,,,,,,,
7282830208498911543,lifeattiktok,20250613194019,https://lifeattiktok.com/search/7282830208498911543,200,detail,Data Specialist (Insights/Content Strategy) - LATAM,drop,,,,,LATAM,,,
7291027928920394043,lifeattiktok,20241206072344,https://lifeattiktok.com/search/7291027928920394043,200,detail,TikTok Shop - Creator Community Operations Manager,include,community operations,,,,,,,
7299004863048091930,lifeattiktok,20250506012818,https://lifeattiktok.com/search/7299004863048091930,200,detail,Testing Tech Lead Manager- TikTok Intelligent Creation,drop,,,,,,,,
7307380099707062537,lifeattiktok,20241206082037,https://lifeattiktok.com/search/7307380099707062537?spread=5MWH5CQ,200,detail,Head of US State Public Policy,include,public policy,,,,,,,
7315058189538543898,lifeattiktok,20250929061030,https://lifeattiktok.com/search/7315058189538543898,200,detail,Client Solutions Manager - Food & Nutrition - Munich,drop,,,,,,,,
7322891472269117747,lifeattiktok,20250315072823,https://lifeattiktok.com/search/7322891472269117747,0,fetch_failed,,unusable,,,,,,,,"HTTPSConnectionPool(host='web.archive.org', port=443): Max retries exceeded with url: /web/20250315072823id_/https://lif"
7327042285249169673,lifeattiktok,20250125004003,https://lifeattiktok.com/search/7327042285249169673,200,detail,Creator & Agency Operations Manager,drop,,,,,,,,"HTTPSConnectionPool(host='web.archive.org', port=443): Max retries exceeded with url: /web/20250125004003id_/https://lif"
7330460310191491354,lifeattiktok,20241211055344,https://lifeattiktok.com/search/7330460310191491354?spread=5MWH5CQ,200,detail,"iOS/Android Engineer, TikTok Intelligent Creation",drop,,,,,,,,
7340118537904605449,lifeattiktok,20250718094417,https://lifeattiktok.com/search/7340118537904605449,200,detail,"TikTok Live - Global Customer Service Representative, Arabic Speaking (Dublin)",drop,,,,arabic,Ireland,Dublin,Ireland,
7345738715794852134,lifeattiktok,20250801212215,https://lifeattiktok.com/search/7345738715794852134,200,detail,"Product Marketing Manager, Platform Solutions",drop,,,,,,,,
7353443825027942683,lifeattiktok,20250124104934,https://lifeattiktok.com/search/7353443825027942683?spread=5MWH5CQ,200,detail,"Data Scientist- TikTok Ads, Measurement - Identity & Attribution",drop,,,,,,,,
7358803165128427814,lifeattiktok,20250623185624,https://lifeattiktok.com/search/7358803165128427814,200,detail,TikTok LIVE - Creator Manager - Indonesia (Based in Jakarta),drop,,,,,Indonesia,Jakarta,Indonesia,
7361090887370017062,lifeattiktok,20250828233648,https://lifeattiktok.com/search/7361090887370017062,200,detail,Machine Learning Engineer (AI Search) - TikTok Search,drop,,,,,,,,
7366548281051171099,lifeattiktok,20250908022513,https://lifeattiktok.com/search/7366548281051171099,200,detail,TikTok - Content Designer (Based in Singapore),drop,,,,,Singapore,Singapore,Singapore,
7373496100966500634,lifeattiktok,20251015120607,https://lifeattiktok.com/search/7373496100966500634?spread=5MWH5CQ,200,detail,Model Data Quality Assurance Analyst - Spanish - Trust and Safety - Austin,include,trust and safety,,,spanish,,Austin,United States,
7377380797102147891,lifeattiktok,20250206233818,https://lifeattiktok.com/search/7377380797102147891?gh_src=Getro.org+job+board&utm_medium=getro.com&utm_source=Getro.org+job+board,200,detail,"Social Content Manager, GBM IMC",drop,,,,,,,,
7382834053702043913,lifeattiktok,20250613190937,https://lifeattiktok.com/search/7382834053702043913,200,detail,ADSEO Quality Assurance - Arabic (12-Month Maternity Cover),drop,,,,arabic,,,,
7387669792267766053,lifeattiktok,20250206225643,https://lifeattiktok.com/search/7387669792267766053,200,detail,"Product Manager, Music Copyright - Los Angeles",drop,,,,,,Los Angeles,United States,
7391772401892313394,lifeattiktok,20250829050536,https://lifeattiktok.com/search/7391772401892313394,200,detail,Global Business Analysis Lead - TikTok Shop,drop,,,,,,,,
7393130155009886501,lifeattiktok,20241124012159,https://lifeattiktok.com/search/7393130155009886501?utm_source=Simplify,200,detail,Front-End Engineer Intern - (User and Creator Product) - 2025 Summer (BS/MS),drop,,,,,,,,
7395598510722795827,lifeattiktok,20241208101619,https://lifeattiktok.com/search/7395598510722795827,200,detail,"Global Gaming Marketing Lead, GBM GG",drop,,,,,,,,
7397445014442740018,lifeattiktok,20251011183052,https://lifeattiktok.com/search/7397445014442740018,200,detail,Machine Learning Engineer Intern (E-commerce-Intelligent Customer Service) - 2025 Summer/Fall (PhD),drop,,,,,,,,"HTTPSConnectionPool(host='web.archive.org', port=443): Max retries exceeded with url: /web/20251011183052id_/https://lif"
7397932125012019506,lifeattiktok,20250320083018,https://lifeattiktok.com/search/7397932125012019506,200,detail,Workforce Management Intern (Trust & Safety - Workforce Management) - 2025 Summer (BS/MS),include,trust & safety,,,,,,,
7400296983406397747,lifeattiktok,20250406111351,https://lifeattiktok.com/search/7400296983406397747,200,detail,IT Support Engineer,drop,,,,,,,,
7402311879903807795,lifeattiktok,20241208081819,https://lifeattiktok.com/search/7402311879903807795,200,detail,Talent Acquisition Partner - Engineering - Los Angeles,drop,,,,,,Los Angeles,United States,
7405527279160133898,lifeattiktok,20250404224918,https://lifeattiktok.com/search/7405527279160133898,200,detail,Content Moderator - Feature - Push (Singapore),include,content moderat*; moderat*,,,,Singapore,Singapore,Singapore,
7410090666446833930,lifeattiktok,20250613183538,https://lifeattiktok.com/search/7410090666446833930?spread=5MWH5CQ,0,fetch_failed,,unusable,,,,,,,,"HTTPSConnectionPool(host='web.archive.org', port=443): Max retries exceeded with url: /web/20250613183538id_/https://lif"
7412549513666103603,lifeattiktok,20250609163241,https://lifeattiktok.com/search/7412549513666103603,200,detail,"Product Operations Manager - Merchant Platform, TikTok Local Services",drop,,,,,,,,"HTTPSConnectionPool(host='web.archive.org', port=443): Max retries exceeded with url: /web/20250609163241id_/https://lif"
7415733340151990538,lifeattiktok,20250503232714,https://lifeattiktok.com/search/7415733340151990538,200,detail,Research Scientist Intern (Compute Platform - Database Acceleration)- 2025 Summer/Fall (PhD),drop,,,,,,,,
7419380668767799590,lifeattiktok,20250314125528,https://lifeattiktok.com/search/7419380668767799590,200,detail,Software Engineer Intern (CIS Privacy and Security) - 2025 Summer (BS/MS),drop,,,,,Russia,,,
7423622142417406246,lifeattiktok,20250207111735,https://lifeattiktok.com/search/7423622142417406246?spread=5MWH5CQ,200,detail,Creator Operations Manager - TikTok Gaming,drop,,,,,,,,
7426118229783906610,lifeattiktok,20250429072651,https://lifeattiktok.com/search/7426118229783906610?_rsc=y0xka,200,js_shell,,unusable,,,,,,,,
7428856740463315251,lifeattiktok,20250816213520,https://lifeattiktok.com/search/7428856740463315251,200,detail,TikTok Local Services - Data Scientist - Singapore,drop,,,,,Singapore,Singapore,Singapore,
7433038001976969522,lifeattiktok,20250131134451,https://lifeattiktok.com/search/7433038001976969522,200,detail,TikTok Commerce - Multi Category Lead,drop,,,,,,,,
7435869002826975495,lifeattiktok,20250928100707,https://lifeattiktok.com/search/7435869002826975495,200,detail,"TikTok Shop by Tokopedia - Strategy Project Management Specialist, SMB (Mandarin Speaking) - Indonesia",drop,,,,mandarin,Indonesia,,,
7438814988906055943,lifeattiktok,20250320074910,https://lifeattiktok.com/search/7438814988906055943,200,detail,Data Science Intern (Global Business Solutions - Monetization Integrity - Data Cycling Center - Applied AI) - 2025 Summer (BS/MS),include,integrity,,,,,,,
7444141194793371912,lifeattiktok,20250724171513,https://lifeattiktok.com/search/7444141194793371912,200,detail,Growth Manager (Swedish Speaking) - TikTok LIVE - Stockholm,drop,,,,swedish,,Stockholm,Sweden,
7446501693451864328,lifeattiktok,20250118081005,https://lifeattiktok.com/search/7446501693451864328,200,detail,Partnerships Solutions Media Lead,drop,,,,,,,,
7447842449236904200,lifeattiktok,20241216230513,https://lifeattiktok.com/search/7447842449236904200?_rsc=zi8op,200,js_shell,,unusable,,,,,,,,
7455249854966778120,lifeattiktok,20250725013222,https://lifeattiktok.com/search/7455249854966778120,200,detail,TikTok Shop - Global Automation Operation Leader,drop,,,,,,,,
7459337871456880914,lifeattiktok,20260114210848,https://lifeattiktok.com/search/7459337871456880914,200,detail,TikTok LIVE - Community Operation Specialist - Dubai,drop,,,,,MENA,Dubai,United Arab Emirates,
7461813875966052626,lifeattiktok,20250520041806,https://lifeattiktok.com/search/7461813875966052626?utm_source=Trust+and+Safety+Jobs,200,detail,"Software Development Engineer in Test Graduate, Trust and Safety Engineering - 2026 start",include,trust and safety,,,,,,,
7464840513293912327,lifeattiktok,20250801012213,https://lifeattiktok.com/search/7464840513293912327,200,detail,"Senior Data Scientist, Quant Modeling",drop,,,,,,,,
7468217127611320583,lifeattiktok,20260515022124,https://lifeattiktok.com/search/7468217127611320583,200,detail,"Site Reliability Engineer, Monetization Technology - 2025 Start",exclude,,site reliability,,,,,,
7470092302019578120,lifeattiktok,20250814160931,https://lifeattiktok.com/search/7470092302019578120,200,detail,Strategy Planning & Data Science Project Intern (GBS-CNOB & APAC & LATAM & METAP-APAC-SEA) - 2026 Start (BS/MS),drop,,,,,LATAM; APAC,,,
7472489421964724487,lifeattiktok,20250821115155,https://lifeattiktok.com/search/7472489421964724487,200,detail,Data Science Intern (TikTok-Product-Data Science) - 2025 Summer (PhD),drop,,,,,,,,
7473594406558959890,lifeattiktok,20250303073223,https://lifeattiktok.com/search/7473594406558959890?_rsc=pyzdg,200,js_shell,,unusable,,,,,,,,
7475406341461477639,lifeattiktok,20250830011304,https://lifeattiktok.com/search/7475406341461477639,0,fetch_failed,,unusable,,,,,,,,"HTTPSConnectionPool(host='web.archive.org', port=443): Max retries exceeded with url: /web/20250830011304id_/https://lif"
7475694730652584200,lifeattiktok,20250419074738,https://lifeattiktok.com/search/7475694730652584200,200,detail,Creator Manager Intern(Graduate-to-Hire Program) - TikTok LIVE - Dubai,drop,,,,,MENA,Dubai,United Arab Emirates,"HTTPSConnectionPool(host='web.archive.org', port=443): Max retries exceeded with url: /web/20250419074738id_/https://lif"
7477874831271397650,lifeattiktok,20250504210337,https://lifeattiktok.com/search/7477874831271397650,200,detail,Learning & Development Coordinator Intern-2025 Start,drop,,,,,,,,
7479136890973669640,lifeattiktok,20251011183134,https://lifeattiktok.com/search/7479136890973669640,200,detail,Product Manager Intern (TikTok-Search) - 2025 Summer (MBA),drop,,,,,,,,
7482049544311851271,lifeattiktok,20250823032900,https://lifeattiktok.com/search/7482049544311851271?spread=5MWH5CQ&utm_source=levels.fyi,200,detail,Software Engineer Intern (MSP) - 2025 Summer (BS/MS),drop,,,,,,,,
7483595545916803346,lifeattiktok,20250609163241,https://lifeattiktok.com/search/7483595545916803346,200,detail,"Security Strategy, Risk and Resilience (SRR) Senior Third Party Security Analyst - Global Security Organization",drop,,,,,,,,
7485652384056920328,lifeattiktok,20250419064302,https://lifeattiktok.com/search/7485652384056920328,200,detail,TikTok Shop - Performance Marketing (Malaysia),drop,,,,,Malaysia,,,
7486695834197788936,lifeattiktok,20250414010359,https://lifeattiktok.com/search/7486695834197788936,200,detail,"Regional Marketing Operations Manager, SMB Marketing",drop,,,,,,,,
7488387320191617298,lifeattiktok,20251005063349,https://lifeattiktok.com/search/7488387320191617298,200,detail,"Industry Group Relations Manager, E-Commerce",drop,,,,,,,,
7490980927582963986,lifeattiktok,20250420192706,https://lifeattiktok.com/search/7490980927582963986,200,detail,"Security Strategy, Risk and Resilience (SRR) Business Continuity Lead- Global Security Organization",drop,,,,,,,,
7491966720955189522,lifeattiktok,20250623185816,https://lifeattiktok.com/search/7491966720955189522,200,detail,Business Analyst Intern (Tokyo) - 2025 Start,drop,,,,,,Tokyo,Japan,
7496471477853669650,lifeattiktok,20250907185513,https://lifeattiktok.com/search/7496471477853669650,200,detail,"Brand Partnerships Manager, Luxury - Global Business Solutions - Paris",drop,,,,,,Paris,France,
7500428744429193480,lifeattiktok,20260315104859,https://lifeattiktok.com/search/7500428744429193480?spread=5MWH5CQ,200,detail,Software Engineer Intern (TikTok Eng - AI Platform) - 2025 Project Intern (BS/MS),drop,,,,,,,,
7506531781879236871,lifeattiktok,20250613131146,https://lifeattiktok.com/search/7506531781879236871?utm_source=Getro.org+job+board&utm_medium=getro.com&gh_src=Getro.org+job+board,200,detail,"Security Strategy, Risk and Resilience (SRR) Compliance Assurance Senior Analyst - Global Security Organization",drop,,,,,,,,
7509583645973530898,lifeattiktok,20250715224032,https://lifeattiktok.com/search/7509583645973530898,200,detail,Product Designer,drop,,,,,,,,
7511515855907457288,lifeattiktok,20250705024207,https://lifeattiktok.com/search/7511515855907457288?_rsc=1vey8,200,js_shell,,unusable,,,,,,,,
7514359006698424584,lifeattiktok,20250908114626,https://lifeattiktok.com/search/7514359006698424584,200,detail,"Market Program Manager, Risk Prevention - DACH",drop,,,,,Germany,,,
7515196252663269640,lifeattiktok,20250908120331,https://lifeattiktok.com/search/7515196252663269640,200,detail,(General Hire) UX Design Intern (TikTok-Design) - 2025 Fall Starts (BS/MS),drop,,,,,,,,
7517089024092326162,lifeattiktok,20250828162726,https://lifeattiktok.com/search/7517089024092326162,200,detail,"Software Engineer, Trust & Safety - USDS",include,trust & safety,,,,,,,
7519295316832651527,lifeattiktok,20250921023546,https://lifeattiktok.com/search/7519295316832651527,200,detail,"Global Adtech Counsel, Ads Platform",drop,,,,,,,,
7521815117459589384,lifeattiktok,20260609052148,https://lifeattiktok.com/search/7521815117459589384,200,detail,"Staff Product Designer, Design System",drop,,,,,,,,
7522796367154039048,lifeattiktok,20260301075243,https://lifeattiktok.com/search/7522796367154039048,0,fetch_failed,,unusable,,,,,,,,"HTTPSConnectionPool(host='web.archive.org', port=443): Max retries exceeded with url: /web/20260301075243id_/https://lif"
7524305675574184200,lifeattiktok,20250808112857,https://lifeattiktok.com/search/7524305675574184200,200,detail,Search Trending Product Operations - Trust & Safety,include,trust & safety,,,,,,,"HTTPSConnectionPool(host='web.archive.org', port=443): Max retries exceeded with url: /web/20250808112857id_/https://lif"
7525241680116812039,lifeattiktok,20250715224032,https://lifeattiktok.com/search/7525241680116812039,200,detail,Senior Product Designer - Platform,drop,,,,,,,,
7527077153591675154,lifeattiktok,20250830184500,https://lifeattiktok.com/search/7527077153591675154?utm_source=Simplify,200,detail,(General Hire) Machine Learning Engineer Intern (TikTok-Recommendation) - 2026 Summer (BS/MS),drop,,,,,,,,
7527589557336869138,lifeattiktok,20250829163511,https://lifeattiktok.com/search/7527589557336869138?utm_source=Simplify,200,detail,Machine Learning Engineer Intern (Trust and Safety - CV/NLP/Multimodal LLM) - 2026 Summer(BS/MS),include,trust and safety,,,,,,,
7527891274823010567,lifeattiktok,20250730115510,https://lifeattiktok.com/search/7527891274823010567,200,detail,"TikTok E-Commerce Governance and Experience, Business Analyst- USDS",include,governance,,,,,,,
7528248664097507591,lifeattiktok,20250729203214,https://lifeattiktok.com/search/7528248664097507591,200,detail,Monetization Strategy and Operation - Commercial Incentive & Deal Strategy Manager,drop,,,,,,,,
7529439209288157458,lifeattiktok,20250801041814,https://lifeattiktok.com/search/7529439209288157458,200,detail,Pangle Product Marketing Project Intern (GMPT-Pangle Product) - 2025 Start (BS/MS),drop,,,,,,,,
7529914654036248840,lifeattiktok,20250908132046,https://lifeattiktok.com/search/7529914654036248840,200,detail,"Marketing & Seller Acquisition Project Intern (TikTok Shop), 2025 Start (BS/MS)",drop,,,,,,,,
7530420073258092808,lifeattiktok,20250809031552,https://lifeattiktok.com/search/7530420073258092808?spread=XKM9ZXE,200,detail,"Triage Specialist, Legal Policy Operations - Trust and Safety",include,trust and safety; policy operations,,,,,,,
7530638513848584466,lifeattiktok,20250801150144,https://lifeattiktok.com/search/7530638513848584466,200,detail,Search Operations Quality Assurance - Italian (12 Month - Fixed Term Contract),drop,,,,italian,,,,
7530771170938865928,lifeattiktok,20260113123440,https://lifeattiktok.com/search/7530771170938865928,200,detail,"Research Scientist Graduate- CV/NLP/Multimodal LLM, Trust and Safety - 2026 Start (BS/MS)",include,trust and safety,,,,,,,
7530907400542128402,lifeattiktok,20250731213500,https://lifeattiktok.com/search/7530907400542128402,200,detail,Software Development Engineer Graduate (Dev Infra) - 2026 Start (BS/MS),drop,,,,,,,,
7530979904155683079,lifeattiktok,20250801152316,https://lifeattiktok.com/search/7530979904155683079,200,detail,Machine Learning Engineer Graduate Short Video Content Ecology - 2026 Start (PhD),drop,,,,,,,,
7531678120946239751,lifeattiktok,20250801053915,https://lifeattiktok.com/search/7531678120946239751,200,detail,AI Algorithm Engineer Graduate (TikTok Search) - 2026 Start (BS/MS),drop,,,,,,,,
7531731901448947975,lifeattiktok,20251003171634,https://lifeattiktok.com/search/7531731901448947975?spread=5MWH5CQ%5Cu0026ref%3Dlevels.fyi%5Cu0026src%3Dlevels.fyi%5Cu0026utm_source%3Dlevels.fyi,200,detail,Backend Engineer Intern (TikTok Vertical Recommendation Architecture) - 2026 Start (BS/MS),drop,,,,,,,,
7531999126562130194,lifeattiktok,20250908022148,https://lifeattiktok.com/search/7531999126562130194,200,detail,Strategy Intern (TikTok Shop Resource Management) - 2026 Summer (BS/MS),drop,,,,,,,,
7532070152650197266,lifeattiktok,20250801085720,https://lifeattiktok.com/search/7532070152650197266,200,detail,"Algorithm Engineer Intern (TikTok Shop Global E-Commerce, Supply Chain and Logistics) - 2026 Start (PhD)",drop,,,,,,,,
7532237822393436434,lifeattiktok,20250801102415,https://lifeattiktok.com/search/7532237822393436434,200,detail,Product Manager Graduate (TikTok Shop Logistics Fulfillment Experience) - 2026 Summer (BS/MS),drop,,,,,,,,
7532345074345642258,lifeattiktok,20250731230116,https://lifeattiktok.com/search/7532345074345642258,200,detail,Product Manager Intern (TikTok BRIC Singapore) - 2026 Start (BS/MS),drop,,,,,Singapore,Singapore,Singapore,
7532464949135313159,lifeattiktok,20250823031609,https://lifeattiktok.com/search/7532464949135313159,200,detail,Machine Learning Engineer Intern (Monetization Technology - Ads Creative) - 2026 Start (BS/MS),drop,,,,,,,,
7532631803707263240,lifeattiktok,20250817035301,https://lifeattiktok.com/search/7532631803707263240,0,fetch_failed,,unusable,,,,,,,,"HTTPSConnectionPool(host='web.archive.org', port=443): Max retries exceeded with url: /web/20250817035301id_/https://lif"
7532815853353863432,lifeattiktok,20260902100322,https://lifeattiktok.com/search/7532815853353863432?utm_source=Simplify,200,detail,Product Manager Graduate (TikTok-Product-Content Ecosystem) - 2026 Start (BS/MS),drop,,,,,,,,"HTTPSConnectionPool(host='web.archive.org', port=443): Max retries exceeded with url: /web/20260902100322id_/https://lif"
7533074646040889608,lifeattiktok,20260902100321,https://lifeattiktok.com/search/7533074646040889608?utm_source=Simplify,200,detail,Product Manager Graduate (Ads Interface and Platform) - 2026 Start (BS/MS),drop,,,,,,,,
7533130221324994823,lifeattiktok,20250820140634,https://lifeattiktok.com/search/7533130221324994823,200,detail,Backend Software Engineer Intern (TikTok-Social-Graph) - 2026 Summer (BS/MS),drop,,,,,,,,
7533278507406182674,lifeattiktok,20250817035453,https://lifeattiktok.com/search/7533278507406182674,200,detail,Software Engineer Graduate (Experimentation and Evaluation) - 2026 Start (BS/MS),drop,,,,,,,,
7533447277043206408,lifeattiktok,20250821004436,https://lifeattiktok.com/search/7533447277043206408?utm_source=Simplify,200,detail,Backend Software Engineer Intern (TikTok-Global Live-Foundation) - 2026 Summer(BS/MS),drop,,,,,,,,
7533648837132421384,lifeattiktok,20260114202317,https://lifeattiktok.com/search/7533648837132421384,200,detail,Regional Operation Graduate(TikTok LIVE-MENAT)- 2026 Start (BS/MS),drop,,,,,,,,
7533783305126365448,lifeattiktok,20250821064123,https://lifeattiktok.com/search/7533783305126365448?utm_source=Simplify,200,detail,Software Engineer Intern (TikTok-Search-Client) - 2026 Summer (BS/MS),drop,,,,,,,,
7534724698866059538,lifeattiktok,20260515014442,https://lifeattiktok.com/search/7534724698866059538,200,detail,Accelerated Development Program - 2026 Start (MBA),drop,,,,,,,,
7534966101852539144,lifeattiktok,20260902100322,https://lifeattiktok.com/search/7534966101852539144?utm_source=Simplify,200,detail,Product Manager Graduate (SMB) - 2026 Start (BS/MS),drop,,,,,,,,
7535233874957551879,lifeattiktok,20250817183529,https://lifeattiktok.com/search/7535233874957551879,200,detail,Music Campaign Manager - TikTok LIVE,drop,,,,,,,,
7535558887354992904,lifeattiktok,20250813191351,https://lifeattiktok.com/search/7535558887354992904,200,detail,Privacy Awareness and Enablement Specialist - USDS,drop,,,,,,,,
7535757699587721480,lifeattiktok,20250814040017,https://lifeattiktok.com/search/7535757699587721480,200,detail,Creator & Affiliate Product Manager Intern (TikTok Shop EMEA PM) 2026 Summer (BS/MS),drop,,,,,EMEA,,,
7535969620957301010,lifeattiktok,20250814041625,https://lifeattiktok.com/search/7535969620957301010,200,detail,Creator Agency Content Operation Specialist (Multiple Positions),drop,,,,,,,,
7536170318411745543,lifeattiktok,20260619180330,https://lifeattiktok.com/search/7536170318411745543,200,detail,German Creator Operations Graduate (CapCut) - 2026 Start (BS/MS),drop,,,,german,,,,
7537202419835980040,lifeattiktok,20250814023351,https://lifeattiktok.com/search/7537202419835980040,200,detail,Client Solutions Manager - Global Gaming - Global Business Solutions - METAP,drop,,,,,,,,
7537591422469179666,lifeattiktok,20250908000640,https://lifeattiktok.com/search/7537591422469179666,200,detail,"TikTok Shop - Content Designer, Consumer",drop,,,,,,,,
7538318336657606930,lifeattiktok,20251204051640,https://lifeattiktok.com/search/7538318336657606930?utm_source=Simplify,200,detail,Software Engineer Graduate (Media Platform) - 2026 Start (BS/MS),drop,,,,,,,,
7538623915905288466,lifeattiktok,20250821033502,https://lifeattiktok.com/search/7538623915905288466,200,detail,AML (Anti-Money Laundering) Risk Lead - USDS,drop,,,,,,,,
7538893258701818119,lifeattiktok,20250903021115,https://lifeattiktok.com/search/7538893258701818119?utm_source=Simplify,200,detail,"Product Manager, Ads Attribution and Measurement Intern (Measurement Signal and Privacy Product) - 2026 Summer (BS/MS)",drop,,,,,,,,
7539926056862943495,lifeattiktok,20250821202011,https://lifeattiktok.com/search/7539926056862943495,200,detail,Vertical Sales Lead - Food & Beverages/DTC - Global Business Solutions,drop,,,,,,,,
7540823148805032210,lifeattiktok,20250901195228,https://lifeattiktok.com/search/7540823148805032210?utm_source=Simplify,0,fetch_failed,,unusable,,,,,,,,"HTTPSConnectionPool(host='web.archive.org', port=443): Max retries exceeded with url: /web/20250901195228id_/https://lif"
7541392879479228679,lifeattiktok,20250828211646,https://lifeattiktok.com/search/7541392879479228679,200,detail,Global Rotation Program Graduate (GBS) -2026 Start (BS/MS),drop,,,,,,,,"HTTPSConnectionPool(host='web.archive.org', port=443): Max retries exceeded with url: /web/20250828211646id_/https://lif"
7542755890714429703,lifeattiktok,20250828224405,https://lifeattiktok.com/search/7542755890714429703,200,detail,Compliance Training & Awareness Analyst - USDS,drop,,,,,,,,
7543107311117650183,lifeattiktok,20250829141042,https://lifeattiktok.com/search/7543107311117650183,200,detail,"Creator Management Project Intern (TikTok Shop, Vietnam) - 2025 Start (BS/MS)",drop,,,,,Vietnam,,,
7544087604330039570,lifeattiktok,20250908044315,https://lifeattiktok.com/search/7544087604330039570,200,detail,Safety Model Operations Quality Assurance - Hausa,drop,,,hausa,,,,,
7545338131505039623,lifeattiktok,20251002144720,https://lifeattiktok.com/search/7545338131505039623?spread=5MWH5CQ,200,detail,Integrated Marketing & Operation Project Intern (TikTok Shop - US Operation) - 2025 Start (BS/MS),drop,,,,,,,,
7546336514033764626,lifeattiktok,20260902100325,https://lifeattiktok.com/search/7546336514033764626?utm_source=Simplify,200,detail,Product Manager Graduate (Measurement Signal and Privacy Product Team) - 2026 Start (PhD),drop,,,,,,,,
7548102572256938247,lifeattiktok,20251001234735,https://lifeattiktok.com/search/7548102572256938247,404,js_shell,Wayback Machine,unusable,,,,,,,,
7550142206574545160,lifeattiktok,20250921034155,https://lifeattiktok.com/search/7550142206574545160,200,detail,Agency Partner Lead - Independent Agency - Thailand,drop,,,,,Thailand,,,
7550949634471201031,lifeattiktok,20250928133850,https://lifeattiktok.com/search/7550949634471201031,200,detail,User Product Manager Intern (TikTok Shop EMEA PM) - 2026 Summer (BS/MS),drop,,,,,EMEA,,,
7551946654916987143,lifeattiktok,20260330043913,https://lifeattiktok.com/search/7551946654916987143?utm_source=bandana,200,detail,System Engineer (Operating System) - System Technologies and Engineering,drop,,,,,,,,"HTTPSConnectionPool(host='web.archive.org', port=443): Max retries exceeded with url: /web/20260330043913id_/https://lif"
7553207270986074386,lifeattiktok,20250928123124,https://lifeattiktok.com/search/7553207270986074386,200,detail,Commercial Partnership Solutions Graduate (Global Business Marketing)-2026 Start（BS/MS）,drop,,,,,,,,
7554068070034573576,lifeattiktok,20260114192855,https://lifeattiktok.com/search/7554068070034573576,200,detail,"Senior Software Engineer, Computer Vision (Knowledge Distillation)",drop,,,,,,,,
7555474293124942098,lifeattiktok,20251003191938,https://lifeattiktok.com/search/7555474293124942098,200,detail,"TikTok Shop - Strategy & Operations Associate, Business Planning & Operations, UK",drop,,,,,United Kingdom,,,
7555748250617612562,lifeattiktok,20251004013210,https://lifeattiktok.com/search/7555748250617612562,200,detail,Moderation Operations Project Intern (TikTok Shop Japan) - 2026 Start (BS/MS),include,moderat*,,,,Japan,,,
7556514442126608658,lifeattiktok,20260223074609,https://lifeattiktok.com/search/7556514442126608658,200,detail,Mass Account Incubation Project Intern (TikTok Shop) - 2026 Start (BS/MS),drop,,,,,,,,
7563610843182221573,lifeattiktok,20260112212200,https://lifeattiktok.com/search/7563610843182221573,200,detail,Visual Designer - TikTok LIVE - Japan,drop,,,,,Japan,,,
7569767150333856053,lifeattiktok,20260902100350,https://lifeattiktok.com/search/7569767150333856053?utm_source=Simplify,200,detail,Product Manager Project Intern (Search Ads Product) - 2025 Start (BS/MS),drop,,,,,,,,
7576604677780015365,lifeattiktok,20260515013703,https://lifeattiktok.com/search/7576604677780015365,200,detail,Operations Project Intern (TikTok LIVE) - 2026 Start (BS/MS),drop,,,,,,,,
7582799918795737349,lifeattiktok,20260615205936,https://lifeattiktok.com/search/7582799918795737349?_rsc=1m3ql,200,js_shell,,unusable,,,,,,,,"HTTPSConnectionPool(host='web.archive.org', port=443): Max retries exceeded with url: /web/20260615205936id_/https://lif"
7589216791264577797,lifeattiktok,20260511101235,https://lifeattiktok.com/search/7589216791264577797,200,detail,"Product Manager, Workforce Management, Platform Responsibility",drop,,,,,,,,
7594646816516852021,lifeattiktok,20260609060008,https://lifeattiktok.com/search/7594646816516852021?spread=5MWH5CQ,0,fetch_failed,,unusable,,,,,,,,"HTTPSConnectionPool(host='web.archive.org', port=443): Max retries exceeded with url: /web/20260609060008id_/https://lif"
7596727889644407093,lifeattiktok,20260121220411,https://lifeattiktok.com/search/7596727889644407093?_rsc=1m3ql,200,js_shell,,unusable,,,,,,,,"HTTPSConnectionPool(host='web.archive.org', port=443): Max retries exceeded with url: /web/20260121220411id_/https://lif"
7600536394771564853,lifeattiktok,20260425073228,https://lifeattiktok.com/search/7600536394771564853?utm_source=Simplify,200,detail,Security Software Engineer Project Intern (Product Security) - 2026 Start (BS/MS),drop,,,,,,,,
7603112343200680197,lifeattiktok,20260315105922,https://lifeattiktok.com/search/7603112343200680197,200,detail,Site Reliability Engineer – USDS (Multiple Positions),exclude,,site reliability,,,,,,
7609019984313452805,lifeattiktok,20260425073235,https://lifeattiktok.com/search/7609019984313452805?utm_source=Simplify,200,detail,Software Engineer Project Intern(Video-on-Demand Algorithm) - 2026 Start (BS/MS),drop,,,,,,,,
7613563495740852485,lifeattiktok,20260515013939,https://lifeattiktok.com/search/7613563495740852485,200,detail,Creative Designer Intern (TikTok-Design-LIVE) - 2026 Summer (BS/MS),drop,,,,,,,,
7621339091455871285,lifeattiktok,20260421231011,https://lifeattiktok.com/search/7621339091455871285,200,detail,"Talent Acquisition Partner - TikTok USDS-JV, Tech & Product - Los Angeles",drop,,,,,,Los Angeles,United States,
7625569494388017413,lifeattiktok,20260422030008,https://lifeattiktok.com/search/7625569494388017413?_rsc=1m3ql,200,js_shell,,unusable,,,,,,,,"HTTPSConnectionPool(host='web.archive.org', port=443): Max retries exceeded with url: /web/20260422030008id_/https://lif"
7629211025884154165,lifeattiktok,20260811034440,https://lifeattiktok.com/search/7629211025884154165,200,detail,Research Scientist Intern - LLM Applications for International E-commerce Scenarios - Global Frontier Tech Recruitment Program - 2027 Start (PhD),drop,,,,,,,,
7634520401314056453,lifeattiktok,20260506185147,https://lifeattiktok.com/search/7634520401314056453,200,detail,Data Center Operations Leader - Finland,exclude,,data center,,,,,,
7644719084681234741,lifeattiktok,20260710212811,https://lifeattiktok.com/search/7644719084681234741,200,detail,Data Science Project Intern (TikTok Shop-Supply Chain & Logistics) - 2026 Start (BS/MS),drop,,,,,,,,"HTTPSConnectionPool(host='web.archive.org', port=443): Max retries exceeded with url: /web/20260710212811id_/https://lif"
7657246837280540933,lifeattiktok,20260710212806,https://lifeattiktok.com/search/7657246837280540933,200,detail,"Measurement Science Partner, Global Accounts",drop,,,,,,,,
7663036950303050037,lifeattiktok,20260904122213,https://lifeattiktok.com/search/7663036950303050037,200,detail,Backend Software Engineer Graduate (Machine Moderation Platform) - 2027 Start,include,moderat*,,,,,,,
7667338938890930437,lifeattiktok,20260810111540,https://lifeattiktok.com/search/7667338938890930437,200,detail,Machine Learning Engineer Intern (TikTok-Data-Search-Basic Ranking) - 2027 Summer,drop,,,,,,,,
7668206857737455877,lifeattiktok,20260811181909,https://lifeattiktok.com/search/7668206857737455877,200,detail,Multimodal Generative AI Research Scientist (Intelligent Creation) – Global Frontier Tech Recruitment Program - 2027 Start (PhD),drop,,,,,,,,
7668696895234197813,lifeattiktok,20260902100645,https://lifeattiktok.com/search/7668696895234197813?utm_source=Simplify,200,detail,Software Engineer Intern (ML Infra) - 2027 Start (PhD),drop,,,,,,,,
7668855346857019701,lifeattiktok,20260902100919,https://lifeattiktok.com/search/7668855346857019701?utm_source=Simplify,200,detail,Software Engineer Graduate (Ads Interface) - 2027 Start,drop,,,,,,,,
7670292836050422021,lifeattiktok,20260902100921,https://lifeattiktok.com/search/7670292836050422021?utm_source=Simplify,200,detail,Backend Software Engineer Graduate (Creation Platform) - 2027 Start,drop,,,,,,,,
7672502976746080565,lifeattiktok,20260812223924,https://lifeattiktok.com/search/7672502976746080565,200,detail,Analytic Product Operation Analyst - Data Platform,drop,,,,,,,,
7673669198965278981,lifeattiktok,20260902100921,https://lifeattiktok.com/search/7673669198965278981?utm_source=Simplify,200,detail,Backend Software Engineer Graduate (Creation Platform) - 2027 Start,drop,,,,,,,,"HTTPSConnectionPool(host='web.archive.org', port=443): Max retries exceeded with url: /web/20260902100921id_/https://lif"
7676650760662157621,lifeattiktok,20260826030528,https://lifeattiktok.com/search/7676650760662157621,200,detail,Machine Learning Engineer Graduate (E-Commerce Knowledge Graph) - 2027 Start (PhD),drop,,,,,,,,
