job_id,job_title,city,country,region,all_countries,country_count,date_posted,capture_date,capture_year,employment_type,original_url,ts_term_count,ts_term_hits,role_class,signal_strength,security_relevant,harm_exposure_flag,market_specific_flag,technical_integrity_false_positive,in_final_subset
10003793663057674,Agency Partner,Milan,Italy,Western Europe,Italy,1,2025-09-29T09:31:23-07:00,20251209,2025,Full-time,https://www.metacareers.com/profile/job_details/10003793663057674,0,,non_integrity,none,no,no,no,no,no
10018453378207879,"Software Engineer, Front End",Menlo Park,United States,North America,United States,1,2025-06-10T15:13:53-07:00,20260207,2026,Full-time,https://www.metacareers.com/profile/job_details/10018453378207879,0,,non_integrity,none,no,no,no,no,no
10031084473585283,"Network Production Engineer, Infrastructure",Menlo Park,United States,North America,United States,1,2025-01-02T23:20:00-08:00,20251207,2025,Full-time,https://www.metacareers.com/profile/job_details/10031084473585283,0,,non_integrity,none,no,no,no,no,no
1008904878100152,Display Electrical Engineer,Sunnyvale,United States,North America,United States,1,2025-06-11T11:57:26-07:00,20251207,2025,Full-time,https://www.metacareers.com/profile/job_details/1008904878100152,1,integrity,core_integrity,high,yes,no,no,yes,no
1016010023629619,"Product Design Manager, Instagram – Commerce",New York,United States,North America,United States,1,2025-06-16T14:46:19-07:00,20251217,2025,Full-time,https://www.metacareers.com/profile/job_details/1016010023629619,0,,non_integrity,none,no,no,no,no,no
1016590227328361,Consumer Product Marketing Manager,Los Angeles,United States,North America,United States,1,2025-06-06T14:09:07-07:00,20251207,2025,Full-time,https://www.metacareers.com/profile/job_details/1016590227328361,0,,non_integrity,none,no,no,no,no,no
1019792683517806,"Research Scientist Intern, Physics-based Simulation for Avatars and Robotics PhD",Zurich,Switzerland,Western Europe,Switzerland,1,2025-09-25T11:23:29-07:00,20251214,2025,Internship,https://www.metacareers.com/profile/job_details/1019792683517806,0,,non_integrity,none,no,no,no,no,no
1026846922961994,"Supply Planning Specialist, Reality Labs",Sunnyvale,United States,North America,United States,1,2025-06-18T16:34:40-07:00,20251209,2025,Full-time,https://www.metacareers.com/profile/job_details/1026846922961994,0,,possible_integrity,low,yes,no,yes,no,no
1027202079447942,"Software Engineer, Systems",Bellevue,United States,North America,United States,1,2025-10-05T17:14:18-07:00,20251207,2025,Full-time,https://www.metacareers.com/profile/job_details/1027202079447942,0,,non_integrity,none,no,no,no,no,no
1028085476110776,Software Engineering Manager,Menlo Park,United States,North America,United States,1,2025-10-26T19:05:24-07:00,20251207,2025,Full-time,https://www.metacareers.com/profile/job_details/1028085476110776,0,,non_integrity,none,no,no,no,no,no
1030471552574905,Partner Engineer,São Paulo,Brazil,Latin America,Brazil,1,2025-07-14T02:06:52-07:00,20251213,2025,Full-time,https://www.metacareers.com/profile/job_details/1030471552574905,0,,non_integrity,none,no,no,no,no,no
1030703255880205,"Business Operations Manager, Partnerships",Menlo Park,United States,North America,United States,1,2025-12-11T17:06:35-08:00,20260120,2026,Full-time,https://www.metacareers.com/profile/job_details/1030703255880205,0,,non_integrity,none,no,no,no,no,no
1031032768371242,Production Engineer,Sunnyvale,United States,North America,United States,1,2024-06-10T13:39:02-07:00,20251213,2025,Full-time,https://www.metacareers.com/profile/job_details/1031032768371242,0,,possible_integrity,low,yes,no,yes,no,no
1032917275528585,"Technical Program Manager, Product Design Engineering, AI Glasses HW",Sunnyvale,United States,North America,United States,1,2025-10-09T09:52:14-07:00,20251213,2025,Full-time,https://www.metacareers.com/profile/job_details/1032917275528585,0,,non_integrity,none,no,no,no,no,no
1035049142119329,Robotics Studio Systems Integration Engineer,Redmond,United States,North America,United States,1,2025-12-02T16:27:52-08:00,20251216,2025,Full-time,https://www.metacareers.com/profile/job_details/1035049142119329,0,,non_integrity,none,no,no,no,no,no
1041411848053346,Display Integration Engineer,Sunnyvale,United States,North America,United States,1,2025-11-03T09:41:48-08:00,20251210,2025,Full-time,https://www.metacareers.com/profile/job_details/1041411848053346,0,,non_integrity,none,no,no,no,no,no
1048049836887307,"Software Engineer, Machine Learning",London,UK,Unknown,United Kingdom,1,2025-06-10T16:19:38-07:00,20251214,2025,Full-time,https://www.metacareers.com/profile/job_details/1048049836887307,0,,non_integrity,none,no,no,no,no,no
1055776473267317,"Strategic Partner Manager, Business Messaging",Menlo Park,United States,North America,United States,1,2025-04-28T11:22:16-07:00,20251217,2025,Full-time,https://www.metacareers.com/profile/job_details/1055776473267317,0,,non_integrity,none,no,no,no,no,no
1057427173269828,"Construction Manager - Data Center Design, Engineering and Construction",Los Lunas,United States,North America,United States,1,2025-08-11T10:13:49-07:00,20251207,2025,Full-time,https://www.metacareers.com/profile/job_details/1057427173269828,0,,non_integrity,none,no,no,yes,no,no
1057972999603315,"Software Engineer, Camera",Taipei,Taiwan,East Asia,Taiwan,1,2025-09-30T02:15:38-07:00,20251207,2025,Full-time,https://www.metacareers.com/profile/job_details/1057972999603315,0,,non_integrity,none,no,no,no,no,no
1058363622156402,Software Engineer (Leadership) - Machine Learning,Zurich,Switzerland,Western Europe,Switzerland; United Kingdom,2,2024-01-24T06:38:43-08:00,20251207,2025,Full-time,https://www.metacareers.com/profile/job_details/1058363622156402,0,,non_integrity,none,no,no,no,no,no
1059713709323092,"Research Scientist Intern, Product Algorithms (PhD)",Menlo Park,United States,North America,United States,1,2025-09-02T14:26:09-07:00,20251214,2025,Internship,https://www.metacareers.com/profile/job_details/1059713709323092,0,,non_integrity,none,no,no,no,no,no
1060575989215299,AI Research Scientist - Machine Learning for Behavioral AI,Redmond,United States,North America,United States,1,2025-03-27T17:17:25-07:00,20251206,2025,Full-time,https://www.metacareers.com/profile/job_details/1060575989215299,0,,non_integrity,none,no,no,no,no,no
1061795906099278,Software Engineer - iOS (Technical Leadership),Menlo Park,United States,North America,United States,1,2025-07-30T10:37:54-07:00,20251204,2025,Full-time,https://www.metacareers.com/profile/job_details/1061795906099278,0,,non_integrity,none,no,no,no,no,no
1062546941870825,"Data Engineering Manager, Analytics (Central Products)",Menlo Park,United States,North America,United States,1,2025-06-10T13:18:44-07:00,20260120,2026,Full-time,https://www.metacareers.com/profile/job_details/1062546941870825,0,,non_integrity,none,no,no,no,no,no
1065751875021260,"Director, Data Engineering",Sunnyvale,United States,North America,United States,1,2024-10-24T13:45:48-07:00,20251207,2025,Full-time,https://www.metacareers.com/profile/job_details/1065751875021260,0,,non_integrity,none,no,no,no,no,no
1067812302137515,Lead Building Engineer,Singapore,Singapore,Southeast Asia,Singapore,1,2026-01-05T20:16:12-08:00,20260122,2026,Full-time,https://www.metacareers.com/profile/job_details/1067812302137515,0,,non_integrity,none,no,no,yes,no,no
1068950782023865,"Network Engineer, Foundation & Support",Singapore,Singapore,Southeast Asia,Singapore,1,2026-01-07T23:46:42-08:00,20260209,2026,Full-time,https://www.metacareers.com/profile/job_details/1068950782023865,0,,possible_integrity,low,yes,no,yes,no,no
1069034411836715,Electrical Engineer,Sunnyvale,United States,North America,United States,1,2025-06-10T14:23:55-07:00,20251214,2025,Full-time,https://www.metacareers.com/profile/job_details/1069034411836715,0,,non_integrity,none,no,no,no,no,no
1069554011988043,"Electrical Engineer, Reality Labs Research, Hardware Engineering",Redmond,United States,North America,United States,1,2025-07-31T07:41:36-07:00,20251209,2025,Full-time,https://www.metacareers.com/profile/job_details/1069554011988043,0,,non_integrity,none,no,no,no,no,no
1070147800777577,"Data Scientist, Product Analytics",Sunnyvale,United States,North America,United States,1,2024-10-11T13:31:05-07:00,20251204,2025,Full-time,https://www.metacareers.com/profile/job_details/1070147800777577,0,,non_integrity,none,no,no,no,no,no
1070237881858498,Risk and Controls Systems Advisor,Austin,United States,North America,United States,1,2025-12-16T21:21:45-08:00,20260122,2026,Full-time,https://www.metacareers.com/profile/job_details/1070237881858498,0,,non_integrity,none,no,no,no,no,no
1070703711701906,"Electrical Engineer, Systems",Shanghai,China,East Asia,China,1,2025-07-01T06:13:34-07:00,20251217,2025,Full-time,https://www.metacareers.com/profile/job_details/1070703711701906,0,,non_integrity,none,no,no,no,no,no
1071090251660993,"Software Engineer, Camera Driver",Burlingame,United States,North America,United States,1,2025-06-10T14:18:44-07:00,20251204,2025,Full-time,https://www.metacareers.com/profile/job_details/1071090251660993,0,,non_integrity,none,no,no,no,no,no
1071661727626259,Production Systems Engineer,Dublin,Ireland,Western Europe,Ireland,1,2025-06-11T09:07:16-07:00,20251214,2025,Full-time,https://www.metacareers.com/profile/job_details/1071661727626259,0,,non_integrity,none,no,no,no,no,no
1073388218274195,Traditional Chinese Language Manager,Bellevue,United States,North America,United States,1,2025-08-08T16:03:56-07:00,20251213,2025,Full-time,https://www.metacareers.com/profile/job_details/1073388218274195,0,,non_integrity,none,no,no,no,no,no
1073668584760230,"ASIC Engineer, SoC Verification",Sunnyvale,United States,North America,United States,1,2025-11-20T14:51:42-08:00,20251217,2025,Full-time,https://www.metacareers.com/profile/job_details/1073668584760230,0,,non_integrity,none,no,no,no,no,no
1075389717795087,Software Engineer (Technical Leadership) - Machine Learning,Sunnyvale,United States,North America,United States,1,2025-06-10T10:36:39-07:00,20251207,2025,Full-time,https://www.metacareers.com/profile/job_details/1075389717795087,0,,non_integrity,none,no,no,no,no,no
1076063424382383,CoreOS Engineer(Technical Leadership),Hyderabad,India,South Asia,India,1,2025-10-02T18:19:23-07:00,20251217,2025,Full-time,https://www.metacareers.com/profile/job_details/1076063424382383,0,,non_integrity,none,no,no,no,no,no
1076441851284968,"Manager, Data Center Network Deployment & Support",Aiken,United States,North America,United States,1,2026-01-27T09:30:06-08:00,20260207,2026,Full-time,https://www.metacareers.com/profile/job_details/1076441851284968,0,,possible_integrity,low,yes,no,no,no,no
1077101704312970,"Application Security Engineer, Privacy",Menlo Park,United States,North America,United States,1,2025-06-11T13:03:38-07:00,20251205,2025,Full-time,https://www.metacareers.com/profile/job_details/1077101704312970,0,,non_integrity,none,no,no,no,no,no
1079158160340219,"Software Engineer, Product",Bellevue,United States,North America,United States,1,2025-06-10T13:28:36-07:00,20251213,2025,Full-time,https://www.metacareers.com/profile/job_details/1079158160340219,0,,non_integrity,none,no,no,no,no,no
1081929713616144,Controls Subject Matter Expert,Rayville,United States,North America,United States,1,2025-08-14T09:29:34-07:00,20251217,2025,Full-time,https://www.metacareers.com/profile/job_details/1081929713616144,1,integrity,core_integrity,high,yes,no,yes,yes,no
1082512670465895,"Research Scientist Intern, Holography (PhD)",Redmond,United States,North America,United States,1,2025-10-31T11:07:44-07:00,20251217,2025,Internship,https://www.metacareers.com/profile/job_details/1082512670465895,0,,non_integrity,none,no,no,no,no,no
1082748943010294,"Software Engineer, SystemML - Scaling / Performance",Menlo Park,United States,North America,United States,1,2024-04-10T11:35:26-07:00,20251207,2025,Full-time,https://www.metacareers.com/profile/job_details/1082748943010294,0,,non_integrity,none,no,no,no,no,no
1083635213888276,Fundamental AI Researcher - FAIR,Menlo Park,United States,North America,United States,1,2026-01-21T13:19:34-08:00,20260207,2026,Full-time,https://www.metacareers.com/profile/job_details/1083635213888276,0,,non_integrity,none,no,no,no,no,no
1084164533657805,"Application Security Engineer, Privacy",Menlo Park,United States,North America,United States,1,2025-07-15T14:01:08-07:00,20251213,2025,Full-time,https://www.metacareers.com/profile/job_details/1084164533657805,0,,non_integrity,none,no,no,no,no,no
1084685280522814,"Research Scientist, Machine Learning (PhD)",Singapore,Singapore,Southeast Asia,Singapore,1,2025-09-17T05:13:45-07:00,20251217,2025,Full-time,https://www.metacareers.com/profile/job_details/1084685280522814,0,,non_integrity,none,no,no,no,no,no
1086568556938212,CapEx Sourcing Manager,Shanghai,China,East Asia,China,1,2025-08-20T19:31:13-07:00,20251217,2025,Full-time,https://www.metacareers.com/profile/job_details/1086568556938212,0,,non_integrity,none,no,no,no,no,no
1088116780040391,"Product Designer, Reality Labs",Menlo Park,United States,North America,United States,1,2025-06-10T11:53:59-07:00,20251217,2025,Full-time,https://www.metacareers.com/profile/job_details/1088116780040391,0,,non_integrity,none,no,no,no,no,no
1088507413193516,"Research Scientist Intern, Human Understanding (PhD)",Burlingame,United States,North America,United States,1,2025-11-06T09:54:54-08:00,20251210,2025,Internship,https://www.metacareers.com/profile/job_details/1088507413193516,0,,non_integrity,none,no,no,no,no,no
1091964779380326,"AI Research Scientist, Computer Vision - Facebook Video Intelligence",Menlo Park,United States,North America,United States,1,2025-10-02T09:51:03-07:00,20251211,2025,Full-time,https://www.metacareers.com/profile/job_details/1091964779380326,0,,non_integrity,none,no,no,no,no,no
1092822929374881,Product Design Engineer,Sunnyvale,United States,North America,United States,1,2025-06-11T10:11:46-07:00,20251206,2025,Full-time,https://www.metacareers.com/profile/job_details/1092822929374881,0,,non_integrity,none,no,no,no,no,no
1093050859484986,Global Sales Analytics Lead,New York,United States,North America,United States,1,2025-10-04T12:58:21-07:00,20251207,2025,Full-time,https://www.metacareers.com/profile/job_details/1093050859484986,0,,non_integrity,none,no,no,no,no,no
1093700889305786,"Lead Counsel, EMEA Disputes",Berlin,Germany,Western Europe,Germany; Belgium,2,2025-11-03T09:51:10-08:00,20251209,2025,Full-time,https://www.metacareers.com/profile/job_details/1093700889305786,1,integrity,core_integrity,high,yes,no,yes,no,yes
1096240815930323,Semiconductor Display Product Test Engineer,Sunnyvale,United States,North America,United States,1,2025-09-23T12:56:37-07:00,20251216,2025,Full-time,https://www.metacareers.com/profile/job_details/1096240815930323,0,,non_integrity,none,no,no,no,no,no
1098940124992913,Research Engineer - On-Device Contextual AI,Sunnyvale,United States,North America,United States,1,2025-08-13T07:17:58-07:00,20251217,2025,Full-time,https://www.metacareers.com/profile/job_details/1098940124992913,0,,non_integrity,none,no,no,no,no,no
1099216965624670,"Software Engineer, Network",Seattle,United States,North America,United States,1,2025-10-26T17:18:52-07:00,20251207,2025,Full-time,https://www.metacareers.com/profile/job_details/1099216965624670,0,,non_integrity,none,no,no,yes,no,no
1099457568732299,Hardware Sustaining Engineering Manager,Sunnyvale,United States,North America,United States,1,2025-11-03T13:42:28-08:00,20251207,2025,Full-time,https://www.metacareers.com/profile/job_details/1099457568732299,0,,non_integrity,none,no,no,no,no,no
1100664205345898,"Director, Security GRC Program Lead",Bellevue,United States,North America,United States,1,2025-11-25T09:31:56-08:00,20251214,2025,Full-time,https://www.metacareers.com/profile/job_details/1100664205345898,1,integrity,core_integrity,high,yes,no,no,no,yes
1100790692182399,"Research Scientist Intern, Human Computer Interaction (PhD)",Redmond,United States,North America,United States,1,2025-09-09T19:30:42-07:00,20251123,2025,Internship,https://www.metacareers.com/profile/job_details/1100790692182399,0,,non_integrity,none,no,no,no,no,no
1101988215136876,"Project Manager, Problem Integrity Solutions",Dublin,Ireland,Western Europe,Ireland,1,2025-07-07T03:25:32-07:00,20251214,2025,Full-time,https://www.metacareers.com/profile/job_details/1101988215136876,1,integrity,core_integrity,high,yes,no,no,no,yes
1105821834995824,Head of EMEA Marketing Insights,London,UK,Unknown,United Kingdom,1,2025-09-30T01:11:55-07:00,20251207,2025,Full-time,https://www.metacareers.com/profile/job_details/1105821834995824,0,,non_integrity,none,no,no,yes,no,no
1106888494928857,Product Manager - Devices,Redmond,United States,North America,United States,1,2025-09-12T15:57:17-07:00,20251211,2025,Full-time,https://www.metacareers.com/profile/job_details/1106888494928857,0,,non_integrity,none,no,no,no,no,no
1106959798289669,System Architecture Engineer,Denver,United States,North America,United States,1,2025-09-11T13:15:15-07:00,20251217,2025,Full-time,https://www.metacareers.com/profile/job_details/1106959798289669,1,integrity,core_integrity,high,yes,no,no,yes,no
1108884037682497,"Data Engineer, Product Analytics",Bangalore,India,South Asia,India,1,2025-10-21T13:49:22-07:00,20251211,2025,Full-time,https://www.metacareers.com/profile/job_details/1108884037682497,0,,non_integrity,none,no,no,no,no,no
1109176448073978,Software Engineer - Performance and Power Efficiency,Taipei,Taiwan,East Asia,Taiwan,1,2025-10-02T22:40:42-07:00,20251209,2025,Full-time,https://www.metacareers.com/profile/job_details/1109176448073978,0,,non_integrity,none,no,no,no,no,no
1110296604327967,Business Messaging Specialist,Gurgaon,India,South Asia,India,1,2025-07-29T08:01:35-07:00,20251213,2025,Full-time,https://www.metacareers.com/profile/job_details/1110296604327967,0,,non_integrity,none,no,no,no,no,no
1110323413760611,3D Artist | Wearables Product Creative,Burlingame,United States,North America,United States,1,2025-08-19T15:50:52-07:00,20251210,2025,Full-time,https://www.metacareers.com/profile/job_details/1110323413760611,0,,non_integrity,none,no,no,no,no,no
1114014804201805,Wireless Systems Engineer,Sunnyvale,United States,North America,United States,1,2025-09-30T15:25:16-07:00,20260207,2026,Full-time,https://www.metacareers.com/profile/job_details/1114014804201805,0,,non_integrity,none,no,no,no,no,no
1114578444081194,"Research Scientist Intern, Language Research Scientist (PhD), Paris",Paris,France,Western Europe,France,1,2025-11-25T06:12:49-08:00,20251209,2025,Internship,https://www.metacareers.com/profile/job_details/1114578444081194,0,,non_integrity,none,no,no,no,no,no
1115317270438682,"Silicon Validation Engineer, Reality Labs",Sunnyvale,United States,North America,United States,1,2025-06-16T16:50:29-07:00,20251211,2025,Full-time,https://www.metacareers.com/profile/job_details/1115317270438682,0,,non_integrity,none,no,no,no,no,no
1115877427132236,"Application Manager, Planning",Sunnyvale,United States,North America,United States,1,2025-07-17T20:45:16-07:00,20251215,2025,Full-time,https://www.metacareers.com/profile/job_details/1115877427132236,0,,non_integrity,none,no,no,yes,no,no
1115918003630964,"Director, Mechanical Engineering",Menlo Park,United States,North America,United States,1,2025-10-22T21:57:59-07:00,20251213,2025,Full-time,https://www.metacareers.com/profile/job_details/1115918003630964,0,,non_integrity,none,no,no,no,no,no
1116743737318769,Software Engineer – System,Bellevue,United States,North America,United States,1,2025-10-21T13:17:32-07:00,20251216,2025,Full-time,https://www.metacareers.com/profile/job_details/1116743737318769,0,,non_integrity,none,no,no,no,no,no
1117701183194370,"Research Scientist Intern, Optical System Design (PhD)",Redmond,United States,North America,United States,1,2025-09-02T16:35:35-07:00,20251217,2025,Internship,https://www.metacareers.com/profile/job_details/1117701183194370,0,,non_integrity,none,no,no,no,no,no
1118624806693191,"Preconstruction Manager - Leased Data Center Design, Engineering, & Construction",Menlo Park,United States,North America,United States,1,2025-10-27T09:21:45-07:00,20251207,2025,Full-time,https://www.metacareers.com/profile/job_details/1118624806693191,0,,non_integrity,none,no,no,no,no,no
1120110023590605,Software Engineer (iOS),New York,United States,North America,United States,1,2025-10-08T14:34:43-07:00,20251207,2025,Full-time,https://www.metacareers.com/profile/job_details/1120110023590605,0,,non_integrity,none,no,no,no,no,no
1121515873095892,ASIC Engineer,Austin,United States,North America,United States,1,2025-11-10T10:19:24-08:00,20251213,2025,Full-time,https://www.metacareers.com/profile/job_details/1121515873095892,0,,non_integrity,none,no,no,no,no,no
1122616986710717,Regional Environmental Health Safety (EHS) Specialist,Menlo Park,United States,North America,United States,1,2025-10-27T15:59:13-07:00,20251214,2025,Full-time,https://www.metacareers.com/profile/job_details/1122616986710717,0,,non_integrity,none,no,no,no,no,no
1124827289477081,Embedded Software Engineer,Sunnyvale,United States,North America,United States,1,2025-11-26T12:04:02-08:00,20251210,2025,Full-time,https://www.metacareers.com/profile/job_details/1124827289477081,0,,non_integrity,none,no,no,no,no,no
1126119785604071,Regional Trade & Customs Operational Lead,Los Angeles,United States,North America,United States,1,2025-09-17T08:43:54-07:00,20251216,2025,Full-time,https://www.metacareers.com/profile/job_details/1126119785604071,0,,non_integrity,none,no,no,no,no,no
1126631239534969,Software Engineer,Bellevue,United States,North America,United States,1,2025-10-06T17:28:20-07:00,20251207,2025,Full-time,https://www.metacareers.com/profile/job_details/1126631239534969,0,,non_integrity,none,no,no,no,no,no
1127770222784753,"Product Security Engineer, AI",Bellevue,United States,North America,United States,1,2025-09-25T13:12:56-07:00,20251216,2025,Full-time,https://www.metacareers.com/profile/job_details/1127770222784753,0,,non_integrity,none,no,no,no,no,no
1128233742628834,GWS Strategic Programs Manager,New York,United States,North America,United States,1,2025-11-05T16:08:00-08:00,20251209,2025,Full-time,https://www.metacareers.com/profile/job_details/1128233742628834,0,,non_integrity,none,no,no,no,no,no
1128596106062523,Data Center Production Operations Engineer,Henrico,United States,North America,United States,1,2025-10-08T08:17:27-07:00,20251208,2025,Full-time,https://www.metacareers.com/profile/job_details/1128596106062523,0,,non_integrity,none,no,no,no,no,no
1128624585855043,Computer Vision/Machine Learning Research Scientist (Spatial AI),Zurich,Switzerland,Western Europe,Switzerland,1,2025-08-01T01:54:40-07:00,20251211,2025,Full-time,https://www.metacareers.com/profile/job_details/1128624585855043,0,,non_integrity,none,no,no,no,no,no
1129910162585463,"Software Engineer, Systems Machine Learning",New York,United States,North America,United States,1,2025-10-26T15:57:51-07:00,20251214,2025,Full-time,https://www.metacareers.com/profile/job_details/1129910162585463,0,,non_integrity,none,no,no,no,no,no
1130423548424029,Embedded Software Engineer,Sunnyvale,United States,North America,United States,1,2025-09-19T12:08:19-07:00,20251216,2025,Full-time,https://www.metacareers.com/profile/job_details/1130423548424029,0,,non_integrity,none,no,no,no,no,no
1131050055462856,Growth Marketing Manager,New York,United States,North America,United States,1,2025-11-17T12:02:06-08:00,20251214,2025,Full-time,https://www.metacareers.com/profile/job_details/1131050055462856,0,,non_integrity,none,no,no,no,no,no
1131500971757201,"Research Scientist Intern, Systems ML - SW/HW Co-Design - CHIPs (PhD)",Menlo Park,United States,North America,United States,1,2025-09-19T14:52:55-07:00,20251125,2025,Internship,https://www.metacareers.com/profile/job_details/1131500971757201,0,,non_integrity,none,no,no,no,no,no
1131995255258847,"AI Engineer, Reality Labs Foundation",Los Angeles,United States,North America,United States,1,2025-10-13T14:05:21-07:00,20251213,2025,Full-time,https://www.metacareers.com/profile/job_details/1131995255258847,0,,non_integrity,none,no,no,no,no,no
1132217282452821,"Data Scientist, Product",Menlo Park,United States,North America,United States,1,2025-12-02T11:15:22-08:00,20260122,2026,Full-time,https://www.metacareers.com/profile/job_details/1132217282452821,0,,non_integrity,none,no,no,no,no,no
1132366865706148,"Account Manager, Mid-Market (Hong Kong & Taiwan) SMB Group",Singapore,Singapore,Southeast Asia,Singapore,1,2025-10-08T20:39:58-07:00,20251207,2025,Full-time,https://www.metacareers.com/profile/job_details/1132366865706148,0,,possible_integrity,low,yes,no,no,no,no
1132395371724894,"Research Scientist Intern, 3D Computer Vision and Generative AI (PhD)",Zurich,Switzerland,Western Europe,Switzerland,1,2025-09-30T06:45:21-07:00,20251124,2025,Internship,https://www.metacareers.com/profile/job_details/1132395371724894,0,,non_integrity,none,no,no,no,no,no
1133061378933032,Director - Supply Chain Strategy & Engineering,Bellevue,United States,North America,United States,1,2025-10-06T10:31:42-07:00,20251217,2025,Full-time,https://www.metacareers.com/profile/job_details/1133061378933032,0,,non_integrity,none,no,no,no,no,no
1133082511629869,"Technical Program Manager, Packaging",Sunnyvale,United States,North America,United States,1,2025-09-30T11:35:41-07:00,20251214,2025,Full-time,https://www.metacareers.com/profile/job_details/1133082511629869,0,,non_integrity,none,no,no,yes,no,no
1133340288262607,"Software Engineer, Audio",Hyderabad,India,South Asia,India; Taiwan,2,2025-09-30T00:33:26-07:00,20251214,2025,Full-time,https://www.metacareers.com/profile/job_details/1133340288262607,0,,non_integrity,none,no,no,no,no,no
1134566525475492,"Compensation Lead, Strategic Initiatives",Menlo Park,United States,North America,United States,1,2025-10-10T14:03:14-07:00,20251209,2025,Full-time,https://www.metacareers.com/profile/job_details/1134566525475492,0,,non_integrity,none,no,no,no,no,no
1134631084906944,"Research Scientist Intern, Comms & Language (PhD) Language Research Scientist",Paris,France,Western Europe,France,1,2025-10-08T12:16:49-07:00,20251209,2025,Internship,https://www.metacareers.com/profile/job_details/1134631084906944,0,,non_integrity,none,no,no,no,no,no
1135947031945595,Compliance Engineer - Infra NPI Hardware,Fremont,United States,North America,United States,1,2025-12-18T16:37:41-08:00,20260120,2026,Full-time,https://www.metacareers.com/profile/job_details/1135947031945595,0,,non_integrity,none,no,no,no,no,no
1136494111851154,Data Center Planning Manager,Bellevue,United States,North America,United States,1,2025-06-09T10:29:21-07:00,20251217,2025,Full-time,https://www.metacareers.com/profile/job_details/1136494111851154,0,,non_integrity,none,no,no,yes,no,no
1137655761900185,"Research Scientist, Liquid Crystal Fabrication Process",Redmond,United States,North America,United States,1,2025-11-19T20:39:29-08:00,20251124,2025,Full-time,https://www.metacareers.com/profile/job_details/1137655761900185,0,,non_integrity,none,no,no,no,no,no
1139023295099215,Software Engineering Manager - Meta Superintelligence Labs - Infra: Optimizations Team,Menlo Park,United States,North America,United States,1,2025-11-04T12:38:23-08:00,20251216,2025,Full-time,https://www.metacareers.com/profile/job_details/1139023295099215,0,,non_integrity,none,no,no,no,no,no
1139995410798886,Senior Software Engineering Manager,Remote,UK,Unknown,United Kingdom,1,2025-09-15T11:15:12-07:00,20251211,2025,Full-time,https://www.metacareers.com/profile/job_details/1139995410798886,0,,non_integrity,none,no,no,no,no,no
1140824280920929,Business Engineer,New York,United States,North America,United States,1,2025-02-19T12:11:53-08:00,20251207,2025,Full-time,https://www.metacareers.com/profile/job_details/1140824280920929,0,,non_integrity,none,no,no,no,no,no
1141161127815427,"Research Scientist, Reinforcement Learning (PhD)",Sunnyvale,United States,North America,United States,1,2025-12-16T16:14:52-08:00,20260207,2026,Full-time,https://www.metacareers.com/profile/job_details/1141161127815427,0,,non_integrity,none,no,no,no,no,no
1141276924732799,"Detection & Response Security Engineer, Intern",London,UK,Unknown,United Kingdom,1,2025-09-02T08:08:18-07:00,20260122,2026,Internship,https://www.metacareers.com/profile/job_details/1141276924732799,0,,non_integrity,none,no,no,no,no,no
1141347004626768,"Software Engineer, Machine Learning",Menlo Park,United States,North America,United States,1,2025-10-12T17:38:23-07:00,20251213,2025,Full-time,https://www.metacareers.com/profile/job_details/1141347004626768,0,,non_integrity,none,no,no,no,no,no
1141581024586584,"Research Scientist Intern, Rendering and Reconstruction (PhD)",Zurich,Switzerland,Western Europe,Switzerland,1,2025-09-29T09:30:57-07:00,20251211,2025,Internship,https://www.metacareers.com/profile/job_details/1141581024586584,0,,non_integrity,none,no,no,no,no,no
1141729498088188,Failure Analysis Engineer,Shanghai,China,East Asia,China,1,2025-11-10T22:22:38-08:00,20251209,2025,Full-time,https://www.metacareers.com/profile/job_details/1141729498088188,0,,non_integrity,none,no,no,no,no,no
1142428761131655,"Content Policy Manager, Regulatory Compliance",Dublin,Ireland,Western Europe,Ireland,1,2025-09-19T01:11:39-07:00,20251209,2025,Full-time,https://www.metacareers.com/profile/job_details/1142428761131655,2,"community standards, integrity",core_integrity,high,yes,yes,no,no,yes
1142524904538596,"Research Scientist -Human Understanding (Physiology,Activity,State) on Wearables",Zurich,Switzerland,Western Europe,Switzerland,1,2025-10-10T04:11:48-07:00,20251217,2025,Full-time,https://www.metacareers.com/profile/job_details/1142524904538596,0,,non_integrity,none,no,no,no,no,no
1143533964221610,"Product Marketing Manager, Facebook Monetization",Menlo Park,United States,North America,United States,1,2025-11-19T12:15:49-08:00,20251217,2025,Full-time,https://www.metacareers.com/profile/job_details/1143533964221610,0,,non_integrity,none,no,no,no,no,no
1146422330179702,"Business Engineer, Business AI",Menlo Park,United States,North America,United States,1,2025-10-10T02:32:33-07:00,20251217,2025,Full-time,https://www.metacareers.com/profile/job_details/1146422330179702,0,,non_integrity,none,no,no,no,no,no
1146657820708047,Enterprise Support Engineer,Bangalore,India,South Asia,India,1,2025-09-21T07:43:51-07:00,20260225,2026,Full-time,https://www.metacareers.com/profile/job_details/1146657820708047,0,,possible_integrity,low,yes,no,no,no,no
1146954850304097,"Product Design Mechanical Engineer, Reality Labs",Sunnyvale,United States,North America,United States,1,2025-01-06T17:17:06-08:00,20251211,2025,Full-time,https://www.metacareers.com/profile/job_details/1146954850304097,0,,non_integrity,none,no,no,no,no,no
1148191640825141,Research Scientist Manager - ML Modeling & Applied Research,Burlingame,United States,North America,United States,1,2025-11-13T09:39:21-08:00,20251128,2025,Full-time,https://www.metacareers.com/profile/job_details/1148191640825141,0,,non_integrity,none,no,no,no,no,no
1149765553624752,Enterprise System Engineer,Warsaw,Poland,Eastern Europe,Poland,1,2025-07-24T07:56:32-07:00,20251211,2025,Full-time,https://www.metacareers.com/profile/job_details/1149765553624752,0,,non_integrity,none,no,no,no,no,no
1150440886559388,Technical Project Manager,Miami,Florida,Unknown,United States,1,2025-10-14T08:22:54-07:00,20251216,2025,Full-time,https://www.metacareers.com/profile/job_details/1150440886559388,0,,non_integrity,none,no,no,yes,no,no
1151504310242601,"Software Engineer, Camera & Multimedia Frameworks",Hyderabad,India,South Asia,India,1,2025-09-29T23:39:13-07:00,20251216,2025,Full-time,https://www.metacareers.com/profile/job_details/1151504310242601,0,,non_integrity,none,no,no,yes,no,no
1151893603763557,Quality Measurement Specialist - Agnostic,Dublin,Ireland,Western Europe,Ireland,1,2025-12-22T07:37:07-08:00,20260120,2026,Full-time,https://www.metacareers.com/profile/job_details/1151893603763557,10,"advertiser policies, animal abuse, child exploitation, community standards, integrity, objectionable content, policy enforcement, quality expert review, quality measurement, self-injury",core_integrity,high,yes,yes,yes,no,yes
1152265313668751,Partner Engineer,New York,United States,North America,United States,1,2025-10-12T12:35:29-07:00,20251216,2025,Full-time,https://www.metacareers.com/profile/job_details/1152265313668751,0,,non_integrity,none,no,no,no,no,no
1152351653476280,Device Safety and Compliance Engineer,Sunnyvale,United States,North America,United States,1,2025-10-02T09:16:51-07:00,20251213,2025,Full-time,https://www.metacareers.com/profile/job_details/1152351653476280,0,,non_integrity,none,no,no,no,no,no
1152714783341468,"Area Schedule Lead - Data Center Design, Engineering and Construction",Reston,United States,North America,United States,1,2025-08-20T15:45:54-07:00,20251213,2025,Full-time,https://www.metacareers.com/profile/job_details/1152714783341468,0,,non_integrity,none,no,no,no,no,no
1152765116215474,"Software Engineer, Product",Menlo Park,United States,North America,United States,1,2025-10-08T14:02:30-07:00,20251209,2025,Full-time,https://www.metacareers.com/profile/job_details/1152765116215474,0,,non_integrity,none,no,no,no,no,no
1154951966802088,"Research Scientist Intern, RL and Agents Team, PhD (Paris)",Paris,France,Western Europe,France,1,2025-12-12T01:43:04-08:00,20260122,2026,Internship,https://www.metacareers.com/profile/job_details/1154951966802088,0,,non_integrity,none,no,no,no,no,no
1155001660074085,"Public Policy Manager, Taiwan",Taipei,Taiwan,East Asia,Taiwan,1,2025-11-16T18:36:25-08:00,20251209,2025,Full-time,https://www.metacareers.com/profile/job_details/1155001660074085,1,trust and safety,possible_integrity,low,yes,no,no,no,no
1155511816797937,"Research Scientist Intern, Perceptual Audio (PhD)",Redmond,United States,North America,United States,1,2025-11-17T21:26:11-08:00,20260122,2026,Internship,https://www.metacareers.com/profile/job_details/1155511816797937,0,,non_integrity,none,no,no,no,no,no
1157025476574046,Image Architect,Sunnyvale,United States,North America,United States,1,2025-11-12T16:07:42-08:00,20251209,2025,Full-time,https://www.metacareers.com/profile/job_details/1157025476574046,0,,non_integrity,none,no,no,no,no,no
1157706826316035,Research Engineer - Core ML - FB Search Team,Bellevue,United States,North America,United States,1,2025-10-30T13:27:12-07:00,20251213,2025,Full-time,https://www.metacareers.com/profile/job_details/1157706826316035,0,,non_integrity,none,no,no,no,no,no
1158761253132894,"Client Solutions Manager, Finance, Real Estate and Education",Tokyo,Japan,East Asia,Japan,1,2025-12-02T01:02:51-08:00,20260120,2026,Full-time,https://www.metacareers.com/profile/job_details/1158761253132894,0,,non_integrity,none,no,no,no,no,no
1160284305912658,"ASIC Engineer Intern, Design",Bangalore,India,South Asia,India,1,2026-01-19T21:56:55-08:00,20260207,2026,Internship,https://www.metacareers.com/profile/job_details/1160284305912658,0,,non_integrity,none,no,no,no,no,no
1160911431881939,"Production Engineer, Network",Menlo Park,United States,North America,United States,1,2025-03-21T11:36:02-07:00,20251213,2025,Full-time,https://www.metacareers.com/profile/job_details/1160911431881939,0,,possible_integrity,low,yes,no,no,no,no
1161692358829189,Design Verification Engineer,Sunnyvale,United States,North America,United States,1,2025-11-07T08:30:41-08:00,20251213,2025,Full-time,https://www.metacareers.com/profile/job_details/1161692358829189,0,,non_integrity,none,no,no,no,no,no
1161793332031554,"Software Engineer, Systems",Bellevue,United States,North America,United States,1,2025-10-22T16:52:28-07:00,20251209,2025,Full-time,https://www.metacareers.com/profile/job_details/1161793332031554,0,,non_integrity,none,no,no,no,no,no
1162002992742116,Software Engineer,Washington,United States,North America,United States,1,2025-11-05T15:00:50-08:00,20251217,2025,Full-time,https://www.metacareers.com/profile/job_details/1162002992742116,0,,non_integrity,none,no,no,no,no,no
1162250039024771,Commercial Sourcing Manager - Custom Silicon/ASIC,Fremont,United States,North America,United States,1,2026-01-05T05:27:01-08:00,20260120,2026,Full-time,https://www.metacareers.com/profile/job_details/1162250039024771,0,,possible_integrity,low,yes,no,yes,no,no
1162733102673185,"Program Manager, Privacy Commitments",Menlo Park,United States,North America,United States,1,2025-12-09T15:40:09-08:00,20260122,2026,Full-time,https://www.metacareers.com/profile/job_details/1162733102673185,0,,non_integrity,none,no,no,no,no,no
1164608758560390,Security Engineer,Menlo Park,United States,North America,United States,1,2025-11-10T10:08:19-08:00,20251211,2025,Full-time,https://www.metacareers.com/profile/job_details/1164608758560390,0,,non_integrity,none,no,no,no,no,no
1165565085473311,Production Engineer,Seattle,United States,North America,United States,1,2025-10-07T17:18:48-07:00,20251216,2025,Full-time,https://www.metacareers.com/profile/job_details/1165565085473311,0,,possible_integrity,low,yes,no,yes,no,no
1165738908795859,"Component Quality Engineer, AI Accelerator",Fremont,United States,North America,United States,1,2025-10-22T21:23:44-07:00,20251214,2025,Full-time,https://www.metacareers.com/profile/job_details/1165738908795859,0,,non_integrity,none,no,no,no,no,no
1165856438335457,Client Solutions Manager | Responsable des solutions clients,Toronto,ON,Unknown,Canada,1,2025-11-07T14:35:01-08:00,20251207,2025,Full-time,https://www.metacareers.com/profile/job_details/1165856438335457,0,,non_integrity,none,no,no,no,no,no
1166376528712896,"Research Scientist Intern, Smart Glasses in Wearables AI (PhD)",Redmond,United States,North America,United States,1,2025-08-21T14:42:40-07:00,20251203,2025,Internship,https://www.metacareers.com/profile/job_details/1166376528712896,0,,non_integrity,none,no,no,no,no,no
1168050991929556,Creative Audio - Creative Coder,London,UK,Unknown,United Kingdom,1,2025-10-24T17:59:29-07:00,20251213,2025,Full-time,https://www.metacareers.com/profile/job_details/1168050991929556,0,,non_integrity,none,no,no,no,no,no
1168243331510762,"AI Research Scientist, Robotics (Reality Labs Research)",Burlingame,United States,North America,United States,1,2025-11-18T12:49:40-08:00,20251207,2025,Full-time,https://www.metacareers.com/profile/job_details/1168243331510762,0,,non_integrity,none,no,no,no,no,no
1168560224743880,"UX Research Scientist Intern, Multimodal Conversation Analyst (PhD)",Redmond,United States,North America,United States,1,2025-11-11T11:14:39-08:00,20251209,2025,Internship,https://www.metacareers.com/profile/job_details/1168560224743880,0,,non_integrity,none,no,no,no,no,no
1168614265088108,Marketing Science Consultant,Austin,United States,North America,United States,1,2026-01-13T14:44:46-08:00,20260207,2026,Full-time,https://www.metacareers.com/profile/job_details/1168614265088108,0,,non_integrity,none,no,no,no,no,no
1169264714863914,"Partner Engineer, Android",London,UK,Unknown,United Kingdom,1,2025-12-08T06:53:03-08:00,20260120,2026,Full-time,https://www.metacareers.com/profile/job_details/1169264714863914,0,,non_integrity,none,no,no,no,no,no
1169553914679241,Data Engineer,Bellevue,United States,North America,United States,1,2025-11-18T10:35:48-08:00,20251216,2025,Full-time,https://www.metacareers.com/profile/job_details/1169553914679241,0,,non_integrity,none,no,no,no,no,no
1170377921719246,Linguistic Engineer,Redmond,United States,North America,United States,1,2025-11-11T10:15:02-08:00,20251217,2025,Full-time,https://www.metacareers.com/profile/job_details/1170377921719246,0,,non_integrity,none,no,no,no,no,no
1171113461111103,"Associate General Counsel, Infrastructure Technology Transactions (Supply Chain)",Menlo Park,United States,North America,United States,1,2025-11-12T20:14:14-08:00,20251216,2025,Full-time,https://www.metacareers.com/profile/job_details/1171113461111103,0,,non_integrity,none,no,no,no,no,no
1171513985064265,Site Loss Control Specialist - Construction Safety,Montgomery,United States,North America,United States,1,2025-12-01T11:39:58-08:00,20251216,2025,Full-time,https://www.metacareers.com/profile/job_details/1171513985064265,0,,non_integrity,none,no,no,yes,no,no
1171592144893906,"Business Operations Manager, Infrastructure",Menlo Park,United States,North America,United States,1,2025-09-26T14:56:16-07:00,20251207,2025,Full-time,https://www.metacareers.com/profile/job_details/1171592144893906,0,,non_integrity,none,no,no,no,no,no
1172895071197663,"Lead Counsel, Global Corporate",Dublin,Ireland,Western Europe,Ireland; United Kingdom,2,2025-12-18T09:36:24-08:00,20260120,2026,Full-time,https://www.metacareers.com/profile/job_details/1172895071197663,0,,non_integrity,none,no,no,no,no,no
1173396074083542,"Software Engineer, SystemML - AI Networking",Menlo Park,United States,North America,United States,1,2025-04-21T14:01:26-07:00,20251217,2025,Full-time,https://www.metacareers.com/profile/job_details/1173396074083542,0,,non_integrity,none,no,no,no,no,no
1173628538245660,"Lead Product Counsel, Youth",Los Angeles,United States,North America,United States,1,2025-11-17T13:14:39-08:00,20260120,2026,Full-time,https://www.metacareers.com/profile/job_details/1173628538245660,0,,non_integrity,none,no,no,no,no,no
1174703701121475,"Data Engineer, PAR",Menlo Park,United States,North America,United States,1,2026-01-28T13:03:35-08:00,20260209,2026,Full-time,https://www.metacareers.com/profile/job_details/1174703701121475,0,,non_integrity,none,no,no,no,no,no
1175886824605311,Deal Negotiations Lead,New York,United States,North America,United States,1,2025-10-08T18:36:04-07:00,20251207,2025,Full-time,https://www.metacareers.com/profile/job_details/1175886824605311,0,,non_integrity,none,no,no,no,no,no
1176139037970779,"Research Scientist Intern, 3D Generative AI for Digital Humans (PhD)",Zurich,Switzerland,Western Europe,Switzerland,1,2025-11-17T09:06:34-08:00,20251217,2025,Internship,https://www.metacareers.com/profile/job_details/1176139037970779,0,,non_integrity,none,no,no,no,no,no
1176305887582680,Client Partner,Los Angeles,United States,North America,United States,1,2025-06-11T13:19:44-07:00,20251205,2025,Full-time,https://www.metacareers.com/profile/job_details/1176305887582680,0,,possible_integrity,low,yes,no,yes,no,no
1176784034352157,Software Engineer - Systems,Bellevue,United States,North America,United States,1,2025-10-22T18:00:51-07:00,20251217,2025,Full-time,https://www.metacareers.com/profile/job_details/1176784034352157,0,,non_integrity,none,no,no,no,no,no
1177036920896860,Art Director | Wearables Product Creative,Burlingame,United States,North America,United States,1,2025-07-16T09:20:24-07:00,20251205,2025,Full-time,https://www.metacareers.com/profile/job_details/1177036920896860,0,,non_integrity,none,no,no,no,no,no
1177502767353611,Software Systems Engineer,Fremont,United States,North America,United States,1,2025-04-09T10:19:43-07:00,20251206,2025,Full-time,https://www.metacareers.com/profile/job_details/1177502767353611,0,,non_integrity,none,no,no,no,no,no
1177504400872863,"Research Scientist Intern, Audio, Machine Learning and Computer Vision (PhD)",Redmond,United States,North America,United States,1,2025-09-05T09:56:38-07:00,20251213,2025,Internship,https://www.metacareers.com/profile/job_details/1177504400872863,0,,non_integrity,none,no,no,no,no,no
1177633004192111,"Technical Program Manager, Office of the CEO",Menlo Park,United States,North America,United States,1,2025-09-10T12:56:41-07:00,20260122,2026,Full-time,https://www.metacareers.com/profile/job_details/1177633004192111,2,"business integrity, integrity",core_integrity,high,yes,no,no,no,yes
1178627034351607,"Consumer Product Marketing Manager, AI",Los Angeles,United States,North America,United States,1,2026-01-07T08:13:15-08:00,20260120,2026,Full-time,https://www.metacareers.com/profile/job_details/1178627034351607,0,,non_integrity,none,no,no,no,no,no
1179427687063568,"Research Scientist Intern, Interactive Physics Simulation for Robotics (PhD)",Redmond,United States,North America,United States,1,2025-12-04T13:52:02-08:00,20260115,2026,Internship,https://www.metacareers.com/profile/job_details/1179427687063568/,0,,non_integrity,none,no,no,no,no,no
1179435444079145,Manufacturing Technical Manager,Shanghai,China,East Asia,China,1,2025-10-20T22:13:08-07:00,20251207,2025,Full-time,https://www.metacareers.com/profile/job_details/1179435444079145,0,,non_integrity,none,no,no,yes,no,no
1180307684205195,"AI Research Scientist, 3D Machine Learning & Computer Vision",Redmond,United States,North America,United States,1,2025-10-08T13:17:31-07:00,20251216,2025,Full-time,https://www.metacareers.com/profile/job_details/1180307684205195,0,,non_integrity,none,no,no,no,no,no
1180651610717912,"Systems Program Manager, Global Operations Systems",Austin,United States,North America,United States,1,2026-01-22T09:31:36-08:00,20260207,2026,Full-time,https://www.metacareers.com/profile/job_details/1180651610717912,1,integrity,core_integrity,high,yes,no,no,no,yes
1180691283910938,"Research Scientist Intern, AI Core Machine Learning (PhD)",Tel Aviv,Israel,Middle East & North Africa,Israel; France,2,2025-10-07T01:07:35-07:00,20251201,2025,Internship,https://www.metacareers.com/profile/job_details/1180691283910938,0,,non_integrity,none,no,no,no,no,no
1180763466740112,Materials Engineer,Sunnyvale,United States,North America,United States,1,2025-11-19T12:26:17-08:00,20251213,2025,Full-time,https://www.metacareers.com/profile/job_details/1180763466740112,0,,non_integrity,none,no,no,no,no,no
1183790097299944,Postdoctoral Researcher,Menlo Park,United States,North America,United States,1,2026-01-09T08:14:43-08:00,20260122,2026,Full-time,https://www.metacareers.com/profile/job_details/1183790097299944,0,,non_integrity,none,no,no,no,no,no
1183817733250704,"Research Scientist Intern, FAIR - Text Data Research (PhD)",Menlo Park,United States,North America,United States,1,2025-12-11T09:12:26-08:00,20260122,2026,Internship,https://www.metacareers.com/profile/job_details/1183817733250704,0,,non_integrity,none,no,no,yes,no,no
1184564496920619,"Strategic Sourcing Managers, Custom Mechanicals and Packaging",Shanghai,China,East Asia,China,1,2025-11-10T22:30:11-08:00,20251214,2025,Full-time,https://www.metacareers.com/profile/job_details/1184564496920619,0,,non_integrity,none,no,no,yes,no,no
1184652109720068,"AI Research Scientist, Media Data Research - MSL FAIR",Menlo Park,United States,North America,United States,1,2025-11-26T16:32:23-08:00,20251217,2025,Full-time,https://www.metacareers.com/profile/job_details/1184652109720068,0,,non_integrity,none,no,no,no,no,no
1185237430435279,"Director and Head of Law Enforcement Outreach, APAC",Singapore,Singapore,Southeast Asia,Singapore,1,2026-01-19T23:30:24-08:00,20260207,2026,Full-time,https://www.metacareers.com/profile/job_details/1185237430435279,1,content moderation,policy_enforcement,high,yes,no,yes,no,yes
1186656369869668,Executive Administrative Partner,Menlo Park,United States,North America,United States,1,2025-03-27T16:19:51-07:00,20251216,2025,Full-time,https://www.metacareers.com/profile/job_details/1186656369869668,0,,non_integrity,none,no,no,no,no,no
1186873909946298,"Research Scientist, Demography and Survey Sciences",Menlo Park,United States,North America,United States,1,2025-09-25T13:54:07-07:00,20251217,2025,Full-time,https://www.metacareers.com/profile/job_details/1186873909946298,0,,non_integrity,none,no,no,no,no,no
1187350126138459,"AI Research Scientist, Media Data Research - MSL FAIR",Menlo Park,United States,North America,United States,1,2025-12-05T13:36:38-08:00,20260207,2026,Full-time,https://www.metacareers.com/profile/job_details/1187350126138459,0,,non_integrity,none,no,no,no,no,no
1187472539489170,"Commercial Sourcing Manager, Data Center Connectivity",Menlo Park,United States,North America,United States,1,2025-12-10T15:53:40-08:00,20260122,2026,Full-time,https://www.metacareers.com/profile/job_details/1187472539489170,0,,non_integrity,none,no,no,yes,no,no
1187622009934903,NPI Program Manager,Menlo Park,United States,North America,United States,1,2025-10-30T15:06:26-07:00,20251207,2025,Full-time,https://www.metacareers.com/profile/job_details/1187622009934903,0,,possible_integrity,low,yes,no,yes,no,no
1187958502273564,Software Engineer (Technical Leadership),Sunnyvale,United States,North America,United States,1,2025-04-11T09:54:55-07:00,20251213,2025,Full-time,https://www.metacareers.com/profile/job_details/1187958502273564,0,,non_integrity,none,no,no,no,no,no
1188975483108033,"Research Scientist Intern, Nano-photonics Design (PhD)",Redmond,United States,North America,United States,1,2025-10-30T16:09:31-07:00,20251217,2025,Internship,https://www.metacareers.com/profile/job_details/1188975483108033,0,,non_integrity,none,no,no,no,no,no
1189128936478600,DFX Manufacturing Engineer,Sunnyvale,United States,North America,United States,1,2025-11-19T00:04:21-08:00,20251214,2025,Full-time,https://www.metacareers.com/profile/job_details/1189128936478600,0,,non_integrity,none,no,no,yes,no,no
1189782386439338,"UX Research Manager, Monetization",Bellevue,United States,North America,United States,1,2025-11-18T06:24:52-08:00,20251214,2025,Full-time,https://www.metacareers.com/profile/job_details/1189782386439338,0,,non_integrity,none,no,no,no,no,no
1190105229710637,EMEA Business Messaging Marketing Lead,London,UK,Unknown,United Kingdom,1,2025-11-21T15:39:59-08:00,20251214,2025,Full-time,https://www.metacareers.com/profile/job_details/1190105229710637,0,,non_integrity,none,no,no,yes,no,no
1190845902508179,Business Engineer,Hong Kong,Hong Kong,East Asia,Hong Kong,1,2025-12-17T05:37:25-08:00,20260120,2026,Full-time,https://www.metacareers.com/profile/job_details/1190845902508179,0,,non_integrity,none,no,no,no,no,no
1191409296242640,Data Scientist,Seattle,United States,North America,United States,1,2025-11-19T12:28:44-08:00,20260122,2026,Full-time,https://www.metacareers.com/profile/job_details/1191409296242640,0,,non_integrity,none,no,no,no,no,no
1191763712880441,Product Designer,Burlingame,United States,North America,United States,1,2025-11-24T09:58:34-08:00,20251216,2025,Full-time,https://www.metacareers.com/profile/job_details/1191763712880441,0,,non_integrity,none,no,no,no,no,no
1192487349416343,Strategic Sourcing Manager,Sunnyvale,United States,North America,United States,1,2025-11-06T12:14:14-08:00,20251213,2025,Full-time,https://www.metacareers.com/profile/job_details/1192487349416343,0,,non_integrity,none,no,no,no,no,no
1192599795737230,"Software Engineering Manager, Javascript Platform - Programming Languages and Runtimes (PL&R)",Menlo Park,United States,North America,United States,1,2025-12-09T14:59:21-08:00,20260120,2026,Full-time,https://www.metacareers.com/profile/job_details/1192599795737230,0,,non_integrity,none,no,no,no,no,no
1192877282619883,"Project Manager, Cross Problem Integrity Operations",Dublin,Ireland,Western Europe,Ireland,1,2026-01-28T02:40:11-08:00,20260209,2026,Full-time,https://www.metacareers.com/profile/job_details/1192877282619883,1,integrity,core_integrity,high,yes,no,no,no,yes
1193478592932201,Production Engineer,Menlo Park,United States,North America,United States,1,2026-01-06T12:05:22-08:00,20260120,2026,Full-time,https://www.metacareers.com/profile/job_details/1193478592932201,0,,possible_integrity,low,yes,no,yes,no,no
1193576232420594,"Data Engineer, Product Analytics",Tel Aviv,Israel,Middle East & North Africa,Israel,1,2025-03-12T12:10:50-07:00,20251216,2025,Full-time,https://www.metacareers.com/profile/job_details/1193576232420594,0,,non_integrity,none,no,no,no,no,no
1193893419259598,"Client Solutions Manager, Tech",Menlo Park,United States,North America,United States,1,2025-11-13T16:27:53-08:00,20251217,2025,Full-time,https://www.metacareers.com/profile/job_details/1193893419259598,0,,non_integrity,none,no,no,no,no,no
1195439005349609,Data Center Production Operations Engineer,Singapore,Singapore,Southeast Asia,Singapore,1,2025-12-22T07:49:12-08:00,20260120,2026,Full-time,https://www.metacareers.com/profile/job_details/1195439005349609,0,,non_integrity,none,no,no,no,no,no
1195549539004936,Content Designer,New York,United States,North America,United States,1,2025-08-27T14:38:15-07:00,20251207,2025,Full-time,https://www.metacareers.com/profile/job_details/1195549539004936,0,,non_integrity,none,no,no,no,no,no
1195767092392402,"Strategic Partner Manager, Japan - Telco Ecosystem Partnerships",Tokyo,Japan,East Asia,Japan,1,2025-10-01T01:11:22-07:00,20251217,2025,Full-time,https://www.metacareers.com/profile/job_details/1195767092392402,0,,non_integrity,none,no,no,yes,no,no
1197044535684186,Embedded Software Engineer,Redmond,United States,North America,United States,1,2025-12-02T11:29:42-08:00,20260122,2026,Full-time,https://www.metacareers.com/profile/job_details/1197044535684186,0,,non_integrity,none,no,no,no,no,no
1197811639170114,"Project Manager, Integrity Operations, Child Safety",Washington,United States,North America,United States,1,2025-10-21T18:21:52-07:00,20251217,2025,Full-time,https://www.metacareers.com/profile/job_details/1197811639170114,5,"animal abuse, child exploitation, integrity, objectionable content, self-injury",core_integrity,high,yes,yes,no,no,yes
1199054441844178,"Manufacturing Program Manager - Data Center Design, Engineering, & Construction",Menlo Park,United States,North America,United States,1,2026-01-16T11:55:44-08:00,20260207,2026,Full-time,https://www.metacareers.com/profile/job_details/1199054441844178,0,,non_integrity,none,no,no,yes,no,no
1200135578284234,Machine Learning Hardware Architect,Sunnyvale,United States,North America,United States,1,2025-12-30T09:58:05-08:00,20260120,2026,Full-time,https://www.metacareers.com/profile/job_details/1200135578284234,0,,non_integrity,none,no,no,no,no,no
1201094445311093,Quality Measurement Specialist - India Hindi,Dublin,Ireland,Western Europe,Ireland,1,2025-12-22T07:13:28-08:00,20260122,2026,Full-time,https://www.metacareers.com/profile/job_details/1201094445311093,10,"advertiser policies, animal abuse, child exploitation, community standards, integrity, objectionable content, policy enforcement, quality expert review, quality measurement, self-injury",core_integrity,high,yes,yes,yes,no,yes
1201700165191722,"ASIC Engineer, Performance & Package Verification",Sunnyvale,United States,North America,United States,1,2025-11-17T16:33:22-08:00,20251216,2025,Full-time,https://www.metacareers.com/profile/job_details/1201700165191722,0,,non_integrity,none,no,no,no,no,no
1202681265070474,Technical Program Manager,Menlo Park,United States,North America,United States,1,2025-11-18T10:40:57-08:00,20260122,2026,Full-time,https://www.metacareers.com/profile/job_details/1202681265070474,0,,non_integrity,none,no,no,no,no,no
1202874205275199,AI Supply Program Development Manager - Data Center Construction,Menlo Park,United States,North America,United States,1,2025-12-30T11:55:44-08:00,20260122,2026,Full-time,https://www.metacareers.com/profile/job_details/1202874205275199,0,,non_integrity,none,no,no,yes,no,no
1203016587809246,"Software Engineer, iOS",Menlo Park,United States,North America,United States,1,2025-06-10T13:47:09-07:00,20251209,2025,Full-time,https://www.metacareers.com/profile/job_details/1203016587809246,0,,non_integrity,none,no,no,no,no,no
1203623867763512,Audio Systems Integration Engineer,Redmond,United States,North America,United States,1,2025-12-17T13:29:38-08:00,20260122,2026,Full-time,https://www.metacareers.com/profile/job_details/1203623867763512,0,,non_integrity,none,no,no,no,no,no
1204614418316367,SiteOps Data Center ProductionOperations Engineer,Los Lunas,United States,North America,United States,1,2025-12-02T14:26:01-08:00,20260207,2026,Full-time,https://www.metacareers.com/profile/job_details/1204614418316367,0,,non_integrity,none,no,no,no,no,no
1204869804538340,"Business Intelligence Lead - Data Center Design, Engineering, & Construction",Reston,United States,North America,United States,1,2026-01-16T11:16:41-08:00,20260210,2026,Full-time,https://www.metacareers.com/profile/job_details/1204869804538340,0,,non_integrity,none,no,no,no,no,no
1204919411510719,Site Selection Strategy Manager,Bellevue,United States,North America,United States,1,2025-11-20T08:56:33-08:00,20251209,2025,Full-time,https://www.metacareers.com/profile/job_details/1204919411510719,0,,non_integrity,none,no,no,yes,no,no
1204938381577601,"Product Manager, AR Glasses Developer Tools",London,UK,Unknown,United Kingdom,1,2025-11-24T13:47:47-08:00,20251213,2025,Full-time,https://www.metacareers.com/profile/job_details/1204938381577601,0,,non_integrity,none,no,no,no,no,no
1205869681521146,Lead Counsel - Data Protection,Austin,United States,North America,United States,1,2026-01-20T10:42:24-08:00,20260207,2026,Full-time,https://www.metacareers.com/profile/job_details/1205869681521146,0,,non_integrity,none,no,no,yes,no,no
1206350587598691,Mega-Site Construction Manager,Rayville,United States,North America,United States,1,2025-06-02T11:21:49-07:00,20251207,2025,Full-time,https://www.metacareers.com/profile/job_details/1206350587598691,0,,non_integrity,none,no,no,yes,no,no
1206672588130438,"UX Researcher, Mixed Methods",Menlo Park,United States,North America,United States,1,2025-02-06T14:38:55-08:00,20251211,2025,Full-time,https://www.metacareers.com/profile/job_details/1206672588130438,0,,non_integrity,none,no,no,no,no,no
1207517637966863,"Visual Designer, Wearables Product Creative",Burlingame,United States,North America,United States,1,2025-12-02T16:50:10-08:00,20251213,2025,Full-time,https://www.metacareers.com/profile/job_details/1207517637966863,0,,non_integrity,none,no,no,no,no,no
1207901301222616,"Research Engineer, Computer Vision & AI",London,UK,Unknown,United Kingdom,1,2025-11-27T06:30:02-08:00,20251217,2025,Full-time,https://www.metacareers.com/profile/job_details/1207901301222616,0,,non_integrity,none,no,no,no,no,no
1207957990682738,Security Engineer,Menlo Park,United States,North America,United States,1,2025-12-31T10:25:49-08:00,20260122,2026,Full-time,https://www.metacareers.com/profile/job_details/1207957990682738,1,integrity,core_integrity,high,yes,no,no,no,yes
1208664281425537,Data Scientist,Bangalore,India,South Asia,India,1,2026-02-02T02:30:49-08:00,20260207,2026,Full-time,https://www.metacareers.com/profile/job_details/1208664281425537,0,,non_integrity,none,no,no,no,no,no
1209129764533307,"Medical Devices, Regulatory Affairs Specialist",Redmond,United States,North America,United States,1,2026-02-03T12:50:44-08:00,20260207,2026,Full-time,https://www.metacareers.com/profile/job_details/1209129764533307,0,,non_integrity,none,no,no,no,no,no
1209180447732671,"Associate General Counsel, Infrastructure Technology Transactions (Services)",Menlo Park,United States,North America,United States,1,2025-11-12T20:36:47-08:00,20251209,2025,Full-time,https://www.metacareers.com/profile/job_details/1209180447732671,0,,non_integrity,none,no,no,no,no,no
1209557707791432,"Network Engineer, Deployment & Support",Singapore,Singapore,Southeast Asia,Singapore,1,2025-12-28T22:39:45-08:00,20260120,2026,Full-time,https://www.metacareers.com/profile/job_details/1209557707791432,0,,possible_integrity,low,yes,no,yes,no,no
1209641820508866,WhatsApp Business Integrity Project Manager,Austin,United States,North America,United States,1,2025-11-24T10:27:24-08:00,20251207,2025,Full-time,https://www.metacareers.com/profile/job_details/1209641820508866,2,"business integrity, integrity",core_integrity,high,yes,no,no,no,yes
1209670593889539,"Network Engineer, Deployment and Support",New York,United States,North America,United States,1,2026-01-02T11:33:02-08:00,20260209,2026,Full-time,https://www.metacareers.com/profile/job_details/1209670593889539,1,integrity,core_integrity,high,yes,no,no,no,yes
1209701300291153,Mega-Site Construction Manager,Rayville,United States,North America,United States,1,2025-06-02T11:20:41-07:00,20251217,2025,Full-time,https://www.metacareers.com/profile/job_details/1209701300291153,0,,non_integrity,none,no,no,yes,no,no
1210379924517416,Mechanical Subject Matter Expert,Clonee,Ireland,Western Europe,Ireland,1,2026-01-20T03:39:36-08:00,20260210,2026,Full-time,https://www.metacareers.com/profile/job_details/1210379924517416,0,,non_integrity,none,no,no,no,no,no
1211995547697839,Regional Environmental Health and Safety Manager,Bangalore,India,South Asia,India,1,2025-11-23T21:41:22-08:00,20251213,2025,Full-time,https://www.metacareers.com/profile/job_details/1211995547697839,0,,non_integrity,none,no,no,no,no,no
1212858110210297,Energy Program Manager,Remote,US,Unknown,United States,1,2026-01-13T10:11:42-08:00,20260207,2026,Full-time,https://www.metacareers.com/profile/job_details/1212858110210297,0,,non_integrity,none,no,no,no,no,no
1213006054221601,"Research Scientist Intern, Computational Photography (PhD)",Redmond,United States,North America,United States,1,2025-11-13T17:35:41-08:00,20251216,2025,Internship,https://www.metacareers.com/profile/job_details/1213006054221601,0,,non_integrity,none,no,no,no,no,no
1213378377078896,Reality Labs Partnerships Manager,Redmond,United States,North America,United States,1,2025-04-23T10:57:21-07:00,20251217,2025,Full-time,https://www.metacareers.com/profile/job_details/1213378377078896,0,,non_integrity,none,no,no,no,no,no
1213492757409350,Technical Program Manager - MSL (Meta SuperIntelligence Labs),Bellevue,United States,North America,United States,1,2025-12-19T14:04:01-08:00,20260120,2026,Full-time,https://www.metacareers.com/profile/job_details/1213492757409350,0,,non_integrity,none,no,no,no,no,no
1214960463705626,Software Engineer (Technical Leadership) - Machine Learning Specialist,Bellevue,United States,North America,United States,1,2025-05-02T13:47:51-07:00,20251211,2025,Full-time,https://www.metacareers.com/profile/job_details/1214960463705626,0,,non_integrity,none,no,no,no,no,no
1215720570607469,Linguistic Engineer,Hyderabad,India,South Asia,India,1,2025-10-23T08:00:42-07:00,20260120,2026,Full-time,https://www.metacareers.com/profile/job_details/1215720570607469,0,,non_integrity,none,no,no,yes,no,no
1217296243802019,"Software Engineer, Infrastructure",Athens,Greece,Western Europe,Greece; United Kingdom,2,2026-02-01T23:40:55-08:00,20260210,2026,Full-time,https://www.metacareers.com/profile/job_details/1217296243802019,0,,non_integrity,none,no,no,no,no,no
1217460640238862,"Research Scientist Intern, Tactile Sensing (PhD)",Redmond,United States,North America,United States,1,2025-12-09T19:39:47-08:00,20260122,2026,Internship,https://www.metacareers.com/profile/job_details/1217460640238862,0,,non_integrity,none,no,no,yes,no,no
1217630516884657,Environmental Compliance Program Manager,Menlo Park,United States,North America,United States,1,2025-11-18T07:52:45-08:00,20251217,2025,Full-time,https://www.metacareers.com/profile/job_details/1217630516884657,0,,non_integrity,none,no,no,yes,no,no
1217659853895367,"Lead Counsel, Reality Labs (RL) Insights",Austin,United States,North America,United States,1,2025-11-11T11:25:58-08:00,20251217,2025,Full-time,https://www.metacareers.com/profile/job_details/1217659853895367,0,,non_integrity,none,no,no,no,no,no
1217678796398272,Controls Subject Matter Expert,Henrico,United States,North America,United States,1,2025-06-10T15:48:44-07:00,20251214,2025,Full-time,https://www.metacareers.com/profile/job_details/1217678796398272,1,integrity,core_integrity,high,yes,no,no,yes,no
1218288710204037,Product Design Engineer,Shanghai,China,East Asia,China,1,2025-12-09T23:52:06-08:00,20260120,2026,Full-time,https://www.metacareers.com/profile/job_details/1218288710204037,0,,non_integrity,none,no,no,no,no,no
1219301096823416,Lead Contract Manager,Menlo Park,United States,North America,United States,1,2026-01-06T13:13:17-08:00,20260120,2026,Full-time,https://www.metacareers.com/profile/job_details/1219301096823416,0,,non_integrity,none,no,no,no,no,no
1219387663642758,Product Designer (Marketing),Los Angeles,United States,North America,United States,1,2026-01-29T15:44:14-08:00,20260207,2026,Full-time,https://www.metacareers.com/profile/job_details/1219387663642758,0,,non_integrity,none,no,no,no,no,no
1219686006317218,Creative Director,Los Angeles,United States,North America,United States,1,2025-06-16T18:11:58-07:00,20251207,2025,Full-time,https://www.metacareers.com/profile/job_details/1219686006317218,0,,non_integrity,none,no,no,no,no,no
1219733019609899,Integrity Science Engineer,London,UK,Unknown,United Kingdom,1,2026-01-28T05:56:09-08:00,20260207,2026,Full-time,https://www.metacareers.com/profile/job_details/1219733019609899,3,"community standards, integrity, trust & safety",core_integrity,high,yes,yes,yes,no,yes
1220264370071926,"Policy Programs Associate Manager, Vietnam & Southeast Asia",Singapore,Singapore,Southeast Asia,Singapore,1,2026-02-01T18:16:18-08:00,20260207,2026,Full-time,https://www.metacareers.com/profile/job_details/1220264370071926,0,,non_integrity,none,no,no,no,no,no
1220345946964193,Technical Environment Artist - Beat Games,Remote,UK,Unknown,United Kingdom,1,2026-02-05T05:49:32-08:00,20260207,2026,Full-time,https://www.metacareers.com/profile/job_details/1220345946964193,0,,non_integrity,none,no,no,no,no,no
1220635310131691,Partner Marketing Lead,Menlo Park,United States,North America,United States,1,2026-01-13T14:36:28-08:00,20260207,2026,Full-time,https://www.metacareers.com/profile/job_details/1220635310131691,0,,non_integrity,none,no,no,no,no,no
1221802696095080,Economic Development Analyst,Menlo Park,United States,North America,United States,1,2026-02-02T14:21:23-08:00,20260207,2026,Full-time,https://www.metacareers.com/profile/job_details/1221802696095080,0,,non_integrity,none,no,no,yes,no,no
1223094479921593,"Research Engineer, Language - Personalization, Meta Superintelligence Labs",Menlo Park,United States,North America,United States,1,2026-01-20T10:07:07-08:00,20260207,2026,Full-time,https://www.metacareers.com/profile/job_details/1223094479921593,0,,non_integrity,none,no,no,no,no,no
1224406199534798,"Staff Research Engineer, MetaAI Assistant Measurement",Bellevue,United States,North America,United States,1,2025-12-08T19:39:42-08:00,20260120,2026,Full-time,https://www.metacareers.com/profile/job_details/1224406199534798,0,,non_integrity,none,no,no,no,no,no
1225543516378296,"Product Marketing Manager, Devices GTM",Los Angeles,United States,North America,United States,1,2025-12-02T09:11:02-08:00,20251217,2025,Full-time,https://www.metacareers.com/profile/job_details/1225543516378296,0,,non_integrity,none,no,no,no,no,no
1226011012919304,Executive Engagement Lead (8 months contract),London,UK,Unknown,United Kingdom,1,2025-11-26T13:03:37-08:00,20251207,2025,Full-time,https://www.metacareers.com/profile/job_details/1226011012919304,1,integrity,core_integrity,high,yes,no,yes,no,yes
1226122336333691,"Account Manager, Small and Medium Business Group (STE)",Buenos Aires,Argentina,Latin America,Argentina,1,2026-02-05T06:56:12-08:00,20260207,2026,Full-time,https://www.metacareers.com/profile/job_details/1226122336333691,0,,non_integrity,none,no,no,yes,no,no
1226403992551692,"Data Engineering Manager, Analytics (Instagram)",Menlo Park,United States,North America,United States,1,2025-06-10T13:16:30-07:00,20251207,2025,Full-time,https://www.metacareers.com/profile/job_details/1226403992551692,0,,non_integrity,none,no,no,no,no,no
1228074015912195,"Manager, Software Engineering - Storage",Bellevue,United States,North America,United States,1,2026-01-14T14:07:07-08:00,20260209,2026,Full-time,https://www.metacareers.com/profile/job_details/1228074015912195,0,,non_integrity,none,no,no,no,no,no
1228237275379478,"Software Engineer, Machine Learning",Singapore,Singapore,Southeast Asia,Singapore,1,2025-06-10T16:34:53-07:00,20251207,2025,Full-time,https://www.metacareers.com/profile/job_details/1228237275379478,0,,non_integrity,none,no,no,no,no,no
1229417152165739,"Data Science Leader, Analytics",Sunnyvale,United States,North America,United States,1,2025-06-10T11:59:56-07:00,20260209,2026,Full-time,https://www.metacareers.com/profile/job_details/1229417152165739,0,,non_integrity,none,no,no,no,no,no
1229945984832289,Product Designer,Remote,US,Unknown,United States,1,2025-06-10T11:18:20-07:00,20251213,2025,Full-time,https://www.metacareers.com/profile/job_details/1229945984832289,0,,non_integrity,none,no,no,no,no,no
1230546830998535,"Data Science Manager, Analytics",Sunnyvale,United States,North America,United States,1,2023-05-24T06:40:40-07:00,20251211,2025,Full-time,https://www.metacareers.com/profile/job_details/1230546830998535,0,,non_integrity,none,no,no,no,no,no
1232667518868015,SiteOps Data Center Production Operations Engineer,Los Lunas,United States,North America,United States,1,2025-03-26T10:44:42-07:00,20251213,2025,Full-time,https://www.metacareers.com/profile/job_details/1232667518868015,0,,non_integrity,none,no,no,yes,no,no
1232997838166071,Governance Manager,Menlo Park,United States,North America,United States,1,2026-01-30T10:14:41-08:00,20260207,2026,Full-time,https://www.metacareers.com/profile/job_details/1232997838166071,0,,non_integrity,none,no,no,yes,no,no
1233323235653247,"Product Security Engineer, Native",Menlo Park,United States,North America,United States,1,2026-02-03T14:54:29-08:00,20260207,2026,Full-time,https://www.metacareers.com/profile/job_details/1233323235653247,0,,non_integrity,none,no,no,no,no,no
1236554051733523,"Software Developer, Global Operations",Dublin,Ireland,Western Europe,Ireland; United Kingdom,2,2026-01-30T01:22:47-08:00,20260209,2026,Full-time,https://www.metacareers.com/profile/job_details/1236554051733523,0,,non_integrity,none,no,no,yes,no,no
1237097128373061,"Preconstruction Manager, New and Expansion Regions - Data Center Design, Engineering, and Construction",Reston,United States,North America,United States,1,2026-01-29T09:06:24-08:00,20260207,2026,Full-time,https://www.metacareers.com/profile/job_details/1237097128373061,0,,non_integrity,none,no,no,no,no,no
1237210131614519,Software Engineer - Technical Leadership,London,UK,Unknown,United Kingdom,1,2026-01-08T06:21:47-08:00,20260122,2026,Full-time,https://www.metacareers.com/profile/job_details/1237210131614519,1,integrity,core_integrity,high,yes,no,no,no,yes
1237536144955235,"SSPO Lead, Supply & Verticals, Monetization & Growth Partnerships",Menlo Park,United States,North America,United States,1,2026-01-06T13:15:56-08:00,20260207,2026,Full-time,https://www.metacareers.com/profile/job_details/1237536144955235,0,,non_integrity,none,no,no,no,no,no
1237639408203269,Integrations Analyst,Menlo Park,United States,North America,United States,1,2025-11-20T08:18:43-08:00,20260120,2026,Full-time,https://www.metacareers.com/profile/job_details/1237639408203269,0,,non_integrity,none,no,no,no,no,no
1238249364564427,Product Manager,Sunnyvale,United States,North America,United States,1,2025-03-28T09:22:45-07:00,20251209,2025,Full-time,https://www.metacareers.com/profile/job_details/1238249364564427,0,,non_integrity,none,no,no,no,no,no
1242524477639202,"Software Engineer, Systems",Menlo Park,United States,North America,United States,1,2025-10-12T13:09:16-07:00,20251207,2025,Full-time,https://www.metacareers.com/profile/job_details/1242524477639202,0,,non_integrity,none,no,no,no,no,no
1243697090901981,Design Verification Engineer,Redmond,United States,North America,United States,1,2025-11-19T14:38:11-08:00,20260122,2026,Full-time,https://www.metacareers.com/profile/job_details/1243697090901981,0,,non_integrity,none,no,no,no,no,no
1244330277355274,"Software Engineer, iOS",London,UK,Unknown,United Kingdom,1,2025-06-10T16:52:04-07:00,20251202,2025,Full-time,https://www.metacareers.com/profile/job_details/1244330277355274,0,,non_integrity,none,no,no,no,no,no
1245571270931878,Data Developer,Austin,United States,North America,United States,1,2025-11-05T15:54:31-08:00,20251209,2025,Full-time,https://www.metacareers.com/profile/job_details/1245571270931878,0,,non_integrity,none,no,no,no,no,no
1249715279400109,"Software Engineer, ML Compiler",Sunnyvale,United States,North America,United States,1,2024-10-14T16:09:42-07:00,20251214,2025,Full-time,https://www.metacareers.com/profile/job_details/1249715279400109,0,,non_integrity,none,no,no,no,no,no
1249934097185612,"Product Designer, Facebook Monetization",Menlo Park,United States,North America,United States,1,2025-12-10T16:00:08-08:00,20260120,2026,Full-time,https://www.metacareers.com/profile/job_details/1249934097185612,0,,non_integrity,none,no,no,no,no,no
1250566790252355,"Manager, Network Deployment & Support",Menlo Park,United States,North America,United States,1,2025-12-01T14:20:16-08:00,20251209,2025,Full-time,https://www.metacareers.com/profile/job_details/1250566790252355,0,,non_integrity,none,no,no,yes,no,no
1253474306799227,Software Engineer (Technical Leadership) - Kernel,Menlo Park,United States,North America,United States,1,2025-11-21T08:45:08-08:00,20251213,2025,Full-time,https://www.metacareers.com/profile/job_details/1253474306799227,0,,non_integrity,none,no,no,no,no,no
1255175756090753,"ASIC Verification Engineer, Networking",Bangalore,India,South Asia,India,1,2025-08-15T22:59:27-07:00,20251206,2025,Full-time,https://www.metacareers.com/profile/job_details/1255175756090753,0,,non_integrity,none,no,no,no,no,no
1255839043013399,"Technical Program Manager, Core Infrastructure",Menlo Park,United States,North America,United States,1,2025-12-18T13:45:57-08:00,20251226,2025,Full-time,https://www.metacareers.com/profile/job_details/1255839043013399,0,,non_integrity,none,no,no,no,no,no
1258332239463283,"Business Operations Manager, Infrastructure",Menlo Park,United States,North America,United States,1,2026-01-13T17:02:20-08:00,20260210,2026,Full-time,https://www.metacareers.com/profile/job_details/1258332239463283,0,,non_integrity,none,no,no,no,no,no
1259217322693094,LATAM Spanish Language Manager,Bellevue,United States,North America,United States,1,2025-11-25T08:47:17-08:00,20251216,2025,Full-time,https://www.metacareers.com/profile/job_details/1259217322693094,0,,non_integrity,none,no,no,yes,no,no
1259283752920229,"Privacy Engineer, Red Team",Menlo Park,United States,North America,United States,1,2026-01-13T14:31:48-08:00,20260207,2026,Full-time,https://www.metacareers.com/profile/job_details/1259283752920229,0,,non_integrity,none,no,no,no,no,no
1259305929334573,"Software Engineer, Browser | Ingénieur logiciel, navigateur",Remote,Canada,North America,Canada,1,2025-10-02T13:32:01-07:00,20251216,2025,Full-time,https://www.metacareers.com/profile/job_details/1259305929334573,0,,non_integrity,none,no,no,no,no,no
1260536406118808,Sensor Modeling Engineer,Sunnyvale,United States,North America,United States,1,2025-10-31T12:23:57-07:00,20251217,2025,Full-time,https://www.metacareers.com/profile/job_details/1260536406118808,0,,non_integrity,none,no,no,yes,no,no
1260794172321494,"Market Specialist, Global Response Operations, Myanmar",Singapore,Singapore,Southeast Asia,Singapore,1,2025-06-22T18:55:18-07:00,20251217,2025,Full-time,https://www.metacareers.com/profile/job_details/1260794172321494,5,"animal abuse, child exploitation, integrity, objectionable content, self-injury",core_integrity,high,yes,yes,yes,no,yes
1260886895305596,Strategic Sourcing Manager - Legal,Austin,United States,North America,United States,1,2025-08-27T12:01:07-07:00,20251216,2025,Full-time,https://www.metacareers.com/profile/job_details/1260886895305596,0,,non_integrity,none,no,no,no,no,no
1261881105697051,"VP, Wearables System Software",Redmond,United States,North America,United States,1,2025-09-25T13:12:19-07:00,20251216,2025,Full-time,https://www.metacareers.com/profile/job_details/1261881105697051,0,,non_integrity,none,no,no,no,no,no
1264162605623558,"Public Policy Manager, Germany, Austria, Switzerland",Berlin,Germany,Western Europe,Germany,1,2026-02-03T00:27:10-08:00,20260207,2026,Full-time,https://www.metacareers.com/profile/job_details/1264162605623558,0,,non_integrity,none,no,no,no,no,no
1266030141936119,SiteOps Global Production Systems & Software Engineering Manager,Los Lunas,United States,North America,United States,1,2025-09-29T14:32:58-07:00,20260210,2026,Full-time,https://www.metacareers.com/profile/job_details/1266030141936119,0,,non_integrity,none,no,no,no,no,no
1267392037675186,"Data Engineer, Product Analytics",London,UK,Unknown,United Kingdom,1,2025-02-12T14:56:01-08:00,20251206,2025,Full-time,https://www.metacareers.com/profile/job_details/1267392037675186,0,,non_integrity,none,no,no,no,no,no
1268540584764361,Hardware Systems Engineer,Redmond,United States,North America,United States,1,2025-08-04T11:05:53-07:00,20251217,2025,Full-time,https://www.metacareers.com/profile/job_details/1268540584764361,0,,non_integrity,none,no,no,no,no,no
1272533978018718,"Network Engineer, Foundation & Support",Singapore,Singapore,Southeast Asia,Singapore,1,2025-12-18T22:32:10-08:00,20260122,2026,Full-time,https://www.metacareers.com/profile/job_details/1272533978018718,0,,possible_integrity,low,yes,no,yes,no,no
1273480024599343,"Software Developer, Global Operations",Austin,United States,North America,United States,1,2026-01-20T14:29:04-08:00,20260207,2026,Full-time,https://www.metacareers.com/profile/job_details/1273480024599343,0,,non_integrity,none,no,no,yes,no,no
1274779324402037,Software Engineer (Product),Menlo Park,United States,North America,United States,1,2025-09-19T18:04:19-07:00,20251209,2025,Full-time,https://www.metacareers.com/profile/job_details/1274779324402037,0,,non_integrity,none,no,no,no,no,no
1276288230539605,"AI Research Scientist, MRS AI (PhD)",Menlo Park,United States,North America,United States,1,2025-08-28T10:32:57-07:00,20251207,2025,Full-time,https://www.metacareers.com/profile/job_details/1276288230539605,0,,non_integrity,none,no,no,no,no,no
1277009131113341,NPI Program Manager,Fremont,United States,North America,United States,1,2025-12-17T20:33:54-08:00,20260120,2026,Full-time,https://www.metacareers.com/profile/job_details/1277009131113341,0,,possible_integrity,low,yes,no,yes,no,no
1277398403727586,"Software Engineer, Infrastructure",London,UK,Unknown,United Kingdom,1,2025-06-10T16:09:19-07:00,20251130,2025,Full-time,https://www.metacareers.com/profile/job_details/1277398403727586,0,,non_integrity,none,no,no,no,no,no
1278822154006068,Planning & Capacity Engineer,Fremont,United States,North America,United States,1,2025-12-14T18:45:04-08:00,20251219,2025,Full-time,https://www.metacareers.com/profile/job_details/1278822154006068,0,,possible_integrity,low,yes,no,yes,no,no
1278918844034738,"Software Engineer, Product",Menlo Park,United States,North America,United States,1,2025-10-02T17:05:41-07:00,20251209,2025,Full-time,https://www.metacareers.com/profile/job_details/1278918844034738,0,,non_integrity,none,no,no,no,no,no
1279326473567486,"Manager, Software Engineering, Computer Vision",Menlo Park,United States,North America,United States,1,2025-07-08T21:11:26-07:00,20251205,2025,Full-time,https://www.metacareers.com/profile/job_details/1279326473567486,0,,non_integrity,none,no,no,no,no,no
1281243473831168,Business Controls - Cost Operations Lead,Menlo Park,United States,North America,United States,1,2026-01-21T07:29:28-08:00,20260207,2026,Full-time,https://www.metacareers.com/profile/job_details/1281243473831168,1,integrity,core_integrity,high,yes,no,no,no,yes
1282169343607402,"Research Program Manager, Governance",Bellevue,United States,North America,United States,1,2025-09-19T09:11:28-07:00,20251207,2025,Full-time,https://www.metacareers.com/profile/job_details/1282169343607402,0,,non_integrity,none,no,no,yes,no,no
1282305640331049,"Research Scientist Intern, Imaging Experiences Architecture (PhD)",Sunnyvale,United States,North America,United States,1,2025-11-04T10:47:28-08:00,20251213,2025,Internship,https://www.metacareers.com/profile/job_details/1282305640331049,0,,non_integrity,none,no,no,no,no,no
1282675873116890,"Research Scientist, Machine Learning (PhD)",London,UK,Unknown,United Kingdom,1,2025-09-05T12:46:41-07:00,20251214,2025,Full-time,https://www.metacareers.com/profile/job_details/1282675873116890,0,,non_integrity,none,no,no,no,no,no
1283005913304817,"Product Policy Manager, GenAI",Austin,United States,North America,United States,1,2025-09-16T13:15:41-07:00,20251207,2025,Full-time,https://www.metacareers.com/profile/job_details/1283005913304817,1,policy enforcement,policy_enforcement,high,yes,no,no,no,yes
1283364266159062,"Data Engineer, Product Analytics",Sunnyvale,United States,North America,United States,1,2024-10-09T13:05:04-07:00,20251202,2025,Full-time,https://www.metacareers.com/profile/job_details/1283364266159062,0,,non_integrity,none,no,no,no,no,no
1283878910159570,"Client Solutions Manager, Gaming STE 14-Month Contract",Tel Aviv,Israel,Middle East & North Africa,Israel,1,2025-10-16T02:46:15-07:00,20251207,2025,Full-time,https://www.metacareers.com/profile/job_details/1283878910159570,0,,non_integrity,none,no,no,no,no,no
1286036680217309,"Research Scientist, AI Networking (PhD)",Menlo Park,United States,North America,United States,1,2025-11-20T18:05:27-08:00,20260115,2026,Full-time,https://www.metacareers.com/profile/job_details/1286036680217309/,0,,non_integrity,none,no,no,no,no,no
1287393622479232,"Research Scientist, Demography and Survey Sciences",Menlo Park,United States,North America,United States,1,2025-02-07T10:51:33-08:00,20251211,2025,Full-time,https://www.metacareers.com/profile/job_details/1287393622479232,0,,non_integrity,none,no,no,no,no,no
1289101459634616,"Research Scientist Intern, Interactive Physics Simulations (PhD)",Redmond,United States,North America,United States,1,2025-10-15T19:42:59-07:00,20251209,2025,Internship,https://www.metacareers.com/profile/job_details/1289101459634616,0,,non_integrity,none,no,no,no,no,no
1289383536333050,Creative Strategist,New York,United States,North America,United States,1,2026-01-29T16:30:57-08:00,20260207,2026,Full-time,https://www.metacareers.com/profile/job_details/1289383536333050,0,,non_integrity,none,no,no,no,no,no
1290011782714129,"Network Production Engineer, Network Infrastructure",Menlo Park,United States,North America,United States,1,2025-08-04T20:48:00-07:00,20251209,2025,Full-time,https://www.metacareers.com/profile/job_details/1290011782714129,0,,non_integrity,none,no,no,no,no,no
1290641465449270,"Research Scientist Intern, Spatial Audio Capture and Reproduction (PhD)",Redmond,United States,North America,United States,1,2025-09-05T11:00:48-07:00,20251216,2025,Internship,https://www.metacareers.com/profile/job_details/1290641465449270,0,,non_integrity,none,no,no,no,no,no
1290675399106063,"Product Marketing Manager, Devices Go-To-Market",Los Angeles,United States,North America,United States,1,2025-07-31T21:11:33-07:00,20251211,2025,Full-time,https://www.metacareers.com/profile/job_details/1290675399106063,0,,non_integrity,none,no,no,yes,no,no
1291133079368359,"Reality Labs, Regulatory Readiness and Product Compliance Manager",Burlingame,United States,North America,United States,1,2025-11-04T09:46:41-08:00,20251216,2025,Full-time,https://www.metacareers.com/profile/job_details/1291133079368359,0,,non_integrity,none,no,no,no,no,no
1292227155985803,Associate General Counsel - EU Data Legal Team,Dublin,Ireland,Western Europe,Ireland,1,2025-10-13T01:34:36-07:00,20251216,2025,Full-time,https://www.metacareers.com/profile/job_details/1292227155985803,0,,non_integrity,none,no,no,no,no,no
1292460195435615,"Software Engineer, Systems",Menlo Park,United States,North America,United States,1,2025-09-22T12:50:59-07:00,20251207,2025,Full-time,https://www.metacareers.com/profile/job_details/1292460195435615,0,,non_integrity,none,no,no,no,no,no
1292487402360342,"ASIC Engineer, Design Verification",Sunnyvale,United States,North America,United States,1,2025-08-29T11:14:38-07:00,20260120,2026,Full-time,https://www.metacareers.com/profile/job_details/1292487402360342,0,,non_integrity,none,no,no,no,no,no
1293579291751600,Production Engineer,Bellevue,United States,North America,United States,1,2025-09-11T11:39:42-07:00,20251209,2025,Full-time,https://www.metacareers.com/profile/job_details/1293579291751600,0,,possible_integrity,low,yes,no,yes,no,no
1294711455775559,"Technical Program Manager, Reality AI",Burlingame,United States,North America,United States,1,2025-09-12T13:32:26-07:00,20251210,2025,Full-time,https://www.metacareers.com/profile/job_details/1294711455775559,0,,non_integrity,none,no,no,no,no,no
1294969138700693,"ASIC Engineer, Design",Sunnyvale,United States,North America,United States,1,2025-06-11T11:08:41-07:00,20251210,2025,Full-time,https://www.metacareers.com/profile/job_details/1294969138700693,0,,non_integrity,none,no,no,no,no,no
1295309832332049,"Research Scientist Intern, Reinforcement Learning (PhD)",Paris,France,Western Europe,France,1,2025-10-07T02:10:16-07:00,20251204,2025,Internship,https://www.metacareers.com/profile/job_details/1295309832332049,0,,non_integrity,none,no,no,no,no,no
1295369988690382,Image Processing Engineer,Sunnyvale,United States,North America,United States,1,2025-08-27T12:23:30-07:00,20251209,2025,Full-time,https://www.metacareers.com/profile/job_details/1295369988690382,0,,non_integrity,none,no,no,no,no,no
1295436309005749,"Research Scientist Intern, AI Signal and Power Integrity",Sunnyvale,United States,North America,United States,1,2025-11-19T16:37:11-08:00,20251217,2025,Internship,https://www.metacareers.com/profile/job_details/1295436309005749,1,integrity,core_integrity,high,yes,no,no,yes,no
1296230207698571,Technical Program Manager,Sunnyvale,United States,North America,United States,1,2023-10-23T16:59:52-07:00,20251214,2025,Full-time,https://www.metacareers.com/profile/job_details/1296230207698571,2,"business integrity, integrity",core_integrity,high,yes,no,no,no,yes
1296664048908865,Principal Technical Animator,Austin,United States,North America,United States,1,2025-09-20T13:59:08-07:00,20251207,2025,Full-time,https://www.metacareers.com/profile/job_details/1296664048908865,0,,non_integrity,none,no,no,no,no,no
1297220882146255,"Software Engineer, Android",Bellevue,United States,North America,United States,1,2025-10-22T16:08:45-07:00,20251209,2025,Full-time,https://www.metacareers.com/profile/job_details/1297220882146255,0,,non_integrity,none,no,no,no,no,no
1297880031867647,Applied Research Scientist - Physics Simulations & Controls,Redmond,United States,North America,United States,1,2025-08-28T16:09:04-07:00,20251209,2025,Full-time,https://www.metacareers.com/profile/job_details/1297880031867647,0,,non_integrity,none,no,no,no,no,no
1298296972206507,Software Engineer Manager - AI Efficiency,Bellevue,United States,North America,United States,1,2026-02-04T16:20:21-08:00,20260207,2026,Full-time,https://www.metacareers.com/profile/job_details/1298296972206507,0,,non_integrity,none,no,no,no,no,no
1300997748706476,"Manager, Software Engineering, Compute Platforms HW/SW Co-design Team",Menlo Park,United States,North America,United States,1,2025-11-18T14:02:27-08:00,20260122,2026,Full-time,https://www.metacareers.com/profile/job_details/1300997748706476,0,,non_integrity,none,no,no,no,no,no
1301044061487395,"Research Scientist Intern, Textile Actuators for Soft Robotics (PhD)",Redmond,United States,North America,United States,1,2025-09-15T18:45:10-07:00,20251207,2025,Internship,https://www.metacareers.com/profile/job_details/1301044061487395,0,,non_integrity,none,no,no,no,no,no
1301927895064625,Software Engineer,Menlo Park,United States,North America,United States,1,2025-10-08T10:07:45-07:00,20251216,2025,Full-time,https://www.metacareers.com/profile/job_details/1301927895064625,0,,non_integrity,none,no,no,no,no,no
1302545961415622,Inventory Operations Lead,Bellevue,United States,North America,United States,1,2025-08-27T21:55:46-07:00,20251209,2025,Full-time,https://www.metacareers.com/profile/job_details/1302545961415622,0,,possible_integrity,low,yes,no,yes,no,no
1302644140995754,Embedded Software Engineer - Reality Labs Research,Redmond,United States,North America,United States,1,2025-03-04T11:38:11-08:00,20251216,2025,Full-time,https://www.metacareers.com/profile/job_details/1302644140995754,0,,non_integrity,none,no,no,no,no,no
1303076114202551,"Data Scientist, Product Analytics",London,UK,Unknown,United Kingdom,1,2024-11-11T08:08:59-08:00,20251217,2025,Full-time,https://www.metacareers.com/profile/job_details/1303076114202551,0,,non_integrity,none,no,no,no,no,no
1304349197711697,Data Expert - Manufacturing Operations Manager,Shanghai,China,East Asia,China,1,2025-09-14T23:36:30-07:00,20251213,2025,Full-time,https://www.metacareers.com/profile/job_details/1304349197711697,0,,non_integrity,none,no,no,no,no,no
1306142051310320,Supply Chain Analyst,Fremont,United States,North America,United States,1,2025-11-03T11:52:04-08:00,20251213,2025,Full-time,https://www.metacareers.com/profile/job_details/1306142051310320,0,,non_integrity,none,no,no,no,no,no
1306420247787314,"Director, Software Engineering",Zurich,Switzerland,Western Europe,Switzerland,1,2025-09-04T07:12:24-07:00,20251217,2025,Full-time,https://www.metacareers.com/profile/job_details/1306420247787314,1,integrity,core_integrity,high,yes,no,no,no,yes
1306675670931661,"Research Scientist Intern, Code Generation (PhD) (Tel Aviv)",Tel Aviv,Israel,Middle East & North Africa,Israel; France,2,2025-10-14T00:34:07-07:00,20251207,2025,Internship,https://www.metacareers.com/profile/job_details/1306675670931661,0,,non_integrity,none,no,no,no,no,no
1307564433962525,Business Incident Response Specialist,Singapore,Singapore,Southeast Asia,Singapore,1,2025-10-21T22:51:38-07:00,20251216,2025,Full-time,https://www.metacareers.com/profile/job_details/1307564433962525,0,,possible_integrity,low,yes,no,yes,no,no
1309311757185034,Sensor Electrical Engineer,Sunnyvale,United States,North America,United States,1,2025-10-30T14:56:24-07:00,20251214,2025,Full-time,https://www.metacareers.com/profile/job_details/1309311757185034,0,,non_integrity,none,no,no,yes,no,no
1309484977391769,"Software Engineer, Product",Menlo Park,United States,North America,United States,1,2025-10-07T15:09:06-07:00,20251207,2025,Full-time,https://www.metacareers.com/profile/job_details/1309484977391769,0,,non_integrity,none,no,no,no,no,no
1310590427542717,Regional Trade & Customs Operational Lead,Los Angeles,United States,North America,United States,1,2026-01-27T09:33:57-08:00,20260210,2026,Full-time,https://www.metacareers.com/profile/job_details/1310590427542717,0,,non_integrity,none,no,no,no,no,no
1311018824127830,Embedded Software Engineer (PhD),Burlingame,United States,North America,United States,1,2025-12-18T08:06:29-08:00,20260120,2026,Full-time,https://www.metacareers.com/profile/job_details/1311018824127830,0,,non_integrity,none,no,no,no,no,no
1311440420431368,Security Engineer,Bellevue,United States,North America,United States,1,2025-09-22T16:26:36-07:00,20251207,2025,Full-time,https://www.metacareers.com/profile/job_details/1311440420431368,0,,non_integrity,none,no,no,no,no,no
1312570617147546,"Research Scientist Intern, Computational Chemist (PhD)",Redmond,United States,North America,United States,1,2025-08-21T11:59:31-07:00,20251122,2025,Internship,https://www.metacareers.com/profile/job_details/1312570617147546,0,,non_integrity,none,no,no,no,no,no
1313143423633669,"Software Engineer, Power and Performance Automation",Hyderabad,India,South Asia,India,1,2025-10-07T17:37:12-07:00,20251207,2025,Full-time,https://www.metacareers.com/profile/job_details/1313143423633669,0,,non_integrity,none,no,no,no,no,no
1313304546693217,Optical Scientist - Computational Optics (PhD Grad),Redmond,United States,North America,United States,1,2025-10-27T12:17:05-07:00,20251207,2025,Full-time,https://www.metacareers.com/profile/job_details/1313304546693217,0,,non_integrity,none,no,no,no,no,no
1313859119844645,"Agency Partner, Japan",Tokyo,Japan,East Asia,Japan,1,2025-10-12T21:19:47-07:00,20251216,2025,Full-time,https://www.metacareers.com/profile/job_details/1313859119844645,0,,non_integrity,none,no,no,no,no,no
1315776023419285,"Agency Partner, Korea",Seoul,South Korea,East Asia,South Korea,1,2025-10-15T02:24:06-07:00,20251214,2025,Full-time,https://www.metacareers.com/profile/job_details/1315776023419285,0,,non_integrity,none,no,no,no,no,no
1315909263627654,Associate General Counsel - European Data Legal Team,Dublin,Ireland,Western Europe,Ireland; United Kingdom,2,2026-01-02T14:07:42-08:00,20260120,2026,Full-time,https://www.metacareers.com/profile/job_details/1315909263627654,0,,non_integrity,none,no,no,no,no,no
1315942749940262,Campus Construction Manager,Los Lunas,United States,North America,United States,1,2025-10-02T10:33:02-07:00,20251217,2025,Full-time,https://www.metacareers.com/profile/job_details/1315942749940262,0,,non_integrity,none,no,no,yes,no,no
1315973776750413,ASIC Engineer - Infra Silicon Enablement,Bangalore,India,South Asia,India,1,2025-09-15T02:13:02-07:00,20251217,2025,Full-time,https://www.metacareers.com/profile/job_details/1315973776750413,0,,non_integrity,none,no,no,no,no,no
1316236549965510,"Data Analyst, Global Partnerships & Content",Menlo Park,United States,North America,United States,1,2025-10-08T12:34:20-07:00,20251207,2025,Full-time,https://www.metacareers.com/profile/job_details/1316236549965510,0,,non_integrity,none,no,no,no,no,no
1317612129737851,Optical Metrology Engineer,Shanghai,China,East Asia,China; Taiwan,2,2025-09-03T07:06:15-07:00,20251211,2025,Full-time,https://www.metacareers.com/profile/job_details/1317612129737851,1,integrity,core_integrity,high,yes,no,no,no,yes
1319148726628205,"Research Scientist Intern, Alignment - Brain and AI (PhD) (Paris)",Paris,France,Western Europe,France,1,2025-10-13T05:09:50-07:00,20251209,2025,Internship,https://www.metacareers.com/profile/job_details/1319148726628205,0,,non_integrity,none,no,no,no,no,no
1320042106118005,"Strategic Sourcing Manager, Flexes and PCB",Shanghai,China,East Asia,China,1,2025-11-10T06:35:44-08:00,20251210,2025,Full-time,https://www.metacareers.com/profile/job_details/1320042106118005,0,,non_integrity,none,no,no,yes,no,no
1320650903175094,"Security Engineer - Surface Coverage, Detection Engineering",Tel Aviv,Israel,Middle East & North Africa,Israel,1,2025-10-12T23:48:06-07:00,20251207,2025,Full-time,https://www.metacareers.com/profile/job_details/1320650903175094,0,,non_integrity,none,no,no,no,no,no
1321302052814635,"Client Partner, CEE Tech Apps",Warsaw,Poland,Eastern Europe,Poland,1,2025-09-30T01:47:35-07:00,20251217,2025,Full-time,https://www.metacareers.com/profile/job_details/1321302052814635,0,,non_integrity,none,no,no,yes,no,no
1321459060005956,"Manager, Technical Accounting and Policy",Menlo Park,United States,North America,United States,1,2026-01-22T14:07:26-08:00,20260207,2026,Full-time,https://www.metacareers.com/profile/job_details/1321459060005956,0,,non_integrity,none,no,no,no,no,no
1322251432536574,"Technical Program Manager, Core Infrastructure",Menlo Park,United States,North America,United States,1,2025-11-13T23:29:12-08:00,20251209,2025,Full-time,https://www.metacareers.com/profile/job_details/1322251432536574,0,,non_integrity,none,no,no,no,no,no
1322259479352002,Digital Design Engineer,Sunnyvale,United States,North America,United States,1,2025-10-17T09:28:47-07:00,20251209,2025,Full-time,https://www.metacareers.com/profile/job_details/1322259479352002,0,,non_integrity,none,no,no,no,no,no
1322723839313682,"Research Scientist, Neural Interfaces - Machine Learning",Paris,France,Western Europe,France,1,2025-09-15T05:58:16-07:00,20251216,2025,Full-time,https://www.metacareers.com/profile/job_details/1322723839313682,0,,non_integrity,none,no,no,no,no,no
1323467472142409,Software Engineering Manager,Menlo Park,United States,North America,United States,1,2025-10-22T19:29:30-07:00,20251207,2025,Full-time,https://www.metacareers.com/profile/job_details/1323467472142409,0,,non_integrity,none,no,no,no,no,no
1324338569444546,"Finance Manager, Facebook",Menlo Park,United States,North America,United States,1,2025-11-13T14:25:26-08:00,20251213,2025,Full-time,https://www.metacareers.com/profile/job_details/1324338569444546,0,,non_integrity,none,no,no,no,no,no
1324858306015206,"Research Scientist Intern, Modern Recommendation Systems (PhD)",Bellevue,United States,North America,United States,1,2025-09-22T11:27:55-07:00,20251125,2025,Internship,https://www.metacareers.com/profile/job_details/1324858306015206,0,,non_integrity,none,no,no,no,no,no
1325088985957356,"Research Scientist Intern, Reinforcement Learning and Large Language Models, PhD",Paris,France,Western Europe,France,1,2025-10-07T02:16:57-07:00,20251209,2025,Internship,https://www.metacareers.com/profile/job_details/1325088985957356,0,,non_integrity,none,no,no,no,no,no
1326514215677521,"Area Schedule Lead - Data Center Design, Engineering and Construction",Temple,United States,North America,United States,1,2025-09-22T14:03:36-07:00,20251214,2025,Full-time,https://www.metacareers.com/profile/job_details/1326514215677521,0,,possible_integrity,low,yes,no,no,no,no
1327534095780911,Wireless Systems Engineer,San Diego,United States,North America,United States,1,2025-11-19T12:38:47-08:00,20260122,2026,Full-time,https://www.metacareers.com/profile/job_details/1327534095780911,0,,non_integrity,none,no,no,no,no,no
1328481822344508,"Software Engineer, Connectivity (Bluetooth)",Taipei,Taiwan,East Asia,Taiwan,1,2025-10-02T17:38:26-07:00,20251216,2025,Full-time,https://www.metacareers.com/profile/job_details/1328481822344508,0,,non_integrity,none,no,no,no,no,no
1330936708766435,"Research Scientist Intern, Multimodal Learning for Robotics (PhD)",Redmond,United States,North America,United States,1,2025-10-15T19:06:26-07:00,20251207,2025,Internship,https://www.metacareers.com/profile/job_details/1330936708766435,0,,non_integrity,none,no,no,no,no,no
1331467595090454,Technical Program Manager,Menlo Park,United States,North America,United States,1,2025-10-12T14:26:34-07:00,20251216,2025,Full-time,https://www.metacareers.com/profile/job_details/1331467595090454,0,,non_integrity,none,no,no,no,no,no
1332292668000951,Head of Global Experiences,Menlo Park,United States,North America,United States,1,2025-11-10T13:00:18-08:00,20251211,2025,Full-time,https://www.metacareers.com/profile/job_details/1332292668000951,0,,non_integrity,none,no,no,no,no,no
1332660768358503,Principal Product Manager - Enterprise,Bangalore,India,South Asia,India,1,2025-10-15T01:26:37-07:00,20251207,2025,Full-time,https://www.metacareers.com/profile/job_details/1332660768358503,0,,non_integrity,none,no,no,no,no,no
1332776231438380,"Research Engineer, Computer Vision & AI (PhD)",London,UK,Unknown,United Kingdom,1,2025-11-27T17:17:38-08:00,20251214,2025,Full-time,https://www.metacareers.com/profile/job_details/1332776231438380,0,,non_integrity,none,no,no,no,no,no
1332985148626945,Product Designer,Los Angeles,United States,North America,United States,1,2025-12-02T14:31:00-08:00,20260122,2026,Full-time,https://www.metacareers.com/profile/job_details/1332985148626945,0,,non_integrity,none,no,no,no,no,no
1333538881633798,"Market Specialist, Global Response Operations - SEO South Asia",Dublin,Ireland,Western Europe,Ireland,1,2025-09-23T22:06:44-07:00,20251216,2025,Full-time,https://www.metacareers.com/profile/job_details/1333538881633798,6,"animal abuse, child exploitation, integrity, objectionable content, self-injury, trust and safety",core_integrity,high,yes,yes,no,no,yes
1335302334612265,"Software Engineer, iOS",Seattle,United States,North America,United States,1,2025-10-07T16:55:04-07:00,20251214,2025,Full-time,https://www.metacareers.com/profile/job_details/1335302334612265,0,,non_integrity,none,no,no,no,no,no
1336689968110846,Operations Engineer,Austin,United States,North America,United States,1,2025-08-20T09:09:49-07:00,20251207,2025,Full-time,https://www.metacareers.com/profile/job_details/1336689968110846,0,,possible_integrity,low,yes,no,yes,no,no
1337695574457402,"Research Scientist Intern, Audio, Machine Learning and Computer Vision (PhD)",Cambridge,UK,Unknown,United Kingdom,1,2025-09-05T05:54:37-07:00,20251214,2025,Internship,https://www.metacareers.com/profile/job_details/1337695574457402,0,,non_integrity,none,no,no,no,no,no
1337756297941632,Network Engineer,Denver,United States,North America,United States,1,2025-10-16T16:35:25-07:00,20251216,2025,Full-time,https://www.metacareers.com/profile/job_details/1337756297941632,0,,non_integrity,none,no,no,no,no,no
1337757251264424,Product Specialist,Burlingame,United States,North America,United States,1,2025-10-07T10:55:30-07:00,20251207,2025,Full-time,https://www.metacareers.com/profile/job_details/1337757251264424,0,,non_integrity,none,no,no,no,no,no
1337915113900850,Software Engineer - Language (Technical Leadership),Redmond,United States,North America,United States,1,2025-02-13T17:25:27-08:00,20251217,2025,Full-time,https://www.metacareers.com/profile/job_details/1337915113900850,0,,non_integrity,none,no,no,no,no,no
1339387427562674,"Network Automation Engineer, Fullstack",Menlo Park,United States,North America,United States,1,2025-10-11T13:45:19-07:00,20251217,2025,Full-time,https://www.metacareers.com/profile/job_details/1339387427562674,1,integrity,core_integrity,high,yes,no,no,yes,no
1343339110782394,Product Quality Engineer - Compute/GPU,Austin,United States,North America,United States,1,2025-10-24T14:25:48-07:00,20251213,2025,Full-time,https://www.metacareers.com/profile/job_details/1343339110782394,0,,possible_integrity,low,yes,no,no,no,no
1343997294056232,"Embedded Software Engineer, Connectivity/Wireless",Sunnyvale,United States,North America,United States,1,2025-11-11T11:09:12-08:00,20251215,2025,Full-time,https://www.metacareers.com/profile/job_details/1343997294056232,0,,non_integrity,none,no,no,no,no,no
1344144467490177,"Network Engineer, Deployment & Support",Menlo Park,United States,North America,United States,1,2025-12-02T14:55:04-08:00,20251217,2025,Full-time,https://www.metacareers.com/profile/job_details/1344144467490177,0,,non_integrity,none,no,no,no,no,no
1346103053957748,Commercial Sourcing Manager - Cloud,Fremont,United States,North America,United States,1,2025-12-17T08:54:59-08:00,20260120,2026,Full-time,https://www.metacareers.com/profile/job_details/1346103053957748,0,,non_integrity,none,no,no,no,no,no
1346516503854562,Systems Integration Engineer,Fremont,United States,North America,United States,1,2025-10-04T09:23:44-07:00,20251217,2025,Full-time,https://www.metacareers.com/profile/job_details/1346516503854562,0,,non_integrity,none,no,no,no,no,no
1348200303987106,"Research Scientist Intern, Image Sensor Design and Characterization (PhD)",Redmond,United States,North America,United States,1,2026-01-26T20:30:07-08:00,20260207,2026,Internship,https://www.metacareers.com/profile/job_details/1348200303987106,0,,non_integrity,none,no,no,no,no,no
1348476210222778,Executive Administrative Partner,Menlo Park,United States,North America,United States,1,2025-10-14T16:12:49-07:00,20251207,2025,Full-time,https://www.metacareers.com/profile/job_details/1348476210222778,0,,non_integrity,none,no,no,yes,no,no
1348961320316083,Manufacturing Quality Engineer,Rayville,United States,North America,United States,1,2025-12-17T14:07:38-08:00,20260122,2026,Full-time,https://www.metacareers.com/profile/job_details/1348961320316083,0,,possible_integrity,low,yes,no,no,no,no
1349196259976573,"Software Engineer, Machine Learning",Menlo Park,United States,North America,United States,1,2025-10-08T14:20:21-07:00,20251210,2025,Full-time,https://www.metacareers.com/profile/job_details/1349196259976573,0,,non_integrity,none,no,no,no,no,no
1350345453402527,Software Engineer,Bellevue,United States,North America,United States,1,2025-11-20T14:19:26-08:00,20260122,2026,Full-time,https://www.metacareers.com/profile/job_details/1350345453402527,1,integrity,core_integrity,high,yes,no,no,yes,no
1350566577077010,Campus Construction Manager,Temple,United States,North America,United States,1,2025-08-01T11:34:28-07:00,20251216,2025,Full-time,https://www.metacareers.com/profile/job_details/1350566577077010,0,,non_integrity,none,no,no,yes,no,no
1350760066681603,"Security Engineer, Investigations",Washington,United States,North America,United States,1,2025-11-05T15:43:52-08:00,20251213,2025,Full-time,https://www.metacareers.com/profile/job_details/1350760066681603,5,"animal abuse, child exploitation, integrity, objectionable content, self-injury",core_integrity,high,yes,yes,no,no,yes
1351091326400233,EMEA SSPO Lead,London,UK,Unknown,United Kingdom,1,2025-11-04T08:29:49-08:00,20251209,2025,Full-time,https://www.metacareers.com/profile/job_details/1351091326400233,0,,possible_integrity,low,yes,no,yes,no,no
1353004579168719,"Enterprise Infrastructure Engineer, IAM",Austin,United States,North America,United States,1,2025-11-25T11:12:08-08:00,20251217,2025,Full-time,https://www.metacareers.com/profile/job_details/1353004579168719,0,,non_integrity,none,no,no,no,no,no
1353782149493654,Security Engineer,Denver,United States,North America,United States,1,2025-10-14T09:43:03-07:00,20251217,2025,Full-time,https://www.metacareers.com/profile/job_details/1353782149493654,0,,non_integrity,none,no,no,no,no,no
1354401655993669,"Strategic Operations Lead, Infrastructure Supply Chain",Menlo Park,United States,North America,United States,1,2025-12-30T12:19:06-08:00,20260122,2026,Full-time,https://www.metacareers.com/profile/job_details/1354401655993669,0,,non_integrity,none,no,no,no,no,no
1354974185959639,Software Engineer,Tel Aviv,Israel,Middle East & North Africa,Israel,1,2025-09-01T04:52:37-07:00,20251213,2025,Full-time,https://www.metacareers.com/profile/job_details/1354974185959639,0,,non_integrity,none,no,no,no,no,no
1355709066176237,"Staff Software Engineer - Human Understanding (Physiology,Activity,State)",Zurich,Switzerland,Western Europe,Switzerland,1,2025-10-14T03:59:00-07:00,20251210,2025,Full-time,https://www.metacareers.com/profile/job_details/1355709066176237,0,,non_integrity,none,no,no,no,no,no
1356161335655787,Reliability Engineer,Sunnyvale,United States,North America,United States,1,2025-12-17T15:20:12-08:00,20260120,2026,Full-time,https://www.metacareers.com/profile/job_details/1356161335655787,0,,non_integrity,none,no,no,no,no,no
1356292036188674,"Software Engineer, Systems",Bellevue,United States,North America,United States,1,2025-10-08T13:27:50-07:00,20251216,2025,Full-time,https://www.metacareers.com/profile/job_details/1356292036188674,0,,non_integrity,none,no,no,no,no,no
1357436792424305,Research Engineering Manager,Redmond,United States,North America,United States,1,2025-10-20T16:12:33-07:00,20251213,2025,Full-time,https://www.metacareers.com/profile/job_details/1357436792424305,0,,non_integrity,none,no,no,no,no,no
1357440695851354,Product Manager Lead - Ads Targeting,London,UK,Unknown,United Kingdom,1,2025-11-21T04:33:29-08:00,20251213,2025,Full-time,https://www.metacareers.com/profile/job_details/1357440695851354,0,,non_integrity,none,no,no,no,no,no
1358168019273614,Failure Analysis Engineer,Redmond,United States,North America,United States,1,2025-10-21T11:57:23-07:00,20251217,2025,Full-time,https://www.metacareers.com/profile/job_details/1358168019273614,0,,non_integrity,none,no,no,no,no,no
1358624459215252,Creative Audio - Creative Coder,Los Angeles,United States,North America,United States,1,2025-10-24T17:21:51-07:00,20251209,2025,Full-time,https://www.metacareers.com/profile/job_details/1358624459215252,0,,non_integrity,none,no,no,no,no,no
1359190819067184,"Business Marketing Strategy and Planning Lead, North America",Menlo Park,United States,North America,United States,1,2025-11-11T14:43:48-08:00,20251216,2025,Full-time,https://www.metacareers.com/profile/job_details/1359190819067184,0,,non_integrity,none,no,no,no,no,no
1359325628925781,Manufacturing Test Engineer - Calibration,Shanghai,China,East Asia,China,1,2025-10-26T06:59:44-07:00,20251209,2025,Full-time,https://www.metacareers.com/profile/job_details/1359325628925781,0,,non_integrity,none,no,no,no,no,no
1359734602018390,Sound Designer,Los Angeles,United States,North America,United States,1,2025-04-22T08:15:34-07:00,20251213,2025,Full-time,https://www.metacareers.com/profile/job_details/1359734602018390,0,,non_integrity,none,no,no,no,no,no
1360531735438982,"Strategic Account Manager, Target",Remote,US,Unknown,United States,1,2025-10-27T11:17:19-07:00,20251217,2025,Full-time,https://www.metacareers.com/profile/job_details/1360531735438982,0,,non_integrity,none,no,no,yes,no,no
1361024425436743,"Program Manager Lead, Performance Marketing",Los Angeles,United States,North America,United States,1,2025-11-11T15:53:43-08:00,20251217,2025,Full-time,https://www.metacareers.com/profile/job_details/1361024425436743,1,integrity,core_integrity,high,yes,no,no,no,yes
1361394505771874,"Group Manager, Technical Program Management - Central Product Platforms",Menlo Park,United States,North America,United States,1,2025-12-02T16:23:17-08:00,20251217,2025,Full-time,https://www.metacareers.com/profile/job_details/1361394505771874,0,,non_integrity,none,no,no,no,no,no
1363319312204363,"Music Business Development Manager, APAC",Seoul,South Korea,East Asia,South Korea; Japan; Singapore,3,2025-12-17T22:22:12-08:00,20251220,2025,Full-time,https://www.metacareers.com/profile/job_details/1363319312204363,0,,non_integrity,none,no,no,yes,no,no
1364085061754392,Product Cost Engineer,Sunnyvale,United States,North America,United States,1,2025-11-18T16:51:44-08:00,20251214,2025,Full-time,https://www.metacareers.com/profile/job_details/1364085061754392,0,,non_integrity,none,no,no,no,no,no
1364419801304682,Product Design Engineer,Sunnyvale,United States,North America,United States,1,2025-06-10T14:10:30-07:00,20251207,2025,Full-time,https://www.metacareers.com/profile/job_details/1364419801304682,0,,non_integrity,none,no,no,no,no,no
1365238474950291,"Application Manager, Supply Chain Strategy and Management",Fremont,United States,North America,United States,1,2025-11-17T15:50:20-08:00,20251217,2025,Full-time,https://www.metacareers.com/profile/job_details/1365238474950291,0,,non_integrity,none,no,no,no,no,no
1365714305076405,"GTC Planning, Head of Channel Enablement Program Management",Seattle,United States,North America,United States,1,2025-10-20T17:01:47-07:00,20251217,2025,Full-time,https://www.metacareers.com/profile/job_details/1365714305076405,0,,non_integrity,none,no,no,no,no,no
1365879871534649,Energy Manager (Onsite Generation Solutions),Menlo Park,United States,North America,United States,1,2025-10-21T19:20:51-07:00,20251207,2025,Full-time,https://www.metacareers.com/profile/job_details/1365879871534649,0,,non_integrity,none,no,no,no,no,no
1365965664932746,"Product Marketing Manager, Growth, North America",San Francisco,United States,North America,United States,1,2025-12-02T10:09:23-08:00,20260120,2026,Full-time,https://www.metacareers.com/profile/job_details/1365965664932746,0,,non_integrity,none,no,no,yes,no,no
1366677881821828,Security Engineer,Bellevue,United States,North America,United States,1,2025-11-18T10:20:23-08:00,20251207,2025,Full-time,https://www.metacareers.com/profile/job_details/1366677881821828,0,,non_integrity,none,no,no,no,no,no
1366985211743067,"Manager, Privacy Engineering",Menlo Park,United States,North America,United States,1,2025-12-03T11:46:22-08:00,20251207,2025,Full-time,https://www.metacareers.com/profile/job_details/1366985211743067,0,,non_integrity,none,no,no,no,no,no
1367340091472269,"Systems Program Manager - Data Center Design, Engineering, and Construction",Reston,United States,North America,United States,1,2025-10-06T11:19:20-07:00,20251207,2025,Full-time,https://www.metacareers.com/profile/job_details/1367340091472269,0,,non_integrity,none,no,no,yes,no,no
1367923134875313,"Technical Program Manager, Ranking AI",Sunnyvale,United States,North America,United States,1,2025-12-18T18:31:04-08:00,20260122,2026,Full-time,https://www.metacareers.com/profile/job_details/1367923134875313,0,,non_integrity,none,no,no,yes,no,no
1368201961691179,"Software Engineering Manager, AI Media Foundations",Menlo Park,United States,North America,United States,1,2025-11-24T08:39:27-08:00,20251207,2025,Full-time,https://www.metacareers.com/profile/job_details/1368201961691179,0,,non_integrity,none,no,no,no,no,no
1368314728075239,"Product Marketing Management Manager, Devices GTM",Los Angeles,United States,North America,United States,1,2025-11-19T11:55:27-08:00,20251207,2025,Full-time,https://www.metacareers.com/profile/job_details/1368314728075239,0,,non_integrity,none,no,no,no,no,no
1368888211286686,"Software Engineer - AI SysML, Meta Superintelligence Labs",Bellevue,United States,North America,United States,1,2025-11-19T15:05:34-08:00,20251217,2025,Full-time,https://www.metacareers.com/profile/job_details/1368888211286686,0,,non_integrity,none,no,no,no,no,no
1368969190886166,"Software Engineer, Machine Learning",Sunnyvale,United States,North America,United States,1,2025-06-10T15:28:44-07:00,20251210,2025,Full-time,https://www.metacareers.com/profile/job_details/1368969190886166,0,,non_integrity,none,no,no,no,no,no
1369052957675923,"Manager, Production Engineering",Bellevue,United States,North America,United States,1,2025-05-06T13:48:40-07:00,20251205,2025,Full-time,https://www.metacareers.com/profile/job_details/1369052957675923,0,,non_integrity,none,no,no,yes,no,no
1369124354404471,Infrastructure & Energy Policy Manager,Austin,United States,North America,United States,1,2026-01-06T10:53:46-08:00,20260122,2026,Full-time,https://www.metacareers.com/profile/job_details/1369124354404471,0,,non_integrity,none,no,no,yes,no,no
1369229711656516,Softgoods Research Developer - Robotics,Redmond,United States,North America,United States,1,2025-11-24T20:40:08-08:00,20251207,2025,Full-time,https://www.metacareers.com/profile/job_details/1369229711656516,0,,non_integrity,none,no,no,no,no,no
1369644077983063,Compensation Business Systems Analyst (24 Months Contract),Austin,United States,North America,United States,1,2025-11-14T09:30:41-08:00,20251207,2025,Full-time,https://www.metacareers.com/profile/job_details/1369644077983063,1,integrity,core_integrity,high,yes,no,no,no,yes
1370410707383737,Solutions Architect,Austin,United States,North America,United States,1,2025-06-25T14:22:45-07:00,20251217,2025,Full-time,https://www.metacareers.com/profile/job_details/1370410707383737,0,,non_integrity,none,no,no,no,no,no
1371077641147770,"Research Scientist, Physical Modeling Intern (PhD)",Menlo Park,United States,North America,United States,1,2025-11-11T12:37:48-08:00,20251216,2025,Internship,https://www.metacareers.com/profile/job_details/1371077641147770,0,,non_integrity,none,no,no,yes,no,no
1371757317907486,DFX Engineer,Sunnyvale,United States,North America,United States,1,2025-10-24T11:28:45-07:00,20251217,2025,Full-time,https://www.metacareers.com/profile/job_details/1371757317907486,0,,non_integrity,none,no,no,yes,no,no
1372651317805033,"Software Engineer, Systems",Burlingame,United States,North America,United States,1,2025-10-07T10:31:56-07:00,20251209,2025,Full-time,https://www.metacareers.com/profile/job_details/1372651317805033,0,,non_integrity,none,no,no,no,no,no
1372861164561843,"Research Scientist Intern, Code Generation (PhD) (Paris)",Paris,France,Western Europe,France,1,2025-10-14T00:44:32-07:00,20251216,2025,Internship,https://www.metacareers.com/profile/job_details/1372861164561843,0,,non_integrity,none,no,no,no,no,no
1373157864203169,Site Development Business Operations Procurement Manager,Bellevue,United States,North America,United States,1,2025-11-04T09:28:45-08:00,20251207,2025,Full-time,https://www.metacareers.com/profile/job_details/1373157864203169,0,,possible_integrity,low,yes,no,yes,no,no
1375187143985210,"Research Scientist, AI/ML (PhD)",Zurich,Switzerland,Western Europe,Switzerland; United Kingdom,2,2025-12-08T06:10:20-08:00,20260122,2026,Full-time,https://www.metacareers.com/profile/job_details/1375187143985210,1,integrity,core_integrity,high,yes,no,no,no,yes
1375817500650558,Head of Agency,Taipei,Taiwan,East Asia,Taiwan,1,2025-12-04T17:17:38-08:00,20260120,2026,Full-time,https://www.metacareers.com/profile/job_details/1375817500650558,0,,non_integrity,none,no,no,yes,no,no
1376704890318756,"Associate General Counsel, Litigation, EMEA",Dublin,Ireland,Western Europe,Ireland; United Kingdom,2,2026-01-26T04:01:44-08:00,20260207,2026,Full-time,https://www.metacareers.com/profile/job_details/1376704890318756,0,,non_integrity,none,no,no,yes,no,no
1377278740664004,Mechanical Design Engineer: Robotics Hardware Engineering,Redmond,United States,North America,United States,1,2025-11-18T11:43:25-08:00,20251217,2025,Full-time,https://www.metacareers.com/profile/job_details/1377278740664004,0,,non_integrity,none,no,no,no,no,no
1377310717246057,"Software Engineer, Systems",Bellevue,United States,North America,United States,1,2025-10-21T11:13:07-07:00,20251210,2025,Full-time,https://www.metacareers.com/profile/job_details/1377310717246057,0,,non_integrity,none,no,no,no,no,no
1377782540580101,"Security Engineer, Incident Response",Remote,UK,Unknown,United Kingdom,1,2025-11-07T01:41:17-08:00,20251207,2025,Full-time,https://www.metacareers.com/profile/job_details/1377782540580101,0,,non_integrity,none,no,no,no,no,no
1379037636889317,Program Development Manager,Menlo Park,United States,North America,United States,1,2025-09-23T12:58:21-07:00,20251217,2025,Full-time,https://www.metacareers.com/profile/job_details/1379037636889317,0,,non_integrity,none,no,no,yes,no,no
1379421197062919,"Research Engineer, Media Data Research - MSL FAIR",Menlo Park,United States,North America,United States,1,2025-11-26T16:46:24-08:00,20251214,2025,Full-time,https://www.metacareers.com/profile/job_details/1379421197062919,0,,non_integrity,none,no,no,no,no,no
1380232173653958,Tax Manager,Menlo Park,United States,North America,United States,1,2025-09-30T16:19:18-07:00,20251209,2025,Full-time,https://www.metacareers.com/profile/job_details/1380232173653958,0,,non_integrity,none,no,no,no,no,no
1380242126824849,"Software Engineer, Application",Redmond,United States,North America,United States,1,2025-11-17T13:20:09-08:00,20251209,2025,Full-time,https://www.metacareers.com/profile/job_details/1380242126824849,0,,non_integrity,none,no,no,no,no,no
1380752173722069,"Software Engineer, Product",Bellevue,United States,North America,United States,1,2025-11-18T11:18:33-08:00,20251217,2025,Full-time,https://www.metacareers.com/profile/job_details/1380752173722069,0,,non_integrity,none,no,no,no,no,no
1380974339703907,"AI Research Scientist, CoreML - Monetization AI",Sunnyvale,United States,North America,United States,1,2025-04-02T14:49:35-07:00,20251217,2025,Full-time,https://www.metacareers.com/profile/job_details/1380974339703907,0,,non_integrity,none,no,no,no,no,no
1381589800030620,Agency Solution Manager,Hong Kong,Hong Kong,East Asia,Hong Kong,1,2025-12-11T01:25:27-08:00,20260120,2026,Full-time,https://www.metacareers.com/profile/job_details/1381589800030620,0,,non_integrity,none,no,no,no,no,no
1382037693714622,"ASIC Engineer Intern, Architecture",Sunnyvale,United States,North America,United States,1,2026-01-09T13:10:28-08:00,20260115,2026,Internship,https://www.metacareers.com/profile/job_details/1382037693714622,0,,non_integrity,none,no,no,no,no,no
1382136746900637,"Research Engineer - Safety System, Evaluation and Foundation",Menlo Park,United States,North America,United States,1,2026-01-06T11:40:35-08:00,20260120,2026,Full-time,https://www.metacareers.com/profile/job_details/1382136746900637,0,,non_integrity,none,no,no,no,no,no
1383808566595506,Privacy & Data Policy Manager,Menlo Park,United States,North America,United States,1,2025-11-10T08:44:08-08:00,20251217,2025,Full-time,https://www.metacareers.com/profile/job_details/1383808566595506,0,,non_integrity,none,no,no,no,no,no
1384415843264126,Infrastructure Supply Chain Lead (Capabilities),Fremont,United States,North America,United States,1,2025-11-25T11:53:26-08:00,20260120,2026,Full-time,https://www.metacareers.com/profile/job_details/1384415843264126,0,,non_integrity,none,no,no,no,no,no
1384889899826900,"Offensive Security Engineer, Purple Team",Bellevue,United States,North America,United States,1,2025-11-20T20:43:40-08:00,20251216,2025,Full-time,https://www.metacareers.com/profile/job_details/1384889899826900,0,,non_integrity,none,no,no,no,no,no
1385545106573100,Data Center Site Manager,Singapore,Singapore,Southeast Asia,Singapore,1,2025-11-11T17:17:34-08:00,20251214,2025,Full-time,https://www.metacareers.com/profile/job_details/1385545106573100,0,,non_integrity,none,no,no,yes,no,no
1387290326251445,"Research Scientist Intern, Edge Compute Architectures (PhD)",Burlingame,United States,North America,United States,1,2025-11-14T15:12:29-08:00,20251213,2025,Internship,https://www.metacareers.com/profile/job_details/1387290326251445,0,,non_integrity,none,no,no,no,no,no
1387314613038993,"Research Scientist Intern, Neural Rendering, Digital Avatars (PhD)",Zurich,Switzerland,Western Europe,Switzerland,1,2025-11-17T08:02:50-08:00,20251127,2025,Internship,https://www.metacareers.com/profile/job_details/1387314613038993,0,,non_integrity,none,no,no,no,no,no
1387889642858746,"Director, Vendor Operations",Austin,United States,North America,United States,1,2025-10-30T01:02:52-07:00,20251213,2025,Full-time,https://www.metacareers.com/profile/job_details/1387889642858746,0,,possible_integrity,low,yes,no,no,no,no
1388234262955291,"Research Scientist Intern, RL and Agents Team (MSc)",Paris,France,Western Europe,France,1,2025-12-18T07:01:47-08:00,20251231,2025,Internship,https://www.metacareers.com/profile/job_details/1388234262955291,0,,non_integrity,none,no,no,no,no,no
1388912495671371,"Manager, Display and Optics TPM",Sunnyvale,United States,North America,United States,1,2025-07-14T10:14:24-07:00,20251207,2025,Full-time,https://www.metacareers.com/profile/job_details/1388912495671371,0,,non_integrity,none,no,no,no,no,no
1390644585947428,"AI Research Scientist, ML and 3D Computer Vision (PhD)",Redmond,United States,North America,United States,1,2025-11-25T11:53:04-08:00,20260109,2026,Full-time,https://www.metacareers.com/profile/job_details/1390644585947428,0,,non_integrity,none,no,no,no,no,no
1392104952546765,"Client Solutions Manager, FMCG & Disruptors",London,UK,Unknown,United Kingdom,1,2025-11-26T11:54:37-08:00,20251217,2025,Full-time,https://www.metacareers.com/profile/job_details/1392104952546765,0,,non_integrity,none,no,no,no,no,no
1392398375609136,Manufacturing Technical Manager,Sunnyvale,United States,North America,United States,1,2025-11-17T09:18:09-08:00,20251217,2025,Full-time,https://www.metacareers.com/profile/job_details/1392398375609136,0,,non_integrity,none,no,no,no,no,no
1392617242494885,Software Engineer (Leadership) - iOS,London,UK,Unknown,United Kingdom,1,2025-12-10T08:25:23-08:00,20260120,2026,Full-time,https://www.metacareers.com/profile/job_details/1392617242494885,0,,non_integrity,none,no,no,no,no,no
1392763571703040,"Manager, Technical Program Manager - Infrastructure Hardware",Menlo Park,United States,North America,United States,1,2025-01-17T11:02:30-08:00,20251205,2025,Full-time,https://www.metacareers.com/profile/job_details/1392763571703040,0,,non_integrity,none,no,no,yes,no,no
1394393022397017,Software Engineer Manager,Burlingame,United States,North America,United States,1,2025-11-06T14:24:23-08:00,20251216,2025,Full-time,https://www.metacareers.com/profile/job_details/1394393022397017,0,,non_integrity,none,no,no,no,no,no
1394915781774041,"Software Engineer, Android",Bellevue,United States,North America,United States,1,2025-06-10T11:50:50-07:00,20251213,2025,Full-time,https://www.metacareers.com/profile/job_details/1394915781774041,0,,non_integrity,none,no,no,no,no,no
1395133822211662,"Research Scientist Intern, Efficient World Foundation Models (PhD)",Redmond,United States,North America,United States,1,2025-11-28T10:09:27-08:00,20251204,2025,Internship,https://www.metacareers.com/profile/job_details/1395133822211662,0,,non_integrity,none,no,no,no,no,no
1395211499015348,Business Support Engineer,Menlo Park,United States,North America,United States,1,2026-01-27T06:54:35-08:00,20260207,2026,Full-time,https://www.metacareers.com/profile/job_details/1395211499015348,0,,non_integrity,none,no,no,no,no,no
1395863584974092,Creative Strategist | Stratège créatif,Toronto,ON,Unknown,Canada,1,2025-06-03T18:39:33-07:00,20251213,2025,Full-time,https://www.metacareers.com/profile/job_details/1395863584974092,0,,non_integrity,none,no,no,no,no,no
1397212694826926,Product Designer,Bellevue,United States,North America,United States,1,2025-06-10T11:45:35-07:00,20251205,2025,Full-time,https://www.metacareers.com/profile/job_details/1397212694826926,0,,non_integrity,none,no,no,no,no,no
1398246425417437,"Energy Manager, Wholesale Supply",Reston,United States,North America,United States,1,2026-01-12T20:15:47-08:00,20260210,2026,Full-time,https://www.metacareers.com/profile/job_details/1398246425417437,0,,non_integrity,none,no,no,yes,no,no
1398371645214552,"Product Marketing Lead, Social & AI, Facebook",Menlo Park,United States,North America,United States,1,2025-12-19T17:37:57-08:00,20260120,2026,Full-time,https://www.metacareers.com/profile/job_details/1398371645214552,0,,non_integrity,none,no,no,no,no,no
1398758795626370,Product Growth Analyst,New York,United States,North America,United States,1,2025-12-30T11:39:34-08:00,20260209,2026,Full-time,https://www.metacareers.com/profile/job_details/1398758795626370,0,,non_integrity,none,no,no,no,no,no
1400168958356717,"Equipment and Material Controls Analyst - Data Center Design, Engineering, and Construction",Menlo Park,United States,North America,United States,1,2025-12-18T21:44:24-08:00,20260120,2026,Full-time,https://www.metacareers.com/profile/job_details/1400168958356717,0,,non_integrity,none,no,no,yes,no,no
1400953648266565,Designer,Menlo Park,United States,North America,United States,1,2025-11-06T12:27:32-08:00,20251216,2025,Full-time,https://www.metacareers.com/profile/job_details/1400953648266565,0,,non_integrity,none,no,no,no,no,no
1401163374983179,Area Project Controls Manager,Reston,United States,North America,United States,1,2026-01-22T08:47:48-08:00,20260207,2026,Full-time,https://www.metacareers.com/profile/job_details/1401163374983179,0,,possible_integrity,low,yes,no,no,no,no
1401347781556149,"Data Engineer, Analytics",Menlo Park,United States,North America,United States,1,2025-12-03T08:19:00-08:00,20260120,2026,Full-time,https://www.metacareers.com/profile/job_details/1401347781556149,0,,non_integrity,none,no,no,no,no,no
1401444685044473,"Research Scientist Intern, PyTorch On-Device (PhD)",Bellevue,United States,North America,United States,1,2026-01-29T11:35:57-08:00,20260207,2026,Internship,https://www.metacareers.com/profile/job_details/1401444685044473,0,,non_integrity,none,no,no,no,no,no
1401762178160345,Data Center Development Manager,New York,United States,North America,United States,1,2026-02-04T09:52:50-08:00,20260207,2026,Full-time,https://www.metacareers.com/profile/job_details/1401762178160345,0,,non_integrity,none,no,no,yes,no,no
1402069198101727,"Technical Program Manager, Communications Measurement Team",Los Angeles,United States,North America,United States,1,2025-11-13T07:58:04-08:00,20251214,2025,Full-time,https://www.metacareers.com/profile/job_details/1402069198101727,0,,non_integrity,none,no,no,no,no,no
1403031794872421,Power Electrical Engineer,Sunnyvale,United States,North America,United States,1,2025-11-04T14:42:36-08:00,20251217,2025,Full-time,https://www.metacareers.com/profile/job_details/1403031794872421,0,,possible_integrity,low,yes,no,no,no,no
1403333311299584,"Network Engineer, Deployment & Support",Boston,United States,North America,United States,1,2026-01-20T14:15:47-08:00,20260209,2026,Full-time,https://www.metacareers.com/profile/job_details/1403333311299584,0,,non_integrity,none,no,no,yes,no,no
1404518434585459,Wearables Product Experience Specialist,Burlingame,United States,North America,United States,1,2025-12-15T13:15:40-08:00,20251222,2025,Full-time,https://www.metacareers.com/profile/job_details/1404518434585459,0,,non_integrity,none,no,no,yes,no,no
1405538281351503,"Application Engineer, Salesforce",Fremont,United States,North America,United States,1,2026-01-22T09:38:15-08:00,20260207,2026,Full-time,https://www.metacareers.com/profile/job_details/1405538281351503,0,,non_integrity,none,no,no,no,no,no
1405672234397529,Data Center Content Manager,Menlo Park,United States,North America,United States,1,2026-01-28T12:30:19-08:00,20260207,2026,Full-time,https://www.metacareers.com/profile/job_details/1405672234397529,0,,non_integrity,none,no,no,no,no,no
1406081661145059,"Software Engineer, Systems",Seattle,United States,North America,United States,1,2025-10-16T16:40:23-07:00,20251216,2025,Full-time,https://www.metacareers.com/profile/job_details/1406081661145059,0,,non_integrity,none,no,no,no,no,no
1407796804128683,"Network Engineer, Operations & Support (OSP)",Denver,United States,North America,United States,1,2026-01-13T18:33:22-08:00,20260207,2026,Full-time,https://www.metacareers.com/profile/job_details/1407796804128683,0,,possible_integrity,low,yes,no,no,no,no
1408079617348028,"Product Risk Program Manager, Assurance Assessments",Menlo Park,United States,North America,United States,1,2025-11-10T07:49:14-08:00,20251211,2025,Full-time,https://www.metacareers.com/profile/job_details/1408079617348028,2,"integrity, trust & safety",core_integrity,high,yes,no,no,no,yes
1409831913794804,Sound Designer - Metaverse,London,UK,Unknown,United Kingdom,1,2025-05-07T21:53:58-07:00,20251217,2025,Full-time,https://www.metacareers.com/profile/job_details/1409831913794804,0,,non_integrity,none,no,no,no,no,no
1409846940705466,"Strategic Sourcing Managers, Custom Mechanicals and Packaging",Shanghai,China,East Asia,China,1,2025-11-10T22:25:19-08:00,20251207,2025,Full-time,https://www.metacareers.com/profile/job_details/1409846940705466,0,,non_integrity,none,no,no,yes,no,no
1410574567337694,"Associate General Counsel, AI Partnerships",Los Angeles,United States,North America,United States,1,2025-11-25T10:48:03-08:00,20251211,2025,Full-time,https://www.metacareers.com/profile/job_details/1410574567337694,0,,non_integrity,none,no,no,no,no,no
1410820340000202,"Strategic Partner Manager, Monetization Partnerships",Menlo Park,United States,North America,United States,1,2025-09-04T11:09:56-07:00,20251206,2025,Full-time,https://www.metacareers.com/profile/job_details/1410820340000202,0,,non_integrity,none,no,no,no,no,no
1411149183895559,"Security Engineering Manager, Enterprise Security",New York,United States,North America,United States,1,2026-01-27T18:56:34-08:00,20260209,2026,Full-time,https://www.metacareers.com/profile/job_details/1411149183895559,1,integrity,core_integrity,high,yes,no,no,no,yes
1411628109802878,Global Supply Chain Manager - Power and Cooling Lead,Austin,United States,North America,United States,1,2025-12-09T05:00:38-08:00,20260122,2026,Full-time,https://www.metacareers.com/profile/job_details/1411628109802878,0,,non_integrity,none,no,no,yes,no,no
1411818803980555,Research Scientist – Central Applied Science,Menlo Park,United States,North America,United States,1,2026-01-26T12:07:41-08:00,20260207,2026,Full-time,https://www.metacareers.com/profile/job_details/1411818803980555,0,,non_integrity,none,no,no,yes,no,no
1412484150345243,"Public Policy Manager, Integrity Regulation",Singapore,Singapore,Southeast Asia,Singapore,1,2026-01-14T07:03:39-08:00,20260210,2026,Full-time,https://www.metacareers.com/profile/job_details/1412484150345243,2,"harmful content, integrity",core_integrity,high,yes,yes,yes,no,yes
1414169713605776,"Product Marketing Manager, Meta Horizon Experiences",Los Angeles,United States,North America,United States,1,2025-11-20T11:44:25-08:00,20251214,2025,Full-time,https://www.metacareers.com/profile/job_details/1414169713605776,0,,non_integrity,none,no,no,no,no,no
1414744962936249,Critical Facility Engineer,Singapore,Singapore,Southeast Asia,Singapore,1,2025-09-09T00:58:16-07:00,20260120,2026,Full-time,https://www.metacareers.com/profile/job_details/1414744962936249,0,,non_integrity,none,no,no,no,no,no
1415103106973354,Product Designer,Bangalore,India,South Asia,India,1,2026-01-30T11:16:37-08:00,20260207,2026,Full-time,https://www.metacareers.com/profile/job_details/1415103106973354,0,,non_integrity,none,no,no,no,no,no
1416728850083692,"Technical Program Manager, Battery - APAC",Shenzhen,China,East Asia,China,1,2025-12-04T22:59:02-08:00,20260120,2026,Full-time,https://www.metacareers.com/profile/job_details/1416728850083692,0,,non_integrity,none,no,no,yes,no,no
1416845883261558,"Business Development Manager, AI Partnerships",New York,United States,North America,United States,1,2026-01-27T17:10:30-08:00,20260207,2026,Full-time,https://www.metacareers.com/profile/job_details/1416845883261558,0,,non_integrity,none,no,no,no,no,no
1417088779776467,"Research Scientist Intern, Synthetic Image Generation (PhD)",Sunnyvale,United States,North America,United States,1,2025-09-03T12:19:36-07:00,20251214,2025,Internship,https://www.metacareers.com/profile/job_details/1417088779776467,0,,non_integrity,none,no,no,no,no,no
1417597736683017,"Program Manager, Client Data Foundations",New York,United States,North America,United States,1,2025-11-24T11:03:18-08:00,20260120,2026,Full-time,https://www.metacareers.com/profile/job_details/1417597736683017,0,,possible_integrity,low,yes,no,no,no,no
1418444433105126,Data Center Production Operations Manager,Houston,United States,North America,United States,1,2026-01-29T11:43:10-08:00,20260207,2026,Full-time,https://www.metacareers.com/profile/job_details/1418444433105126,0,,non_integrity,none,no,no,yes,no,no
1418626543207856,Data Scientist,Sunnyvale,United States,North America,United States,1,2025-12-05T11:37:07-08:00,20260120,2026,Full-time,https://www.metacareers.com/profile/job_details/1418626543207856,0,,non_integrity,none,no,no,no,no,no
1419173033108804,"Research Engineer, Text Data Research - MSL FAIR",Menlo Park,United States,North America,United States,1,2025-11-26T16:21:49-08:00,20251217,2025,Full-time,https://www.metacareers.com/profile/job_details/1419173033108804,0,,non_integrity,none,no,no,yes,no,no
1420797469053433,"Research Scientist, Demography and Survey Sciences",Menlo Park,United States,North America,United States,1,2025-05-15T05:45:10-07:00,20251206,2025,Full-time,https://www.metacareers.com/profile/job_details/1420797469053433,0,,non_integrity,none,no,no,no,no,no
1420853345578936,Product Manager,Sunnyvale,United States,North America,United States,1,2025-04-18T10:29:27-07:00,20251205,2025,Full-time,https://www.metacareers.com/profile/job_details/1420853345578936,0,,non_integrity,none,no,no,no,no,no
1421449143320837,Sustainability Engineering Program Manager,Menlo Park,United States,North America,United States,1,2025-12-12T12:30:56-08:00,20260120,2026,Full-time,https://www.metacareers.com/profile/job_details/1421449143320837,0,,non_integrity,none,no,no,no,no,no
1421494379546943,Compensation Programs Analyst (24 Months Contract),Austin,United States,North America,United States,1,2025-11-12T07:53:11-08:00,20251213,2025,Full-time,https://www.metacareers.com/profile/job_details/1421494379546943,1,integrity,core_integrity,high,yes,no,no,no,yes
1422260905538035,"Software Engineer, Machine Learning",Bellevue,United States,North America,United States,1,2025-10-07T16:17:18-07:00,20251216,2025,Full-time,https://www.metacareers.com/profile/job_details/1422260905538035,0,,non_integrity,none,no,no,no,no,no
1422341795980976,Facebook Brand Marketing Manager,Los Angeles,United States,North America,United States,1,2025-11-20T13:55:32-08:00,20251213,2025,Full-time,https://www.metacareers.com/profile/job_details/1422341795980976,0,,non_integrity,none,no,no,no,no,no
1422657836094194,"ASIC Engineer, Design Verification",Sunnyvale,United States,North America,United States,1,2025-10-25T14:51:24-07:00,20251211,2025,Full-time,https://www.metacareers.com/profile/job_details/1422657836094194,0,,non_integrity,none,no,no,no,no,no
1423248166106025,"Research Scientist Intern, Wearable Tactile Sensors (PhD)",Redmond,United States,North America,United States,1,2026-01-23T12:24:26-08:00,20260207,2026,Internship,https://www.metacareers.com/profile/job_details/1423248166106025,0,,non_integrity,none,no,no,no,no,no
1424428752119997,Software Engineer (University Grad),Singapore,Singapore,Southeast Asia,Singapore,1,2025-09-17T04:00:16-07:00,20251214,2025,Full-time,https://www.metacareers.com/profile/job_details/1424428752119997,0,,non_integrity,none,no,no,no,no,no
1425039135663674,"Design Project Lead and Architect, Data Center Design, Engineering, and Construction",Dublin,Ireland,Western Europe,Ireland,1,2026-01-20T05:02:44-08:00,20260207,2026,Full-time,https://www.metacareers.com/profile/job_details/1425039135663674,0,,non_integrity,none,no,no,yes,no,no
1425914522209155,"Application Security Engineer, Privacy",London,UK,Unknown,United Kingdom,1,2025-12-02T03:27:09-08:00,20260120,2026,Full-time,https://www.metacareers.com/profile/job_details/1425914522209155,0,,non_integrity,none,no,no,no,no,no
1426860505666696,"Development and Adoption System Manager, Global Operations",Sunnyvale,United States,North America,United States,1,2025-10-29T16:46:55-07:00,20251217,2025,Full-time,https://www.metacareers.com/profile/job_details/1426860505666696,1,integrity,core_integrity,high,yes,no,no,no,yes
1426965155339653,Product Manager,Menlo Park,United States,North America,United States,1,2025-03-28T11:51:47-07:00,20251216,2025,Full-time,https://www.metacareers.com/profile/job_details/1426965155339653,0,,non_integrity,none,no,no,no,no,no
1427797578690638,Client Partner - Tech UK,London,UK,Unknown,United Kingdom,1,2026-01-12T06:41:04-08:00,20260207,2026,Full-time,https://www.metacareers.com/profile/job_details/1427797578690638,0,,non_integrity,none,no,no,yes,no,no
1428675664902785,"Law Enforcement Response Team Associate, APAC",Singapore,Singapore,Southeast Asia,Singapore,1,2025-10-17T02:10:01-07:00,20251214,2025,Full-time,https://www.metacareers.com/profile/job_details/1428675664902785,2,"child exploitation, self-injury",policy_enforcement,high,yes,yes,yes,no,yes
1429626771465731,Electrical Subject Matter Expert,Newton County,United States,North America,United States,1,2025-09-11T14:56:50-07:00,20251209,2025,Full-time,https://www.metacareers.com/profile/job_details/1429626771465731,1,integrity,core_integrity,high,yes,no,no,yes,no
1429888154758547,Research Scientist,New York,United States,North America,United States,1,2025-09-19T17:07:12-07:00,20251209,2025,Full-time,https://www.metacareers.com/profile/job_details/1429888154758547,0,,non_integrity,none,no,no,no,no,no
1430516021433534,"Software Engineer, Audio",Bellevue,United States,North America,United States,1,2025-06-10T09:56:04-07:00,20251211,2025,Full-time,https://www.metacareers.com/profile/job_details/1430516021433534,0,,non_integrity,none,no,no,no,no,no
1433476025157246,Corporate FP&A Manager,Menlo Park,United States,North America,United States,1,2026-01-12T11:23:56-08:00,20260207,2026,Full-time,https://www.metacareers.com/profile/job_details/1433476025157246,0,,non_integrity,none,no,no,no,no,no
1434560788671415,Business Support Engineer,Singapore,Singapore,Southeast Asia,Singapore,1,2025-12-18T07:32:46-08:00,20260122,2026,Full-time,https://www.metacareers.com/profile/job_details/1434560788671415,0,,non_integrity,none,no,no,yes,no,no
1434864211650169,Art Producer,Remote,UK,Unknown,United Kingdom,1,2026-02-04T14:36:50-08:00,20260207,2026,Full-time,https://www.metacareers.com/profile/job_details/1434864211650169,0,,possible_integrity,low,yes,no,no,no,no
1435034201362965,Application Engineer - Salesforce,Bangalore,India,South Asia,India,1,2026-01-06T07:06:09-08:00,20260120,2026,Full-time,https://www.metacareers.com/profile/job_details/1435034201362965,1,integrity,core_integrity,high,yes,no,no,yes,no
1435494154152569,Critical Facility Engineer,Los Lunas,United States,North America,United States,1,2025-06-11T14:58:16-07:00,20251217,2025,Full-time,https://www.metacareers.com/profile/job_details/1435494154152569,0,,non_integrity,none,no,no,no,no,no
1435816681434057,"Director, Transaction Advisory",Menlo Park,United States,North America,United States,1,2026-01-08T10:56:46-08:00,20260120,2026,Full-time,https://www.metacareers.com/profile/job_details/1435816681434057,0,,non_integrity,none,no,no,no,no,no
1435963384723269,"AI Research Scientist, Media - MSL PAR",Menlo Park,United States,North America,United States,1,2026-01-29T15:55:47-08:00,20260207,2026,Full-time,https://www.metacareers.com/profile/job_details/1435963384723269,0,,non_integrity,none,no,no,no,no,no
1436181490732782,"Software Engineer, Machine Learning",Sunnyvale,United States,North America,United States,1,2025-06-10T13:59:00-07:00,20251216,2025,Full-time,https://www.metacareers.com/profile/job_details/1436181490732782,0,,non_integrity,none,no,no,no,no,no
1436863750312686,"Product Manager, Machine Learning",Menlo Park,United States,North America,United States,1,2024-10-10T14:25:28-07:00,20251209,2025,Full-time,https://www.metacareers.com/profile/job_details/1436863750312686,0,,non_integrity,none,no,no,no,no,no
1437152361288157,Optical Engineer - Metrology,Shanghai,China,East Asia,China,1,2025-11-04T18:34:22-08:00,20251214,2025,Full-time,https://www.metacareers.com/profile/job_details/1437152361288157,0,,non_integrity,none,no,no,no,no,no
1438182504592976,Director & Associate General Counsel – Data Protection Team Lead,Dublin,Ireland,Western Europe,Ireland; United Kingdom,2,2026-01-16T13:58:52-08:00,20260207,2026,Full-time,https://www.metacareers.com/profile/job_details/1438182504592976,0,,non_integrity,none,no,no,no,no,no
1439812493795835,Software Engineer,New York,United States,North America,United States,1,2025-09-10T14:12:01-07:00,20251209,2025,Full-time,https://www.metacareers.com/profile/job_details/1439812493795835,0,,non_integrity,none,no,no,yes,no,no
1442082800218145,"Area Schedule Lead - Data Center Design, Engineering and Construction",Reston,United States,North America,United States,1,2025-10-16T09:05:07-07:00,20251216,2025,Full-time,https://www.metacareers.com/profile/job_details/1442082800218145,0,,possible_integrity,low,yes,no,no,no,no
1443782030474674,"Lead Counsel, Research",Los Angeles,United States,North America,United States,1,2026-01-07T08:14:22-08:00,20260120,2026,Full-time,https://www.metacareers.com/profile/job_details/1443782030474674,0,,non_integrity,none,no,no,no,no,no
1445328003274239,"Executive Administrative Partner, Meta Superintelligence Labs",Menlo Park,United States,North America,United States,1,2025-07-25T09:14:03-07:00,20251207,2025,Full-time,https://www.metacareers.com/profile/job_details/1445328003274239,0,,non_integrity,none,no,no,no,no,no
1445657706429025,"Product Marketing Manager, Business AI",Menlo Park,United States,North America,United States,1,2025-07-03T14:50:52-07:00,20251207,2025,Full-time,https://www.metacareers.com/profile/job_details/1445657706429025,0,,non_integrity,none,no,no,yes,no,no
1445688106951654,"Research Scientist Intern, 3D Computer Vision and Generative AI (PhD)",Burlingame,United States,North America,United States,1,2026-02-05T07:58:04-08:00,20260207,2026,Internship,https://www.metacareers.com/profile/job_details/1445688106951654,0,,non_integrity,none,no,no,no,no,no
1447044640308419,Client Partner,Singapore,Singapore,Southeast Asia,Singapore,1,2025-11-23T22:56:29-08:00,20251209,2025,Full-time,https://www.metacareers.com/profile/job_details/1447044640308419,0,,non_integrity,none,no,no,yes,no,no
1447365726323922,"Lead Counsel, Monetization (AI)",Los Angeles,United States,North America,United States,1,2025-10-24T10:57:00-07:00,20251207,2025,Full-time,https://www.metacareers.com/profile/job_details/1447365726323922,0,,non_integrity,none,no,no,no,no,no
1448351256303607,"Software Engineer, iOS",Redmond,United States,North America,United States,1,2025-06-10T15:16:15-07:00,20251214,2025,Full-time,https://www.metacareers.com/profile/job_details/1448351256303607,0,,non_integrity,none,no,no,no,no,no
1448429273578945,"Identity and Access Management, Integration Manager",Fremont,United States,North America,United States,1,2025-11-17T11:29:14-08:00,20251217,2025,Full-time,https://www.metacareers.com/profile/job_details/1448429273578945,0,,non_integrity,none,no,no,no,no,no
1449241820537650,"Manager, Sourcing Cost Center & Market Intelligence",Menlo Park,United States,North America,United States,1,2026-01-05T09:00:58-08:00,20260120,2026,Full-time,https://www.metacareers.com/profile/job_details/1449241820537650,0,,non_integrity,none,no,no,yes,no,no
1449571099519969,Research Engineer - Language - MRS AI,Sunnyvale,United States,North America,United States,1,2025-08-19T09:28:58-07:00,20260122,2026,Full-time,https://www.metacareers.com/profile/job_details/1449571099519969,0,,non_integrity,none,no,no,no,no,no
1451567865943768,Head of Customer Engagement,New York,United States,North America,United States,1,2025-11-06T14:43:21-08:00,20251207,2025,Full-time,https://www.metacareers.com/profile/job_details/1451567865943768,0,,non_integrity,none,no,no,no,no,no
1451974586307353,"Account Manager, Mid-Market (Japan)",Singapore,Singapore,Southeast Asia,Singapore,1,2026-02-26T22:35:36-08:00,20260308,2026,Full-time,https://www.metacareers.com/profile/job_details/1451974586307353,0,,possible_integrity,low,yes,no,no,no,no
1452177395847564,"Lead Counsel, Music",New York,United States,North America,United States,1,2025-11-10T11:33:22-08:00,20251217,2025,Full-time,https://www.metacareers.com/profile/job_details/1452177395847564,0,,non_integrity,none,no,no,no,no,no
1452272922991377,Research Engineer - Safety System and Foundations,Bellevue,United States,North America,United States,1,2025-12-12T07:16:43-08:00,20260122,2026,Full-time,https://www.metacareers.com/profile/job_details/1452272922991377,0,,non_integrity,none,no,no,no,no,no
1452658876443607,Manufacturing Test Engineer,Sunnyvale,United States,North America,United States,1,2026-01-29T08:24:39-08:00,20260207,2026,Full-time,https://www.metacareers.com/profile/job_details/1452658876443607,0,,non_integrity,none,no,no,no,no,no
1453620902517410,"Software Engineer, Audio Applied Scientist",Redmond,United States,North America,United States,1,2025-08-26T11:14:05-07:00,20251207,2025,Full-time,https://www.metacareers.com/profile/job_details/1453620902517410,0,,non_integrity,none,no,no,no,no,no
1453724099690856,"Account Manager, French Market, Small and Medium Business Group",Dublin,Ireland,Western Europe,Ireland,1,2026-02-02T10:03:43-08:00,20260207,2026,Full-time,https://www.metacareers.com/profile/job_details/1453724099690856,0,,non_integrity,none,no,no,yes,no,no
1454265905862292,"Finance Business Operations Manager, Marketing",Menlo Park,United States,North America,United States,1,2025-08-29T12:56:31-07:00,20251216,2025,Full-time,https://www.metacareers.com/profile/job_details/1454265905862292,0,,non_integrity,none,no,no,no,no,no
1455625889019477,"Research Scientist Intern, Anisotropic Optics and Photonics (PhD)",Redmond,United States,North America,United States,1,2025-08-22T13:48:32-07:00,20251127,2025,Internship,https://www.metacareers.com/profile/job_details/1455625889019477,0,,non_integrity,none,no,no,no,no,no
1455680605847225,"Software Engineer, Realtime Engine Technology - Reality Labs",Burlingame,United States,North America,United States,1,2025-06-10T16:28:31-07:00,20251207,2025,Full-time,https://www.metacareers.com/profile/job_details/1455680605847225,0,,non_integrity,none,no,no,no,no,no
1457907308765728,Software Engineer,Menlo Park,United States,North America,United States,1,2025-10-04T09:18:31-07:00,20251209,2025,Full-time,https://www.metacareers.com/profile/job_details/1457907308765728,0,,non_integrity,none,no,no,no,no,no
1460132248395807,Equipment Strategy Lead - Electrical,Menlo Park,United States,North America,United States,1,2025-11-06T11:40:01-08:00,20251217,2025,Full-time,https://www.metacareers.com/profile/job_details/1460132248395807,0,,possible_integrity,low,yes,no,no,no,no
1460919941742437,Integration And Manufacturing Process Engineer,Shanghai,China,East Asia,China,1,2025-08-18T21:51:28-07:00,20251216,2025,Full-time,https://www.metacareers.com/profile/job_details/1460919941742437,0,,non_integrity,none,no,no,no,no,no
1461246005718403,"People Specialist, Payroll",Austin,United States,North America,United States,1,2026-02-04T13:08:17-08:00,20260207,2026,Full-time,https://www.metacareers.com/profile/job_details/1461246005718403,0,,non_integrity,none,no,no,yes,no,no
1461452052214637,Documentation Engineer/Technical Writer,Bangalore,India,South Asia,India,1,2026-01-30T07:46:52-08:00,20260207,2026,Full-time,https://www.metacareers.com/profile/job_details/1461452052214637,0,,non_integrity,none,no,no,no,no,no
1462709025547601,"Research Scientist Intern, Robotics Dexterous Manipulation (PhD)",Redmond,United States,North America,United States,1,2026-01-26T20:43:56-08:00,20260209,2026,Internship,https://www.metacareers.com/profile/job_details/1462709025547601,0,,non_integrity,none,no,no,no,no,no
1463215761647475,"Software Engineer, Systems",Seattle,United States,North America,United States,1,2025-10-09T14:02:45-07:00,20251217,2025,Full-time,https://www.metacareers.com/profile/job_details/1463215761647475,0,,non_integrity,none,no,no,no,no,no
1463254904931493,"Research Scientist Intern, Monetization Computer Vision (PhD)",Menlo Park,United States,North America,United States,1,2025-09-19T14:03:37-07:00,20251217,2025,Internship,https://www.metacareers.com/profile/job_details/1463254904931493,0,,non_integrity,none,no,no,no,no,no
1463457068087777,Data Center Electrical Engineer,Menlo Park,United States,North America,United States,1,2025-12-12T15:09:57-08:00,20260120,2026,Full-time,https://www.metacareers.com/profile/job_details/1463457068087777,0,,non_integrity,none,no,no,yes,no,no
1463513088441792,"Project Manager, WhatsApp Integrity Operations",Dublin,Ireland,Western Europe,Ireland,1,2026-01-27T14:19:40-08:00,20260207,2026,Full-time,https://www.metacareers.com/profile/job_details/1463513088441792,2,"integrity, trust & safety",core_integrity,high,yes,no,no,no,yes
1464744531425363,"Business Development Manager, GenAI Partnerships",Los Angeles,United States,North America,United States,1,2025-10-30T07:38:19-07:00,20251217,2025,Full-time,https://www.metacareers.com/profile/job_details/1464744531425363,0,,non_integrity,none,no,no,no,no,no
1467908294432841,Machine Learning Engineer,Menlo Park,United States,North America,United States,1,2025-10-07T16:31:28-07:00,20251209,2025,Full-time,https://www.metacareers.com/profile/job_details/1467908294432841,0,,non_integrity,none,no,no,no,no,no
1468284791260126,"Research Scientist Intern, Multimodal Generative AI and Robotics (PhD)",Redmond,United States,North America,United States,1,2025-09-09T08:03:24-07:00,20251209,2025,Internship,https://www.metacareers.com/profile/job_details/1468284791260126,0,,non_integrity,none,no,no,no,no,no
1470442714032908,"Mechanical, Equipment Strategy Lead - Data Center Design, Engineering, and Construction",Menlo Park,United States,North America,United States,1,2025-10-29T10:10:22-07:00,20251216,2025,Full-time,https://www.metacareers.com/profile/job_details/1470442714032908,0,,non_integrity,none,no,no,no,no,no
1470580857368980,"Group Manager, Technical Program Management - Ads Infra Foundations",Bellevue,United States,North America,United States,1,2025-12-19T15:31:16-08:00,20260122,2026,Full-time,https://www.metacareers.com/profile/job_details/1470580857368980,0,,non_integrity,none,no,no,no,no,no
1471508483878484,Software Engineer,Menlo Park,United States,North America,United States,1,2025-05-29T14:47:50-07:00,20251213,2025,Full-time,https://www.metacareers.com/profile/job_details/1471508483878484,0,,non_integrity,none,no,no,no,no,no
1472226950517986,"ASIC Engineer, Design Verification",Sunnyvale,United States,North America,United States,1,2025-11-19T20:48:39-08:00,20251217,2025,Full-time,https://www.metacareers.com/profile/job_details/1472226950517986,0,,non_integrity,none,no,no,no,no,no
1474404313779164,"Data Scientist, Product Analytics",Bellevue,United States,North America,United States,1,2025-10-13T13:11:06-07:00,20251123,2025,Full-time,https://www.metacareers.com/profile/job_details/1474404313779164,0,,non_integrity,none,no,no,no,no,no
1475467560274861,Hardware System Engineer,Seattle,United States,North America,United States,1,2025-07-08T09:07:41-07:00,20251204,2025,Full-time,https://www.metacareers.com/profile/job_details/1475467560274861,0,,non_integrity,none,no,no,yes,no,no
1475631136840875,"Data Engineer, Analytics",Bellevue,United States,North America,United States,1,2025-12-01T07:32:16-08:00,20260122,2026,Full-time,https://www.metacareers.com/profile/job_details/1475631136840875,0,,non_integrity,none,no,no,no,no,no
1476941743396887,"Creative Director, Reality Labs Growth Marketing",Los Angeles,United States,North America,United States,1,2025-12-04T12:35:48-08:00,20260120,2026,Full-time,https://www.metacareers.com/profile/job_details/1476941743396887,0,,non_integrity,none,no,no,no,no,no
1478311556810379,"Data Engineer, Product Analytics",Bangalore,India,South Asia,India,1,2025-10-06T10:30:55-07:00,20251217,2025,Full-time,https://www.metacareers.com/profile/job_details/1478311556810379,0,,non_integrity,none,no,no,no,no,no
1478519960019672,"Software Engineer, Systems",Seattle,United States,North America,United States,1,2025-10-05T07:55:24-07:00,20251217,2025,Full-time,https://www.metacareers.com/profile/job_details/1478519960019672,0,,non_integrity,none,no,no,no,no,no
1479988936553287,Critical Response Manager,Singapore,Singapore,Southeast Asia,Singapore,1,2025-10-16T23:22:52-07:00,20251217,2025,Full-time,https://www.metacareers.com/profile/job_details/1479988936553287,6,"animal abuse, child exploitation, integrity, objectionable content, self-injury, trust and safety",core_integrity,high,yes,yes,no,no,yes
1481375066403130,"Policy Programs Manager, Safety & Integrity, Asia Pacific",Singapore,Singapore,Southeast Asia,Singapore,1,2025-10-17T03:39:37-07:00,20251207,2025,Full-time,https://www.metacareers.com/profile/job_details/1481375066403130,2,"integrity, trust and safety",core_integrity,high,yes,no,yes,no,yes
1482061466146824,Network Systems Engineer,Menlo Park,United States,North America,United States,1,2025-08-20T13:51:11-07:00,20251211,2025,Full-time,https://www.metacareers.com/profile/job_details/1482061466146824,0,,non_integrity,none,no,no,no,no,no
1483364746119977,"Research Scientist Intern, Silicon Performance Architecture (PhD)",Redmond,United States,North America,United States,1,2025-10-27T20:38:47-07:00,20251214,2025,Internship,https://www.metacareers.com/profile/job_details/1483364746119977,0,,non_integrity,none,no,no,no,no,no
1484379442671158,"Market Specialist, Global Response Operations, Cambodia",Singapore,Singapore,Southeast Asia,Singapore,1,2025-11-25T01:38:12-08:00,20251207,2025,Full-time,https://www.metacareers.com/profile/job_details/1484379442671158,5,"animal abuse, child exploitation, integrity, objectionable content, self-injury",core_integrity,high,yes,yes,yes,no,yes
1484683386051329,Mechanical Subject Matter Expert,Los Lunas,United States,North America,United States,1,2025-08-14T13:55:26-07:00,20251204,2025,Full-time,https://www.metacareers.com/profile/job_details/1484683386051329,1,integrity,core_integrity,high,yes,no,no,yes,no
1485494139224608,"Client Solutions Manager - eCommerce, India",Bangalore,India,South Asia,India,1,2025-11-27T08:21:14-08:00,20251214,2025,Full-time,https://www.metacareers.com/profile/job_details/1485494139224608,0,,non_integrity,none,no,no,no,no,no
1488593099162645,Research Engineer - Contextual AI,Redmond,United States,North America,United States,1,2025-08-13T07:15:55-07:00,20251217,2025,Full-time,https://www.metacareers.com/profile/job_details/1488593099162645,0,,non_integrity,none,no,no,no,no,no
1488694159129948,"Software Engineer, Product",Menlo Park,United States,North America,United States,1,2025-10-07T18:16:34-07:00,20251209,2025,Full-time,https://www.metacareers.com/profile/job_details/1488694159129948,0,,non_integrity,none,no,no,no,no,no
1489233328709361,Mega-Site Connectivity Engineer,Rayville,United States,North America,United States,1,2025-05-13T12:44:08-07:00,20251216,2025,Full-time,https://www.metacareers.com/profile/job_details/1489233328709361,0,,non_integrity,none,no,no,no,no,no
1489638248982001,Software Engineer,Menlo Park,United States,North America,United States,1,2025-10-19T11:50:53-07:00,20251216,2025,Full-time,https://www.metacareers.com/profile/job_details/1489638248982001,0,,non_integrity,none,no,no,no,no,no
1491574002123073,HRBP ANZ & APAC,Sydney,Australia,Oceania,Australia,1,2025-11-26T00:31:01-08:00,20251211,2025,Full-time,https://www.metacareers.com/profile/job_details/1491574002123073,0,,non_integrity,none,no,no,yes,no,no
1492257578509535,"Performance Engineer, Low-Level Libraries",Bellevue,United States,North America,United States,1,2025-12-17T08:25:33-08:00,20260122,2026,Full-time,https://www.metacareers.com/profile/job_details/1492257578509535,0,,non_integrity,none,no,no,no,no,no
1492965325327247,"Head of Environmental Health & Safety Operations, Americas",New York,United States,North America,United States,1,2025-11-10T13:24:59-08:00,20251213,2025,Full-time,https://www.metacareers.com/profile/job_details/1492965325327247,0,,non_integrity,none,no,no,no,no,no
1493372855050846,Display Test Engineer,Sunnyvale,United States,North America,United States,1,2025-10-27T16:18:48-07:00,20251213,2025,Full-time,https://www.metacareers.com/profile/job_details/1493372855050846,0,,non_integrity,none,no,no,no,no,no
1495061454884822,Production Engineer,Menlo Park,United States,North America,United States,1,2025-11-06T14:35:17-08:00,20251214,2025,Full-time,https://www.metacareers.com/profile/job_details/1495061454884822,0,,possible_integrity,low,yes,no,yes,no,no
1495529808347085,Data Engineer,Seattle,United States,North America,United States,1,2025-11-20T14:56:31-08:00,20260122,2026,Full-time,https://www.metacareers.com/profile/job_details/1495529808347085,0,,non_integrity,none,no,no,no,no,no
1495558078198726,Software Engineer (Systems),New York,United States,North America,United States,1,2025-11-17T11:15:36-08:00,20251220,2025,Full-time,https://www.metacareers.com/profile/job_details/1495558078198726,0,,non_integrity,none,no,no,no,no,no
1496099778160846,"Product Specialist, Business Customer Support",Bellevue,United States,North America,United States,1,2025-12-05T12:33:06-08:00,20260122,2026,Full-time,https://www.metacareers.com/profile/job_details/1496099778160846,0,,non_integrity,none,no,no,no,no,no
1496437791816535,"Product Marketing Manager, EMEA",Tel Aviv,Israel,Middle East & North Africa,Israel,1,2025-12-18T14:39:30-08:00,20260209,2026,Full-time,https://www.metacareers.com/profile/job_details/1496437791816535,0,,non_integrity,none,no,no,yes,no,no
1496696724667680,"Research Scientist Intern, Robot Foundation Models (PhD)",Redmond,United States,North America,United States,1,2025-09-09T18:43:45-07:00,20251207,2025,Internship,https://www.metacareers.com/profile/job_details/1496696724667680,0,,non_integrity,none,no,no,no,no,no
1496790578073102,"Research Scientist Intern, Robotic Manipulation Modeling and Control (PhD)",Redmond,United States,North America,United States,1,2025-11-07T16:49:37-08:00,20251214,2025,Internship,https://www.metacareers.com/profile/job_details/1496790578073102,0,,non_integrity,none,no,no,no,no,no
1497847348578472,AI Software Engineer,London,UK,Unknown,United Kingdom,1,2025-12-11T03:30:14-08:00,20260122,2026,Full-time,https://www.metacareers.com/profile/job_details/1497847348578472,0,,non_integrity,none,no,no,no,no,no
1498257164528109,"Software Engineer, Product",Menlo Park,United States,North America,United States,1,2025-09-24T13:39:38-07:00,20251209,2025,Full-time,https://www.metacareers.com/profile/job_details/1498257164528109,0,,non_integrity,none,no,no,no,no,no
1499151077965255,Database Engineer,Menlo Park,United States,North America,United States,1,2025-11-17T15:56:05-08:00,20251209,2025,Full-time,https://www.metacareers.com/profile/job_details/1499151077965255,0,,possible_integrity,low,yes,no,no,no,no
1499213171380945,Business Support Engineer,Menlo Park,United States,North America,United States,1,2025-12-03T09:17:37-08:00,20251207,2025,Full-time,https://www.metacareers.com/profile/job_details/1499213171380945,0,,non_integrity,none,no,no,no,no,no
1499282521172357,"Business Marketing Director, APAC",Singapore,Singapore,Southeast Asia,Singapore,1,2025-12-28T23:09:50-08:00,20260122,2026,Full-time,https://www.metacareers.com/profile/job_details/1499282521172357,0,,non_integrity,none,no,no,yes,no,no
1499416524706534,Software Engineer (Fullstack),Bellevue,United States,North America,United States,1,2025-10-07T10:00:03-07:00,20251217,2025,Full-time,https://www.metacareers.com/profile/job_details/1499416524706534,1,integrity,core_integrity,high,yes,no,no,no,yes
1499710531088475,Creative Strategist - (9 Month Contract),Paris,France,Western Europe,France,1,2025-12-19T08:08:07-08:00,20260120,2026,Full-time,https://www.metacareers.com/profile/job_details/1499710531088475,0,,non_integrity,none,no,no,yes,no,no
