platform,job_id,source_url,capture_date,job_title,employer,location_raw,primary_city,primary_country,region_group,multi_location,evidence_level,screen_decision,matched_terms,african_language,other_language,market_named,notes
Meta,1093700889305786,https://www.metacareers.com/profile/job_details/1093700889305786,2025-12-09,"Lead Counsel, EMEA Disputes",Meta,"Berlin, Germany",Berlin,Germany,Other,yes,full_text,include,integrity,,,,role_class=core_integrity; signal=high
Meta,1100664205345898,https://www.metacareers.com/profile/job_details/1100664205345898,2025-12-14,"Director, Security GRC Program Lead",Meta,"Bellevue, United States",Bellevue,United States,Hub,no,full_text,include,integrity,,,,role_class=core_integrity; signal=high
Meta,1101988215136876,https://www.metacareers.com/profile/job_details/1101988215136876,2025-12-14,"Project Manager, Problem Integrity Solutions",Meta,"Dublin, Ireland",Dublin,Ireland,Hub,no,full_text,include,integrity,,,,role_class=core_integrity; signal=high
Meta,1142428761131655,https://www.metacareers.com/profile/job_details/1142428761131655,2025-12-09,"Content Policy Manager, Regulatory Compliance",Meta,"Dublin, Ireland",Dublin,Ireland,Hub,no,full_text,include,"community standards, integrity",,,,role_class=core_integrity; signal=high
Meta,1151893603763557,https://www.metacareers.com/profile/job_details/1151893603763557,2026-01-20,Quality Measurement Specialist - Agnostic,Meta,"Dublin, Ireland",Dublin,Ireland,Hub,no,full_text,include,"advertiser policies, animal abuse, child exploitation, community standards, integrity, objectionable content, policy enforcement, quality expert review, quality measurement, self-injury",,,,role_class=core_integrity; signal=high
Meta,1177633004192111,https://www.metacareers.com/profile/job_details/1177633004192111,2026-01-22,"Technical Program Manager, Office of the CEO",Meta,"Menlo Park, United States",Menlo Park,United States,Hub,no,full_text,include,"business integrity, integrity",,,,role_class=core_integrity; signal=high
Meta,1180651610717912,https://www.metacareers.com/profile/job_details/1180651610717912,2026-02-07,"Systems Program Manager, Global Operations Systems",Meta,"Austin, United States",Austin,United States,Hub,no,full_text,include,integrity,,,,role_class=core_integrity; signal=high
Meta,1185237430435279,https://www.metacareers.com/profile/job_details/1185237430435279,2026-02-07,"Director and Head of Law Enforcement Outreach, APAC",Meta,"Singapore, Singapore",Singapore,Singapore,Hub,no,full_text,include,content moderation,,,,role_class=policy_enforcement; signal=high
Meta,1192877282619883,https://www.metacareers.com/profile/job_details/1192877282619883,2026-02-09,"Project Manager, Cross Problem Integrity Operations",Meta,"Dublin, Ireland",Dublin,Ireland,Hub,no,full_text,include,integrity,,,,role_class=core_integrity; signal=high
Meta,1197811639170114,https://www.metacareers.com/profile/job_details/1197811639170114,2025-12-17,"Project Manager, Integrity Operations, Child Safety",Meta,"Washington, United States",Washington,United States,Hub,no,full_text,include,"animal abuse, child exploitation, integrity, objectionable content, self-injury",,,,role_class=core_integrity; signal=high
Meta,1201094445311093,https://www.metacareers.com/profile/job_details/1201094445311093,2026-01-22,Quality Measurement Specialist - India Hindi,Meta,"Dublin, Ireland",Dublin,Ireland,Hub,no,full_text,include,"advertiser policies, animal abuse, child exploitation, community standards, integrity, objectionable content, policy enforcement, quality expert review, quality measurement, self-injury",,,,role_class=core_integrity; signal=high
Meta,1207957990682738,https://www.metacareers.com/profile/job_details/1207957990682738,2026-01-22,Security Engineer,Meta,"Menlo Park, United States",Menlo Park,United States,Hub,no,full_text,include,integrity,,,,role_class=core_integrity; signal=high
Meta,1209641820508866,https://www.metacareers.com/profile/job_details/1209641820508866,2025-12-07,WhatsApp Business Integrity Project Manager,Meta,"Austin, United States",Austin,United States,Hub,no,full_text,include,"business integrity, integrity",,,,role_class=core_integrity; signal=high
Meta,1209670593889539,https://www.metacareers.com/profile/job_details/1209670593889539,2026-02-09,"Network Engineer, Deployment and Support",Meta,"New York, United States",New York,United States,Hub,no,full_text,include,integrity,,,,role_class=core_integrity; signal=high
Meta,1219733019609899,https://www.metacareers.com/profile/job_details/1219733019609899,2026-02-07,Integrity Science Engineer,Meta,"London, United Kingdom",London,United Kingdom,Other,no,full_text,include,"community standards, integrity, trust & safety",,,,role_class=core_integrity; signal=high
Meta,1226011012919304,https://www.metacareers.com/profile/job_details/1226011012919304,2025-12-07,Executive Engagement Lead (8 months contract),Meta,"London, United Kingdom",London,United Kingdom,Other,no,full_text,include,integrity,,,,role_class=core_integrity; signal=high
Meta,1237210131614519,https://www.metacareers.com/profile/job_details/1237210131614519,2026-01-22,Software Engineer - Technical Leadership,Meta,"London, United Kingdom",London,United Kingdom,Other,no,full_text,include,integrity,,,,role_class=core_integrity; signal=high
Meta,1260794172321494,https://www.metacareers.com/profile/job_details/1260794172321494,2025-12-17,"Market Specialist, Global Response Operations, Myanmar",Meta,"Singapore, Singapore",Singapore,Singapore,Hub,no,full_text,include,"animal abuse, child exploitation, integrity, objectionable content, self-injury",,,,role_class=core_integrity; signal=high
Meta,1281243473831168,https://www.metacareers.com/profile/job_details/1281243473831168,2026-02-07,Business Controls - Cost Operations Lead,Meta,"Menlo Park, United States",Menlo Park,United States,Hub,no,full_text,include,integrity,,,,role_class=core_integrity; signal=high
Meta,1283005913304817,https://www.metacareers.com/profile/job_details/1283005913304817,2025-12-07,"Product Policy Manager, GenAI",Meta,"Austin, United States",Austin,United States,Hub,no,full_text,include,policy enforcement,,,,role_class=policy_enforcement; signal=high
Meta,1296230207698571,https://www.metacareers.com/profile/job_details/1296230207698571,2025-12-14,Technical Program Manager,Meta,"Sunnyvale, United States",Sunnyvale,United States,Hub,no,full_text,include,"business integrity, integrity",,,,role_class=core_integrity; signal=high
Meta,1306420247787314,https://www.metacareers.com/profile/job_details/1306420247787314,2025-12-17,"Director, Software Engineering",Meta,"Zurich, Switzerland",Zurich,Switzerland,Other,no,full_text,include,integrity,,,,role_class=core_integrity; signal=high
Meta,1317612129737851,https://www.metacareers.com/profile/job_details/1317612129737851,2025-12-11,Optical Metrology Engineer,Meta,"Shanghai, China",Shanghai,China,Other,yes,full_text,include,integrity,,,,role_class=core_integrity; signal=high
Meta,1333538881633798,https://www.metacareers.com/profile/job_details/1333538881633798,2025-12-16,"Market Specialist, Global Response Operations - SEO South Asia",Meta,"Dublin, Ireland",Dublin,Ireland,Hub,no,full_text,include,"animal abuse, child exploitation, integrity, objectionable content, self-injury, trust and safety",,,,role_class=core_integrity; signal=high
Meta,1350760066681603,https://www.metacareers.com/profile/job_details/1350760066681603,2025-12-13,"Security Engineer, Investigations",Meta,"Washington, United States",Washington,United States,Hub,no,full_text,include,"animal abuse, child exploitation, integrity, objectionable content, self-injury",,,,role_class=core_integrity; signal=high
Meta,1361024425436743,https://www.metacareers.com/profile/job_details/1361024425436743,2025-12-17,"Program Manager Lead, Performance Marketing",Meta,"Los Angeles, United States",Los Angeles,United States,Hub,no,full_text,include,integrity,,,,role_class=core_integrity; signal=high
Meta,1369644077983063,https://www.metacareers.com/profile/job_details/1369644077983063,2025-12-07,Compensation Business Systems Analyst (24 Months Contract),Meta,"Austin, United States",Austin,United States,Hub,no,full_text,include,integrity,,,,role_class=core_integrity; signal=high
Meta,1375187143985210,https://www.metacareers.com/profile/job_details/1375187143985210,2026-01-22,"Research Scientist, AI/ML (PhD)",Meta,"Zurich, Switzerland",Zurich,Switzerland,Other,yes,full_text,include,integrity,,,,role_class=core_integrity; signal=high
Meta,1408079617348028,https://www.metacareers.com/profile/job_details/1408079617348028,2025-12-11,"Product Risk Program Manager, Assurance Assessments",Meta,"Menlo Park, United States",Menlo Park,United States,Hub,no,full_text,include,"integrity, trust & safety",,,,role_class=core_integrity; signal=high
Meta,1411149183895559,https://www.metacareers.com/profile/job_details/1411149183895559,2026-02-09,"Security Engineering Manager, Enterprise Security",Meta,"New York, United States",New York,United States,Hub,no,full_text,include,integrity,,,,role_class=core_integrity; signal=high
Meta,1412484150345243,https://www.metacareers.com/profile/job_details/1412484150345243,2026-02-10,"Public Policy Manager, Integrity Regulation",Meta,"Singapore, Singapore",Singapore,Singapore,Hub,no,full_text,include,"harmful content, integrity",,,,role_class=core_integrity; signal=high
Meta,1421494379546943,https://www.metacareers.com/profile/job_details/1421494379546943,2025-12-13,Compensation Programs Analyst (24 Months Contract),Meta,"Austin, United States",Austin,United States,Hub,no,full_text,include,integrity,,,,role_class=core_integrity; signal=high
Meta,1426860505666696,https://www.metacareers.com/profile/job_details/1426860505666696,2025-12-17,"Development and Adoption System Manager, Global Operations",Meta,"Sunnyvale, United States",Sunnyvale,United States,Hub,no,full_text,include,integrity,,,,role_class=core_integrity; signal=high
Meta,1428675664902785,https://www.metacareers.com/profile/job_details/1428675664902785,2025-12-14,"Law Enforcement Response Team Associate, APAC",Meta,"Singapore, Singapore",Singapore,Singapore,Hub,no,full_text,include,"child exploitation, self-injury",,,,role_class=policy_enforcement; signal=high
Meta,1463513088441792,https://www.metacareers.com/profile/job_details/1463513088441792,2026-02-07,"Project Manager, WhatsApp Integrity Operations",Meta,"Dublin, Ireland",Dublin,Ireland,Hub,no,full_text,include,"integrity, trust & safety",,,,role_class=core_integrity; signal=high
Meta,1479988936553287,https://www.metacareers.com/profile/job_details/1479988936553287,2025-12-17,Critical Response Manager,Meta,"Singapore, Singapore",Singapore,Singapore,Hub,no,full_text,include,"animal abuse, child exploitation, integrity, objectionable content, self-injury, trust and safety",,,,role_class=core_integrity; signal=high
Meta,1481375066403130,https://www.metacareers.com/profile/job_details/1481375066403130,2025-12-07,"Policy Programs Manager, Safety & Integrity, Asia Pacific",Meta,"Singapore, Singapore",Singapore,Singapore,Hub,no,full_text,include,"integrity, trust and safety",,,,role_class=core_integrity; signal=high
Meta,1484379442671158,https://www.metacareers.com/profile/job_details/1484379442671158,2025-12-07,"Market Specialist, Global Response Operations, Cambodia",Meta,"Singapore, Singapore",Singapore,Singapore,Hub,no,full_text,include,"animal abuse, child exploitation, integrity, objectionable content, self-injury",,,,role_class=core_integrity; signal=high
Meta,1499416524706534,https://www.metacareers.com/profile/job_details/1499416524706534,2025-12-17,Software Engineer (Fullstack),Meta,"Bellevue, United States",Bellevue,United States,Hub,no,full_text,include,integrity,,,,role_class=core_integrity; signal=high
Google/YouTube,87341142799983302,https://www.google.com/about/careers/applications/jobs/results/87341142799983302-manager-trust-and-safety/,2023-08-01,"Manager, Trust and Safety",Google,"Sunnyvale, CA, USA; New York, NY, USA","Sunnyvale, CA, USA",United States,Hub,yes,detail_only,include,trust-and-safety,,,,page_status=detail
Google/YouTube,76895652010697414,https://www.google.com/about/careers/applications/jobs/results/76895652010697414-rapid-response-director-youtube-trust-and-safety/,2023-08-01,"Rapid Response Director, YouTube Trust and Safety",YouTube,"San Bruno, CA, USA","San Bruno, CA, USA",United States,Hub,no,detail_only,include,trust-and-safety,,,,page_status=detail
Google/YouTube,117003032836612806,https://www.google.com/about/careers/applications/jobs/results/117003032836612806-policy-lead-youtube-trust-and-safety,2023-08-02,"Policy Lead, YouTube Trust and Safety",YouTube,"San Bruno, CA, USA","San Bruno, CA, USA",United States,Hub,no,detail_only,include,trust-and-safety,,,,page_status=detail
Google/YouTube,96915574677742278,https://www.google.com/about/careers/applications/jobs/results/96915574677742278-market-responsibility-specialist-trust-and-safety-youtube?category=BUSINESS_STRATEGY&q=Strategy%20and%20Operations,2023-08-28,"Market Responsibility Specialist, Trust and Safety, YouTube",YouTube,Singapore,Singapore,Singapore,Hub,no,detail_only,include,trust-and-safety,,,,page_status=detail
Google/YouTube,131622969844605638,https://www.google.com/about/careers/applications/jobs/results/131622969844605638-scaled-abuse-analyst-youtube-trust-and-safety?target_level=EARLY&degree=BACHELORS&employment_type=FULL_TIME&sort_by=relevance&location=United%20States&skills=analyst,2023-09-01,"Scaled Abuse Analyst, YouTube Trust and Safety",Google,"San Bruno, CA, USA","San Bruno, CA, USA",United States,Hub,no,detail_only,include,trust-and-safety,,,,page_status=detail
Google/YouTube,131049825987633862,https://www.google.com/about/careers/applications/jobs/results/131049825987633862-scaled-abuse-analyst-trust-and-safety-youtube,2023-12-22,"Scaled Abuse Analyst, Trust and Safety, YouTube",YouTube,"Hyderabad, Telangana, India","Hyderabad, Telangana, India",India,Other,no,detail_only,include,trust-and-safety,,,,page_status=detail
Google/YouTube,87141952635445958,https://www.google.com/about/careers/applications/jobs/results/87141952635445958-technical-threat-intelligence-analyst-industrial-control-systems,2024-02-19,"Technical Threat Intelligence Analyst, Industrial Control Systems",Google,"Virginia, USA; United States","Virginia, USA",United States,Hub,yes,detail_only,include,threat-intelligence,,,,page_status=detail
Google/YouTube,118757883559977670,https://www.google.com/about/careers/applications/jobs/results/118757883559977670-content-adversarial-red-team-analyst-trust-and-safety,2024-04-07,"Content Adversarial Red Team Analyst, Trust and Safety",Google,"Seattle, WA, USA; Atlanta, GA, USA ; +4 more","Seattle, WA, USA",United States,Hub,yes,detail_only,include,trust-and-safety,,,,page_status=detail
Google/YouTube,97337964008219334,https://www.google.com/about/careers/applications/jobs/results/97337964008219334-scaled-abuse-lead-trust-and-safety-youtube,2024-04-08,"Scaled Abuse Lead, Trust and Safety, YouTube",YouTube,"Hyderabad, Telangana, India","Hyderabad, Telangana, India",India,Other,no,detail_only,include,trust-and-safety,,,,page_status=detail
Google/YouTube,142217331683009222,https://www.google.com/about/careers/applications/jobs/results/142217331683009222-cyber-threat-intelligence-consultant-mandiant,2024-04-27,"Cyber Threat Intelligence Consultant, Mandiant",Google,Dubai - United Arab Emirates; United Arab Emirates,Dubai - United Arab Emirates,United Arab Emirates,Other,yes,detail_only,include,threat-intelligence,,,,page_status=detail
Google/YouTube,89944344506573510,https://www.google.com/about/careers/applications/jobs/results/89944344506573510-scaled-abuse-analyst-youtube-partner-program,2024-04-29,"Scaled Abuse Analyst, YouTube Partner Program",YouTube,"Hyderabad, Telangana, India","Hyderabad, Telangana, India",India,Other,no,detail_only,include,scaled-abuse,,,,page_status=detail
Google/YouTube,83625566615282374,https://www.google.com/about/careers/applications/jobs/results/83625566615282374-scaled-abuse-analyst-manager,2024-05-15,Scaled Abuse Analyst Manager,Google,"Hyderabad, Telangana, India","Hyderabad, Telangana, India",India,Other,no,detail_only,include,scaled-abuse,,,,page_status=detail
Google/YouTube,74737327210930886,https://www.google.com/about/careers/applications/jobs/results/74737327210930886-associate-principal-analyst-trust-and-safety,2024-05-15,"Associate Principal Analyst, Trust and Safety",Google,"Austin, TX, USA; Kirkland, WA, USA","Austin, TX, USA",United States,Hub,yes,detail_only,include,trust-and-safety,,,,page_status=detail
Google/YouTube,131492677018362566,https://www.google.com/about/careers/applications/jobs/results/131492677018362566-product-manager-youtube-community-moderation,2024-06-07,"Product Manager, YouTube Community Moderation",YouTube,"San Bruno, CA, USA","San Bruno, CA, USA",United States,Hub,no,detail_only,include,community-moderation,,,,page_status=detail
Google/YouTube,102763369655608006,https://www.google.com/about/careers/applications/jobs/results/102763369655608006-business-analyst-youtube-trust-and-safety?target_level=EARLY&sort_by=date&page=5,2024-06-23,"Business Analyst, Youtube Trust and Safety",YouTube,"Hyderabad, Telangana, India","Hyderabad, Telangana, India",India,Other,no,detail_only,include,trust-and-safety,,,,page_status=detail
Google/YouTube,105715124987142854,https://www.google.com/about/careers/applications/jobs/results/105715124987142854-policy-specialist/,2024-07-07,"Policy Specialist, Legal Content Policy and Standards",Google,"London, UK","London, UK",United Kingdom,Other,no,detail_only,include,policy-specialist,,,,page_status=detail
Google/YouTube,78619482792043206,https://www.google.com/about/careers/applications/jobs/results/78619482792043206-content-specialist-youtube-trust-and-safety,2024-07-10,"Content Specialist, YouTube, Trust and Safety",YouTube,"Hyderabad, Telangana, India","Hyderabad, Telangana, India",India,Other,no,detail_only,include,trust-and-safety,,,,page_status=detail
Google/YouTube,105867928850571974,https://www.google.com/about/careers/applications/jobs/results/105867928850571974-security-engineer-trust-and-safety,2024-07-22,"Security Engineer, Trust and Safety",Google,"Bengaluru, Karnataka, India","Bengaluru, Karnataka, India",India,Other,no,detail_only,include,trust-and-safety,,,,page_status=detail
Google/YouTube,95344137250710214,https://www.google.com/about/careers/applications/jobs/results/95344137250710214-content-adversarial-red-team-analyst,2024-07-22,Content Adversarial Red Team Analyst,Google,"Hyderabad, Telangana, India; Bengaluru, Karnataka, India","Hyderabad, Telangana, India",India,Other,yes,detail_only,include,adversarial-red-team,,,,page_status=detail
Google/YouTube,122873705628869318,https://www.google.com/about/careers/applications/jobs/results/122873705628869318-policy-enforcement-manager-harassment-youtube-trust-and-safety,2024-07-22,"Policy Enforcement Manager, Harassment, YouTube Trust and Safety",Google,"San Bruno, CA, USA","San Bruno, CA, USA",United States,Hub,no,detail_only,include,trust-and-safety,,,,page_status=detail
Google/YouTube,89222052749157062,https://www.google.com/about/careers/applications/jobs/results/89222052749157062-content-specialist-lead/?src=Online%2Ftspa,2024-07-27,"Content Specialist Lead, Trust and Safety, YouTube",YouTube,"Hyderabad, Telangana, India","Hyderabad, Telangana, India",India,Other,no,detail_only,include,content-specialist,,,,page_status=detail
Google/YouTube,119789821466944198,https://www.google.com/about/careers/applications/jobs/results/119789821466944198-engineering-analyst-trust-and-safety-adspam?location=United+States&q=Strategy+and+Operations+Associate,2024-09-21,"Engineering Analyst, Trust and Safety, AdSpam",Google,"Kirkland, WA, USA; Austin, TX, USA","Kirkland, WA, USA",United States,Hub,yes,detail_only,include,trust-and-safety,,,,page_status=detail
Google/YouTube,118606308868793030,https://www.google.com/about/careers/applications/jobs/results/118606308868793030-software-engineer-google-threat-intelligence,2024-10-09,"Software Engineer, Google Threat Intelligence",Google,"Málaga, Spain","Málaga, Spain",Spain,Other,no,detail_only,include,threat-intelligence,,,,page_status=detail
Google/YouTube,105480394723205830,https://www.google.com/about/careers/applications/jobs/results/105480394723205830-ads-threat-intelligence-security-developer,2024-10-31,Ads Threat Intelligence Security Developer,Google,"Toronto, ON, Canada; Waterloo, ON, Canada","Toronto, ON, Canada",Canada,Other,yes,detail_only,include,threat-intelligence,,,,page_status=detail
Google/YouTube,89098432752296646,https://www.google.com/about/careers/applications/jobs/results/89098432752296646-trust-and-safety-policy-operations-analyst-google-play,2024-11-03,"Trust and Safety Policy Operations Analyst, Google Play",Google,"Dublin, Ireland","Dublin, Ireland",Ireland,Hub,no,detail_only,include,trust-and-safety,,,,page_status=detail
Google/YouTube,93600570882826950,https://www.google.com/about/careers/applications/jobs/results/93600570882826950-responsible-ai-testing-data-analyst/?src=Online%2FLinkedIn%2Flinkedin_us&page=2,2024-11-26,"Responsible AI Testing Data Analyst, Trust and Safety",Google,"Austin, TX, USA; Washington D.C., DC, USA","Austin, TX, USA",United States,Hub,yes,detail_only,include,responsible-ai,,,,page_status=detail
Google/YouTube,79466261666243270,https://www.google.com/about/careers/applications/jobs/results/79466261666243270-regional-operations-manager-trust-and-safety-compute,2024-12-04,"Regional Operations Manager, Trust and Safety Compute",Google,Singapore,Singapore,Singapore,Hub,no,detail_only,include,trust-and-safety,,,,page_status=detail
Google/YouTube,90894725984199366,https://www.google.com/about/careers/applications/jobs/results/90894725984199366-senior-cyber-threat-intelligence-consultant-mandiant,2025-01-30,"Senior Cyber Threat Intelligence Consultant, Mandiant",Google,Dubai - United Arab Emirates,Dubai - United Arab Emirates,United Arab Emirates,Other,no,detail_only,include,threat-intelligence,,,,page_status=detail
Google/YouTube,120324563450897094,https://www.google.com/about/careers/applications/jobs/results/120324563450897094-cyber-threat-intelligence-consultant-mandiant-intelligence,2025-02-22,"Cyber Threat Intelligence Consultant, Mandiant Intelligence",Google,Dubai - United Arab Emirates; United Arab Emirates,Dubai - United Arab Emirates,United Arab Emirates,Other,yes,detail_only,include,threat-intelligence,,,,page_status=detail
Google/YouTube,111941262151426758,https://www.google.com/about/careers/applications/jobs/results/111941262151426758-lead-analyst-trust-and-safety-responsible-ai-testing,2025-02-25,"Lead Analyst, Trust and Safety, Responsible AI Testing",Google,"Seattle, WA, USA; Washington D.C., DC, USA ; +2 more","Seattle, WA, USA",United States,Hub,yes,detail_only,include,trust-and-safety,,,,page_status=detail
Google/YouTube,117679873232642758,https://www.google.com/about/careers/applications/jobs/results/117679873232642758-behavioral-abuse-analyst-youtube-trust-and-safety,2025-03-27,"Behavioral Abuse Analyst, YouTube Trust and Safety",YouTube,"San Bruno, CA, USA","San Bruno, CA, USA",United States,Hub,no,detail_only,include,trust-and-safety,,,,page_status=detail
Google/YouTube,128176284483101382,https://www.google.com/about/careers/applications/jobs/results/128176284483101382-rapid-response-manager/,2025-03-30,"Rapid Response Manager, YouTube Trust and Safety",YouTube,Singapore,Singapore,Singapore,Hub,no,detail_only,include,rapid-response,,,,page_status=detail
Google/YouTube,81681899314913990,https://www.google.com/about/careers/applications/jobs/results/81681899314913990-senior-trust-and-safety-data-analyst-search,2025-04-07,"Senior Trust and Safety Data Analyst, Search",Google,"Seattle, WA, USA; Austin, TX, USA","Seattle, WA, USA",United States,Hub,yes,detail_only,include,trust-and-safety,,,,page_status=detail
Google/YouTube,100222195631825606,https://www.google.com/about/careers/applications/jobs/results/100222195631825606-content-specialist/,2025-04-09,"Content Specialist, YouTube Trust and Safety",YouTube,"Hyderabad, Telangana, India","Hyderabad, Telangana, India",India,Other,no,detail_only,include,content-specialist,,,,page_status=detail
Google/YouTube,139102017577460422,"https://www.google.com/about/careers/applications/jobs/results/139102017577460422-ux-writer,-trust-and-safety?src=Online/Direct/Google+Jobs+Site+Alert+Emails&q=content,+trust+safety,+editor,+health,+news&location=Dublin,+Ireland&location=London,+UK&location=Madrid,+Spain&location=New+York,+NY,+USA&employment_type=FULL_TIME&company=Google&company=YouTube&sort_by=date",2025-04-25,"UX Writer, Trust and Safety",Google,"Dublin, Ireland","Dublin, Ireland",Ireland,Hub,no,detail_only,include,trust-and-safety,,,,page_status=detail
Google/YouTube,82888232148050630,https://www.google.com/about/careers/applications/jobs/results/82888232148050630-senior-cyber-threat-intelligence-consultant/,2025-04-27,"Senior Cyber Threat Intelligence Consultant, Mandiant",Google,Dubai - United Arab Emirates; United Arab Emirates,Dubai - United Arab Emirates,United Arab Emirates,Other,yes,detail_only,include,threat-intelligence,,,,page_status=detail
Google/YouTube,138229709719642822,https://www.google.com/about/careers/applications/jobs/results/138229709719642822-policy-escalation-specialist-rapid-response,2025-05-14,"Policy Escalation Specialist, Rapid Response",Google,"San Bruno, CA, USA","San Bruno, CA, USA",United States,Hub,no,detail_only,include,policy-escalation,,,,page_status=detail
Google/YouTube,101157254169797318,https://www.google.com/about/careers/applications/jobs/results/101157254169797318-senior-ai-threat-intelligence-integrator/,2025-05-14,"Senior AI Threat Intelligence Integrator, Mandiant, Google Cloud",Google,"New York, USA; California, USA ; +7 more","New York, USA",United States,Hub,yes,detail_only,include,threat-intelligence,,,,page_status=detail
Google/YouTube,139599185811776198,https://www.google.com/about/careers/applications/jobs/results/139599185811776198-scaled-abuse-manager-youtube-trust-and-safety,2025-05-14,"Scaled Abuse Manager, YouTube Trust and Safety",YouTube,"Hyderabad, Telangana, India","Hyderabad, Telangana, India",India,Other,no,detail_only,include,trust-and-safety,,,,page_status=detail
Google/YouTube,117634546697937606,https://www.google.com/about/careers/applications/jobs/results/117634546697937606-content-adversarial-red-team-analyst-trust-and-safety,2025-06-04,"Content Adversarial Red Team Analyst, Trust and Safety",Google,"Washington D.C., DC, USA","Washington D.C., DC, USA",United States,Hub,no,detail_only,include,trust-and-safety,,,,page_status=detail
Google/YouTube,103572778338132678,https://www.google.com/about/careers/applications/jobs/results/103572778338132678-engineering-analyst-payments-trust-and-safety,2025-07-20,"Engineering Analyst, Payments, Trust and Safety",Google,"Seattle, WA, USA","Seattle, WA, USA",United States,Hub,no,detail_only,include,trust-and-safety,,,,page_status=detail
Google/YouTube,96861473178821318,https://www.google.com/about/careers/applications/jobs/results/96861473178821318-content-specialist/,2025-07-30,"Content Specialist, YouTube Trust and Safety",YouTube,"Hyderabad, Telangana, India","Hyderabad, Telangana, India",India,Other,no,detail_only,include,content-specialist,,,,page_status=detail
Google/YouTube,134805928691016390,https://www.google.com/about/careers/applications/jobs/results/134805928691016390-senior-program-manager-trust-and-safety,2025-07-31,"Senior Program Manager, Trust and Safety",Google,"Hyderabad, Telangana, India; Gurugram, Haryana, India","Hyderabad, Telangana, India",India,Other,yes,detail_only,include,trust-and-safety,,,,page_status=detail
Google/YouTube,100649362140340934,https://www.google.com/about/careers/applications/jobs/results/100649362140340934-operations-lead-trust-and-safety,2025-08-01,"Operations Lead, Trust and Safety",Google,"Hyderabad, Telangana, India","Hyderabad, Telangana, India",India,Other,no,detail_only,include,trust-and-safety,,,,page_status=detail
Google/YouTube,90798846057030342,https://www.google.com/about/careers/applications/jobs/results/90798846057030342-policy-specialist-legal-content-policy-and-standards-japanese-english,2025-08-01,"Policy Specialist, Legal Content Policy and Standards, (Japanese, English)",Google,Singapore,Singapore,Singapore,Hub,no,detail_only,include,policy-specialist,,,,page_status=detail
Google/YouTube,99739752491557574,https://www.google.com/about/careers/applications/jobs/results/99739752491557574-child-safety-enforcement-specialist/,2025-08-01,"Child Safety Enforcement Specialist, Trust and Safety",Google,"Washington D.C., DC, USA","Washington D.C., DC, USA",United States,Hub,no,detail_only,include,child-safety,,,,page_status=detail
Google/YouTube,124492508011864774,https://www.google.com/about/careers/applications/jobs/results/124492508011864774-policy-enforcement-manager-youtube-trust-and-safety,2025-08-01,"Policy Enforcement Manager, YouTube Trust and Safety",YouTube,"San Bruno, CA, USA","San Bruno, CA, USA",United States,Hub,no,detail_only,include,trust-and-safety,,,,page_status=detail
Google/YouTube,130097635217285830,https://www.google.com/about/careers/applications/jobs/results/130097635217285830-policy-enforcement-manager-harassment-youtube-trust-and-safety,2025-08-01,"Policy Enforcement Manager, Harassment, YouTube Trust and Safety",YouTube,"San Bruno, CA, USA","San Bruno, CA, USA",United States,Hub,no,detail_only,include,trust-and-safety,,,,page_status=detail
Google/YouTube,89409382797714118,https://www.google.com/about/careers/applications/jobs/results/89409382797714118-policy-escalation-specialist-youtube-korean-english,2025-08-01,"Policy Escalation Specialist, YouTube (Korean, English)",YouTube,Singapore,Singapore,Singapore,Hub,no,detail_only,include,policy-escalation,,,,page_status=detail
Google/YouTube,119152477730677446,https://www.google.com/about/careers/applications/jobs/results/119152477730677446-principal-data-analyst-search-trust-and-safety,2025-08-13,"Principal Data Analyst, Search Trust and Safety",Google,"Sunnyvale, CA, USA","Sunnyvale, CA, USA",United States,Hub,no,detail_only,include,trust-and-safety,,,,page_status=detail
Google/YouTube,98565806127751878,https://www.google.com/about/careers/applications/jobs/results/98565806127751878-youtube-monetization-policy-analyst-trust-and-safety,2025-08-13,"YouTube Monetization Policy Analyst, Trust and Safety",YouTube,"Seattle, WA, USA","Seattle, WA, USA",United States,Hub,no,detail_only,include,trust-and-safety,,,,page_status=detail
Google/YouTube,122380287387542214,https://www.google.com/about/careers/applications/jobs/results/122380287387542214-software-engineer-ii-youtube-trust-and-safety,2025-08-14,"Software Engineer II, YouTube Trust and Safety",YouTube,"Zürich, Switzerland","Zürich, Switzerland",Switzerland,Other,no,detail_only,include,trust-and-safety,,,,page_status=detail
Google/YouTube,127678279871013574,https://www.google.com/about/careers/applications/jobs/results/127678279871013574-staff-software-engineer-policy-enforcement-trust-and-safety,2025-08-14,"Staff Software Engineer, Policy Enforcement, Trust and Safety",Google,"Mountain View, CA, USA","Mountain View, CA, USA",United States,Hub,no,detail_only,include,trust-and-safety,,,,page_status=detail
Google/YouTube,110475110489432774,https://www.google.com/about/careers/applications/jobs/results/110475110489432774-business-analyst-manager-trust-and-safety-youtube,2025-08-14,"Business Analyst Manager, Trust and Safety, YouTube",YouTube,"San Bruno, CA, USA","San Bruno, CA, USA",United States,Hub,no,detail_only,include,trust-and-safety,,,,page_status=detail
Google/YouTube,143685627278172870,https://www.google.com/about/careers/applications/jobs/results/143685627278172870-technical-program-manager-trust-and-safety,2025-08-14,"Technical Program Manager, Trust and Safety",Google,"Dublin, Ireland","Dublin, Ireland",Ireland,Hub,no,detail_only,include,trust-and-safety,,,,page_status=detail
Google/YouTube,100199326071825094,https://www.google.com/about/careers/applications/jobs/results/100199326071825094-policy-specialist-legal-content-policy-and-standards-americas-and-eurasia,2025-08-21,"Policy Specialist, Legal Content Policy and Standards, Americas and Eurasia",Google,"Austin, TX, USA","Austin, TX, USA",United States,Hub,no,detail_only,include,policy-specialist,,,,page_status=detail
Google/YouTube,103415109820261062,https://www.google.com/about/careers/applications/jobs/results/103415109820261062-product-policy-specialist-generative-ai,2025-08-21,"Product Policy Specialist, Generative AI",Google,"Washington D.C., DC, USA; Atlanta, GA, USA ; +3 more","Washington D.C., DC, USA",United States,Hub,yes,detail_only,include,policy-specialist,,,,page_status=detail
Google/YouTube,91675156019061446,https://www.google.com/about/careers/applications/jobs/results/91675156019061446-product-manager-ii-youtube-trust-and-safety,2025-08-21,"Product Manager II, YouTube Trust and Safety",YouTube,"San Bruno, CA, USA","San Bruno, CA, USA",United States,Hub,no,detail_only,include,trust-and-safety,,,,page_status=detail
Google/YouTube,114930226378482374,https://www.google.com/about/careers/applications/jobs/results/114930226378482374-senior-policy-specialist-play-android-chrome-web-store,2025-08-21,"Senior Policy Specialist, Play, Android, Chrome Web Store",Google,"Sunnyvale, CA, USA","Sunnyvale, CA, USA",United States,Hub,no,detail_only,include,policy-specialist,,,,page_status=detail
Google/YouTube,127543686333375174,https://www.google.com/about/careers/applications/jobs/results/127543686333375174-engineering-analyst-trust-and-safety,2025-08-21,"Engineering Analyst, Trust and Safety",Google,"Bengaluru, Karnataka, India; Hyderabad, Telangana, India","Bengaluru, Karnataka, India",India,Other,yes,detail_only,include,trust-and-safety,,,,page_status=detail
Google/YouTube,83910357659067078,https://www.google.com/about/careers/applications/jobs/results/83910357659067078-policy-specialist-ads-and-shopping-trust-and-safety,2025-08-21,"Policy Specialist, Ads and Shopping, Trust and Safety",Google,"Dublin, Ireland","Dublin, Ireland",Ireland,Hub,no,detail_only,include,trust-and-safety,,,,page_status=detail
Google/YouTube,104453392394265286,https://www.google.com/about/careers/applications/jobs/results/104453392394265286-senior-analyst-google-threat-intelligence-group-spanish,2025-08-21,"Senior Analyst, Google Threat Intelligence Group (Spanish)",Google,Spain,Spain,Spain,Other,no,detail_only,include,threat-intelligence,,,,page_status=detail
Google/YouTube,124219278567056070,https://www.google.com/about/careers/applications/jobs/results/124219278567056070-senior-engineering-analyst-youtube-scaled-abuse,2025-08-21,"Senior Engineering Analyst, YouTube Scaled Abuse",YouTube,"San Bruno, CA, USA","San Bruno, CA, USA",United States,Hub,no,detail_only,include,scaled-abuse,,,,page_status=detail
Google/YouTube,76484624418513606,https://www.google.com/about/careers/applications/jobs/results/76484624418513606-software-engineer-iii-google-threat-intelligence-full-stack,2025-08-28,"Software Engineer III, Google Threat Intelligence, Full Stack",Google,"Málaga, Spain","Málaga, Spain",Spain,Other,no,detail_only,include,threat-intelligence,,,,page_status=detail
Google/YouTube,110971828825924294,https://www.google.com/about/careers/applications/jobs/results/110971828825924294-scaled-abuse-analyst-trust-and-safety-youtube,2025-08-28,"Scaled Abuse Analyst, Trust and Safety, YouTube",YouTube,"Hyderabad, Telangana, India","Hyderabad, Telangana, India",India,Other,no,detail_only,include,trust-and-safety,,,,page_status=detail
Google/YouTube,111234320047186630,https://www.google.com/about/careers/applications/jobs/results/111234320047186630-engineering-analyst-trust-and-safety-ads-account-takeover,2025-08-28,"Engineering Analyst, Trust and Safety, Ads Account Takeover",Google,"Dublin, Ireland","Dublin, Ireland",Ireland,Hub,no,detail_only,include,trust-and-safety,,,,page_status=detail
Google/YouTube,81477360691356358,https://www.google.com/about/careers/applications/jobs/results/81477360691356358-government-affairs-and-public-policy-lead-google-cloud,2025-08-29,"Government Affairs and Public Policy Lead, Google Cloud",Google,"Bangkok, Thailand; Jakarta, Indonesia","Bangkok, Thailand",Thailand,Other,yes,detail_only,include,policy-lead,,,,page_status=detail
Google/YouTube,118279526701507270,https://www.google.com/about/careers/applications/jobs/results/118279526701507270-business-analyst-i-trust-and-safety-youtube,2025-08-29,"Business Analyst I, Trust and Safety, YouTube",YouTube,"San Bruno, CA, USA","San Bruno, CA, USA",United States,Hub,no,detail_only,include,trust-and-safety,,,,page_status=detail
Google/YouTube,110638522183885510,https://www.google.com/about/careers/applications/jobs/results/110638522183885510-senior-policy-specialist-product-and-generative-ai-solutions,2025-08-29,"Senior Policy Specialist, Product and Generative AI Solutions",Google,"San Bruno, CA, USA","San Bruno, CA, USA",United States,Hub,no,detail_only,include,policy-specialist,,,,page_status=detail
Google/YouTube,75515731336143558,https://www.google.com/about/careers/applications/jobs/results/75515731336143558-training-program-manager-trust-and-safety-youtube,2025-08-29,"Training Program Manager, Trust and Safety, YouTube",YouTube,"Hyderabad, Telangana, India; Bengaluru, Karnataka, India","Hyderabad, Telangana, India",India,Other,yes,detail_only,include,trust-and-safety,,,,page_status=detail
Google/YouTube,127974607918375622,https://www.google.com/about/careers/applications/jobs/results/127974607918375622-engineering-analyst-trust-and-safety-ads-account-takeover,2025-08-29,"Engineering Analyst, Trust and Safety, Ads Account Takeover",Google,"Seattle, WA, USA","Seattle, WA, USA",United States,Hub,no,detail_only,include,trust-and-safety,,,,page_status=detail
Google/YouTube,87931642122773190,https://www.google.com/about/careers/applications/jobs/results/87931642122773190-engineering-analyst-trust-and-safety-ads-account-takeover,2025-09-07,"Engineering Analyst, Trust and Safety, Ads Account Takeover",Google,"Sunnyvale, CA, USA","Sunnyvale, CA, USA",United States,Hub,no,detail_only,include,trust-and-safety,,,,page_status=detail
Google/YouTube,90666076001444550,https://www.google.com/about/careers/applications/jobs/results/90666076001444550-principal-strategist-content-adversarial-red-team,2025-09-07,"Principal Strategist, Content Adversarial Red Team",Google,"Hyderabad, Telangana, India","Hyderabad, Telangana, India",India,Other,no,detail_only,include,adversarial-red-team,,,,page_status=detail
Google/YouTube,133632166473933510,https://www.google.com/about/careers/applications/jobs/results/133632166473933510-senior-content-adversarial-red-team-analyst,2025-09-08,Senior Content Adversarial Red Team Analyst,Google,"Hyderabad, Telangana, India","Hyderabad, Telangana, India",India,Other,no,detail_only,include,adversarial-red-team,,,,page_status=detail
Google/YouTube,77034313660408518,https://www.google.com/about/careers/applications/jobs/results/77034313660408518-senior-strategist-trust-and-safety-ads-and-shopping,2025-09-08,"Senior Strategist, Trust and Safety, Ads and Shopping",Google,"Seattle, WA, USA","Seattle, WA, USA",United States,Hub,no,detail_only,include,trust-and-safety,,,,page_status=detail
Google/YouTube,83084668450022086,https://www.google.com/about/careers/applications/jobs/results/83084668450022086-scaled-abuse-engineering-analyst/,2025-09-10,"Scaled Abuse Engineering Analyst , Trust and Safety Ads",Google,"Hyderabad, Telangana, India","Hyderabad, Telangana, India",India,Other,no,detail_only,include,scaled-abuse,,,,page_status=detail
Google/YouTube,115787581844529862,https://www.google.com/about/careers/applications/jobs/results/115787581844529862-content-specialist-youtube-trust-and-safety,2025-09-19,"Content Specialist, YouTube Trust and Safety",YouTube,"Hyderabad, Telangana, India","Hyderabad, Telangana, India",India,Other,no,detail_only,include,trust-and-safety,,,,page_status=detail
Google/YouTube,87362444602548934,https://www.google.com/about/careers/applications/jobs/results/87362444602548934-engineering-analyst-trust-and-safety-payments,2025-09-20,"Engineering Analyst, Trust and Safety, Payments",Google,"Seattle, WA, USA","Seattle, WA, USA",United States,Hub,no,detail_only,include,trust-and-safety,,,,page_status=detail
Google/YouTube,131779222556287686,https://www.google.com/about/careers/applications/jobs/results/131779222556287686-engineering-analyst-gemini-and-labs-trust-and-safety,2025-09-20,"Engineering Analyst, Gemini and Labs, Trust and Safety",Google,"Seattle, WA, USA; Washington D.C., DC, USA","Seattle, WA, USA",United States,Hub,yes,detail_only,include,trust-and-safety,,,,page_status=detail
Google/YouTube,104059525102740166,https://www.google.com/about/careers/applications/jobs/results/104059525102740166-engineering-analyst-trust-and-safety-strategic-intelligence,2025-09-20,"Engineering Analyst, Trust and Safety, Strategic Intelligence",Google,"Washington D.C., DC, USA","Washington D.C., DC, USA",United States,Hub,no,detail_only,include,trust-and-safety,,,,page_status=detail
Google/YouTube,100041840895369926,https://www.google.com/about/careers/applications/jobs/results/100041840895369926-senior-analyst-mandiant-threat-intelligence-services,2025-09-20,"Senior Analyst, Mandiant Threat Intelligence Services",Google,"New York, NY, USA; Addison, TX, USA","New York, NY, USA",United States,Hub,yes,detail_only,include,threat-intelligence,,,,page_status=detail
Google/YouTube,135966437712765638,https://www.google.com/about/careers/applications/jobs/results/135966437712765638-principal-analyst-google-threat-intelligence-group-intelligence-delivery,2025-09-20,"Principal Analyst, Google Threat Intelligence Group, Intelligence Delivery",Google,"Ohio, USA","Ohio, USA",United States,Hub,no,detail_only,include,threat-intelligence,,,,page_status=detail
Google/YouTube,100417165202465478,https://www.google.com/about/careers/applications/jobs/results/100417165202465478-policy-escalation-specialist-youtube-japanese,2025-09-20,"Policy Escalation Specialist, YouTube (Japanese)",YouTube,Singapore,Singapore,Singapore,Hub,no,detail_only,include,policy-escalation,,,,page_status=detail
Google/YouTube,89973028804272838,https://www.google.com/about/careers/applications/jobs/results/89973028804272838-senior-analyst-google-threat-intelligence-group,2025-09-21,"Senior Analyst, Google Threat Intelligence Group",Google,Netherlands,Netherlands,Netherlands,Other,no,detail_only,include,threat-intelligence,,,,page_status=detail
Google/YouTube,102173847628718790,https://www.google.com/about/careers/applications/jobs/results/102173847628718790-policy-specialist-legal-content-policy-and-standards-apac,2025-09-29,"Policy Specialist, Legal Content Policy and Standards APAC",Google,Singapore,Singapore,Singapore,Hub,no,detail_only,include,policy-specialist,,,,page_status=detail
Google/YouTube,126963698781561542,https://www.google.com/about/careers/applications/jobs/results/126963698781561542-product-manager-i-detection-youtube-trust-and-safety,2025-10-03,"Product Manager I, Detection, YouTube Trust and Safety",YouTube,"San Bruno, CA, USA","San Bruno, CA, USA",United States,Hub,no,detail_only,include,trust-and-safety,,,,page_status=detail
Google/YouTube,76500928651240134,https://www.google.com/about/careers/applications/jobs/results/76500928651240134-policy-development-lead-youtube-youth,2025-10-03,"Policy Development Lead, YouTube Youth",YouTube,"San Bruno, CA, USA","San Bruno, CA, USA",United States,Hub,no,detail_only,include,policy-development,,,,page_status=detail
Google/YouTube,117615327725920966,https://www.google.com/about/careers/applications/jobs/results/117615327725920966-model-launch-specialist-responsible-ai,2025-10-03,"Model Launch Specialist, Responsible AI",Google,"Mountain View, CA, USA","Mountain View, CA, USA",United States,Hub,no,detail_only,include,responsible-ai,,,,page_status=detail
Google/YouTube,125659698392113862,https://www.google.com/about/careers/applications/jobs/results/125659698392113862-policy-development-manager-trust-and-safety-youtube,2025-10-03,"Policy Development Manager, Trust and Safety, YouTube",YouTube,"San Bruno, CA, USA","San Bruno, CA, USA",United States,Hub,no,detail_only,include,trust-and-safety,,,,page_status=detail
Google/YouTube,117352699065705158,https://www.google.com/about/careers/applications/jobs/results/117352699065705158-software-engineer-ii-youtube-trust-and-safety,2025-10-03,"Software Engineer II, YouTube Trust and Safety",YouTube,"Zürich, Switzerland","Zürich, Switzerland",Switzerland,Other,no,detail_only,include,trust-and-safety,,,,page_status=detail
Google/YouTube,100350864866058950,https://www.google.com/about/careers/applications/jobs/results/100350864866058950-policy-escalation-specialist-trust-and-safety-youtube,2025-10-04,"Policy Escalation Specialist, Trust and Safety, YouTube",YouTube,"San Bruno, CA, USA","San Bruno, CA, USA",United States,Hub,no,detail_only,include,trust-and-safety,,,,page_status=detail
Google/YouTube,124948984383840966,https://www.google.com/about/careers/applications/jobs/results/124948984383840966-senior-program-manager-i-responsible-ai-trust-and-safety,2025-10-04,"Senior Program Manager I, Responsible AI, Trust and Safety",Google,"Mountain View, CA, USA","Mountain View, CA, USA",United States,Hub,no,detail_only,include,trust-and-safety,,,,page_status=detail
Google/YouTube,82181177519022790,https://www.google.com/about/careers/applications/jobs/results/82181177519022790-policy-development-manager-product-solutions,2025-10-04,"Policy Development Manager, Product Solutions",Google,"San Bruno, CA, USA","San Bruno, CA, USA",United States,Hub,no,detail_only,include,policy-development,,,,page_status=detail
Google/YouTube,133168933313094342,https://www.google.com/about/careers/applications/jobs/results/133168933313094342-principal-engineering-analyst-responsible-ai-testing,2025-10-04,"Principal Engineering Analyst, Responsible AI Testing",Google,"Washington D.C., DC, USA","Washington D.C., DC, USA",United States,Hub,no,detail_only,include,responsible-ai,,,,page_status=detail
Google/YouTube,96228675514442438,https://www.google.com/about/careers/applications/jobs/results/96228675514442438-technical-program-manager-iii-security-and-abuse-trust-and-safety,2025-10-04,"Technical Program Manager III, Security and Abuse, Trust and Safety",Google,"Seattle, WA, USA","Seattle, WA, USA",United States,Hub,no,detail_only,include,trust-and-safety,,,,page_status=detail
Google/YouTube,134030950429270726,https://www.google.com/about/careers/applications/jobs/results/134030950429270726-product-policy-lead-generative-ai,2025-10-05,"Product Policy Lead, Generative AI",Google,"Sunnyvale, CA, USA","Sunnyvale, CA, USA",United States,Hub,no,detail_only,include,policy-lead,,,,page_status=detail
Google/YouTube,127583974737224390,https://www.google.com/about/careers/applications/jobs/results/127583974737224390-enforcement-detection-analyst/,2025-11-14,"Enforcement Detection Analyst, Trust and Safety, YouTube",YouTube,"Hyderabad, Telangana, India","Hyderabad, Telangana, India",India,Other,no,detail_only,include,enforcement-detection,,,,page_status=detail
Google/YouTube,117495599472747206,https://www.google.com/about/careers/applications/jobs/results/117495599472747206-principal-policy-specialist/,2025-11-18,"Principal Policy Specialist, Misinformation",Google,"San Francisco, CA, USA; Sunnyvale, CA, USA","San Francisco, CA, USA",United States,Hub,yes,detail_only,include,policy-specialist,,,,page_status=detail
Google/YouTube,72352148486005446,https://www.google.com/about/careers/applications/jobs/results/72352148486005446-staff-engineering-analyst-adspam-trust-and-safety,2025-11-28,"Staff Engineering Analyst, Adspam, Trust and Safety",Google,"Kirkland, WA, USA","Kirkland, WA, USA",United States,Hub,no,detail_only,include,trust-and-safety,,,,page_status=detail
Google/YouTube,120376348928549574,https://www.google.com/about/careers/applications/jobs/results/120376348928549574-program-manager-ii-cyber-threat-intelligence-google-cloud,2025-11-29,"Program Manager II, Cyber Threat Intelligence, Google Cloud",Google,"Boulder, CO, USA; Montreal, QC, Canada ; +3 more","Boulder, CO, USA",United States,Hub,yes,detail_only,include,threat-intelligence,,,,page_status=detail
Google/YouTube,124938437420556998,https://www.google.com/about/careers/applications/jobs/results/124938437420556998-engineering-analyst-egregious-harms-trust-and-safety,2025-12-03,"Engineering Analyst, Egregious Harms, Trust and Safety",Google,"Washington D.C., DC, USA","Washington D.C., DC, USA",United States,Hub,no,detail_only,include,trust-and-safety,,,,page_status=detail
Google/YouTube,133924947817833158,https://www.google.com/about/careers/applications/jobs/results/133924947817833158-operations-manager-safe-revenue-trust-and-safety-compute,2025-12-06,"Operations Manager, Safe Revenue, Trust and Safety Compute",Google,"Kirkland, WA, USA; Austin, TX, USA","Kirkland, WA, USA",United States,Hub,yes,detail_only,include,trust-and-safety,,,,page_status=detail
Google/YouTube,77930450399437510,https://www.google.com/about/careers/applications/jobs/results/77930450399437510-ux-designer-trust-and-safety-ux,2026-01-31,"UX Designer, Trust and Safety UX",Google,"Dublin, Ireland","Dublin, Ireland",Ireland,Hub,no,detail_only,include,trust-and-safety,,,,page_status=detail
Google/YouTube,136874736993870534,https://www.google.com/about/careers/applications/jobs/results/136874736993870534-engineering-analyst-youtube-trust-and-safety,2026-02-04,"Engineering Analyst, YouTube Trust and Safety",YouTube,"Hyderabad, Telangana, India","Hyderabad, Telangana, India",India,Other,no,detail_only,include,trust-and-safety,,,,page_status=detail
Google/YouTube,81789189409907398,https://www.google.com/about/careers/applications/jobs/results/81789189409907398-technical-program-manager-iii-ai-systems-trust-and-safety,2026-02-18,"Technical Program Manager III, AI Systems, Trust and Safety",Google,"Kirkland, WA, USA; Atlanta, GA, USA ; +3 more","Kirkland, WA, USA",United States,Hub,yes,detail_only,include,trust-and-safety,,,,page_status=detail
Google/YouTube,113135600197870278,https://www.google.com/about/careers/applications/jobs/results/113135600197870278-policy-enforcement-manager/?src=levels.fyi&utm_source=levels.fyi&utm_medium=jobposting&utm_campaign=contract&ref=levels.fyi,2026-02-21,"Policy Enforcement Manager, Technical Misinformation, YouTube Trust and Safety",YouTube,"Dublin, Ireland","Dublin, Ireland",Ireland,Hub,no,detail_only,include,policy-enforcement,,,,page_status=detail
Google/YouTube,120663539701424838,https://www.google.com/about/careers/applications/jobs/results/120663539701424838-engineering-analyst-trust-and-safety-ai-safety,2026-03-01,"Engineering Analyst, Trust and Safety, AI Safety",Google,"Kirkland, WA, USA","Kirkland, WA, USA",United States,Hub,no,detail_only,include,trust-and-safety,,,,page_status=detail
Google/YouTube,81631528676664006,https://www.google.com/about/careers/applications/jobs/results/81631528676664006-engineering-analyst-content-safety-trust-and-safety-ads,2026-03-04,"Engineering Analyst, Content Safety, Trust and Safety, Ads",Google,"Dublin, Ireland","Dublin, Ireland",Ireland,Hub,no,detail_only,include,trust-and-safety,,,,page_status=detail
Google/YouTube,104598827637318342,https://www.google.com/about/careers/applications/jobs/results/104598827637318342-principal-engineering-analyst-responsible-ai-testing,2026-03-05,"Principal Engineering Analyst, Responsible AI Testing",Google,"Mountain View, CA, USA","Mountain View, CA, USA",United States,Hub,no,detail_only,include,responsible-ai,,,,page_status=detail
Google/YouTube,76282155499430598,https://www.google.com/about/careers/applications/jobs/results/76282155499430598-operations-manager-safe-revenue-trust-and-safety-compute,2026-03-08,"Operations Manager, Safe Revenue, Trust and Safety Compute",Google,"Kirkland, WA, USA; Austin, TX, USA","Kirkland, WA, USA",United States,Hub,yes,detail_only,include,trust-and-safety,,,,page_status=detail
Google/YouTube,90891375087624902,https://www.google.com/about/careers/applications/jobs/results/90891375087624902-engineering-analyst-trust-and-safety-search,2026-03-08,"Engineering Analyst, Trust and Safety, Search",Google,"Mountain View, CA, USA; Sunnyvale, CA, USA","Mountain View, CA, USA",United States,Hub,yes,detail_only,include,trust-and-safety,,,,page_status=detail
Google/YouTube,84713934363206342,https://www.google.com/about/careers/applications/jobs/results/84713934363206342-staff-engineering-analyst-gen-ai-trust-and-safety,2026-03-19,"Staff Engineering Analyst, Gen AI Trust and Safety",Google,"Zürich, Switzerland","Zürich, Switzerland",Switzerland,Other,no,detail_only,include,trust-and-safety,,,,page_status=detail
Google/YouTube,139843217062273734,https://www.google.com/about/careers/applications/jobs/results/139843217062273734-strategic-risk-manager-trust-and-safety-strategic-command,2026-03-30,"Strategic Risk Manager, Trust and Safety Strategic Command",Google,"Sunnyvale, CA, USA","Sunnyvale, CA, USA",United States,Hub,no,detail_only,include,trust-and-safety,,,,page_status=detail
Google/YouTube,83953084664816326,https://www.google.com/about/careers/applications/jobs/results/83953084664816326-engineering-analyst-trust-and-safety-safesearch,2026-04-20,"Engineering Analyst, Trust and Safety, SafeSearch",Google,"Zürich, Switzerland","Zürich, Switzerland",Switzerland,Other,no,detail_only,include,trust-and-safety,,,,page_status=detail
Google/YouTube,99844133048197830,https://www.google.com/about/careers/applications/jobs/results/99844133048197830-trust-and-safety-analyst/,2026-08-01,"Trust and Safety Analyst, Egregious Harms Enforcement",Google,"Dublin, Ireland","Dublin, Ireland",Ireland,Hub,no,detail_only,include,trust-and-safety,,,,page_status=detail
Google/YouTube,113216251731288774,https://www.google.com/about/careers/applications/jobs/results/113216251731288774-legal-policy-specialist-youtube?utm_source=bandana,2026-08-20,"Legal Policy Specialist, YouTube",YouTube,"San Bruno, CA, USA","San Bruno, CA, USA",United States,Hub,no,detail_only,include,policy-specialist,,,,page_status=detail
Google/YouTube,129567376910754502,https://www.google.com/about/careers/applications/jobs/results/129567376910754502-policy-development-lead-youtube-trust-and-safety?utm_source=bandana,2026-08-20,"Policy Development Lead, YouTube Trust and Safety",YouTube,"Mountain View, CA, USA; San Bruno, CA, USA","Mountain View, CA, USA",United States,Hub,yes,detail_only,include,trust-and-safety,,,,page_status=detail
TikTok,6704494100210518285,https://lifeattiktok.com/search/6704494100210518285,2025-05-16,Content Moderator - Arabic,TikTok,,,,,no,title_only,include,content moderat*; moderat*,,arabic,,page_status=detail
TikTok,6793962806296185095,https://lifeattiktok.com/search/6793962806296185095,2025-01-22,Content Moderator (Short Video) - VN,TikTok,,,,,no,title_only,include,content moderat*; moderat*,,,Vietnam,page_status=detail
TikTok,6798055154621876488,https://lifeattiktok.com/search/6798055154621876488,2025-03-15,Content Moderator - German Speaker,TikTok,,,,,no,title_only,include,content moderat*; moderat*,,german,,page_status=detail
TikTok,6823479011625240846,https://lifeattiktok.com/search/6823479011625240846,2025-09-12,Content Quality Specialist - Korea,TikTok,,,,,no,title_only,include,content quality,,,Korea,page_status=detail
TikTok,6847356388894624013,https://lifeattiktok.com/search/6847356388894624013?spread=5MWH5CQ,2025-05-06,"Product Policy Manager, Feature - Trust & Safety",TikTok,,,,,no,title_only,include,trust & safety; policy manager,,,,page_status=detail
TikTok,6850005799155632392,https://lifeattiktok.com/search/6850005799155632392,2025-04-27,"Eco Operations Quality Assurance, Trust & Safety, Korea",TikTok,,,,,no,title_only,include,trust & safety,,,Korea,page_status=detail
TikTok,6856728637074442503,https://lifeattiktok.com/search/6856728637074442503,2025-04-04,"Content Moderator — Khmer, based in Thailand",TikTok,,,,,no,title_only,include,content moderat*; moderat*,,khmer,Thailand,page_status=detail
TikTok,6858107610982287623,https://lifeattiktok.com/search/6858107610982287623,2025-12-31,Content Labeller,TikTok,,,,,no,title_only,include,content label*,,,,page_status=detail
TikTok,6870317668638460168,https://lifeattiktok.com/search/6870317668638460168,2025-04-27,"Regional Product Policy Lead, EMEA - Trust & Safety",TikTok,,,,,no,title_only,include,trust & safety; policy lead,,,EMEA,page_status=detail
TikTok,6882974603716413703,https://lifeattiktok.com/search/6882974603716413703?spread=5MWH5CQ,2025-04-27,Quality Analyst-Dublin hub-Hausa,TikTok,Dublin,Dublin,Ireland,Hub,no,title_only,include,quality analyst,hausa,,Ireland,page_status=detail
TikTok,6903328552517060878,https://lifeattiktok.com/search/6903328552517060878,2025-03-15,Quality Analyst - Live Streaming,TikTok,,,,,no,title_only,include,quality analyst,,,,page_status=detail
TikTok,6920584193873660173,https://lifeattiktok.com/search/6920584193873660173?spread=5MWH5CQ,2025-02-06,Content Moderator (Hebrew),TikTok,,,,,no,title_only,include,content moderat*; moderat*,,hebrew,,page_status=detail
TikTok,6920584948115048718,https://lifeattiktok.com/search/6920584948115048718?spread=5MWH5CQ,2025-01-24,Content Moderator (Bulgarian),TikTok,,,,,no,title_only,include,content moderat*; moderat*,,bulgarian,,page_status=detail
TikTok,6920587190629533965,https://lifeattiktok.com/search/6920587190629533965,2025-03-15,Content Moderator (Hausa),TikTok,,,,,no,title_only,include,content moderat*; moderat*,hausa,,,page_status=detail
TikTok,6923040898910079240,https://lifeattiktok.com/search/6923040898910079240?spread=5MWH5CQ,2025-03-15,Quality Analyst - Swahili speaker - Dublin,TikTok,Dublin,Dublin,Ireland,Hub,no,title_only,include,quality analyst,swahili,,Ireland,page_status=detail
TikTok,6942619916952979748,https://lifeattiktok.com/search/6942619916952979748?spread=5MWH5CQ,2025-05-05,Child Safety Team Analyst,TikTok,,,,,no,title_only,include,child safety,,,,page_status=detail
TikTok,6950341956862593317,https://lifeattiktok.com/search/6950341956862593317?spread=5MWH5CQ,2025-04-27,Trust & Safety Team Leader (Morocco),TikTok,,,,,no,title_only,include,trust & safety,,,Africa,page_status=detail
TikTok,6951648343454353700,https://lifeattiktok.com/search/6951648343454353700?spread=5MWH5CQ,2025-02-06,Content Moderator (Finnish),TikTok,,,,,no,title_only,include,content moderat*; moderat*,,finnish,,page_status=detail
TikTok,7002693338882525476,https://lifeattiktok.com/search/7002693338882525476?spread=5MWH5CQ,2025-04-27,Advertising Policy Manager,TikTok,,,,,no,title_only,include,policy manager,,,,page_status=detail
TikTok,7011099144631437605,https://lifeattiktok.com/search/7011099144631437605,2025-03-15,Content Moderator - Russian speaker,TikTok,,,,,no,title_only,include,content moderat*; moderat*,,russian,,page_status=detail
TikTok,7013107155675957535,https://lifeattiktok.com/search/7013107155675957535,2025-10-15,Strategy Associate - T&S,TikTok,,,,,no,title_only,include,t&s,,,,page_status=detail
TikTok,7013563743795792164,https://lifeattiktok.com/search/7013563743795792164,2025-02-06,"Training & Implementation Content Creator Intern, Trust & Safety",TikTok,,,,,no,title_only,include,trust & safety,,,,page_status=detail
TikTok,7015852396212144415,https://lifeattiktok.com/search/7015852396212144415,2025-07-18,Public Policy Intern,TikTok,,,,,no,title_only,include,public policy,,,,page_status=detail
TikTok,7026976013506693412,https://lifeattiktok.com/search/7026976013506693412,2025-03-15,Content Moderator,TikTok,,,,,no,title_only,include,content moderat*; moderat*,,,,page_status=detail
TikTok,7027230611425216775,https://lifeattiktok.com/search/7027230611425216775,2025-05-06,"Threat Analyst, Illegal and Regulated Goods",TikTok,,,,,no,title_only,include,threat analyst,,,,page_status=detail
TikTok,7030828340790528264,https://lifeattiktok.com/search/7030828340790528264,2025-05-06,"US Policy Lead, Hate + Harassment",TikTok,,,,,no,title_only,include,policy lead,,,,page_status=detail
TikTok,7031373747815729416,https://lifeattiktok.com/search/7031373747815729416,2025-04-26,"Product Policy Lead, Subject Matter Expert for Adult Nudity & Sexual Activity Issues",TikTok,,,,,no,title_only,include,policy lead,,,,page_status=detail
TikTok,7031704079601895688,https://lifeattiktok.com/search/7031704079601895688?spread=5MWH5CQ,2025-05-06,"Threat Analyst, Integrity & Authenticity",TikTok,,,,,no,title_only,include,integrity; threat analyst,,,,page_status=detail
TikTok,7031710307425650975,https://lifeattiktok.com/search/7031710307425650975?spread=5MWH5CQ,2025-05-03,"Lead Threat Analyst, Suicide, Self Harm, Dangerous Acts, and Violent & Graphic Content",TikTok,,,,,no,title_only,include,threat analyst,,,,page_status=detail
TikTok,7032193693268396324,https://lifeattiktok.com/search/7032193693268396324,2025-12-24,Advertising Audit Specialist - English Speaking - Monetization Integrity,TikTok,,,,,no,title_only,include,integrity,,english,,page_status=detail
TikTok,7042068004583311652,https://lifeattiktok.com/search/7042068004583311652,2025-04-26,"Policy Specialist, Sexually Suggestive Content",TikTok,,,,,no,title_only,include,policy specialist,,,,page_status=detail
TikTok,7043850490740082951,https://lifeattiktok.com/search/7043850490740082951,2025-05-16,Talent Acquisition Partner - Trust & Safety - Casablanca (11 months),TikTok,Casablanca,Casablanca,Morocco,Africa,no,title_only,include,trust & safety,,,,page_status=detail
TikTok,7047773088544950564,https://lifeattiktok.com/search/7047773088544950564?spread=5MWH5CQ,2025-04-27,Content Moderator (Icelandic),TikTok,,,,,no,title_only,include,content moderat*; moderat*,,icelandic,,page_status=detail
TikTok,7055547758753581349,https://lifeattiktok.com/search/7055547758753581349,2025-07-22,Machine Learning Engineer - Trust and Safety Platform,TikTok,,,,,no,title_only,include,trust and safety,,,,page_status=detail
TikTok,7056768795633289479,https://lifeattiktok.com/search/7056768795633289479,2026-02-08,Content Operation Labeling Specialist - Arabic,TikTok,,,,,no,title_only,include,labeling specialist,,arabic,,page_status=detail
TikTok,7057825736278788366,https://lifeattiktok.com/search/7057825736278788366?source=jobsinjs.com,2025-09-12,"Frontend Software Engineer, Trust and Safety Platform",TikTok,,,,,no,title_only,include,trust and safety,,,,page_status=detail
TikTok,7064927856997304606,https://lifeattiktok.com/search/7064927856997304606,2025-03-15,Content Moderator (Overnight Shift) - Trust and Safety - São Paulo,TikTok,São Paulo,São Paulo,Brazil,Other,no,title_only,include,trust and safety; content moderat*; moderat*,,,,page_status=detail
TikTok,7065538966619506975,https://lifeattiktok.com/search/7065538966619506975?spread=5MWH5CQ,2025-04-29,"Product Policy Manager, Integrity & Authenticity (I&A)",TikTok,,,,,no,title_only,include,policy manager; integrity,,,,page_status=detail
TikTok,7067372820191906055,https://lifeattiktok.com/search/7067372820191906055,2025-04-28,"Product Policy Lead, Violent Graphic Content",TikTok,,,,,no,title_only,include,policy lead,,,,page_status=detail
TikTok,7067615899788953887,https://lifeattiktok.com/search/7067615899788953887?spread=5MWH5CQ,2025-04-28,Ad Moderation and Risk Investigation Specialist (Spanish Speaker) - São Paulo,TikTok,São Paulo,São Paulo,Brazil,Other,no,title_only,include,moderat*,,spanish,,page_status=detail
TikTok,7075055788256069896,https://lifeattiktok.com/search/7075055788256069896,2025-04-28,Site Trainer - Trust & Safety - Mexico City,TikTok,Mexico City,Mexico City,Mexico,Other,no,title_only,include,trust & safety,,,Mexico,page_status=detail
TikTok,7080809816566909220,https://lifeattiktok.com/search/7080809816566909220,2025-06-13,"Risk Analyst, Trust & Safety (Thai Speaking)",TikTok,,,,,no,title_only,include,trust & safety; risk analyst,,thai,,page_status=detail
TikTok,7080811071934482725,https://lifeattiktok.com/search/7080811071934482725?spread=5MWH5CQ,2025-03-15,"Risk Analysis Intern, Trust & Safety",TikTok,,,,,no,title_only,include,trust & safety,,,,page_status=detail
TikTok,7081318361275779358,https://lifeattiktok.com/search/7081318361275779358,2025-05-16,"Program Manager, Content Classification - Trust & Safety",TikTok,,,,,no,title_only,include,trust & safety,,,,page_status=detail
TikTok,7082614764778342664,https://lifeattiktok.com/search/7082614764778342664?spread=5MWH5CQ,2025-04-28,"Issue Product Policy Intern, Trust & Safety",TikTok,,,,,no,title_only,include,trust & safety,,,,page_status=detail
TikTok,7089451692059609357,https://lifeattiktok.com/search/7089451692059609357?spread=5MWH5CQ,2025-04-27,Content Moderator - French,TikTok,,,,,no,title_only,include,content moderat*; moderat*,,french,,page_status=detail
TikTok,7090366115314551071,https://lifeattiktok.com/search/7090366115314551071?spread=5MWH5CQ,2025-04-30,"Emerging Product Policy Lead, Trust & Safety",TikTok,,,,,no,title_only,include,trust & safety; policy lead,,,,page_status=detail
TikTok,7090524961957677348,https://lifeattiktok.com/search/7090524961957677348,2025-04-29,Government Relations and Public Policy Manager - GCC,TikTok,,,,,no,title_only,include,policy manager; public policy,,,MENA,page_status=detail
TikTok,7093022844456487199,https://lifeattiktok.com/search/7093022844456487199,2025-08-01,"Senior Machine Learning Engineer, Account Integrity",TikTok,,,,,no,title_only,include,integrity,,,,page_status=detail
TikTok,7094567818801449229,https://lifeattiktok.com/search/7094567818801449229?spread=5MWH5CQ,2025-05-12,Senior Legal Counsel - Content Moderation APAC,TikTok,,,,,no,title_only,include,content moderat*; moderat*,,,APAC,page_status=detail
TikTok,7095701851668695327,https://lifeattiktok.com/search/7095701851668695327?spread=5MWH5CQ,2025-05-06,Public Policy Manager,TikTok,,,,,no,title_only,include,policy manager; public policy,,,,page_status=detail
TikTok,7096873440498419975,https://lifeattiktok.com/search/7096873440498419975,2025-04-28,Global Head of Outreach and Partnerships - Trust & Safety,TikTok,,,,,no,title_only,include,trust & safety,,,,page_status=detail
TikTok,7097334423939680525,https://lifeattiktok.com/search/7097334423939680525?spread=5MWH5CQ,2025-04-28,"Product Policy Manager, LATAM South Cone",TikTok,,,,,no,title_only,include,policy manager,,,LATAM,page_status=detail
TikTok,7097335809262930189,https://lifeattiktok.com/search/7097335809262930189?spread=5MWH5CQ,2025-05-06,"Product Policy Manager, LATAM Caribbean",TikTok,,,,,no,title_only,include,policy manager,,,LATAM,page_status=detail
TikTok,7097337455577270541,https://lifeattiktok.com/search/7097337455577270541,2024-12-06,"Product Policy Manager, LATAM Caribbean",TikTok,,,,,no,title_only,include,policy manager,,,LATAM,page_status=detail
TikTok,7098434881554303269,https://lifeattiktok.com/search/7098434881554303269?spread=5MWH5CQ,2025-01-24,Group Lead - Trust & Safety - Mexico City,TikTok,Mexico City,Mexico City,Mexico,Other,no,title_only,include,trust & safety,,,Mexico,page_status=detail
TikTok,7099375560635468063,https://lifeattiktok.com/search/7099375560635468063,2024-11-27,"Machine Learning Research Scientist, Business Integrity",TikTok,,,,,no,title_only,include,integrity,,,,page_status=detail
TikTok,7099716472465639687,https://lifeattiktok.com/search/7099716472465639687?spread=5MWH5CQ,2025-04-26,"Risk Triage Analyst - APAC, Trust & Safety",TikTok,,,,,no,title_only,include,trust & safety,,,APAC,page_status=detail
TikTok,7101532165460478245,https://lifeattiktok.com/search/7101532165460478245?spread=5MWH5CQ,2025-01-25,"Quality Delivery Lead, Trust and Safety-Japan",TikTok,,,,,no,title_only,include,trust and safety,,,Japan,page_status=detail
TikTok,7101798336773327118,https://lifeattiktok.com/search/7101798336773327118?spread=5MWH5CQ,2025-05-16,Advisor - Trust & Safety - Mexico City,TikTok,Mexico City,Mexico City,Mexico,Other,no,title_only,include,trust & safety,,,Mexico,page_status=detail
TikTok,7102092534365604126,https://lifeattiktok.com/search/7102092534365604126?spread=5MWH5CQ,2025-02-06,"Proactive Governance Program Specialist, US",TikTok,,,,,no,title_only,include,governance,,,United States,page_status=detail
TikTok,7103485402997606687,https://lifeattiktok.com/search/7103485402997606687?spread=5MWH5CQ,2025-05-06,"Product Policy Manager, LIVE",TikTok,,,,,no,title_only,include,policy manager,,,,page_status=detail
TikTok,7103486783061690661,https://lifeattiktok.com/search/7103486783061690661?spread=5MWH5CQ,2025-05-06,"Product Policy Manager, Discoverability (Suggested Search & Hashtag)",TikTok,,,,,no,title_only,include,policy manager,,,,page_status=detail
TikTok,7103908935941507342,https://lifeattiktok.com/search/7103908935941507342,2025-05-06,Product Policy Manager - Feed Integrity,TikTok,,,,,no,title_only,include,policy manager; integrity,,,,page_status=detail
TikTok,7106382181669816584,https://lifeattiktok.com/search/7106382181669816584,2025-04-26,"Product Policy Manager, Oceania",TikTok,,,,,no,title_only,include,policy manager,,,,page_status=detail
TikTok,7106862221305760013,https://lifeattiktok.com/search/7106862221305760013?spread=5MWH5CQ,2025-05-06,"Senior Technologist, Americas Public Policy",TikTok,,,,,no,title_only,include,public policy,,,,page_status=detail
TikTok,7109186645497366815,https://lifeattiktok.com/search/7109186645497366815?spread=5MWH5CQ,2025-03-15,"Issue Program Manager, Trust and Safety",TikTok,,,,,no,title_only,include,trust and safety,,,,page_status=detail
TikTok,7109553793469647118,https://lifeattiktok.com/search/7109553793469647118?spread=5MWH5CQ,2025-05-06,Investigations Team Lead - Trust & Safety,TikTok,,,,,no,title_only,include,trust & safety,,,,page_status=detail
TikTok,7111332168153434405,https://lifeattiktok.com/search/7111332168153434405,2025-05-16,Government Relations and Public Policy Associate,TikTok,,,,,no,title_only,include,public policy,,,,page_status=detail
TikTok,7111762764180113678,https://lifeattiktok.com/search/7111762764180113678?spread=5MWH5CQ,2025-05-06,"Policy Counsel, Americas Public Policy",TikTok,,,,,no,title_only,include,public policy,,,,page_status=detail
TikTok,7112729591592159524,https://lifeattiktok.com/search/7112729591592159524?spread=5MWH5CQ,2025-05-06,"Issue Product Policy Manager, Suicide & Self-Harm",TikTok,,,,,no,title_only,include,policy manager,,,,page_status=detail
TikTok,7114279834158991630,https://lifeattiktok.com/search/7114279834158991630,2025-04-27,"Risk Analyst, MENA | Hebrew | Risk & Response",TikTok,,,,,no,title_only,include,risk analyst,,hebrew,MENA,page_status=detail
TikTok,7114429071337654536,https://lifeattiktok.com/search/7114429071337654536,2026-01-14,"Frontend Software Engineer, Global E-commerce Governance Platform",TikTok,,,,,no,title_only,include,governance,,,,page_status=detail
TikTok,7114429426528143624,https://lifeattiktok.com/search/7114429426528143624,2026-05-15,"Backend Software Engineer, Global E-commerce Governance Platform",TikTok,,,,,no,title_only,include,governance,,,,page_status=detail
TikTok,7114429917525690654,https://lifeattiktok.com/search/7114429917525690654,2025-04-27,"Frontend Software Engineer, Global E-commerce Governance Platform - Seattle",TikTok,Seattle,Seattle,United States,Hub,no,title_only,include,governance,,,,page_status=detail
TikTok,7114625621914093861,https://lifeattiktok.com/search/7114625621914093861?spread=5MWH5CQ,2025-06-13,"Senior Public Policy Manager, Brussels",TikTok,,,,,no,title_only,include,policy manager; public policy,,,,page_status=detail
TikTok,7119294785534544135,https://lifeattiktok.com/search/7119294785534544135?spread=5MWH5CQ,2025-05-06,"Escalations Manager, US Trust & Safety: Monetization & LIVE",TikTok,,,,,no,title_only,include,trust & safety; escalation*,,,,page_status=detail
TikTok,7119297456614525214,https://lifeattiktok.com/search/7119297456614525214?spread=5MWH5CQ,2025-04-27,"Escalations Manager, US Trust & Safety",TikTok,,,,,no,title_only,include,trust & safety; escalation*,,,,page_status=detail
TikTok,7119407337131165982,https://lifeattiktok.com/search/7119407337131165982?spread=5MWH5CQ,2025-01-24,Quality Analyst Arabic speaker,TikTok,,,,,no,title_only,include,quality analyst,,arabic,,page_status=detail
TikTok,7120178843822557453,https://lifeattiktok.com/search/7120178843822557453?spread=5MWH5CQ,2025-03-15,"Policy Deployment Manager, EMEA eCommerce Governance",TikTok,,,,,no,title_only,include,governance,,,EMEA,page_status=detail
TikTok,7121937638186420510,https://lifeattiktok.com/search/7121937638186420510?spread=5MWH5CQ,2024-12-06,"Program Manager, Integrity and Authenticity, Trust & Safety",TikTok,,,,,no,title_only,include,trust & safety; integrity,,,,page_status=detail
TikTok,7122394923110140167,https://lifeattiktok.com/search/7122394923110140167?spread=5MWH5CQ,2025-04-29,"Head of Trust & Safety Operations, Partnership Management",TikTok,,,,,no,title_only,include,trust & safety; safety operations,,,,page_status=detail
TikTok,7122483452540258590,https://lifeattiktok.com/search/7122483452540258590?spread=5MWH5CQ,2025-05-06,"Product Policy Manager, Minor Safety - Trust & Safety",TikTok,,,,,no,title_only,include,trust & safety; policy manager; minor safety,,,,page_status=detail
TikTok,7124962580804290852,https://lifeattiktok.com/search/7124962580804290852,2025-04-27,North East Asia Policy Manager (Japan),TikTok,,,,,no,title_only,include,policy manager,,,Japan,page_status=detail
TikTok,7127284736887736589,https://lifeattiktok.com/search/7127284736887736589?spread=5MWH5CQ,2025-03-15,"Product Manager, US Trust & Safety",TikTok,,,,,no,title_only,include,trust & safety,,,,page_status=detail
TikTok,7127989962364635422,https://lifeattiktok.com/search/7127989962364635422?spread=5MWH5CQ,2025-05-03,Government Relations and Public Policy Manager - GCC,TikTok,,,,,no,title_only,include,policy manager; public policy,,,MENA,page_status=detail
TikTok,7129472936050706695,https://lifeattiktok.com/search/7129472936050706695?spread=5MWH5CQ,2025-01-24,"Senior Legal Counsel, Content Moderation",TikTok,,,,,no,title_only,include,content moderat*; moderat*,,,,page_status=detail
TikTok,7129956984639621389,https://lifeattiktok.com/search/7129956984639621389?spread=5MWH5CQ,2025-04-27,"Threat Analyst, Network Analysis and Targeted Manipulation",TikTok,,,,,no,title_only,include,threat analyst,,,,page_status=detail
TikTok,7137677413491804447,https://lifeattiktok.com/search/7137677413491804447?spread=5MWH5CQ,2024-12-06,Risk Management Consultant - Trust & Safety,TikTok,,,,,no,title_only,include,trust & safety,,,,page_status=detail
TikTok,7137944471815801096,https://lifeattiktok.com/search/7137944471815801096,2025-01-25,"AUNZ Country Product Policy Intern, Trust & Safety (3 January - 12 May 2023)",TikTok,,,,,no,title_only,include,trust & safety,,,,page_status=detail
TikTok,7138226105995102478,https://lifeattiktok.com/search/7138226105995102478?spread=5MWH5CQ,2025-05-16,"NEA Country Product Policy Intern, Trust & Safety (3 January - 12 May 2023)",TikTok,,,,,no,title_only,include,trust & safety,,,,page_status=detail
TikTok,7138996494163003655,https://lifeattiktok.com/search/7138996494163003655?spread=5MWH5CQ,2024-12-06,Product Policy Intern (Trust & Safety) - 2023 Summer,TikTok,,,,,no,title_only,include,trust & safety,,,,page_status=detail
TikTok,7143106720267880734,https://lifeattiktok.com/search/7143106720267880734?spread=5MWH5CQ,2025-05-01,TikTok LIVE - Content Quality Assurance Specialist (Based in London),TikTok,London,London,United Kingdom,Other,no,title_only,include,content quality,,,,page_status=detail
TikTok,7145941196425283853,https://lifeattiktok.com/search/7145941196425283853?spread=5MWH5CQ,2025-05-18,"Product Policy Manager, Bullying & Harassment - Trust & Safety",TikTok,,,,,no,title_only,include,trust & safety; policy manager,,,,page_status=detail
TikTok,7148477501441034527,https://lifeattiktok.com/search/7148477501441034527,2025-03-15,"Content Policy Analyst, Minor Exploitation",TikTok,,,,,no,title_only,include,policy analyst,,,,page_status=detail
TikTok,7151085275463502111,https://lifeattiktok.com/search/7151085275463502111?spread=5MWH5CQ,2025-05-05,Ad Policy Intern (Monetization Integrity) - 2023 Summer (Masters),TikTok,,,,,no,title_only,include,integrity,,,,page_status=detail
TikTok,7151407289760483621,https://lifeattiktok.com/search/7151407289760483621,2025-01-24,Lead Threat Intelligence Analyst,TikTok,,,,,no,title_only,include,threat intelligence,,,,page_status=detail
TikTok,7153042802200021261,https://lifeattiktok.com/search/7153042802200021261?spread=5MWH5CQ,2025-02-06,"Product Manager, Youth Safety and Wellbeing - Trust & Safety",TikTok,,,,,no,title_only,include,trust & safety,,,,page_status=detail
TikTok,7154041681239099661,https://lifeattiktok.com/search/7154041681239099661?spread=5MWH5CQ,2025-01-24,Senior Legal Counsel (Content Moderation 5+ PQE) Dublin,TikTok,Dublin,Dublin,Ireland,Hub,no,title_only,include,content moderat*; moderat*,,,Ireland,page_status=detail
TikTok,7155406728103201054,https://lifeattiktok.com/search/7155406728103201054,2025-06-13,Law Enforcement Response Team - Child Safety Specialist (Vietnamese Speaking),TikTok,,,,,no,title_only,include,child safety,,vietnamese,,page_status=detail
TikTok,7158501109040023845,https://lifeattiktok.com/search/7158501109040023845?spread=XKM9ZXE,2025-05-10,"Product Policy Manager, Psychological Wellbeing",TikTok,,,,,no,title_only,include,policy manager,,,,page_status=detail
TikTok,7160708239528380709,https://lifeattiktok.com/search/7160708239528380709?spread=5MWH5CQ,2025-05-04,"Global Child Safety Team Specialist, Risk and Response (Bilingual)",TikTok,,,,,no,title_only,include,child safety,,,,page_status=detail
TikTok,7177407642435946812,https://lifeattiktok.com/search/7177407642435946812,2026-02-22,Content Moderator - English speaker - Amsterdam,TikTok,Amsterdam,Amsterdam,Netherlands,Other,no,title_only,include,content moderat*; moderat*,,english,,page_status=detail
TikTok,7177407705627625785,https://lifeattiktok.com/search/7177407705627625785?spread=G1DWUPV,2025-05-16,Content Moderator - Italian speaker - Amsterdam,TikTok,Amsterdam,Amsterdam,Netherlands,Other,no,title_only,include,content moderat*; moderat*,,italian,,page_status=detail
TikTok,7179112683886446909,https://lifeattiktok.com/search/7179112683886446909,2025-04-04,TikTok LIVE - Content Quality Assurance Specialist (Portuguese Speaking),TikTok,,,,,no,title_only,include,content quality,,portuguese,,page_status=detail
TikTok,7180283016244218172,https://lifeattiktok.com/search/7180283016244218172?spread=5MWH5CQ%3Fref%3Dreactjobs.io,2025-01-24,Frontend Engineer (Platform Governance and Service) - 2023 Start,TikTok,,,,,no,title_only,include,governance,,,,page_status=detail
TikTok,7186752477340993852,https://lifeattiktok.com/search/7186752477340993852?spread=5MWH5CQ,2025-08-09,"Technical Policy Lead, Americas Public Policy",TikTok,,,,,no,title_only,include,public policy; policy lead,,,,page_status=detail
TikTok,7187512873702361401,https://lifeattiktok.com/search/7187512873702361401,2025-04-29,Public Policy Manager - Federal Government Affairs,TikTok,,,,,no,title_only,include,policy manager; public policy,,,,page_status=detail
TikTok,7187512934335138105,https://lifeattiktok.com/search/7187512934335138105?spread=5MWH5CQ,2025-03-15,"Director of Product Policy, Trust & Safety - USDS",TikTok,,,,,no,title_only,include,trust & safety,,,,page_status=detail
TikTok,7189964650942417207,https://lifeattiktok.com/search/7189964650942417207,2024-12-06,"Government Relations and Public Policy Manager, Nigeria and West Africa",TikTok,,,,,no,title_only,include,policy manager; public policy,,,Africa,page_status=detail
TikTok,7190510131679349051,https://lifeattiktok.com/search/7190510131679349051?spread=5MWH5CQ,2025-05-16,"Public Policy Manager, Government Relations",TikTok,,,,,no,title_only,include,policy manager; public policy,,,,page_status=detail
TikTok,7192846093662374205,https://lifeattiktok.com/search/7192846093662374205?spread=5MWH5CQ,2025-03-15,"Senior Manager, Risk & Operations Analytics, Content & Creator Governance - SEA",TikTok,,,,,no,title_only,include,governance,,,,page_status=detail
TikTok,7193170820444670267,https://lifeattiktok.com/search/7193170820444670267,2025-05-12,SEA Public Policy - E-Commerce,TikTok,,,,,no,title_only,include,public policy,,,,page_status=detail
TikTok,7195251794707155260,https://lifeattiktok.com/search/7195251794707155260?spread=5MWH5CQ,2025-06-13,"Capacity Planning Analyst, Trust & Safety",TikTok,,,,,no,title_only,include,trust & safety,,,,page_status=detail
TikTok,7195279617198999864,https://lifeattiktok.com/search/7195279617198999864,2024-12-06,Incentive Abuse Strategy Product Manager - USDS,TikTok,,,,,no,title_only,include,abuse,,,,page_status=detail
TikTok,7197868808023361849,https://lifeattiktok.com/search/7197868808023361849?spread=5MWH5CQ,2025-02-06,"Senior Specialist, Platform User Operations - Trust and Safety",TikTok,,,,,no,title_only,include,trust and safety,,,,page_status=detail
TikTok,7198173989158832445,https://lifeattiktok.com/search/7198173989158832445?spread=5MWH5CQ,2025-04-27,"DarkWeb Threat Intelligence Analyst, Threat Detection and Response - USDS",TikTok,,,,,no,title_only,include,threat intelligence,,,,page_status=detail
TikTok,7198465641820047671,https://lifeattiktok.com/search/7198465641820047671?spread=5MWH5CQ,2025-05-16,Product Development Public Policy Manager,TikTok,,,,,no,title_only,include,policy manager; public policy,,,,page_status=detail
TikTok,7199508775325075768,https://lifeattiktok.com/search/7199508775325075768?spread=5MWH5CQ,2025-05-16,"Product Policy Manager, Indonesia",TikTok,,,,,no,title_only,include,policy manager,,,Indonesia,page_status=detail
TikTok,7199669752045340989,https://lifeattiktok.com/search/7199669752045340989?spread=5MWH5CQ,2025-04-27,"Head of Enforcement Operations, Trust and Safety - USDS",TikTok,,,,,no,title_only,include,trust and safety,,,,page_status=detail
TikTok,7200803367245269304,https://lifeattiktok.com/search/7200803367245269304?spread=5MWH5CQ,2025-06-13,"Product Policy - Centre of Excellence Manager, Trust and Safety",TikTok,,,,,no,title_only,include,trust and safety,,,,page_status=detail
TikTok,7202175782298339643,https://lifeattiktok.com/search/7202175782298339643?spread=5MWH5CQ,2025-02-06,Head of Trust & Safety Operations Vendor Management | EMEA,TikTok,,,,,no,title_only,include,trust & safety; safety operations,,,EMEA,page_status=detail
TikTok,7203814128862054693,https://lifeattiktok.com/search/7203814128862054693?spread=5MWH5CQ,2025-03-15,Public Policy Manager,TikTok,,,,,no,title_only,include,policy manager; public policy,,,,page_status=detail
TikTok,7205279704705009977,https://lifeattiktok.com/search/7205279704705009977,2025-02-06,"Product Manager Lead, Content Classification - Trust & Safety",TikTok,,,,,no,title_only,include,trust & safety,,,,page_status=detail
TikTok,7205403118275496247,https://lifeattiktok.com/search/7205403118275496247,2025-04-27,Product & Process Operations Manager - Business Integrity,TikTok,,,,,no,title_only,include,integrity,,,,page_status=detail
TikTok,7207607733271497020,https://lifeattiktok.com/search/7207607733271497020?spread=5MWH5CQ,2025-02-06,Director of US Trust & Safety Communications,TikTok,,,,,no,title_only,include,trust & safety,,,,page_status=detail
TikTok,7207608214265940285,https://lifeattiktok.com/search/7207608214265940285,2025-06-13,Director of US Trust & Safety Communications,TikTok,,,,,no,title_only,include,trust & safety,,,,page_status=detail
TikTok,7211184105055537465,https://lifeattiktok.com/search/7211184105055537465,2025-03-15,"Communications Manager, Trust and Safety Communications",TikTok,,,,,no,title_only,include,trust and safety,,,,page_status=detail
TikTok,7213479286341323065,https://lifeattiktok.com/search/7213479286341323065?spread=5MWH5CQ,2025-05-16,"Senior Product Manager, Legal & Compliance Reporting Tool - Trust & Safety",TikTok,,,,,no,title_only,include,trust & safety,,,,page_status=detail
TikTok,7215436344700864825,https://lifeattiktok.com/search/7215436344700864825,2025-05-01,Incubation Manager Trust & Safety (Emerging Products),TikTok,,,,,no,title_only,include,trust & safety,,,,page_status=detail
TikTok,7216527852342249785,https://lifeattiktok.com/search/7216527852342249785?spread=5MWH5CQ,2025-03-15,"Manager, Threat Disruption - Trust & Safety",TikTok,,,,,no,title_only,include,trust & safety,,,,page_status=detail
TikTok,7216659848637106493,https://lifeattiktok.com/search/7216659848637106493,2025-04-27,PMO LEAD EMEA - Safety & Integrity - Trust & Safety,TikTok,,,,,no,title_only,include,trust & safety; integrity,,,EMEA,page_status=detail
TikTok,7218585097199962405,https://lifeattiktok.com/search/7218585097199962405?spread=5MWH5CQ,2024-12-06,Site Lead - Trust & Safety - London,TikTok,London,London,United Kingdom,Other,no,title_only,include,trust & safety,,,,page_status=detail
TikTok,7218724923627194679,https://lifeattiktok.com/search/7218724923627194679,2026-03-06,"Governance, Risk, & Compliance (GRC) Analyst",TikTok,,,,,no,title_only,include,governance,,,,page_status=detail
TikTok,7221152612590209338,https://lifeattiktok.com/search/7221152612590209338,2025-09-20,Talent Acquisition Project Intern (Trust and Safety) - 2026 Start (BS/MS),TikTok,,,,,no,title_only,include,trust and safety,,,,page_status=detail
TikTok,7223284667284343098,https://lifeattiktok.com/search/7223284667284343098?spread=5MWH5CQ,2025-02-06,"Program Management Office Lead (APAC), S&I, Trust & Safety",TikTok,,,,,no,title_only,include,trust & safety,,,APAC,page_status=detail
TikTok,7223958405651548475,https://lifeattiktok.com/search/7223958405651548475?spread=5MWH5CQ,2025-04-27,"AI Data Project Management Operation (Safety Operations), Mandarin Speaker, Trust and Safety",TikTok,,,,,no,title_only,include,trust and safety; safety operations,,mandarin,,page_status=detail
TikTok,7224251942653413669,https://lifeattiktok.com/search/7224251942653413669,2025-04-27,"Policy Counsel, Americas Public Policy",TikTok,,,,,no,title_only,include,public policy,,,,page_status=detail
TikTok,7225734054020319546,https://lifeattiktok.com/search/7225734054020319546,2025-04-27,TikTok Shop - Intellectual Property Governance Specialist,TikTok,,,,,no,title_only,include,governance,,,,page_status=detail
TikTok,7226140474008406327,https://lifeattiktok.com/search/7226140474008406327,2025-11-17,"Trust & Safety Communications Manager, Advertising & Product",TikTok,,,,,no,title_only,include,trust & safety,,,,page_status=detail
TikTok,7226140636637251898,https://lifeattiktok.com/search/7226140636637251898,2025-11-17,"Trust & Safety Communications Manager, Advertising & Product",TikTok,,,,,no,title_only,include,trust & safety,,,,page_status=detail
TikTok,7226965507919956284,https://lifeattiktok.com/search/7226965507919956284,2025-04-27,Public Policy (E-Commerce) - Thailand,TikTok,,,,,no,title_only,include,public policy,,,Thailand,page_status=detail
TikTok,7228969789422799159,https://lifeattiktok.com/search/7228969789422799159?spread=5MWH5CQ,2025-04-27,"EMEA Safety & Integrity Lead, MENAT",TikTok,,,,,no,title_only,include,integrity,,,EMEA,page_status=detail
TikTok,7229068294597380407,https://lifeattiktok.com/search/7229068294597380407?spread=5MWH5CQ,2024-12-06,"Safety & Integrity Lead, Brazil - Trust & Safety",TikTok,,,,,no,title_only,include,trust & safety; integrity,,,Brazil,page_status=detail
TikTok,7231260139592091960,https://lifeattiktok.com/search/7231260139592091960,2025-01-25,"Public Policy Manager, South Cone",TikTok,,,,,no,title_only,include,policy manager; public policy,,,,page_status=detail
TikTok,7231364503551183141,https://lifeattiktok.com/search/7231364503551183141?spread=5MWH5CQ,2025-05-01,"Content Moderation Team Leader - Singapore, Trust & Safety",TikTok,Singapore,Singapore,Singapore,Hub,no,title_only,include,trust & safety; content moderat*; moderat*,,,Singapore,page_status=detail
TikTok,7231480264819493176,https://lifeattiktok.com/search/7231480264819493176?spread=5MWH5CQ,2025-02-06,"EMEA Safety & Integrity Lead, France & Nordics",TikTok,,,,,no,title_only,include,integrity,,,France; Nordics; EMEA,page_status=detail
TikTok,7233763055933376828,https://lifeattiktok.com/search/7233763055933376828?spread=G1DWUPV,2025-08-11,Safety Operations Quality Assurance - Trust and Safety - Indonesia,TikTok,,,,,no,title_only,include,trust and safety; safety operations,,,Indonesia,page_status=detail
TikTok,7235841654450800954,https://lifeattiktok.com/search/7235841654450800954,2025-06-13,Policy Training Development Specialist - Trust & Safety,TikTok,,,,,no,title_only,include,trust & safety,,,,page_status=detail
TikTok,7237510041707874621,https://lifeattiktok.com/search/7237510041707874621,2025-04-27,Product Public Policy Coordinator,TikTok,,,,,no,title_only,include,public policy,,,,page_status=detail
TikTok,7238477645527353660,https://lifeattiktok.com/search/7238477645527353660?spread=5MWH5CQ,2025-03-15,"Outreach and Partnerships Manager, Trust & Safety - Australia & New Zealand",TikTok,,,,,no,title_only,include,trust & safety,,,Australia,page_status=detail
TikTok,7239582425583225143,https://lifeattiktok.com/search/7239582425583225143?spread=5MWH5CQ,2025-02-06,"Program Manager, Nepal & Sri Lanka, Trust & Safety",TikTok,,,,,no,title_only,include,trust & safety,,,,page_status=detail
TikTok,7239759347943983420,https://lifeattiktok.com/search/7239759347943983420?spread=5MWH5CQ,2025-04-27,"Global Outreach & Partnerships Manager, Global Programs Lead - Trust & Safety",TikTok,,,,,no,title_only,include,trust & safety,,,,page_status=detail
TikTok,7241313525452638525,https://lifeattiktok.com/search/7241313525452638525?spread=5MWH5CQ,2025-05-16,"Research and Strategy PMO, Americas Public Policy",TikTok,,,,,no,title_only,include,public policy,,,,page_status=detail
TikTok,7241830455841032504,https://lifeattiktok.com/search/7241830455841032504?spread=5MWH5CQ,2025-03-15,"TikTok LIVE - Global Customer Service Quality Analyst, Arabic Speaking",TikTok,,,,,no,title_only,include,quality analyst,,arabic,,page_status=detail
TikTok,7242639312549153061,https://lifeattiktok.com/search/7242639312549153061,2025-02-06,"Public Policy, E-Commerce, Malaysia",TikTok,,,,,no,title_only,include,public policy,,,Malaysia,page_status=detail
TikTok,7245318714865273147,https://lifeattiktok.com/search/7245318714865273147,2025-04-27,"Public Policy Manager, Central America",TikTok,,,,,no,title_only,include,policy manager; public policy,,,,page_status=detail
TikTok,7246919170142341413,https://lifeattiktok.com/search/7246919170142341413,2025-05-16,"Public Policy Manager, Government Relations",TikTok,,,,,no,title_only,include,policy manager; public policy,,,,page_status=detail
TikTok,7247925789222865212,https://lifeattiktok.com/search/7247925789222865212,2025-06-13,"Global Child Safety Team Specialist, Risk and Response - Trust and Safety - Austin",TikTok,Austin,Austin,United States,Hub,no,title_only,include,trust and safety; child safety,,,,page_status=detail
TikTok,7254172841435580727,https://lifeattiktok.com/search/7254172841435580727?spread=5MWH5CQ,2026-06-06,Content Moderator - Arabic Speaker,TikTok,,,,,no,title_only,include,content moderat*; moderat*,,arabic,,page_status=detail
TikTok,7254634972564588837,https://lifeattiktok.com/search/7254634972564588837?spread=5MWH5CQ,2025-02-06,"Regional Product Policy Lead, North America - Trust and Safety - Los Angeles",TikTok,Los Angeles,Los Angeles,United States,Hub,no,title_only,include,trust and safety; policy lead,,,,page_status=detail
TikTok,7257630770620451128,https://lifeattiktok.com/search/7257630770620451128?spread=5MWH5CQ,2025-02-06,Product Development Public Policy Manager,TikTok,,,,,no,title_only,include,policy manager; public policy,,,,page_status=detail
TikTok,7259779500354783546,https://lifeattiktok.com/search/7259779500354783546?spread=5MWH5CQ,2025-05-06,"Competition Counsel, Americas Public Policy",TikTok,,,,,no,title_only,include,public policy,,,,page_status=detail
TikTok,7259786917411211581,https://lifeattiktok.com/search/7259786917411211581,2025-04-29,"Emerging Product Safety Manager, Trust & Safety",TikTok,,,,,no,title_only,include,trust & safety,,,,page_status=detail
TikTok,7259867472912156986,https://lifeattiktok.com/search/7259867472912156986,2025-05-16,Program Manager - Trust & Safety,TikTok,,,,,no,title_only,include,trust & safety,,,,page_status=detail
TikTok,7259914787185740090,https://lifeattiktok.com/search/7259914787185740090,2026-02-08,"Machine Learning Engineer - NLP, TikTok Business Integrity",TikTok,,,,,no,title_only,include,integrity,,,,page_status=detail
TikTok,7259918740056688951,https://lifeattiktok.com/search/7259918740056688951,2026-02-08,"Machine Learning Engineer - Multimodality, TikTok Business Integrity",TikTok,,,,,no,title_only,include,integrity,,,,page_status=detail
TikTok,7260451260208777527,https://lifeattiktok.com/search/7260451260208777527,2024-11-25,"E-Commerce, ESG and Trade Policy Analyst",TikTok,,,,,no,title_only,include,policy analyst,,,,page_status=detail
TikTok,7260739976613415223,https://lifeattiktok.com/search/7260739976613415223,2025-12-24,IP Governance Lead,TikTok,,,,,no,title_only,include,governance,,,,page_status=detail
TikTok,7261793047452322109,https://lifeattiktok.com/search/7261793047452322109,2025-03-20,"Backend Software Engineer, Trust and Safety Engineering (Australia)",TikTok,,,,,no,title_only,include,trust and safety,,,Australia,page_status=detail
TikTok,7262409831579191608,https://lifeattiktok.com/search/7262409831579191608,2026-02-08,Machine Learning Engineer - TikTok Business Integrity,TikTok,,,,,no,title_only,include,integrity,,,,page_status=detail
TikTok,7262410670992738619,https://lifeattiktok.com/search/7262410670992738619,2026-02-08,Machine Learning Research Scientist - TikTok Business Integrity,TikTok,,,,,no,title_only,include,integrity,,,,page_status=detail
TikTok,7262475761466476859,https://lifeattiktok.com/search/7262475761466476859,2025-04-27,"Software Development Engineer in Test - Trust and Safety, TikTok (Canada)",TikTok,,,,,no,title_only,include,trust and safety,,,Canada,page_status=detail
TikTok,7262479442630281533,https://lifeattiktok.com/search/7262479442630281533,2026-02-08,"Research Scientist, Multimodal Machine Learning - Trust and Safety (Canada)",TikTok,,,,,no,title_only,include,trust and safety,,,Canada,page_status=detail
TikTok,7262484665184766245,https://lifeattiktok.com/search/7262484665184766245,2026-02-08,"Backend Software Engineer, Trust and Safety Engineering - Platform, TikTok (Canada)",TikTok,,,,,no,title_only,include,trust and safety,,,Canada,page_status=detail
TikTok,7262485627660683577,https://lifeattiktok.com/search/7262485627660683577,2026-02-08,"Tech Lead Manager (Backend) - Trust and Safety, TikTok (Canada)",TikTok,,,,,no,title_only,include,trust and safety,,,Canada,page_status=detail
TikTok,7262485668198205751,https://lifeattiktok.com/search/7262485668198205751,2026-02-08,"Backend Software Engineer, Trust and Safety - Algorithm Engineering, TikTok (Canada)",TikTok,,,,,no,title_only,include,trust and safety,,,Canada,page_status=detail
TikTok,7262486937234557240,https://lifeattiktok.com/search/7262486937234557240,2026-02-08,"Backend Software Engineer, Trust and Safety Engineering - TikTok (Canada)",TikTok,,,,,no,title_only,include,trust and safety,,,Canada,page_status=detail
TikTok,7263309618783930661,https://lifeattiktok.com/search/7263309618783930661,2025-08-28,"Global AI Data Service Process Operation Manager, Trust and Safety",TikTok,,,,,no,title_only,include,trust and safety,,,,page_status=detail
TikTok,7264335508539574583,https://lifeattiktok.com/search/7264335508539574583,2026-02-08,Machine Learning Engineer - TikTok Business Integrity,TikTok,,,,,no,title_only,include,integrity,,,,page_status=detail
TikTok,7265210753220200765,https://lifeattiktok.com/search/7265210753220200765,2026-02-08,"General Backend Software Engineer - Trust and Safety, TikTok (Canada)",TikTok,,,,,no,title_only,include,trust and safety,,,Canada,page_status=detail
TikTok,7269291372682709303,https://lifeattiktok.com/search/7269291372682709303?utm_source=Trust+and+Safety+Jobs,2025-05-20,"Business Development Partner, AI Data Search And Operations - Trust and Safety",TikTok,,,,,no,title_only,include,trust and safety,,,,page_status=detail
TikTok,7270507969522862394,https://lifeattiktok.com/search/7270507969522862394,2025-05-16,"Frontend Software Engineering Intern, TikTok Trust and Safety - 2024 start",TikTok,,,,,no,title_only,include,trust and safety,,,,page_status=detail
TikTok,7271468613893622075,https://lifeattiktok.com/search/7271468613893622075,2025-04-03,"Content Moderator - Burmese, based in Thailand",TikTok,,,,,no,title_only,include,content moderat*; moderat*,,burmese,Thailand,page_status=detail
TikTok,7272323177559623995,https://lifeattiktok.com/search/7272323177559623995,2025-07-24,Fraud & Loss Ops Investigation Specialist (Vietnamese speaker),TikTok,,,,,no,title_only,include,fraud,,vietnamese,,page_status=detail
TikTok,7276534681419598138,https://lifeattiktok.com/search/7276534681419598138?spread=5MWH5CQ,2025-04-27,TikTok Shop - Senior Product Manager - Creator and Content Governance,TikTok,,,,,no,title_only,include,governance,,,,page_status=detail
TikTok,7278089132970101047,https://lifeattiktok.com/search/7278089132970101047,2026-02-08,"Backend Software Engineer, Trust and Safety Engineering - 2024 Start(BS/MS)",TikTok,,,,,no,title_only,include,trust and safety,,,,page_status=detail
TikTok,7283331379374885157,https://lifeattiktok.com/search/7283331379374885157,2024-12-06,"TikTok Shop - Product Compliance Policy Manager, GNE Global Selling",TikTok,,,,,no,title_only,include,policy manager,,,,page_status=detail
TikTok,7283529563954694461,https://lifeattiktok.com/search/7283529563954694461?spread=G1DWUPV,2025-07-18,Product Manager - Trust & Safety (High Harm Obstruction),TikTok,,,,,no,title_only,include,trust & safety,,,,page_status=detail
TikTok,7293578561087359258,https://lifeattiktok.com/search/7293578561087359258,2025-07-18,"Product Policy Manager, MENA - Trust & Safety",TikTok,,,,,no,title_only,include,trust & safety; policy manager,,,MENA,page_status=detail
TikTok,7294268305148365093,https://lifeattiktok.com/search/7294268305148365093,2025-04-26,"Regional Product Policy Lead, EMEA - Trust & Safety",TikTok,,,,,no,title_only,include,trust & safety; policy lead,,,EMEA,page_status=detail
TikTok,7301262828970838282,https://lifeattiktok.com/search/7301262828970838282,2025-04-26,Head of Integrity & Authenticity Policy - Trust & Safety,TikTok,,,,,no,title_only,include,trust & safety; integrity,,,,page_status=detail
TikTok,7304363711190403366,https://lifeattiktok.com/search/7304363711190403366,2025-04-26,Head of Integrity & Authenticity Policy - Trust & Safety,TikTok,,,,,no,title_only,include,trust & safety; integrity,,,,page_status=detail
TikTok,7306246341402364170,https://lifeattiktok.com/search/7306246341402364170,2025-02-06,Cyber Security Intern (Global Security Governance and Reporting) - 2024 Summer (BS/MS),TikTok,,,,,no,title_only,include,governance,,,,page_status=detail
TikTok,7306706361278466354,https://lifeattiktok.com/search/7306706361278466354,2025-04-28,"Frontend Software Engineer - TikTok, Trust & Safety",TikTok,,,,,no,title_only,include,trust & safety,,,,page_status=detail
TikTok,7308811638038612262,https://lifeattiktok.com/search/7308811638038612262,2026-02-08,"Software Engineer, Front End - TikTok Trust and Safety (Canada)",TikTok,,,,,no,title_only,include,trust and safety,,,Canada,page_status=detail
TikTok,7317164649063909670,https://lifeattiktok.com/search/7317164649063909670?spread=XKM9ZXE,2025-11-11,TikTok LIVE - Content Quality Assurance Specialist (Arabic Speaking),TikTok,,,,,no,title_only,include,content quality,,arabic,,page_status=detail
TikTok,7317169383457360138,https://lifeattiktok.com/search/7317169383457360138,2025-04-03,TikTok LIVE - Content Quality Assurance Specialist (Arabic Speaking),TikTok,,,,,no,title_only,include,content quality,,arabic,,page_status=detail
TikTok,7322497074464655653,https://lifeattiktok.com/search/7322497074464655653,2025-01-18,Security Operations Expert - Global E-commerce (Governance and Experience),TikTok,,,,,no,title_only,include,governance,,,,page_status=detail
TikTok,7322933464763812147,https://lifeattiktok.com/search/7322933464763812147,2026-02-08,"Platform Product Manager, Customer Service Platform (Trust and Safety)",TikTok,,,,,no,title_only,include,trust and safety,,,,page_status=detail
TikTok,7324982768725805363,https://lifeattiktok.com/search/7324982768725805363,2025-11-17,Advertising Audit Specialist (Japanese Speaking) - Monetization Integrity,TikTok,,,,,no,title_only,include,integrity,,japanese,,page_status=detail
TikTok,7325514771464538394,https://lifeattiktok.com/search/7325514771464538394,2025-04-27,"Data Scientist, EMEA - Trust & Safety",TikTok,,,,,no,title_only,include,trust & safety,,,EMEA,page_status=detail
TikTok,7325800502871361830,https://lifeattiktok.com/search/7325800502871361830,2025-05-16,Emergency Response Team Specialist (Bilingual Japanese) - Trust and Safety - Bay Area,TikTok,,,,,no,title_only,include,trust and safety,,japanese,,page_status=detail
TikTok,7326989497097636146,https://lifeattiktok.com/search/7326989497097636146,2025-07-31,"Machine Learning Engineer, Account Integrity",TikTok,,,,,no,title_only,include,integrity,,,,page_status=detail
TikTok,7327254216514291978,https://lifeattiktok.com/search/7327254216514291978,2025-05-03,Government Relations and Public Policy Manager (Francophone Africa),TikTok,,,,,no,title_only,include,policy manager; public policy,,,Africa,page_status=detail
TikTok,7327490885322770698,https://lifeattiktok.com/search/7327490885322770698,2026-02-08,"Software Development Engineer in Test - Trust and Safety, TikTok (Canada)",TikTok,,,,,no,title_only,include,trust and safety,,,Canada,page_status=detail
TikTok,7327492838819072306,https://lifeattiktok.com/search/7327492838819072306,2024-11-26,"Senior Research Scientist, Multimodal Machine Learning - Trust and Safety",TikTok,,,,,no,title_only,include,trust and safety,,,,page_status=detail
TikTok,7327665336449370395,https://lifeattiktok.com/search/7327665336449370395,2025-04-26,"Product Manager, Trust & Safety",TikTok,,,,,no,title_only,include,trust & safety,,,,page_status=detail
TikTok,7329769033153906954,https://lifeattiktok.com/search/7329769033153906954?spread=G1DWUPV,2025-02-06,TikTok Local Services - Creator & Content Governance,TikTok,,,,,no,title_only,include,governance,,,,page_status=detail
TikTok,7329812111635679526,https://lifeattiktok.com/search/7329812111635679526?utm_source=Trust+and+Safety+Jobs,2025-05-20,"Graduate Backend Software Engineer, Trust and Safety Engineering - 2025 Start (Australia)",TikTok,,,,,no,title_only,include,trust and safety,,,Australia,page_status=detail
TikTok,7330104552680835354,https://lifeattiktok.com/search/7330104552680835354,2025-08-28,TikTok Shop - Data Scientist - Governance and Experience,TikTok,,,,,no,title_only,include,governance,,,,page_status=detail
TikTok,7332417543137118473,https://lifeattiktok.com/search/7332417543137118473,2025-01-25,Backend Engineer Intern (Trust & Safety Platform) - 2024 Nov/Dec Start,TikTok,,,,,no,title_only,include,trust & safety,,,,page_status=detail
TikTok,7335135620324739366,https://lifeattiktok.com/search/7335135620324739366?spread=5MWH5CQ&utm_medium=jobboard&utm_source=tspa.org,2026-01-24,Head of Trust & Safety Operations Quality AMS,TikTok,,,,,no,title_only,include,trust & safety; safety operations,,,,page_status=detail
TikTok,7338936411456096549,https://lifeattiktok.com/search/7338936411456096549?spread=5MWH5CQ,2025-05-16,"Public Policy Manager, State",TikTok,,,,,no,title_only,include,policy manager; public policy,,,,page_status=detail
TikTok,7341339115126475059,https://lifeattiktok.com/search/7341339115126475059,2025-04-07,TikTok LIVE - Content Quality Assurance Specialist (Italian Speaking),TikTok,,,,,no,title_only,include,content quality,,italian,,page_status=detail
TikTok,7342923703820667174,https://lifeattiktok.com/search/7342923703820667174,2025-04-27,"Public Policy Manager, Sweden",TikTok,,,,,no,title_only,include,policy manager; public policy,,,,page_status=detail
TikTok,7345437012902234419,https://lifeattiktok.com/search/7345437012902234419?gh_src=MIT+Sloan+Career+Development+Office+job+board,2025-07-22,HR Business Partner - Trust & Safety - London (6month FTC),TikTok,London,London,United Kingdom,Other,no,title_only,include,trust & safety,,,,page_status=detail
TikTok,7346049496113580315,https://lifeattiktok.com/search/7346049496113580315?source=jobs.datamasked.com,2025-02-06,"Data Scientist, Product Analytics - Trust & Safety",TikTok,,,,,no,title_only,include,trust & safety,,,,page_status=detail
TikTok,7346313631669438730,https://lifeattiktok.com/search/7346313631669438730?utm_source=Trust+and+Safety+Jobs,2025-05-20,"Machine Learning Engineer, TikTok Trust and Safety",TikTok,,,,,no,title_only,include,trust and safety,,,,page_status=detail
TikTok,7346319256134633766,https://lifeattiktok.com/search/7346319256134633766?utm_source=Getro.org+job+board&utm_medium=getro.com&gh_src=Getro.org+job+board,2025-12-09,"Senior Machine Learning Engineer, TikTok Trust and Safety",TikTok,,,,,no,title_only,include,trust and safety,,,,page_status=detail
TikTok,7346771602220583218,https://lifeattiktok.com/search/7346771602220583218,2025-04-26,"Public Policy Manager, Federal Government Affairs",TikTok,,,,,no,title_only,include,policy manager; public policy,,,,page_status=detail
TikTok,7347543610411469065,https://lifeattiktok.com/search/7347543610411469065,2025-04-01,Content Moderator (Feature) - VN,TikTok,,,,,no,title_only,include,content moderat*; moderat*,,,Vietnam,page_status=detail
TikTok,7350423354392299814,https://lifeattiktok.com/search/7350423354392299814,2025-05-09,Senior Trust & Safety and Product Review Legal Counsel - USDS,TikTok,,,,,no,title_only,include,trust & safety,,,,page_status=detail
TikTok,7352826248441727241,https://lifeattiktok.com/search/7352826248441727241,2025-03-15,"Content Moderator, Short Video - Korea",TikTok,,,,,no,title_only,include,content moderat*; moderat*,,,Korea,page_status=detail
TikTok,7354141495338174758,https://lifeattiktok.com/search/7354141495338174758?spread=5MWH5CQ,2026-01-24,Wellbeing Operations Manager Americas- Trust and Safety,TikTok,,,,,no,title_only,include,trust and safety,,,,page_status=detail
TikTok,7355937818873022770,https://lifeattiktok.com/search/7355937818873022770,2026-02-06,"Product Policy Manager, AI Applications - Trust and Safety - Bay Area",TikTok,,,,,no,title_only,include,trust and safety; policy manager,,,,page_status=detail
TikTok,7356166704290728229,https://lifeattiktok.com/search/7356166704290728229,2025-04-04,TikTok LIVE - Content Quality Assurance Specialist (Romanian Speaking),TikTok,,,,,no,title_only,include,content quality,,romanian,,page_status=detail
TikTok,7357077513849587977,https://lifeattiktok.com/search/7357077513849587977,2025-04-26,"Public Policy Coordinator, Election Integrity and GPPPA - LATAM",TikTok,,,,,no,title_only,include,public policy; integrity; election integrity,,,LATAM,page_status=detail
TikTok,7357078388533676314,https://lifeattiktok.com/search/7357078388533676314,2025-04-27,"Public Policy Coordinator, Election Integrity and GPPPA - LATAM",TikTok,,,,,no,title_only,include,public policy; integrity; election integrity,,,LATAM,page_status=detail
TikTok,7358692856267016458,https://lifeattiktok.com/search/7358692856267016458,2025-04-27,"Public Policy Manager, AI Lead",TikTok,,,,,no,title_only,include,policy manager; public policy,,,,page_status=detail
TikTok,7360648383595743515,https://lifeattiktok.com/search/7360648383595743515?utm_source=Trust+and+Safety+Jobs,2025-05-20,"Global Head of Regional Safety & Risk Response, Trust & Safety",TikTok,,,,,no,title_only,include,trust & safety,,,,page_status=detail
TikTok,7361347695615265074,https://lifeattiktok.com/search/7361347695615265074,2025-01-18,"Scaled and Platform Abuse, Product/Program Manager",TikTok,,,,,no,title_only,include,abuse,,,,page_status=detail
TikTok,7361455923548670259,https://lifeattiktok.com/search/7361455923548670259,2025-02-18,"Senior Content Moderation Counsel, Trust & Safety Policy",TikTok,,,,,no,title_only,include,trust & safety; content moderat*; safety policy; moderat*,,,,page_status=detail
TikTok,7364106036356270374,https://lifeattiktok.com/search/7364106036356270374?spread=5MWH5CQ,2025-05-16,"Product Policy Manager, Health and Science Misinformation - Trust & Safety - San Francisco",TikTok,San Francisco,San Francisco,United States,Hub,no,title_only,include,trust & safety; policy manager; misinformation,,,,page_status=detail
TikTok,7364108064876316937,https://lifeattiktok.com/search/7364108064876316937?spread=XKM9ZXE,2025-04-27,"Product Policy Manager, Youth Safety & Wellbeing - San Francisco - Trust & Safety",TikTok,San Francisco,San Francisco,United States,Hub,no,title_only,include,trust & safety; policy manager,,,,page_status=detail
TikTok,7366367851467720986,https://lifeattiktok.com/search/7366367851467720986?spread=5MWH5CQ,2025-06-13,"Head of Issue & Product, Outreach & Partnerships Management - San Francisco - Trust & Safety",TikTok,San Francisco,San Francisco,United States,Hub,no,title_only,include,trust & safety,,,,page_status=detail
TikTok,7366691740575467786,https://lifeattiktok.com/search/7366691740575467786,2024-11-08,Product Operation Specialist - Trust and Safety - San Jose,TikTok,San Jose,San Jose,United States,Hub,no,title_only,include,trust and safety,,,,page_status=detail
TikTok,7367293253706189093,https://lifeattiktok.com/search/7367293253706189093?utm_source=Trust+and+Safety+Jobs,2025-05-20,"Project Specialist, Search and Account Safety Operations - Trust & Safety",TikTok,,,,,no,title_only,include,trust & safety; safety operations,,,,page_status=detail
TikTok,7369354150536481034,https://lifeattiktok.com/search/7369354150536481034?spread=XKM9ZXE,2025-04-27,Product Policy Specialist - USDS,TikTok,,,,,no,title_only,include,policy specialist,,,,page_status=detail
TikTok,7369734739941624114,https://lifeattiktok.com/search/7369734739941624114?spread=5MWH5CQ,2024-11-26,"Youth Safety Product Manager, Trust & Safety - New York",TikTok,New York,New York,United States,Hub,no,title_only,include,trust & safety,,,,page_status=detail
TikTok,7369761717599815974,https://lifeattiktok.com/search/7369761717599815974?utm_campaign=jobs-internships-fellowships-and-more&utm_medium=referral&utm_source=greenjobs.beehiiv.com,2025-02-06,"TikTok Shop - ESG(Environmental, Social, and Governance) Manager",TikTok,,,,,no,title_only,include,governance,,,,page_status=detail
TikTok,7374471443902581029,https://lifeattiktok.com/search/7374471443902581029,2024-11-21,"Public Policy Manager, Global Institution and Forum Engagement",TikTok,,,,,no,title_only,include,policy manager; public policy,,,,page_status=detail
TikTok,7376463578478872859,https://lifeattiktok.com/search/7376463578478872859?gh_src=Getro.org+job+board&utm_medium=getro.com&utm_source=Getro.org+job+board,2025-05-16,Escalations & Validation Team Manager - USDS,TikTok,,,,,no,title_only,include,escalation*,,,,page_status=detail
TikTok,7379074543912159538,https://lifeattiktok.com/search/7379074543912159538?utm_source=Trust+and+Safety+Jobs,2025-05-20,TikTok Shop - Moderation Model Labeling Program Manager,TikTok,,,,,no,title_only,include,moderat*,,,,page_status=detail
TikTok,7381856434650319141,https://lifeattiktok.com/search/7381856434650319141,2025-03-15,Quality Labelling Specialist - (Third Party Contractor) - ModLab - Hungarian Market,TikTok,,,,,no,title_only,include,labelling specialist,,hungarian,,page_status=detail
TikTok,7381903920673376562,https://lifeattiktok.com/search/7381903920673376562,2025-08-14,"Business Intelligence Analyst, Trust & Safety - USDS",TikTok,,,,,no,title_only,include,trust & safety,,,,page_status=detail
TikTok,7386993309929474342,https://lifeattiktok.com/search/7386993309929474342,2024-12-08,Policy Training Development Lead EMEA - Trust and Safety,TikTok,,,,,no,title_only,include,trust and safety,,,EMEA,page_status=detail
TikTok,7387429545751742757,https://lifeattiktok.com/search/7387429545751742757,2024-12-08,Quality Operations Team Lead - Trust and Safety - London,TikTok,London,London,United Kingdom,Other,no,title_only,include,trust and safety,,,,page_status=detail
TikTok,7389196656468871474,https://lifeattiktok.com/search/7389196656468871474?spread=5MWH5CQ,2025-02-06,"Risk Manager, Trust & Safety",TikTok,,,,,no,title_only,include,trust & safety,,,,page_status=detail
TikTok,7390501770492365094,https://lifeattiktok.com/search/7390501770492365094?spread=5MWH5CQ,2026-01-24,"Program Manager, Core Safety, Real World Harm - Trust & Safety - Washington D.C.",TikTok,Washington,Washington,United States,Hub,no,title_only,include,trust & safety,,,,page_status=detail
TikTok,7392505027803859227,https://lifeattiktok.com/search/7392505027803859227,2025-04-26,"Public Policy Manager, E-Commerce, Thailand",TikTok,,,,,no,title_only,include,policy manager; public policy,,,Thailand,page_status=detail
TikTok,7394350355264227594,https://lifeattiktok.com/search/7394350355264227594?spread=5MWH5CQ,2024-12-21,"Frontend Engineer, Global E-commerce (Governance Service) - 2025 Start",TikTok,,,,,no,title_only,include,governance,,,,page_status=detail
TikTok,7394866658823620891,https://lifeattiktok.com/search/7394866658823620891,2025-04-24,Operations Intern (Trust & Safety - Wellbeing) - 2025 Summer(BS/MS),TikTok,,,,,no,title_only,include,trust & safety,,,,page_status=detail
TikTok,7395404609059146034,https://lifeattiktok.com/search/7395404609059146034,2025-12-24,Platform User Operation Specialist - Trust and Safety - 2025 Start,TikTok,,,,,no,title_only,include,trust and safety,,,,page_status=detail
TikTok,7397453649348479270,https://lifeattiktok.com/search/7397453649348479270?spread=5MWH5CQ,2026-03-15,Machine Learning Engineer Intern (E-commerce Governance Algorithms) - 2025 Summer/Fall (BS/MS),TikTok,,,,,no,title_only,include,governance,,,,page_status=detail
TikTok,7397453790515923227,https://lifeattiktok.com/search/7397453790515923227,2025-05-01,Machine Learning Engineer Intern (E-commerce Governance Algorithms) - 2025 Summer/Fall (PhD),TikTok,,,,,no,title_only,include,governance,,,,page_status=detail
TikTok,7397455103747836210,https://lifeattiktok.com/search/7397455103747836210,2025-10-11,Data Scientist Intern (E-commerce Governance Algorithms) - 2025 Summer/Fall (BS/MS),TikTok,,,,,no,title_only,include,governance,,,,page_status=detail
TikTok,7397455406417463603,https://lifeattiktok.com/search/7397455406417463603,2025-10-11,Data Scientist Intern (E-commerce Governance Algorithms) - 2025 Summer/Fall (PhD),TikTok,,,,,no,title_only,include,governance,,,,page_status=detail
TikTok,7397455434090694921,https://lifeattiktok.com/search/7397455434090694921,2025-07-05,Data Scientist Intern (E-commerce Governance Algorithms) - 2025 Summer/Fall (BS/MS),TikTok,,,,,no,title_only,include,governance,,,,page_status=detail
TikTok,7397457236119931146,https://lifeattiktok.com/search/7397457236119931146,2025-10-11,Data Scientist Intern (E-commerce Governance Algorithms) - 2025 Summer/Fall (PhD),TikTok,,,,,no,title_only,include,governance,,,,page_status=detail
TikTok,7398140655631681843,https://lifeattiktok.com/search/7398140655631681843,2025-04-28,Government Relations and Public Policy Manager - Global Public Policy - Southern Africa,TikTok,,,,,no,title_only,include,policy manager; public policy,,,Africa,page_status=detail
TikTok,7399490400585435402,https://lifeattiktok.com/search/7399490400585435402,2025-04-01,"Content Moderator, Urdu Speaker - Trust & Safety",TikTok,,,,,no,title_only,include,trust & safety; content moderat*; moderat*,,urdu,,page_status=detail
TikTok,7399638481338960165,https://lifeattiktok.com/search/7399638481338960165,2025-04-06,"Content Moderator (Feature - Push) - Urdu Speaking, Malaysia - Trust and Safety",TikTok,,,,,no,title_only,include,trust and safety; content moderat*; moderat*,,urdu,Malaysia,page_status=detail
TikTok,7399771329594296627,https://lifeattiktok.com/search/7399771329594296627,2026-01-24,"Policy Manager, Cross Issue & Product - Trust and Safety",TikTok,,,,,no,title_only,include,trust and safety; policy manager,,,,page_status=detail
TikTok,7400191947107092773,https://lifeattiktok.com/search/7400191947107092773,2025-07-20,Quality Assurance - English Speaking - Trust and Safety,TikTok,,,,,no,title_only,include,trust and safety,,english,,page_status=detail
TikTok,7402186468313336101,https://lifeattiktok.com/search/7402186468313336101,2025-09-08,ADSEO Safety Ops Quality Analyst - Traditional Mandarin Speaker - Trust and Safety,TikTok,,,,,no,title_only,include,trust and safety; quality analyst,,mandarin,,page_status=detail
TikTok,7402499095930226971,https://lifeattiktok.com/search/7402499095930226971,2025-04-03,"Content Moderator (Feature - Badness) - Urdu Speaking, Malaysia - Trust and Safety",TikTok,,,,,no,title_only,include,trust and safety; content moderat*; moderat*,,urdu,Malaysia,page_status=detail
TikTok,7403129603608873253,https://lifeattiktok.com/search/7403129603608873253?spread=5MWH5CQ,2025-04-27,"Global Policy Lead, Violent Behaviors & Dangerous Actors - Trust and Safety",TikTok,,,,,no,title_only,include,trust and safety; policy lead,,,,page_status=detail
TikTok,7403789005329189170,https://lifeattiktok.com/search/7403789005329189170,2025-12-11,"TikTok Shop - Chief of Staff, eCommerce Content and Creator Governance",TikTok,,,,,no,title_only,include,governance,,,,page_status=detail
TikTok,7405079046089017610,https://lifeattiktok.com/search/7405079046089017610,2024-12-17,"Software Development Engineer in Test - Trust and Safety, TikTok",TikTok,,,,,no,title_only,include,trust and safety,,,,page_status=detail
TikTok,7405333572192930085,https://lifeattiktok.com/search/7405333572192930085?spread=5MWH5CQ,2025-03-15,TikTok Shop - Strategy Product Manager Anti-Fraud Intelligence Solutions - USDS,TikTok,,,,,no,title_only,include,fraud,,,,page_status=detail
TikTok,7405837086333897011,https://lifeattiktok.com/search/7405837086333897011,2025-04-27,"Policy Manager - Pakistan, Trust and Safety",TikTok,,,,,no,title_only,include,trust and safety; policy manager,,,Pakistan,page_status=detail
TikTok,7408098545339369765,https://lifeattiktok.com/search/7408098545339369765,2025-04-17,"Senior Product Operations Manager, Governance & Experience - Local Services (Singapore)",TikTok,Singapore,Singapore,Singapore,Hub,no,title_only,include,governance,,,Singapore,page_status=detail
TikTok,7413359313924344091,https://lifeattiktok.com/search/7413359313924344091,2025-06-13,Public Policy Manager - Global Public Policy- Nepal,TikTok,,,,,no,title_only,include,policy manager; public policy,,,,page_status=detail
TikTok,7413985794476329253,https://lifeattiktok.com/search/7413985794476329253,2025-04-30,Public Policy Leader - Singapore,TikTok,Singapore,Singapore,Singapore,Hub,no,title_only,include,public policy,,,Singapore,page_status=detail
TikTok,7414000297331689766,https://lifeattiktok.com/search/7414000297331689766,2025-07-31,"Model Policy Lead - Video Policy, Trust & Safety",TikTok,,,,,no,title_only,include,trust & safety; policy lead,,,,page_status=detail
TikTok,7414267899827472691,https://lifeattiktok.com/search/7414267899827472691,2024-12-08,TikTok Shop - Head of Global Moderation Services,TikTok,,,,,no,title_only,include,moderat*,,,,page_status=detail
TikTok,7416033862087985435,https://lifeattiktok.com/search/7416033862087985435,2024-12-17,Commerce - Moderation Strategy Operations Program Manager,TikTok,,,,,no,title_only,include,moderat*,,,,page_status=detail
TikTok,7416748599410919706,https://lifeattiktok.com/search/7416748599410919706,2024-11-23,Head of E-Commerce Europe - Public Policy Europe,TikTok,,,,,no,title_only,include,public policy,,,Europe,page_status=detail
TikTok,7418743595858381082,https://lifeattiktok.com/search/7418743595858381082,2024-11-26,Content Designer - Trust & Safety,TikTok,,,,,no,title_only,include,trust & safety,,,,page_status=detail
TikTok,7421843328280676659,https://lifeattiktok.com/search/7421843328280676659,2025-04-06,"Content Moderator, Emerging Product - Korea",TikTok,,,,,no,title_only,include,content moderat*; moderat*,,,Korea,page_status=detail
TikTok,7423117358526957834,https://lifeattiktok.com/search/7423117358526957834,2026-04-21,Advertising Policy Manager | Americas,TikTok,,,,,no,title_only,include,policy manager,,,,page_status=detail
TikTok,7424419013541890330,https://lifeattiktok.com/search/7424419013541890330?utm_campaign=elon-musk-unveils-autonomous-vehicles-and-robot&utm_medium=referral&utm_source=www.aiplanetx.com,2025-08-08,Software Engineer (Tech Lead) - Governance Platform,TikTok,,,,,no,title_only,include,governance,,,,page_status=detail
TikTok,7425659087376910630,https://lifeattiktok.com/search/7425659087376910630?utm_source=Trust+and+Safety+Jobs,2025-05-20,"Senior Policy Specialist, TikTok LIVE Monetization Policy",TikTok,,,,,no,title_only,include,policy specialist,,,,page_status=detail
TikTok,7425671164964014374,https://lifeattiktok.com/search/7425671164964014374,2025-04-02,"Public Policy Manager, GBS Lead",TikTok,,,,,no,title_only,include,policy manager; public policy,,,,page_status=detail
TikTok,7425671250430871834,https://lifeattiktok.com/search/7425671250430871834,2025-04-02,"Public Policy Manager, GBS Lead",TikTok,,,,,no,title_only,include,policy manager; public policy,,,,page_status=detail
TikTok,7425672084066142474,https://lifeattiktok.com/search/7425672084066142474,2025-04-02,"Public Policy Manager, GBS Lead",TikTok,,,,,no,title_only,include,policy manager; public policy,,,,page_status=detail
TikTok,7425672680563657010,https://lifeattiktok.com/search/7425672680563657010?spread=5MWH5CQ,2024-12-08,"Public Policy Manager, GBS Lead",TikTok,,,,,no,title_only,include,policy manager; public policy,,,,page_status=detail
TikTok,7425672757042268442,https://lifeattiktok.com/search/7425672757042268442?spread=XKM9ZXE,2025-04-27,"Public Policy Manager, GBS Lead",TikTok,,,,,no,title_only,include,policy manager; public policy,,,,page_status=detail
TikTok,7426132764489451814,https://lifeattiktok.com/search/7426132764489451814,2024-12-18,"Head of Emergency Response, Trust & Safety - USDS",TikTok,,,,,no,title_only,include,trust & safety,,,,page_status=detail
TikTok,7426669595388496154,https://lifeattiktok.com/search/7426669595388496154,2025-11-17,"Advertising Policy Manager, Policy Solutions",TikTok,,,,,no,title_only,include,policy manager,,,,page_status=detail
TikTok,7429806216672643365,https://lifeattiktok.com/search/7429806216672643365,2024-11-25,"Reporting & Insights Lead, Global Safety & Support- Trust & Safety- Los Angeles",TikTok,Los Angeles,Los Angeles,United States,Hub,no,title_only,include,trust & safety,,,,page_status=detail
TikTok,7431176803966519603,https://lifeattiktok.com/search/7431176803966519603?spread=5MWH5CQ&utm_source=Trust+and+Safety+Jobs,2025-04-24,"Platform Integrity, Product Policy, and Compliance",TikTok,,,,,no,title_only,include,integrity,,,,page_status=detail
TikTok,7432364683186997541,https://lifeattiktok.com/search/7432364683186997541,2024-11-15,Search Operations Quality Assurance - Trust and Safety - Austin,TikTok,Austin,Austin,United States,Hub,no,title_only,include,trust and safety,,,,page_status=detail
TikTok,7433854332501526838,https://lifeattiktok.com/search/7433854332501526838,2024-11-19,TikTok Shop - Governance Operational Risk Analyst,TikTok,,,,,no,title_only,include,risk analyst; governance,,,,page_status=detail
TikTok,7436709806934608135,https://lifeattiktok.com/search/7436709806934608135,2025-04-03,"TikTok Shop - Listing Governance Program Manager, Governance & Experience, EMEA",TikTok,,,,,no,title_only,include,governance,,,EMEA,page_status=detail
TikTok,7437416148804733202,https://lifeattiktok.com/search/7437416148804733202,2025-01-18,"Monetization Integrity, PMO",TikTok,,,,,no,title_only,include,integrity,,,,page_status=detail
TikTok,7439625026339293458,https://lifeattiktok.com/search/7439625026339293458,2025-01-18,"Product / Program Manager, Scaled and Platform Abuse, Trust & Safety",TikTok,,,,,no,title_only,include,trust & safety; abuse,,,,page_status=detail
TikTok,7441789894541986056,https://lifeattiktok.com/search/7441789894541986056,2025-04-08,Global E-commerce Specialist- Spanish - Trust and Safety -Austin,TikTok,Austin,Austin,United States,Hub,no,title_only,include,trust and safety,,spanish,,page_status=detail
TikTok,7443891104946473224,https://lifeattiktok.com/search/7443891104946473224,2024-12-10,Content Quality Assurance - Austin,TikTok,Austin,Austin,United States,Hub,no,title_only,include,content quality,,,,page_status=detail
TikTok,7445019935787944200,https://lifeattiktok.com/search/7445019935787944200,2024-12-17,Senior Product Designer - Trust & Safety,TikTok,,,,,no,title_only,include,trust & safety,,,,page_status=detail
TikTok,7447220866721630482,https://lifeattiktok.com/search/7447220866721630482,2024-12-17,Search Operations Quality Analyst - Trust & Safety - Austin,TikTok,Austin,Austin,United States,Hub,no,title_only,include,trust & safety; quality analyst,,,,page_status=detail
TikTok,7447222467029190920,https://lifeattiktok.com/search/7447222467029190920?spread=5MWH5CQ&utm_source=Trust+and+Safety+Jobs,2025-04-24,Search Operations Quality Analyst (Spanish) - Trust & Safety - Austin,TikTok,Austin,Austin,United States,Hub,no,title_only,include,trust & safety; quality analyst,,spanish,,page_status=detail
TikTok,7447511086280050951,https://lifeattiktok.com/search/7447511086280050951,2025-07-11,"Environmental, Social, and Governance (ESG) & Climate Strategist",TikTok,,,,,no,title_only,include,governance,,,,page_status=detail
TikTok,7448885304906664210,https://lifeattiktok.com/search/7448885304906664210,2025-04-08,PMO Intern - Monetization Integrity - 2025 start,TikTok,,,,,no,title_only,include,integrity,,,,page_status=detail
TikTok,7450436539387218184,https://lifeattiktok.com/search/7450436539387218184?utm_source=Trust+and+Safety+Jobs,2025-05-20,"Senior Software Development Engineer-Data Insights-Trust and Safety, TikTok-Singapore",TikTok,Singapore,Singapore,Singapore,Hub,no,title_only,include,trust and safety,,,Singapore,page_status=detail
TikTok,7454065763520432392,https://lifeattiktok.com/search/7454065763520432392,2025-09-08,"Backend Software Engineer (Data Insights) , Trust and Safety Platform",TikTok,,,,,no,title_only,include,trust and safety,,,,page_status=detail
TikTok,7460056375336438034,https://lifeattiktok.com/search/7460056375336438034,2025-08-14,"e-Commerce Platform Integrity, Product Policy, and Compliance",TikTok,,,,,no,title_only,include,integrity,,,,page_status=detail
TikTok,7460246235066124551,https://lifeattiktok.com/search/7460246235066124551?spread=5MWH5CQ&utm_source=Trust+and+Safety+Jobs,2025-04-24,Policy Training Development Specialist - Trust and Safety,TikTok,,,,,no,title_only,include,trust and safety,,,,page_status=detail
TikTok,7461813202695768327,https://lifeattiktok.com/search/7461813202695768327,2026-07-26,"Machine Learning Engineer Graduate, Trust and Safety Engineering - 2026 Start",TikTok,,,,,no,title_only,include,trust and safety,,,,page_status=detail
TikTok,7461813875965610258,https://lifeattiktok.com/search/7461813875965610258?utm_source=Trust+and+Safety+Jobs,2025-05-20,"PhD Graduate Machine Learning Engineer Graduate, Trust and Safety Engineering - 2026 Start",TikTok,,,,,no,title_only,include,trust and safety,,,,page_status=detail
TikTok,7461940666911688968,https://lifeattiktok.com/search/7461940666911688968,2025-04-05,"TikTok Shop - Senior Business Intelligence Analyst, Governance & Experience, EMEA",TikTok,,,,,no,title_only,include,governance,,,EMEA,page_status=detail
TikTok,7463053576266418450,https://lifeattiktok.com/search/7463053576266418450?utm_source=Trust+and+Safety+Jobs,2025-05-20,Quality Analyst - German Speaker - Short Video ; Trust and Safety,TikTok,,,,,no,title_only,include,trust and safety; quality analyst,,german,,page_status=detail
TikTok,7463306488632756487,https://lifeattiktok.com/search/7463306488632756487,2025-03-07,"Product Manager - TikTok Content Recommendation, Creator Governance",TikTok,,,,,no,title_only,include,governance,,,,page_status=detail
TikTok,7464481070504806664,https://lifeattiktok.com/search/7464481070504806664?utm_source=Trust+and+Safety+Jobs,2025-05-20,"Business Analyst (Analysis & Performance), Trust & Safety",TikTok,,,,,no,title_only,include,trust & safety,,,,page_status=detail
TikTok,7466015690841360658,https://lifeattiktok.com/search/7466015690841360658,2025-08-01,"TikTok Shop - Program Manager, E-Commerce Compliance, Governance & Experience, EMEA",TikTok,,,,,no,title_only,include,governance,,,EMEA,page_status=detail
TikTok,7467388046025312519,https://lifeattiktok.com/search/7467388046025312519,2025-08-21,Commercial Product Risk Analyst Intern - 2025 Start,TikTok,,,,,no,title_only,include,risk analyst,,,,page_status=detail
TikTok,7467396057833081096,https://lifeattiktok.com/search/7467396057833081096,2025-08-21,Commercial Product Policy Manager Intern - 2025 Start,TikTok,,,,,no,title_only,include,policy manager,,,,page_status=detail
TikTok,7468075498552330503,https://lifeattiktok.com/search/7468075498552330503?utm_source=MIT+Sloan+Career+Development+Office+job+board&utm_medium=getro.com&gh_src=MIT+Sloan+Career+Development+Office+job+board,2025-03-20,"Senior Product Manager, Content Classification - Trust & Safety - San Jose",TikTok,San Jose,San Jose,United States,Hub,no,title_only,include,trust & safety,,,,page_status=detail
TikTok,7468593661355280648,https://lifeattiktok.com/search/7468593661355280648?utm_source=MIT+Sloan+Career+Development+Office+job+board&utm_medium=getro.com&gh_src=MIT+Sloan+Career+Development+Office+job+board,2025-03-20,"Program Manager, Indonesia & Malaysia, Trust & Safety",TikTok,,,,,no,title_only,include,trust & safety,,,Indonesia; Malaysia,page_status=detail
TikTok,7468769208353491218,https://lifeattiktok.com/search/7468769208353491218?spread=5MWH5CQ,2026-03-15,Threat Disruption Analyst - Trust & Safety - New York,TikTok,New York,New York,United States,Hub,no,title_only,include,trust & safety,,,,page_status=detail
TikTok,7468807874878966023,https://lifeattiktok.com/search/7468807874878966023,2025-08-14,"Software Engineer, Inference Optimization - Trust and Safety",TikTok,,,,,no,title_only,include,trust and safety,,,,page_status=detail
TikTok,7469616691187255559,https://lifeattiktok.com/search/7469616691187255559,2025-08-14,"TikTok LIVE - Global Customer Service Quality Analyst, Chinese Speaking",TikTok,,,,,no,title_only,include,quality analyst,,chinese,,page_status=detail
TikTok,7470403479480224007,https://lifeattiktok.com/search/7470403479480224007,2025-08-14,"Staff Machine Learning Engineer, Content Safety & Ecosystem -- Multimodality",TikTok,,,,,no,title_only,include,content safety,,,,page_status=detail
TikTok,7470411308999919890,https://lifeattiktok.com/search/7470411308999919890,2025-05-01,"Senior Machine Learning Engineer, Content Safety & Ecosystem - Personalization",TikTok,,,,,no,title_only,include,content safety,,,,page_status=detail
TikTok,7473300892659206407,https://lifeattiktok.com/search/7473300892659206407?utm_source=Simplify,2025-10-11,Product Manager Intern (TikTok LIVE-Ecosystem Governance) - 2025 Summer (BS/MS),TikTok,,,,,no,title_only,include,governance,,,,page_status=detail
TikTok,7475130354514020615,https://lifeattiktok.com/search/7475130354514020615?spread=128SD3R,2025-10-30,"Machine Learning Engineer Intern, Data Trust & Safety (Australia) - 2026 Start",TikTok,,,,,no,title_only,include,trust & safety,,,Australia,page_status=detail
TikTok,7475758445267273992,https://lifeattiktok.com/search/7475758445267273992,2025-09-07,Search Ads Product Operations Specialist - Trust & Safety,TikTok,,,,,no,title_only,include,trust & safety,,,,page_status=detail
TikTok,7477763963695941895,https://lifeattiktok.com/search/7477763963695941895,2025-09-08,"Policy Specialist, Customer Support - Trust and Safety",TikTok,,,,,no,title_only,include,trust and safety; policy specialist,,,,page_status=detail
TikTok,7477823729822812424,https://lifeattiktok.com/search/7477823729822812424,2025-09-07,Search & Account Safety Operations QT - Korean Speaker,TikTok,,,,,no,title_only,include,safety operations,,korean,,page_status=detail
TikTok,7477924098859157767,https://lifeattiktok.com/search/7477924098859157767?spread=5MWH5CQ&utm_source=Trust+and+Safety+Jobs,2025-04-05,TikTok LIVE - Content Quality Assurance Specialist (Russian Speaking),TikTok,,,,,no,title_only,include,content quality,,russian,,page_status=detail
TikTok,7479124922725157127,https://lifeattiktok.com/search/7479124922725157127?utm_source=Simplify,2025-10-11,Product Manager Intern (TikTok LIVE-Ecosystem Governance)- 2025 Summer (MBA),TikTok,,,,,no,title_only,include,governance,,,,page_status=detail
TikTok,7480560137469528338,https://lifeattiktok.com/search/7480560137469528338?utm_source=Trust+and+Safety+Jobs,2025-05-20,"LPO Triage Specialist, Japanese - Trust & Safety",TikTok,,,,,no,title_only,include,trust & safety,,japanese,,page_status=detail
TikTok,7480683150084245778,https://lifeattiktok.com/search/7480683150084245778?spread=5MWH5CQ&utm_source=Trust+and+Safety+Jobs,2025-05-20,"Content Quality Analyst, TikTok LIVE (Spanish Speaking)",TikTok,,,,,no,title_only,include,content quality; quality analyst,,spanish,,page_status=detail
TikTok,7481307240956610834,https://lifeattiktok.com/search/7481307240956610834?utm_source=Trust+and+Safety+Jobs,2025-05-20,"Partner Management - Quality Analyst, T&S",TikTok,,,,,no,title_only,include,t&s; quality analyst,,,,page_status=detail
TikTok,7481313788936603912,https://lifeattiktok.com/search/7481313788936603912?utm_source=Trust+and+Safety+Jobs,2025-05-20,"Senior Manager, eCommerce - Public Policy & Government Affairs - Brussels",TikTok,,,,,no,title_only,include,public policy,,,,page_status=detail
TikTok,7481687949492586770,https://lifeattiktok.com/search/7481687949492586770,2025-05-20,"Senior Manager, Societal Safety - Government Relations and Public Policy - DACH",TikTok,,,,,no,title_only,include,public policy,,,Germany,page_status=detail
TikTok,7481807242333817106,https://lifeattiktok.com/search/7481807242333817106?spread=5MWH5CQ,2025-04-02,Public Policy Intern (Global Public Policy) - 2025 Start (BS/MS),TikTok,,,,,no,title_only,include,public policy,,,,page_status=detail
TikTok,7482672609936312583,https://lifeattiktok.com/search/7482672609936312583,2025-04-01,Content Moderator - Block (Shift),TikTok,,,,,no,title_only,include,content moderat*; moderat*,,,,page_status=detail
TikTok,7482724555980818696,https://lifeattiktok.com/search/7482724555980818696,2025-08-14,"Global Emergency Response Team Specialist (Japanese speaking), Trust & Safety",TikTok,,,,,no,title_only,include,trust & safety,,japanese,,page_status=detail
TikTok,7482727144511867154,https://lifeattiktok.com/search/7482727144511867154?utm_source=Trust+and+Safety+Jobs,2025-05-20,"Global Emergency Response Team Specialist (Spanish speaking), Trust & Safety",TikTok,,,,,no,title_only,include,trust & safety,,spanish,,page_status=detail
TikTok,7483573960875346184,https://lifeattiktok.com/search/7483573960875346184?utm_source=Trust+and+Safety+Jobs,2025-05-20,"Head of Risk Containment, Trust & Safety",TikTok,,,,,no,title_only,include,trust & safety,,,,page_status=detail
TikTok,7483946597417470215,https://lifeattiktok.com/search/7483946597417470215?spread=XKM9ZXE,2025-04-24,"Legal Policy Operations Triage Lead, Americas - Trust and Safety",TikTok,,,,,no,title_only,include,trust and safety; policy operations,,,,page_status=detail
TikTok,7485215395230550280,https://lifeattiktok.com/search/7485215395230550280,2025-09-29,"Senior Security Engineer, Global E-Commerce (Governance Service)",TikTok,,,,,no,title_only,include,governance,,,,page_status=detail
TikTok,7485217006896220424,https://lifeattiktok.com/search/7485217006896220424,2025-09-28,Senior Security Engineer - Global E-Commerce (Governance Service),TikTok,,,,,no,title_only,include,governance,,,,page_status=detail
TikTok,7485682709625932040,https://lifeattiktok.com/search/7485682709625932040,2025-09-28,Global Head of Risk Prevention - Trust & Safety,TikTok,,,,,no,title_only,include,trust & safety,,,,page_status=detail
TikTok,7485769843905906952,https://lifeattiktok.com/search/7485769843905906952?spread=5MWH5CQ,2025-04-02,"Public Policy Manager, Hate Speech",TikTok,,,,,no,title_only,include,policy manager; public policy,,,,page_status=detail
TikTok,7486336402779998471,https://lifeattiktok.com/search/7486336402779998471?utm_source=Trust+and+Safety+Jobs,2025-05-20,"Analyst, Coordinated Networks & Scaled Abuse, Trust & Safety",TikTok,,,,,no,title_only,include,trust & safety; abuse,,,,page_status=detail
TikTok,7488143689278605575,https://lifeattiktok.com/search/7488143689278605575?utm_source=Trust+and+Safety+Jobs,2025-05-20,"Product Manager, New Feature, Trust & Safety",TikTok,,,,,no,title_only,include,trust & safety,,,,page_status=detail
TikTok,7488270872744184082,https://lifeattiktok.com/search/7488270872744184082?utm_source=levels.fyi&spread=5MWH5CQ,2025-10-20,"Backend Software Engineer Intern, Business Integrity - 2025 Start",TikTok,,,,,no,title_only,include,integrity,,,,page_status=detail
TikTok,7488399042070956296,https://lifeattiktok.com/search/7488399042070956296,2025-10-03,"Software Engineer, Ads Business Integrity - Customer Experience",TikTok,,,,,no,title_only,include,integrity,,,,page_status=detail
TikTok,7488411263112120594,https://lifeattiktok.com/search/7488411263112120594?utm_source=Trust+and+Safety+Jobs,2025-05-20,Deceptive Behaviors Policy Lead - Trust and Safety,TikTok,,,,,no,title_only,include,trust and safety; policy lead,,,,page_status=detail
TikTok,7489179198050535687,https://lifeattiktok.com/search/7489179198050535687,2025-04-14,"Data Scientist - Analytics, Trust & Safety - San Jose",TikTok,San Jose,San Jose,United States,Hub,no,title_only,include,trust & safety,,,,page_status=detail
TikTok,7491345410905770248,https://lifeattiktok.com/search/7491345410905770248,2025-04-16,Search Operations Ads Quality Analyst (Spanish) - Austin - Trust & Safety,TikTok,Austin,Austin,United States,Hub,no,title_only,include,trust & safety; quality analyst,,spanish,,page_status=detail
TikTok,7491453601820002568,https://lifeattiktok.com/search/7491453601820002568,2025-08-01,Child Safety Team Specialist - USDS,TikTok,,,,,no,title_only,include,child safety,,,,page_status=detail
TikTok,7491600999855393042,https://lifeattiktok.com/search/7491600999855393042?utm_source=Trust+and+Safety+Jobs,2025-05-20,Senior Public Policy Manager,TikTok,,,,,no,title_only,include,policy manager; public policy,,,,page_status=detail
TikTok,7491715208978106642,https://lifeattiktok.com/search/7491715208978106642,2025-08-15,"Data Scientist, Analytics - Trust & Safety - San Jose",TikTok,San Jose,San Jose,United States,Hub,no,title_only,include,trust & safety,,,,page_status=detail
TikTok,7491933821141010696,https://lifeattiktok.com/search/7491933821141010696?utm_source=Trust+and+Safety+Jobs,2025-05-20,"Incident Manager, Trust & Safety (Thai Speaking)",TikTok,,,,,no,title_only,include,trust & safety,,thai,,page_status=detail
TikTok,7495865714927716626,https://lifeattiktok.com/search/7495865714927716626,2025-07-15,"Senior Product Manager, Account Integrity and Community Experience - Trust & Safety - San Jose",TikTok,San Jose,San Jose,United States,Hub,no,title_only,include,trust & safety; integrity,,,,page_status=detail
TikTok,7499229649517119751,https://lifeattiktok.com/search/7499229649517119751?spread=G1DWUPV&utm_source=Trust+and+Safety+Jobs,2025-06-13,Workforce Manager - USDS Trust & Safety,TikTok,,,,,no,title_only,include,trust & safety,,,,page_status=detail
TikTok,7501831222696921351,https://lifeattiktok.com/search/7501831222696921351?spread=G1DWUPV&utm_source=Trust+and+Safety+Jobs,2025-06-13,"Researcher, Large Language Models, TikTok Trust and Safety",TikTok,,,,,no,title_only,include,trust and safety,,,,page_status=detail
TikTok,7502569508034201874,https://lifeattiktok.com/search/7502569508034201874,2025-08-15,"Senior Data Scientist, Trust & Safety - USDS",TikTok,,,,,no,title_only,include,trust & safety,,,,page_status=detail
TikTok,7502569508218734866,https://lifeattiktok.com/search/7502569508218734866,2025-08-15,"Senior Data Scientist, Trust & Safety - USDS",TikTok,,,,,no,title_only,include,trust & safety,,,,page_status=detail
TikTok,7507378416502360327,https://lifeattiktok.com/search/7507378416502360327?gh_src=Tech%3ANYC+job+board,2025-06-02,OGC News Quality Analyst (English) - Trust & Safety - Austin,TikTok,Austin,Austin,United States,Hub,no,title_only,include,trust & safety; quality analyst,,english,,page_status=detail
TikTok,7509118481443932423,https://lifeattiktok.com/search/7509118481443932423?utm_source=Getro.org+job+board&utm_medium=getro.com&gh_src=Getro.org+job+board,2025-06-13,"Search Global E Commerce, Analytic Product Operation (Mandarin Speaker) Trust & Safety - San Jose",TikTok,San Jose,San Jose,United States,Hub,no,title_only,include,trust & safety,,mandarin,,page_status=detail
TikTok,7509656508516632850,https://lifeattiktok.com/search/7509656508516632850?utm_source=Trust+and+Safety+Jobs,2025-07-13,"Delivery Services Lead, Trust & Safety - USDS",TikTok,,,,,no,title_only,include,trust & safety,,,,page_status=detail
TikTok,7509968481773881608,https://lifeattiktok.com/search/7509968481773881608,2025-09-28,TikTok Shop - Listing Governance & Experience Operational Program Manager,TikTok,,,,,no,title_only,include,governance,,,,page_status=detail
TikTok,7511123891936610567,https://lifeattiktok.com/search/7511123891936610567,2025-08-14,Frontend Software Engineering Project Intern (Data Trust and Safety) - 2026 Start (BS/MS),TikTok,,,,,no,title_only,include,trust and safety,,,,page_status=detail
TikTok,7511195805853436178,https://lifeattiktok.com/search/7511195805853436178,2025-06-23,"Product Security Operation Specialist - Governance, Global Security Organisation",TikTok,,,,,no,title_only,include,governance,,,,page_status=detail
TikTok,7511642766838958344,https://lifeattiktok.com/search/7511642766838958344,2025-07-30,"Associate Project Manager, Trust & Safety (AI Operations)",TikTok,,,,,no,title_only,include,trust & safety,,,,page_status=detail
TikTok,7512125695558306055,https://lifeattiktok.com/search/7512125695558306055,2025-07-15,"Product Manager, Trust & Safety, Photo - Seattle",TikTok,Seattle,Seattle,United States,Hub,no,title_only,include,trust & safety,,,,page_status=detail
TikTok,7514326489912936722,https://lifeattiktok.com/search/7514326489912936722,2025-06-24,E-Commerce - Moderation Solutions Program Manager,TikTok,,,,,no,title_only,include,moderat*,,,,page_status=detail
TikTok,7514357878427453704,https://lifeattiktok.com/search/7514357878427453704?spread=XKM9ZXE,2025-07-13,"Policy Manager, Cross Issue & Product Policy - Trust and Safety",TikTok,,,,,no,title_only,include,trust and safety; policy manager,,,,page_status=detail
TikTok,7514610879120394514,https://lifeattiktok.com/search/7514610879120394514,2025-10-03,"TikTok Shop - Policy & Programmes Manager, Content & Creator Governance",TikTok,,,,,no,title_only,include,governance,,,,page_status=detail
TikTok,7515196252662958344,https://lifeattiktok.com/search/7515196252662958344,2025-07-23,"Product Policy Manager, Monetization - Trust and Safety",TikTok,,,,,no,title_only,include,trust and safety; policy manager,,,,page_status=detail
TikTok,7515346656969312520,https://lifeattiktok.com/search/7515346656969312520,2025-09-07,"Data Scientist, Operations, Trust & Safety",TikTok,,,,,no,title_only,include,trust & safety,,,,page_status=detail
TikTok,7515373260231198983,https://lifeattiktok.com/search/7515373260231198983,2025-07-13,"Risk Intelligence Analyst, Trust & Safety",TikTok,,,,,no,title_only,include,trust & safety,,,,page_status=detail
TikTok,7517106896071903496,https://lifeattiktok.com/search/7517106896071903496,2026-02-03,"Research Scientist Graduate- CV/NLP/Multimodal LLM, Trust and Safety - 2026 Start(PhD)",TikTok,,,,,no,title_only,include,trust and safety,,,,page_status=detail
TikTok,7517107684337748242,https://lifeattiktok.com/search/7517107684337748242,2026-01-05,Machine Learning Engineer Graduate - CV/NLP/Multimodal LLM (TikTok Trust and Safety) - 2026 Start(PHD),TikTok,,,,,no,title_only,include,trust and safety,,,,page_status=detail
TikTok,7517816746398976263,https://lifeattiktok.com/search/7517816746398976263,2025-07-15,"Product Manager, Permission & Compliance, Trust & Safety",TikTok,,,,,no,title_only,include,trust & safety,,,,page_status=detail
TikTok,7522187498048571666,https://lifeattiktok.com/search/7522187498048571666,2025-07-09,"Quality Program Manager, Customer Support - Trust & Safety",TikTok,,,,,no,title_only,include,trust & safety,,,,page_status=detail
TikTok,7522208504255891719,https://lifeattiktok.com/search/7522208504255891719,2026-02-08,Applied AI Data Solution - Machine Learning Engineer - Trust & Safety - San Jose,TikTok,San Jose,San Jose,United States,Hub,no,title_only,include,trust & safety,,,,page_status=detail
TikTok,7522779702328707336,https://lifeattiktok.com/search/7522779702328707336,2025-08-28,"Integrity Analyst, Trust & Safety - EMEA",TikTok,,,,,no,title_only,include,trust & safety; integrity,,,EMEA,page_status=detail
TikTok,7523114605607504146,https://lifeattiktok.com/search/7523114605607504146,2025-07-30,"AI Data Service and Operations, Eco Governance Global Lead - Trust & Safety",TikTok,,,,,no,title_only,include,trust & safety; governance,,,,page_status=detail
TikTok,7523988537001625863,https://lifeattiktok.com/search/7523988537001625863,2025-07-09,TikTok Shop - Anti-Fraud Data Analyst,TikTok,,,,,no,title_only,include,fraud,,,,page_status=detail
TikTok,7524472641445431560,https://lifeattiktok.com/search/7524472641445431560?spread=XKM9ZXE,2025-08-09,State Public Policy Coordinator,TikTok,,,,,no,title_only,include,public policy,,,,page_status=detail
TikTok,7524747979971414279,https://lifeattiktok.com/search/7524747979971414279,2025-09-29,Safety Model Operations Quality Analyst - LATAM Spanish,TikTok,,,,,no,title_only,include,quality analyst,,spanish,LATAM,page_status=detail
TikTok,7525625860951755026,https://lifeattiktok.com/search/7525625860951755026?spread=XKM9ZXE,2025-08-04,"Global Privacy Counsel, AI Governance",TikTok,,,,,no,title_only,include,governance,,,,page_status=detail
TikTok,7527224509554247943,https://lifeattiktok.com/search/7527224509554247943,2025-07-30,TikTok Shop by Tokopedia - Program Manager (Creator and Content Governance),TikTok,,,,,no,title_only,include,governance,,,,page_status=detail
TikTok,7527527250784553223,https://lifeattiktok.com/search/7527527250784553223,2025-07-30,"Risk Detection Analyst, Livestream Emerging Risk, Trust & Safety",TikTok,,,,,no,title_only,include,trust & safety,,,,page_status=detail
TikTok,7527537751081502984,https://lifeattiktok.com/search/7527537751081502984,2025-08-13,Information Governance Program Manager - USDS,TikTok,,,,,no,title_only,include,governance,,,,page_status=detail
TikTok,7527540868824598802,https://lifeattiktok.com/search/7527540868824598802,2025-08-13,Information Governance Program Manager - USDS,TikTok,,,,,no,title_only,include,governance,,,,page_status=detail
TikTok,7527582397938223367,https://lifeattiktok.com/search/7527582397938223367,2025-10-11,Research Scientist Intern- (Trust and Safety - CV/NLP/Multimodal LLM) - 2026 Start(PhD),TikTok,,,,,no,title_only,include,trust and safety,,,,page_status=detail
TikTok,7527585101065652498,https://lifeattiktok.com/search/7527585101065652498,2025-07-31,Research Scientist Intern- (Trust and Safety - CV/NLP/Multimodal LLM) - 2026 Start(PhD),TikTok,,,,,no,title_only,include,trust and safety,,,,page_status=detail
TikTok,7527589796526754066,https://lifeattiktok.com/search/7527589796526754066?utm_source=Simplify,2025-08-21,Software Engineer Intern (Trust and Safety - Algorithm Engineering) - 2026 Summer (BS/MS),TikTok,,,,,no,title_only,include,trust and safety,,,,page_status=detail
TikTok,7527589875165563143,https://lifeattiktok.com/search/7527589875165563143?utm_source=Simplify,2025-08-30,Machine Learning Engineer Intern (Trust and Safety - CV/NLP/Multimodal LLM) - 2026 Summer (BS/MS),TikTok,,,,,no,title_only,include,trust and safety,,,,page_status=detail
TikTok,7527609404540389650,https://lifeattiktok.com/search/7527609404540389650?utm_source=Simplify,2025-08-21,Software Engineer Intern (Trust and Safety - Engineering-Core Safety) - 2026 Summer (BS/MS),TikTok,,,,,no,title_only,include,trust and safety,,,,page_status=detail
TikTok,7527613337334188306,https://lifeattiktok.com/search/7527613337334188306?utm_source=Simplify,2025-08-21,Frontend Engineer Intern (Trust and Safety-Engineering-Risk & Response) - 2026 Summer (BS/MS),TikTok,,,,,no,title_only,include,trust and safety,,,,page_status=detail
TikTok,7527614432525306130,https://lifeattiktok.com/search/7527614432525306130,2025-07-31,Backend Software Engineer Intern (Trust and Safety-Engineering-Risk & Response) - 2026 Summer (BS/MS),TikTok,,,,,no,title_only,include,trust and safety,,,,page_status=detail
TikTok,7527615375778416914,https://lifeattiktok.com/search/7527615375778416914?utm_source=github-vansh-ouckah,2025-12-27,Frontend Engineer Intern (Trust and Safety-Engineering-Data Product & General Service) - 2026 Summer (BS/MS),TikTok,,,,,no,title_only,include,trust and safety,,,,page_status=detail
TikTok,7527618094643759367,https://lifeattiktok.com/search/7527618094643759367,2025-07-31,Software Development Test Engineer Intern (Trust and Safety - QA)- 2026 Summer (BS/MS),TikTok,,,,,no,title_only,include,trust and safety,,,,page_status=detail
TikTok,7527769686600763655,https://lifeattiktok.com/search/7527769686600763655,2025-07-29,"Global Product Marketing Manager, Trust and Safety",TikTok,,,,,no,title_only,include,trust and safety,,,,page_status=detail
TikTok,7527896898062780679,https://lifeattiktok.com/search/7527896898062780679,2025-07-29,"Project Manager - AI Data Operation (Safety Model Operations), Trust and Safety - Singapore",TikTok,Singapore,Singapore,Singapore,Hub,no,title_only,include,trust and safety,,,Singapore,page_status=detail
TikTok,7528008428532746503,https://lifeattiktok.com/search/7528008428532746503,2025-07-31,Trust and Safety and Technology Communications Manager - EMEA,TikTok,,,,,no,title_only,include,trust and safety,,,EMEA,page_status=detail
TikTok,7528073564075854087,https://lifeattiktok.com/search/7528073564075854087,2025-07-30,Content Moderation Team Lead - Trust & Safety - Mexico City,TikTok,Mexico City,Mexico City,Mexico,Other,no,title_only,include,trust & safety; content moderat*; moderat*,,,Mexico,page_status=detail
TikTok,7528117295609071879,https://lifeattiktok.com/search/7528117295609071879,2025-07-29,"Technical Program Manager, Trust & Safety - USDS",TikTok,,,,,no,title_only,include,trust & safety,,,,page_status=detail
TikTok,7528327100231633170,https://lifeattiktok.com/search/7528327100231633170,2025-07-30,Data Engineering Manager (Data Governance) - Data Cycling Centre,TikTok,,,,,no,title_only,include,governance,,,,page_status=detail
TikTok,7528332249889294610,https://lifeattiktok.com/search/7528332249889294610,2025-07-29,TikTok Local Services - Merchant Governance Strategy Manager (Model Strategy),TikTok,,,,,no,title_only,include,governance,,,,page_status=detail
TikTok,7528453410165623047,https://lifeattiktok.com/search/7528453410165623047,2025-07-30,Data Engineer - Trust & Safety - San Jose,TikTok,San Jose,San Jose,United States,Hub,no,title_only,include,trust & safety,,,,page_status=detail
TikTok,7529509444780214535,https://lifeattiktok.com/search/7529509444780214535,2025-07-30,"Content Strategist, Regulatory Delivery & Transparency - Trust & Safety",TikTok,,,,,no,title_only,include,trust & safety,,,,page_status=detail
TikTok,7529806085818124562,https://lifeattiktok.com/search/7529806085818124562,2025-07-31,Frontend Engineer Graduate (TikTok Shop - Governance Service) - 2026 Start (BS/MS),TikTok,,,,,no,title_only,include,governance,,,,page_status=detail
TikTok,7529896750870481160,https://lifeattiktok.com/search/7529896750870481160,2025-08-01,Talent Acquisition Partner - Trust & Safety - Dublin (Fixed-Term Contract),TikTok,Dublin,Dublin,Ireland,Hub,no,title_only,include,trust & safety,,,Ireland,page_status=detail
TikTok,7530286323479972114,https://lifeattiktok.com/search/7530286323479972114,2025-08-01,Data Engineering Manager (Data Governance) - Data Cycling Center,TikTok,,,,,no,title_only,include,governance,,,,page_status=detail
TikTok,7530402262691498248,https://lifeattiktok.com/search/7530402262691498248,2025-08-01,Governance Analyst - USDS,TikTok,,,,,no,title_only,include,governance,,,,page_status=detail
TikTok,7530432176208726279,https://lifeattiktok.com/search/7530432176208726279,2025-08-01,"Regulatory Response Analyst, Risk Containment (Bilingual Turkish) - Trust and Safety",TikTok,,,,,no,title_only,include,trust and safety,,turkish,,page_status=detail
TikTok,7530577031588972818,https://lifeattiktok.com/search/7530577031588972818,2025-08-01,Issue Discovery Intern (TikTok Live Ecosystem Governance) - 2025 Start (BS/MS),TikTok,,,,,no,title_only,include,governance,,,,page_status=detail
TikTok,7530759729113680135,https://lifeattiktok.com/search/7530759729113680135,2026-01-15,"Fullstack Engineer Graduate, Trust and Safety - 2026 Start (BS/MS)",TikTok,,,,,no,title_only,include,trust and safety,,,,page_status=detail
TikTok,7530765464767826184,https://lifeattiktok.com/search/7530765464767826184?utm_source=Simplify,2025-11-23,Software Development Engineer in Test Graduate (Trust and Safety) - 2026 Start (BS/MS),TikTok,,,,,no,title_only,include,trust and safety,,,,page_status=detail
TikTok,7530772847212644616,https://lifeattiktok.com/search/7530772847212644616,2026-07-10,"Research Scientist Graduate - (Trust and Safety - CV/NLP/Multimodal LLM, San Jose) - 2026 Start (BS/MS)",TikTok,San Jose,San Jose,United States,Hub,no,title_only,include,trust and safety,,,,page_status=detail
TikTok,7530846269200877842,https://lifeattiktok.com/search/7530846269200877842,2025-08-01,Organizational Effectiveness Partner - Trust & Safety,TikTok,,,,,no,title_only,include,trust & safety,,,,page_status=detail
TikTok,7530862586574096658,https://lifeattiktok.com/search/7530862586574096658,2025-08-01,"Machine Learning Engineer Graduate (TikTok Shop Global E-Commerce, Platform Governance) - 2026 Start (BS/MS)",TikTok,,,,,no,title_only,include,governance,,,,page_status=detail
TikTok,7530886488156227847,https://lifeattiktok.com/search/7530886488156227847,2025-07-31,Content Moderator - Live & Monetization - Indonesia,TikTok,,,,,no,title_only,include,content moderat*; moderat*,,,Indonesia,page_status=detail
TikTok,7530893325454428423,https://lifeattiktok.com/search/7530893325454428423,2025-08-01,TikTok Shop - Ecommerce Anti-fraud Investigations and Operations Specialist,TikTok,,,,,no,title_only,include,fraud,,,,page_status=detail
TikTok,7530940847085406472,https://lifeattiktok.com/search/7530940847085406472,2025-08-01,Global Emergency Response Specialist - Trust & Safety,TikTok,,,,,no,title_only,include,trust & safety,,,,page_status=detail
TikTok,7530955214620346642,https://lifeattiktok.com/search/7530955214620346642,2025-08-01,"Machine Learning Engineer Graduate (TikTok Shop Global E-Commerce, Platform Governance) - 2026 Start (PhD)",TikTok,,,,,no,title_only,include,governance,,,,page_status=detail
TikTok,7531102192955230472,https://lifeattiktok.com/search/7531102192955230472,2025-08-01,Privacy Risk Analyst - USDS,TikTok,,,,,no,title_only,include,risk analyst,,,,page_status=detail
TikTok,7531164307980749063,https://lifeattiktok.com/search/7531164307980749063,2025-08-01,"Model Policy Lead, Video Policy - Trust and Safety",TikTok,,,,,no,title_only,include,trust and safety; policy lead,,,,page_status=detail
TikTok,7531957077511588103,https://lifeattiktok.com/search/7531957077511588103,2025-08-15,Frontend Software Engineer Graduate (Trust & Safety) - 2026 Start (BS/MS),TikTok,,,,,no,title_only,include,trust & safety,,,,page_status=detail
TikTok,7532021448631601416,https://lifeattiktok.com/search/7532021448631601416,2025-08-01,TikTok Shop E-Commerce Anti-fraud Investigations and Operations Specialist,TikTok,,,,,no,title_only,include,fraud,,,,page_status=detail
TikTok,7532122183729219858,https://lifeattiktok.com/search/7532122183729219858,2025-08-01,"Machine Learning Engineer Intern (TikTok Shop Global E-Commerce, Platform Governance) - 2026 Start (BS/MS)",TikTok,,,,,no,title_only,include,governance,,,,page_status=detail
TikTok,7532398040058513671,https://lifeattiktok.com/search/7532398040058513671,2025-07-31,Product Management Project Intern (Trust and Safety-Monetization Integrity-Data Cycling Center) - 2025 Start (BS/MS),TikTok,,,,,no,title_only,include,trust and safety; integrity,,,,page_status=detail
TikTok,7532451878320408840,https://lifeattiktok.com/search/7532451878320408840?spread=5MWH5CQ&utm_source=thedeepview&utm_medium=newsletter&utm_campaign=openai-caves-to-ads-it-ll-be-fine,2026-03-15,Research Scientist Graduate (Ads Integrity) - 2026 (PhD),TikTok,,,,,no,title_only,include,integrity,,,,page_status=detail
TikTok,7532508151880567048,https://lifeattiktok.com/search/7532508151880567048?spread=5MWH5CQ,2026-02-10,"Program Management Graduate, Rotational Program (TikTok Shop - Governance & Experience) - 2026 Start (BS/MS)",TikTok,,,,,no,title_only,include,governance,,,,page_status=detail
TikTok,7532640666636437767,https://lifeattiktok.com/search/7532640666636437767?spread=5MWH5CQ,2025-09-08,Anti-Fraud Data Analyst Graduate (TikTok Shop - Governance & Experience) - 2026 Start (BS/ MS),TikTok,,,,,no,title_only,include,fraud; governance,,,,page_status=detail
TikTok,7532864203293247752,https://lifeattiktok.com/search/7532864203293247752,2025-09-09,"Program Management Graduate, Rotational Program (TikTok Shop - Governance & Experience SSC) - 2026 Start (BS/MS)",TikTok,,,,,no,title_only,include,governance,,,,page_status=detail
TikTok,7533509940511312136,https://lifeattiktok.com/search/7533509940511312136,2025-10-23,Research Scientist-CV/NLP/Multimodal LLM Graduate (Trust and Safety Platform)- 2026 Start (PhD),TikTok,,,,,no,title_only,include,trust and safety,,,,page_status=detail
TikTok,7533511155060279559,https://lifeattiktok.com/search/7533511155060279559?spread=5MWH5CQ&utm_source=Trust+and+Safety+Jobs,2025-11-17,Machine Learning Engineer Graduate (Trust and Safety Platform)- 2026 Start (BS/MS),TikTok,,,,,no,title_only,include,trust and safety,,,,page_status=detail
TikTok,7533903394441873682,https://lifeattiktok.com/search/7533903394441873682?spread=5MWH5CQ,2026-05-15,Product Manager Intern [TikTok LIVE-Ecosystem Governance]-2026 Summer (BS/MS),TikTok,,,,,no,title_only,include,governance,,,,page_status=detail
TikTok,7533907343470840072,https://lifeattiktok.com/search/7533907343470840072?utm_source=Simplify,2025-10-11,Product Manager Intern [TikTok LIVE-Ecosystem Governance]-2026 Summer (MBA),TikTok,,,,,no,title_only,include,governance,,,,page_status=detail
TikTok,7534801099577215250,https://lifeattiktok.com/search/7534801099577215250,2025-08-11,"Head of Data Science, Trust and Safety - USDS",TikTok,,,,,no,title_only,include,trust and safety,,,,page_status=detail
TikTok,7535013932776327432,https://lifeattiktok.com/search/7535013932776327432,2025-08-14,"Frontend Software Engineer, Trust & Safety (Risk & Response)",TikTok,,,,,no,title_only,include,trust & safety,,,,page_status=detail
TikTok,7535139620498278663,https://lifeattiktok.com/search/7535139620498278663,2025-08-13,Data Understanding Specialist - Trust & Safety - French Speaking,TikTok,,,,,no,title_only,include,trust & safety,,french,,page_status=detail
TikTok,7535141242318178568,https://lifeattiktok.com/search/7535141242318178568,2025-08-13,Data Understanding Specialist - Trust & Safety - Filipino Speaking,TikTok,,,,,no,title_only,include,trust & safety,,filipino,,page_status=detail
TikTok,7535141242318506248,https://lifeattiktok.com/search/7535141242318506248?utm_source=greenjobs.beehiiv.com&utm_medium=newsletter&utm_campaign=250-green-climate-jobs-edf-climate-corps-internships,2025-11-03,"Policy Manager, Mental Health - Trust and Safety",TikTok,,,,,no,title_only,include,trust and safety; policy manager,,,,page_status=detail
TikTok,7535142230873950472,https://lifeattiktok.com/search/7535142230873950472,2025-08-13,Data Understanding Specialist - Trust & Safety - Thai Speaking,TikTok,,,,,no,title_only,include,trust & safety,,thai,,page_status=detail
TikTok,7535143917377816850,https://lifeattiktok.com/search/7535143917377816850,2025-08-13,Data Understanding Specialist - Trust & Safety - German Speaking,TikTok,,,,,no,title_only,include,trust & safety,,german,,page_status=detail
TikTok,7535156407059106066,https://lifeattiktok.com/search/7535156407059106066,2025-08-11,"Data Science Manager, Trust and Safety - USDS",TikTok,,,,,no,title_only,include,trust and safety,,,,page_status=detail
TikTok,7535302756963567880,https://lifeattiktok.com/search/7535302756963567880?spread=5MWH5CQ&utm_source=levels.fyi,2026-03-06,Frontend Software Engineer Intern (Trust & Safety) - 2026 Start (BS/MS),TikTok,,,,,no,title_only,include,trust & safety,,,,page_status=detail
TikTok,7535471480898160914,https://lifeattiktok.com/search/7535471480898160914,2025-08-21,Content & Safety Operations Project Intern (TikTok LIVE) 2025 Start (BS/MS),TikTok,,,,,no,title_only,include,safety operations,,,,page_status=detail
TikTok,7535589188009625863,https://lifeattiktok.com/search/7535589188009625863,2025-08-14,Data Lifecycle Management (DLM) Governance Specialist - USDS,TikTok,,,,,no,title_only,include,governance,,,,page_status=detail
TikTok,7535783419583580434,https://lifeattiktok.com/search/7535783419583580434,2025-08-14,ADSEO Team Leader - Eco Governance,TikTok,,,,,no,title_only,include,governance,,,,page_status=detail
TikTok,7535915473150675208,https://lifeattiktok.com/search/7535915473150675208,2025-08-14,"Anti-Fraud Operations, Global Selling Specialist - USDS",TikTok,,,,,no,title_only,include,fraud,,,,page_status=detail
TikTok,7535952262514903303,https://lifeattiktok.com/search/7535952262514903303,2025-08-13,"Anti-Fraud Operations, Global Selling Specialist - USDS",TikTok,,,,,no,title_only,include,fraud,,,,page_status=detail
TikTok,7535955647230445842,https://lifeattiktok.com/search/7535955647230445842,2025-08-14,"Senior Fullstack Software Engineer, Trust & Safety (Multiple Positions)",TikTok,,,,,no,title_only,include,trust & safety,,,,page_status=detail
TikTok,7535970119664208136,https://lifeattiktok.com/search/7535970119664208136,2025-08-14,Anti-Fraud Data Analyst - USDS (Multiple Positions),TikTok,,,,,no,title_only,include,fraud,,,,page_status=detail
TikTok,7536000924142749970,https://lifeattiktok.com/search/7536000924142749970,2025-08-13,"Software Engineer, Fullstack (Trust and Safety), TikTok-San Jose",TikTok,San Jose,San Jose,United States,Hub,no,title_only,include,trust and safety,,,,page_status=detail
TikTok,7536219537423845639,https://lifeattiktok.com/search/7536219537423845639,2025-08-14,"TikTok Shop - QA Strategy Program Manager, EMEA Moderation",TikTok,,,,,no,title_only,include,moderat*,,,EMEA,page_status=detail
TikTok,7536307775551965447,https://lifeattiktok.com/search/7536307775551965447,2025-08-14,"Senior Software Engineering Lead, Trust & Safety - USDS",TikTok,,,,,no,title_only,include,trust & safety,,,,page_status=detail
TikTok,7536334561249970450,https://lifeattiktok.com/search/7536334561249970450,2025-08-14,"Product Manager, Anti-Fraud Solutions - USDS",TikTok,,,,,no,title_only,include,fraud,,,,page_status=detail
TikTok,7537241632550127880,https://lifeattiktok.com/search/7537241632550127880,2025-08-13,"LPO Triage Specialist, EMEA - Trust & Safety",TikTok,,,,,no,title_only,include,trust & safety,,,EMEA,page_status=detail
TikTok,7537366616570284295,https://lifeattiktok.com/search/7537366616570284295,2026-07-10,AI Product Manager Intern (TikTok LIVE - Ecosystem Governance) - 2026 Start (BS/MS),TikTok,,,,,no,title_only,include,governance,,,,page_status=detail
TikTok,7537530610248943890,https://lifeattiktok.com/search/7537530610248943890,2025-08-14,"Prioritization and Enforcement Regional Team Lead, Trust & Safety",TikTok,,,,,no,title_only,include,trust & safety,,,,page_status=detail
TikTok,7538129755129432327,https://lifeattiktok.com/search/7538129755129432327,2025-08-21,Product Operations Manager (AI Data Annotation) - Customer Service Platform (San Jose),TikTok,San Jose,San Jose,United States,Hub,no,title_only,include,annotat*,,,,page_status=detail
TikTok,7538343387038468370,https://lifeattiktok.com/search/7538343387038468370,2025-08-21,TikTok Shop by Tokopedia - Listing Governance Program Manager (Product Quality & Compliance),TikTok,,,,,no,title_only,include,governance,,,,page_status=detail
TikTok,7538753894388025607,https://lifeattiktok.com/search/7538753894388025607,2025-08-21,"Analysis & Prevention Analyst, Trust & Safety",TikTok,,,,,no,title_only,include,trust & safety,,,,page_status=detail
TikTok,7538953858287323410,https://lifeattiktok.com/search/7538953858287323410,2025-08-21,"Translation & Localization Manager, Regulatory Delivery & Transparency - Trust and Safety",TikTok,,,,,no,title_only,include,trust and safety,,,,page_status=detail
TikTok,7538954193542383890,https://lifeattiktok.com/search/7538954193542383890,2025-08-21,"Product Policy Manager, LIVE - Trust and Safety",TikTok,,,,,no,title_only,include,trust and safety; policy manager,,,,page_status=detail
TikTok,7538954193542727954,https://lifeattiktok.com/search/7538954193542727954,2025-08-21,"Product Policy Manager, LIVE - Trust and Safety",TikTok,,,,,no,title_only,include,trust and safety; policy manager,,,,page_status=detail
TikTok,7539075002492455175,https://lifeattiktok.com/search/7539075002492455175,2025-08-21,TikTok Shop - Massive Creator Assortment & Content Quality Senior/Specialist (Vietnam),TikTok,,,,,no,title_only,include,content quality,,,Vietnam,page_status=detail
TikTok,7539867492211820818,https://lifeattiktok.com/search/7539867492211820818,2025-08-21,"Prioritization and Enforcement Analyst, EMEA - Trust & Safety",TikTok,,,,,no,title_only,include,trust & safety,,,EMEA,page_status=detail
TikTok,7539872466832623890,https://lifeattiktok.com/search/7539872466832623890,2025-08-21,"Prioritization and Enforcement Analyst, French - Trust & Safety",TikTok,,,,,no,title_only,include,trust & safety,,french,,page_status=detail
TikTok,7540010625628997895,https://lifeattiktok.com/search/7540010625628997895,2025-08-21,"Staff Product Designer, Monetization Business Integrity",TikTok,,,,,no,title_only,include,integrity,,,,page_status=detail
TikTok,7540031168227625224,https://lifeattiktok.com/search/7540031168227625224,2025-08-21,"Product Policy Manager, GenAI Safety Policy - Trust and Safety",TikTok,,,,,no,title_only,include,trust and safety; policy manager; safety policy,,,,page_status=detail
TikTok,7540063663148747026,https://lifeattiktok.com/search/7540063663148747026,2025-08-21,AI Agent Development Project Intern (TikTok Shop-Governance and Experience)-2025 Start (BS/MS),TikTok,,,,,no,title_only,include,governance,,,,page_status=detail
TikTok,7540152295620544776,https://lifeattiktok.com/search/7540152295620544776,2025-08-21,"Team Lead Project Manager, Eco Governance - AI Data Service and Operations",TikTok,,,,,no,title_only,include,governance,,,,page_status=detail
TikTok,7541311190677326087,https://lifeattiktok.com/search/7541311190677326087,2025-08-29,"Wellbeing Partnership and Operations Lead, Trust & Safety",TikTok,,,,,no,title_only,include,trust & safety,,,,page_status=detail
TikTok,7541646999775365383,https://lifeattiktok.com/search/7541646999775365383,2025-09-08,Cyber Threat Intelligence Analyst - USDS,TikTok,,,,,no,title_only,include,threat intelligence,,,,page_status=detail
TikTok,7542592700550678791,https://lifeattiktok.com/search/7542592700550678791,2025-08-28,"TikTok Shop - Policy & Programs Manager, Content & Creator Governance",TikTok,,,,,no,title_only,include,governance,,,,page_status=detail
TikTok,7542796141802572040,https://lifeattiktok.com/search/7542796141802572040,2025-08-29,"Operations Data Analyst, Trust & Safety",TikTok,,,,,no,title_only,include,trust & safety,,,,page_status=detail
TikTok,7543420658085185799,https://lifeattiktok.com/search/7543420658085185799?utm_source=newsletter.interninsider.me&utm_medium=referral&utm_campaign=just-released-over-40-new-internships-women-in-ai-hackathon,2026-01-14,Software Engineer Intern (Business Integrity) - 2026 Summer (BS/MS),TikTok,,,,,no,title_only,include,integrity,,,,page_status=detail
TikTok,7543848881622452487,https://lifeattiktok.com/search/7543848881622452487,2025-09-07,HR Business Partner - TikTok Global Public Policy - Singapore,TikTok,Singapore,Singapore,Singapore,Hub,no,title_only,include,public policy,,,Singapore,page_status=detail
TikTok,7544056698366232839,https://lifeattiktok.com/search/7544056698366232839,2025-09-07,GEC Evaluation Specialist - Trust & Safety,TikTok,,,,,no,title_only,include,trust & safety,,,,page_status=detail
TikTok,7545377871142619399,https://lifeattiktok.com/search/7545377871142619399,2025-09-07,Risk Strategy & Operations Analyst Graduate (Business Integrity) - 2026 Start (BS/MS),TikTok,,,,,no,title_only,include,integrity,,,,page_status=detail
TikTok,7545793887983454471,https://lifeattiktok.com/search/7545793887983454471,2025-09-08,Moderation Operations Project Intern (TikTok Shop)- 2025 Start (BS/MS),TikTok,,,,,no,title_only,include,moderat*,,,,page_status=detail
TikTok,7546726994756651282,https://lifeattiktok.com/search/7546726994756651282,2025-10-11,Research Scientist Intern (Ads Integrity) - 2026 Start (PhD),TikTok,,,,,no,title_only,include,integrity,,,,page_status=detail
TikTok,7547992547182086407,https://lifeattiktok.com/search/7547992547182086407,2025-10-16,Machine Learning Engineer Project Intern (Business Integrity) - 2026 Start (BS/MS),TikTok,,,,,no,title_only,include,integrity,,,,page_status=detail
TikTok,7548303794150279431,https://lifeattiktok.com/search/7548303794150279431,2025-09-20,TikTok Local Services - Merchant & Listing Governance,TikTok,,,,,no,title_only,include,governance,,,,page_status=detail
TikTok,7548488470755690759,https://lifeattiktok.com/search/7548488470755690759,2025-10-27,Senior Third Party Security Monitoring Specialist - Governance Risk and Compliance,TikTok,,,,,no,title_only,include,governance,,,,page_status=detail
TikTok,7548681359578155282,https://lifeattiktok.com/search/7548681359578155282,2025-09-21,User Operations Specialist - Trust and Safety,TikTok,,,,,no,title_only,include,trust and safety,,,,page_status=detail
TikTok,7550241803702847762,https://lifeattiktok.com/search/7550241803702847762,2025-09-29,Product Manager - Trust & Safety (Regional Safety & Risk Response),TikTok,,,,,no,title_only,include,trust & safety,,,,page_status=detail
TikTok,7550670753504872722,https://lifeattiktok.com/search/7550670753504872722,2025-09-29,Data Scientist - TikTok Integrity and Safety,TikTok,,,,,no,title_only,include,integrity,,,,page_status=detail
TikTok,7551533863102089490,https://lifeattiktok.com/search/7551533863102089490?spread=XKM9ZXE,2025-10-15,Product Public Policy Manager,TikTok,,,,,no,title_only,include,policy manager; public policy,,,,page_status=detail
TikTok,7551545194593290504,https://lifeattiktok.com/search/7551545194593290504,2025-09-29,Product Manager (Integrity and Authenticity) - TikTok Safety Product (San Jose),TikTok,San Jose,San Jose,United States,Hub,no,title_only,include,integrity,,,,page_status=detail
TikTok,7551554567801047304,https://lifeattiktok.com/search/7551554567801047304?utm_source=bandana,2026-05-19,Product Designer (Content Ecosystem & Integrity) - TikTok UX (San Jose),TikTok,San Jose,San Jose,United States,Hub,no,title_only,include,integrity,,,,page_status=detail
TikTok,7551730859776084242,https://lifeattiktok.com/search/7551730859776084242,2025-09-29,"Business Data Analyst, Video Safety Operations - Trust & Safety - San Jose",TikTok,San Jose,San Jose,United States,Hub,no,title_only,include,trust & safety; safety operations,,,,page_status=detail
TikTok,7552743336973650184,https://lifeattiktok.com/search/7552743336973650184,2025-10-04,TikTok Shop - Content and Product Governance Strategy Manager (Japan Market),TikTok,,,,,no,title_only,include,governance,,,Japan,page_status=detail
TikTok,7552959832609966343,https://lifeattiktok.com/search/7552959832609966343,2025-09-28,"Process and Policy Lead, Customer Support - Trust & Safety",TikTok,,,,,no,title_only,include,trust & safety; policy lead,,,,page_status=detail
TikTok,7553161334104459528,https://lifeattiktok.com/search/7553161334104459528,2025-09-29,"Labeling Specialist, Data Annotation Lab - AI Data Service Operations",TikTok,,,,,no,title_only,include,annotat*; labeling specialist,,,,page_status=detail
TikTok,7553986552411900167,https://lifeattiktok.com/search/7553986552411900167,2025-10-04,"Product Operations Specialist, Trust & Safety - San Jose",TikTok,San Jose,San Jose,United States,Hub,no,title_only,include,trust & safety,,,,page_status=detail
TikTok,7554345328645622023,https://lifeattiktok.com/search/7554345328645622023,2025-10-04,"Policy Manager, Safety & Civility - Trust and Safety",TikTok,,,,,no,title_only,include,trust and safety; policy manager,,,,page_status=detail
TikTok,7554345329266854162,https://lifeattiktok.com/search/7554345329266854162?spread=XKM9ZXE,2025-11-17,"Policy Manager, Safety & Civility - Trust and Safety",TikTok,,,,,no,title_only,include,trust and safety; policy manager,,,,page_status=detail
TikTok,7555536328973486344,https://lifeattiktok.com/search/7555536328973486344,2025-10-05,"Policy Guidance Specialist, Business Integrity",TikTok,,,,,no,title_only,include,integrity,,,,page_status=detail
TikTok,7555639037490120968,https://lifeattiktok.com/search/7555639037490120968,2025-10-04,"Data Scientist, Product Trust and Access Governance - Global Security Organization",TikTok,,,,,no,title_only,include,governance,,,,page_status=detail
TikTok,7555965288337525010,https://lifeattiktok.com/search/7555965288337525010,2025-10-05,"Data Scientist - Analytics, Trust & Safety",TikTok,,,,,no,title_only,include,trust & safety,,,,page_status=detail
TikTok,7556134088492239112,https://lifeattiktok.com/search/7556134088492239112,2025-10-05,Governance Operations Project Intern (TikTok Shop - Seller Governance) - 2025 Start (BS/MS),TikTok,,,,,no,title_only,include,governance,,,,page_status=detail
TikTok,7556206788404988168,https://lifeattiktok.com/search/7556206788404988168,2025-10-04,"Trust & Safety and Technology Communications Manager, APAC",TikTok,,,,,no,title_only,include,trust & safety,,,APAC,page_status=detail
TikTok,7556678418675337479,https://lifeattiktok.com/search/7556678418675337479,2026-01-14,TikTok Shop - Risk and Emergency Escalation Program Manager,TikTok,,,,,no,title_only,include,escalation*,,,,page_status=detail
TikTok,7560617774373538066,https://lifeattiktok.com/search/7560617774373538066,2025-12-09,"Market Program Manager (SEA), Trust & Safety",TikTok,,,,,no,title_only,include,trust & safety,,,,page_status=detail
TikTok,7563707071401773365,https://lifeattiktok.com/search/7563707071401773365,2026-01-30,Policy Specialist - USDS,TikTok,,,,,no,title_only,include,policy specialist,,,,page_status=detail
TikTok,7572594562450180357,https://lifeattiktok.com/search/7572594562450180357,2026-01-14,"Market Program Manager, Israel - Trust & Safety (Specified Purpose Contract)",TikTok,,,,,no,title_only,include,trust & safety,,,Israel,page_status=detail
TikTok,7574456395710728501,https://lifeattiktok.com/search/7574456395710728501,2026-01-14,"Governance & Experience Project Intern, TikTok Shop, 2026 Start (BS/MS)",TikTok,,,,,no,title_only,include,governance,,,,page_status=detail
TikTok,7578893767736789253,https://lifeattiktok.com/search/7578893767736789253?utm_source=Trust+and+Safety+Jobs,2026-04-22,"Manager, Product Listing Policy Operations, EMEA, TikTok Shop",TikTok,,,,,no,title_only,include,policy operations,,,EMEA,page_status=detail
TikTok,7579755056091908405,https://lifeattiktok.com/search/7579755056091908405,2026-01-05,"Senior Algorithm Engineer, E-Commerce Governance and Experience - USDS",TikTok,,,,,no,title_only,include,governance,,,,page_status=detail
TikTok,7579975285465581829,https://lifeattiktok.com/search/7579975285465581829,2026-05-15,Live Governance Project Intern (TikTok LIVE)- 2026 Start (BS/MS),TikTok,,,,,no,title_only,include,governance,,,,page_status=detail
TikTok,7582723632221718837,https://lifeattiktok.com/search/7582723632221718837?spread=XKM9ZXE,2026-01-14,Head of Policy Development - Trust and Safety,TikTok,,,,,no,title_only,include,trust and safety,,,,page_status=detail
TikTok,7595295180933187845,https://lifeattiktok.com/search/7595295180933187845?spread=XKM9ZXE,2026-02-08,Central High Harm Policy Manager - Trust and Safety,TikTok,,,,,no,title_only,include,trust and safety; policy manager,,,,page_status=detail
TikTok,7598849238706735365,https://lifeattiktok.com/search/7598849238706735365?utm_source=Simplify,2026-09-02,AI Product Manager Project Intern (TikTok LIVE-Ecosystem Governance) - 2026 Start (BS/MS),TikTok,,,,,no,title_only,include,governance,,,,page_status=detail
TikTok,7600494764903893301,https://lifeattiktok.com/search/7600494764903893301,2026-03-17,Product Manager Intern - Risk Control and Tooling (Business Integrity) - 2026 Summer (BS/MS),TikTok,,,,,no,title_only,include,integrity,,,,page_status=detail
TikTok,7602378133784643845,https://lifeattiktok.com/search/7602378133784643845,2026-04-15,Senior Backend Software Engineer - Trust and Safety - San Jose,TikTok,San Jose,San Jose,United States,Hub,no,title_only,include,trust and safety,,,,page_status=detail
TikTok,7605165402553944325,https://lifeattiktok.com/search/7605165402553944325?spread=5MWH5CQ&utm_source=Trust+and+Safety+Jobs,2026-04-21,Machine Learning Engineer Graduate (Trust and Safety Engineering) - 2027 Start (BS/MS),TikTok,,,,,no,title_only,include,trust and safety,,,,page_status=detail
TikTok,7610829534909679877,https://lifeattiktok.com/search/7610829534909679877,2026-05-15,"Policy Manager, Societal Safety (Business Integrity)",TikTok,,,,,no,title_only,include,policy manager; integrity,,,,page_status=detail
TikTok,7613563421813033269,https://lifeattiktok.com/search/7613563421813033269,2026-03-24,Backend Software Engineer Intern (Data Trust and Safety) - 2027 Start (BS/MS),TikTok,,,,,no,title_only,include,trust and safety,,,,page_status=detail
TikTok,7616106067765070133,https://lifeattiktok.com/search/7616106067765070133?spread=XKM9ZXE,2026-05-15,"Public Policy Manager, Policy & Legislative Affairs",TikTok,,,,,no,title_only,include,policy manager; public policy,,,,page_status=detail
TikTok,7623154260240255237,https://lifeattiktok.com/search/7623154260240255237?spread=XKM9ZXE,2026-05-15,"Program Manager, North America - Trust and Safety",TikTok,,,,,no,title_only,include,trust and safety,,,,page_status=detail
TikTok,7657161146902808837,https://lifeattiktok.com/search/7657161146902808837,2026-08-17,"Quality & Training Specialist - German Speaker, Video Safety Operations (Dublin)",TikTok,Dublin,Dublin,Ireland,Hub,no,title_only,include,safety operations,,german,Ireland,page_status=detail
TikTok,7657305784535861557,https://lifeattiktok.com/search/7657305784535861557,2026-07-08,"Communications Manager, Global T&S and Technology Communications",TikTok,,,,,no,title_only,include,t&s,,,,page_status=detail
TikTok,7662684280234232117,https://lifeattiktok.com/search/7662684280234232117?utm_source=Simplify,2026-09-02,(General Hire) Software Engineer Intern (Trust and Safety-Engineering) - 2027 Summer,TikTok,,,,,no,title_only,include,trust and safety,,,,page_status=detail
TikTok,7662700594251958581,https://lifeattiktok.com/search/7662700594251958581?utm_source=Simplify,2026-09-02,(General Hire) Software Engineer Intern (Trust and Safety-Engineering) - 2027 Summer,TikTok,,,,,no,title_only,include,trust and safety,,,,page_status=detail
TikTok,7663042453461600517,https://lifeattiktok.com/search/7663042453461600517?utm_source=Simplify,2026-09-02,Backend Software Engineer Graduate (Business Governance) - 2027 Start,TikTok,,,,,no,title_only,include,governance,,,,page_status=detail
TikTok,7664533229944178949,https://lifeattiktok.com/search/7664533229944178949?utm_source=Simplify,2026-09-02,(General hire) Backend Software Engineer Graduate (Trust & Safety) - 2027 Start,TikTok,,,,,no,title_only,include,trust & safety,,,,page_status=detail
TikTok,7665994926887291189,https://lifeattiktok.com/search/7665994926887291189?utm_source=Simplify,2026-09-02,(General Hire) Backend Software Engineer Graduate (Trust & Safety) - 2027 Start,TikTok,,,,,no,title_only,include,trust & safety,,,,page_status=detail
TikTok,7668584916620527925,https://lifeattiktok.com/search/7668584916620527925?utm_source=Simplify,2026-09-02,Software Engineer Intern (Business Integrity) - 2027 Summer,TikTok,,,,,no,title_only,include,integrity,,,,page_status=detail
TikTok,7668592494649690421,https://lifeattiktok.com/search/7668592494649690421?utm_source=Simplify,2026-09-02,Software Engineer Graduate (Business Integrity) - 2027 Start,TikTok,,,,,no,title_only,include,integrity,,,,page_status=detail
TikTok,7670529537944766773,https://lifeattiktok.com/search/7670529537944766773?utm_source=Simplify,2026-09-02,AI Safety Evaluation & Governance Product Manager Intern (TikTok-Platform Responsibility-Feed Safety) - 2027 Summer,TikTok,,,,,no,title_only,include,governance,,,,page_status=detail
TikTok,7670844011885299973,https://lifeattiktok.com/search/7670844011885299973,2026-08-11,Data Science Intern (TikTok Integrity and Safety) - 2027 start,TikTok,,,,,no,title_only,include,integrity,,,,page_status=detail
TikTok,7673895973460576517,https://lifeattiktok.com/search/7673895973460576517?utm_source=Simplify,2026-09-02,Product Manager Project Intern (Business Integrity) - 2026 Start (MBA),TikTok,,,,,no,title_only,include,integrity,,,,page_status=detail
TikTok,7674025781001062709,https://lifeattiktok.com/search/7674025781001062709,2026-08-19,Machine Learning Engineer Graduate (E-Commerce Governance) - 2027 Start,TikTok,,,,,no,title_only,include,governance,,,,page_status=detail
TikTok,7679147369590737205,https://lifeattiktok.com/search/7679147369590737205?utm_source=Simplify,2026-09-02,Product Manager Project Intern (Business Integrity) - 2026 Start (MBA),TikTok,,,,,no,title_only,include,integrity,,,,page_status=detail
TikTok,7101196084571949320,https://lifeattiktok.com/search/7101196084571949320?spread=5MWH5CQ,2025-04-27,"Product Policy Manager, LATAM Central America",TikTok,,,,,no,title_only,include,policy manager,,,LATAM,page_status=detail
TikTok,7116392555554752798,https://lifeattiktok.com/search/7116392555554752798?spread=5MWH5CQ,2025-05-06,Head of Emerging Markets Government Relations and Public Policy,TikTok,,,,,no,title_only,include,public policy,,,,page_status=detail
TikTok,7137462063291205919,https://lifeattiktok.com/search/7137462063291205919?spread=5MWH5CQ,2025-04-27,"Investigations Analyst, Spanish - Trust & Safety",TikTok,,,,,no,title_only,include,trust & safety,,spanish,,page_status=detail
TikTok,7158503972922312973,https://lifeattiktok.com/search/7158503972922312973,2025-04-28,"Responsible Innovation Lead, Platform Inclusion & Fairness - Trust & Safety",TikTok,,,,,no,title_only,include,trust & safety,,,,page_status=detail
TikTok,7203824415330339127,https://lifeattiktok.com/search/7203824415330339127,2025-11-17,"Trust & Safety Communications Manager, Advertising & Product",TikTok,,,,,no,title_only,include,trust & safety,,,,page_status=detail
TikTok,7216101325707544888,https://lifeattiktok.com/search/7216101325707544888,2025-02-06,"Senior/Lead Data Scientist, E-commerce Risk/Fraud - USDS",TikTok,,,,,no,title_only,include,fraud,,,,page_status=detail
TikTok,7242140098643446074,https://lifeattiktok.com/search/7242140098643446074?utm_source=Trust+and+Safety+Jobs,2025-05-20,"Product Manager (Human Moderation), Trust and Safety",TikTok,,,,,no,title_only,include,trust and safety; moderat*,,,,page_status=detail
TikTok,7291027928920394043,https://lifeattiktok.com/search/7291027928920394043,2024-12-06,TikTok Shop - Creator Community Operations Manager,TikTok,,,,,no,title_only,include,community operations,,,,page_status=detail
TikTok,7307380099707062537,https://lifeattiktok.com/search/7307380099707062537?spread=5MWH5CQ,2024-12-06,Head of US State Public Policy,TikTok,,,,,no,title_only,include,public policy,,,,page_status=detail
TikTok,7373496100966500634,https://lifeattiktok.com/search/7373496100966500634?spread=5MWH5CQ,2025-10-15,Model Data Quality Assurance Analyst - Spanish - Trust and Safety - Austin,TikTok,Austin,Austin,United States,Hub,no,title_only,include,trust and safety,,spanish,,page_status=detail
TikTok,7397932125012019506,https://lifeattiktok.com/search/7397932125012019506,2025-03-20,Workforce Management Intern (Trust & Safety - Workforce Management) - 2025 Summer (BS/MS),TikTok,,,,,no,title_only,include,trust & safety,,,,page_status=detail
TikTok,7405527279160133898,https://lifeattiktok.com/search/7405527279160133898,2025-04-04,Content Moderator - Feature - Push (Singapore),TikTok,Singapore,Singapore,Singapore,Hub,no,title_only,include,content moderat*; moderat*,,,Singapore,page_status=detail
TikTok,7438814988906055943,https://lifeattiktok.com/search/7438814988906055943,2025-03-20,Data Science Intern (Global Business Solutions - Monetization Integrity - Data Cycling Center - Applied AI) - 2025 Summer (BS/MS),TikTok,,,,,no,title_only,include,integrity,,,,page_status=detail
TikTok,7461813875966052626,https://lifeattiktok.com/search/7461813875966052626?utm_source=Trust+and+Safety+Jobs,2025-05-20,"Software Development Engineer in Test Graduate, Trust and Safety Engineering - 2026 start",TikTok,,,,,no,title_only,include,trust and safety,,,,page_status=detail
TikTok,7517089024092326162,https://lifeattiktok.com/search/7517089024092326162,2025-08-28,"Software Engineer, Trust & Safety - USDS",TikTok,,,,,no,title_only,include,trust & safety,,,,page_status=detail
TikTok,7524305675574184200,https://lifeattiktok.com/search/7524305675574184200,2025-08-08,Search Trending Product Operations - Trust & Safety,TikTok,,,,,no,title_only,include,trust & safety,,,,page_status=detail
TikTok,7527589557336869138,https://lifeattiktok.com/search/7527589557336869138?utm_source=Simplify,2025-08-29,Machine Learning Engineer Intern (Trust and Safety - CV/NLP/Multimodal LLM) - 2026 Summer(BS/MS),TikTok,,,,,no,title_only,include,trust and safety,,,,page_status=detail
TikTok,7527891274823010567,https://lifeattiktok.com/search/7527891274823010567,2025-07-30,"TikTok E-Commerce Governance and Experience, Business Analyst- USDS",TikTok,,,,,no,title_only,include,governance,,,,page_status=detail
TikTok,7530420073258092808,https://lifeattiktok.com/search/7530420073258092808?spread=XKM9ZXE,2025-08-09,"Triage Specialist, Legal Policy Operations - Trust and Safety",TikTok,,,,,no,title_only,include,trust and safety; policy operations,,,,page_status=detail
TikTok,7530771170938865928,https://lifeattiktok.com/search/7530771170938865928,2026-01-13,"Research Scientist Graduate- CV/NLP/Multimodal LLM, Trust and Safety - 2026 Start (BS/MS)",TikTok,,,,,no,title_only,include,trust and safety,,,,page_status=detail
TikTok,7555748250617612562,https://lifeattiktok.com/search/7555748250617612562,2025-10-04,Moderation Operations Project Intern (TikTok Shop Japan) - 2026 Start (BS/MS),TikTok,,,,,no,title_only,include,moderat*,,,Japan,page_status=detail
TikTok,7663036950303050037,https://lifeattiktok.com/search/7663036950303050037,2026-09-04,Backend Software Engineer Graduate (Machine Moderation Platform) - 2027 Start,TikTok,,,,,no,title_only,include,moderat*,,,,page_status=detail
